filename,relative_path,inferred_class,is_corrupted,width,height,channels,color_mode,aspect_ratio,file_size_bytes,file_extension,sha256_hash,dhash_hex,absolute_path
Mild1000.png,Mild1000.png,Mild,False,256,256,3,RGB,1.0,94723,.png,9b9da63ee043888488f29e3a9a38d391ce24c8d39496bbea548fabdae68ff5fe,00a48c485a138101,C:\Users\Ashutosh Verma\OneDrive\Desktop\VET VISION AI\data\lsd\LumpySkinDisease_DataHub\LumpySkinDisease_DataHub\data-processed\lumpy_balanced\lumpy1\Mild1000.png
Mild1001.png,Mild1001.png,Mild,False,256,256,3,RGB,1.0,123999,.png,fab1bed11f09d63646bd3cb513f72b03c2f21101db70e489df20eef4320dc6ce,233f273b170f2f2f,C:\Users\Ashutosh Verma\OneDrive\Desktop\VET VISION AI\data\lsd\LumpySkinDisease_DataHub\LumpySkinDisease_DataHub\data-processed\lumpy_balanced\lumpy1\Mild1001.png
Mild1002.png,Mild1002.png,Mild,False,256,256,3,RGB,1.0,182955,.png,cf0decc97e5f837e8fb407fc33383b47dc401e442fd6d13ef6ce401534072a2f,42666779332e2f4d,C:\Users\Ashutosh Verma\OneDrive\Desktop\VET VISION AI\data\lsd\LumpySkinDisease_DataHub\LumpySkinDisease_DataHub\data-processed\lumpy_balanced\lumpy1\Mild1002.png
Mild1003.png,Mild1003.png,Mild,False,256,256,3,RGB,1.0,161514,.png,b7f8771bb6ea5f56ff09d3aea5fb98d35fedc4b8eb07d24d854aff37bc2bd651,bea21a5e5e5cccce,C:\Users\Ashutosh Verma\OneDrive\Desktop\VET VISION AI\data\lsd\LumpySkinDisease_DataHub\LumpySkinDisease_DataHub\data-processed\lumpy_balanced\lumpy1\Mild1003.png
Mild1004.png,Mild1004.png,Mild,False,256,256,4,RGBA,1.0,173500,.png,f43fc5c5b7bb167effa2285ceae8d21e65d321a67922e8243bcd06764953be93,925adebe7e531b89,C:\Users\Ashutosh Verma\OneDrive\Desktop\VET VISION AI\data\lsd\LumpySkinDisease_DataHub\LumpySkinDisease_DataHub\data-processed\lumpy_balanced\lumpy1\Mild1004.png
Mild1005.png,Mild1005.png,Mild,False,256,256,3,RGB,1.0,153904,.png,7ead06d9e410bcb05ba05cd1e587bb9f4a9fdcd5b73dd16ea2f988f02dc1641a,b42cbab034263636,C:\Users\Ashutosh Verma\OneDrive\Desktop\VET VISION AI\data\lsd\LumpySkinDisease_DataHub\LumpySkinDisease_DataHub\data-processed\lumpy_balanced\lumpy1\Mild1005.png
Mild1006.png,Mild1006.png,Mild,False,256,256,3,RGB,1.0,184805,.png,1694eb140542c6358d4244b27d58b01fc92cfe834ff1f0c1740c785a3f2a47ad,f2687c6849494327,C:\Users\Ashutosh Verma\OneDrive\Desktop\VET VISION AI\data\lsd\LumpySkinDisease_DataHub\LumpySkinDisease_DataHub\data-processed\lumpy_balanced\lumpy1\Mild1006.png
Mild1007.png,Mild1007.png,Mild,False,256,256,3,RGB,1.0,163195,.png,0da192010bb778f88a76afa4a6edf65fb32cb0c63121533a6f1718660367099b,a0390e2225bd8d65,C:\Users\Ashutosh Verma\OneDrive\Desktop\VET VISION AI\data\lsd\LumpySkinDisease_DataHub\LumpySkinDisease_DataHub\data-processed\lumpy_balanced\lumpy1\Mild1007.png
Mild1008.png,Mild1008.png,Mild,False,256,256,3,RGB,1.0,157636,.png,cff99478a8aca7e771c84ce5d9bc89d87a87c65477964072f74ad44236ab06bb,3d73333366e66727,C:\Users\Ashutosh Verma\OneDrive\Desktop\VET VISION AI\data\lsd\LumpySkinDisease_DataHub\LumpySkinDisease_DataHub\data-processed\lumpy_balanced\lumpy1\Mild1008.png
Mild1009.png,Mild1009.png,Mild,False,256,256,3,RGB,1.0,164737,.png,91da1a6525367f8ea5d74d4cb820be182023c86e6e927b0a7eda38d1fc84bf01,3b3a363cf8fca8a8,C:\Users\Ashutosh Verma\OneDrive\Desktop\VET VISION AI\data\lsd\LumpySkinDisease_DataHub\LumpySkinDisease_DataHub\data-processed\lumpy_balanced\lumpy1\Mild1009.png
Mild1010.png,Mild1010.png,Mild,False,256,256,3,RGB,1.0,167010,.png,79a23e8d7da17969734b931738eec52b2eed2c76c6a6c6bc91822f668b115c8b,5397d6ddc9db97b7,C:\Users\Ashutosh Verma\OneDrive\Desktop\VET VISION AI\data\lsd\LumpySkinDisease_DataHub\LumpySkinDisease_DataHub\data-processed\lumpy_balanced\lumpy1\Mild1010.png
Mild1011.png,Mild1011.png,Mild,False,256,256,3,RGB,1.0,144006,.png,5e7f7a97890fb39f597c3fe57920006e44bbded6e63c04d569756084cfa06512,8ec6f0627863633c,C:\Users\Ashutosh Verma\OneDrive\Desktop\VET VISION AI\data\lsd\LumpySkinDisease_DataHub\LumpySkinDisease_DataHub\data-processed\lumpy_balanced\lumpy1\Mild1011.png
Mild1012.png,Mild1012.png,Mild,False,256,256,3,RGB,1.0,167481,.png,47ba19e3757d5e0c7add95ebc2058ea144eb8736d4da15972d52fd0b22128124,6c7eda4c4cae6ef9,C:\Users\Ashutosh Verma\OneDrive\Desktop\VET VISION AI\data\lsd\LumpySkinDisease_DataHub\LumpySkinDisease_DataHub\data-processed\lumpy_balanced\lumpy1\Mild1012.png
Mild1013.png,Mild1013.png,Mild,False,256,256,3,RGB,1.0,148656,.png,0903b27e6b764f7cbe77644b0c46f2e6c91926858c43c20e33b39e7d63454aca,1c1cd8b82c34eba6,C:\Users\Ashutosh Verma\OneDrive\Desktop\VET VISION AI\data\lsd\LumpySkinDisease_DataHub\LumpySkinDisease_DataHub\data-processed\lumpy_balanced\lumpy1\Mild1013.png
Mild1014.png,Mild1014.png,Mild,False,256,256,3,RGB,1.0,160241,.png,2e1e91dea15104c6c9e5ab45d01a48c4e79ddd7853e2773bf4959042faf031ff,cd7969279b8ef6da,C:\Users\Ashutosh Verma\OneDrive\Desktop\VET VISION AI\data\lsd\LumpySkinDisease_DataHub\LumpySkinDisease_DataHub\data-processed\lumpy_balanced\lumpy1\Mild1014.png
Mild1015.png,Mild1015.png,Mild,False,256,256,3,RGB,1.0,162045,.png,5d9fcf9ac898ca09231f5b5e21a4a54a239957183fd5eeaf1f49a9c2e4605780,594c5c5c5c797349,C:\Users\Ashutosh Verma\OneDrive\Desktop\VET VISION AI\data\lsd\LumpySkinDisease_DataHub\LumpySkinDisease_DataHub\data-processed\lumpy_balanced\lumpy1\Mild1015.png
Mild1016.png,Mild1016.png,Mild,False,256,256,3,RGB,1.0,150568,.png,cca46aec3898ca45dd0c45e9063f36f37cd7687cf53cc7f1e564ee57a62e547b,f37b79f175095666,C:\Users\Ashutosh Verma\OneDrive\Desktop\VET VISION AI\data\lsd\LumpySkinDisease_DataHub\LumpySkinDisease_DataHub\data-processed\lumpy_balanced\lumpy1\Mild1016.png
Mild1017.png,Mild1017.png,Mild,False,256,256,3,RGB,1.0,138369,.png,ab9fa953b9b6380c4b4c96125410933783681e08085bc1b915c83fa9e4665fdc,096a65f26f792236,C:\Users\Ashutosh Verma\OneDrive\Desktop\VET VISION AI\data\lsd\LumpySkinDisease_DataHub\LumpySkinDisease_DataHub\data-processed\lumpy_balanced\lumpy1\Mild1017.png
Mild1018.png,Mild1018.png,Mild,False,256,256,3,RGB,1.0,106333,.png,32a38e2813b422cf6d5b3d68374a241afa78322526dac7efcd164518e1eb1757,ecc8d4dcdcf4f0c8,C:\Users\Ashutosh Verma\OneDrive\Desktop\VET VISION AI\data\lsd\LumpySkinDisease_DataHub\LumpySkinDisease_DataHub\data-processed\lumpy_balanced\lumpy1\Mild1018.png
Mild1019.png,Mild1019.png,Mild,False,256,256,3,RGB,1.0,159292,.png,ca2a71bba4036ea8e12c70cd3ae06d94c0e4342f0e28d43792d7ba43082a030f,39b26aab2e593b1e,C:\Users\Ashutosh Verma\OneDrive\Desktop\VET VISION AI\data\lsd\LumpySkinDisease_DataHub\LumpySkinDisease_DataHub\data-processed\lumpy_balanced\lumpy1\Mild1019.png
Mild1020.png,Mild1020.png,Mild,False,256,256,3,RGB,1.0,189656,.png,e0b73ff8fc4d46446f86a5d8fed490a9fea3f8dc6fc7f6be927df79ebd4f5004,e3cadb0914d1910b,C:\Users\Ashutosh Verma\OneDrive\Desktop\VET VISION AI\data\lsd\LumpySkinDisease_DataHub\LumpySkinDisease_DataHub\data-processed\lumpy_balanced\lumpy1\Mild1020.png
Mild1021.png,Mild1021.png,Mild,False,256,256,3,RGB,1.0,172607,.png,ddf40ac8e7fb65f7b9d4be0941ca27ed83662a06ebde3494deb410dc5ec04971,8bc5d38396b32222,C:\Users\Ashutosh Verma\OneDrive\Desktop\VET VISION AI\data\lsd\LumpySkinDisease_DataHub\LumpySkinDisease_DataHub\data-processed\lumpy_balanced\lumpy1\Mild1021.png
Mild1022.png,Mild1022.png,Mild,False,256,256,3,RGB,1.0,150701,.png,532f620d2602f11a83bef8db6622f14b8a8ee2d043bb35bcdd602b14ccc6bb0c,7a4d8c98cc3c330b,C:\Users\Ashutosh Verma\OneDrive\Desktop\VET VISION AI\data\lsd\LumpySkinDisease_DataHub\LumpySkinDisease_DataHub\data-processed\lumpy_balanced\lumpy1\Mild1022.png
Mild1023.png,Mild1023.png,Mild,False,256,256,3,RGB,1.0,161514,.png,b7f8771bb6ea5f56ff09d3aea5fb98d35fedc4b8eb07d24d854aff37bc2bd651,bea21a5e5e5cccce,C:\Users\Ashutosh Verma\OneDrive\Desktop\VET VISION AI\data\lsd\LumpySkinDisease_DataHub\LumpySkinDisease_DataHub\data-processed\lumpy_balanced\lumpy1\Mild1023.png
Mild1024.png,Mild1024.png,Mild,False,256,256,3,RGB,1.0,125097,.png,b1d9d7548399b13124c4e5980c1c91f9e3e2bb8f6807c565ca6dcfbba7636434,c80c02c08887067d,C:\Users\Ashutosh Verma\OneDrive\Desktop\VET VISION AI\data\lsd\LumpySkinDisease_DataHub\LumpySkinDisease_DataHub\data-processed\lumpy_balanced\lumpy1\Mild1024.png
Mild1025.png,Mild1025.png,Mild,False,256,256,3,RGB,1.0,185243,.png,666dded66324ca17dfb456d589c99cf27f5bf06c192817e989c2ea9a2451da9c,49b92f8b9b8fa927,C:\Users\Ashutosh Verma\OneDrive\Desktop\VET VISION AI\data\lsd\LumpySkinDisease_DataHub\LumpySkinDisease_DataHub\data-processed\lumpy_balanced\lumpy1\Mild1025.png
Mild1026.png,Mild1026.png,Mild,False,256,256,3,RGB,1.0,168104,.png,9f25852927af9857302cc703c5171df8a0cde820eae327dcae7c175a451e6031,e44c3e9b65494948,C:\Users\Ashutosh Verma\OneDrive\Desktop\VET VISION AI\data\lsd\LumpySkinDisease_DataHub\LumpySkinDisease_DataHub\data-processed\lumpy_balanced\lumpy1\Mild1026.png
Mild1027.png,Mild1027.png,Mild,False,256,256,3,RGB,1.0,160962,.png,42fe482a113ff7399631119d9df4ea1a4a51d575f612c44753167b8e19a0a855,fcbad1d0d3b29334,C:\Users\Ashutosh Verma\OneDrive\Desktop\VET VISION AI\data\lsd\LumpySkinDisease_DataHub\LumpySkinDisease_DataHub\data-processed\lumpy_balanced\lumpy1\Mild1027.png
Mild1028.png,Mild1028.png,Mild,False,256,256,3,RGB,1.0,150808,.png,8d401798d7bca787a59c9a0157d3f3009b223d2f8a6dcda2b227db8219d83e82,dc3812060c988581,C:\Users\Ashutosh Verma\OneDrive\Desktop\VET VISION AI\data\lsd\LumpySkinDisease_DataHub\LumpySkinDisease_DataHub\data-processed\lumpy_balanced\lumpy1\Mild1028.png
Mild1029.png,Mild1029.png,Mild,False,256,256,3,RGB,1.0,168198,.png,11c95e9b80e1ba345a4169ccd5e7ece8a3ffd2a6363a06d925e374cd27152d61,73767dbb3979692d,C:\Users\Ashutosh Verma\OneDrive\Desktop\VET VISION AI\data\lsd\LumpySkinDisease_DataHub\LumpySkinDisease_DataHub\data-processed\lumpy_balanced\lumpy1\Mild1029.png
Mild1030.png,Mild1030.png,Mild,False,256,256,3,RGB,1.0,153127,.png,9905a03b249443571c8f2f127a911305de4ae92404239d0e56cb065ce33ee6f4,475d5c7c7c347c14,C:\Users\Ashutosh Verma\OneDrive\Desktop\VET VISION AI\data\lsd\LumpySkinDisease_DataHub\LumpySkinDisease_DataHub\data-processed\lumpy_balanced\lumpy1\Mild1030.png
Mild1031.png,Mild1031.png,Mild,False,256,256,3,RGB,1.0,174003,.png,79b48f5c0fe08bedc9162772b29827377ed7f3af80319db392514e7643943925,b7e6a283a2080917,C:\Users\Ashutosh Verma\OneDrive\Desktop\VET VISION AI\data\lsd\LumpySkinDisease_DataHub\LumpySkinDisease_DataHub\data-processed\lumpy_balanced\lumpy1\Mild1031.png
Mild1032.png,Mild1032.png,Mild,False,256,256,3,RGB,1.0,159736,.png,fb8440c6a1df31b060dfa25db4be9b8a57cd619842ab7730e2628e5302d962e7,1b644e72e5e549fb,C:\Users\Ashutosh Verma\OneDrive\Desktop\VET VISION AI\data\lsd\LumpySkinDisease_DataHub\LumpySkinDisease_DataHub\data-processed\lumpy_balanced\lumpy1\Mild1032.png
Mild1033.png,Mild1033.png,Mild,False,256,256,3,RGB,1.0,59471,.png,e9fdf1a73eadf7f45125bcc47a8315a0a7e92d4fa170f11f8087bdff9a2a3eea,f0e0c87831664332,C:\Users\Ashutosh Verma\OneDrive\Desktop\VET VISION AI\data\lsd\LumpySkinDisease_DataHub\LumpySkinDisease_DataHub\data-processed\lumpy_balanced\lumpy1\Mild1033.png
Mild1034.png,Mild1034.png,Mild,False,256,256,3,RGB,1.0,166783,.png,70f24f9332c29e19fc2d23332a0f6b95e41cbf6759a97efa99f55247856b28b6,27666c6cf1f8df38,C:\Users\Ashutosh Verma\OneDrive\Desktop\VET VISION AI\data\lsd\LumpySkinDisease_DataHub\LumpySkinDisease_DataHub\data-processed\lumpy_balanced\lumpy1\Mild1034.png
Mild1035.png,Mild1035.png,Mild,False,256,256,3,RGB,1.0,152764,.png,9be00d3ae2756860154e78f1dd911577513aa2433df5160d8b9ea88c41aa55ad,33d1e1d1d088cc48,C:\Users\Ashutosh Verma\OneDrive\Desktop\VET VISION AI\data\lsd\LumpySkinDisease_DataHub\LumpySkinDisease_DataHub\data-processed\lumpy_balanced\lumpy1\Mild1035.png
Mild1036.png,Mild1036.png,Mild,False,256,256,3,RGB,1.0,144582,.png,d32848a08e9f1e5cc5011931c361792f895113a99293eb4dc525f993d9a6b93f,9c163676f11132f4,C:\Users\Ashutosh Verma\OneDrive\Desktop\VET VISION AI\data\lsd\LumpySkinDisease_DataHub\LumpySkinDisease_DataHub\data-processed\lumpy_balanced\lumpy1\Mild1036.png
Mild1037.png,Mild1037.png,Mild,False,256,256,3,RGB,1.0,160962,.png,42fe482a113ff7399631119d9df4ea1a4a51d575f612c44753167b8e19a0a855,fcbad1d0d3b29334,C:\Users\Ashutosh Verma\OneDrive\Desktop\VET VISION AI\data\lsd\LumpySkinDisease_DataHub\LumpySkinDisease_DataHub\data-processed\lumpy_balanced\lumpy1\Mild1037.png
Mild1038.png,Mild1038.png,Mild,False,256,256,3,RGB,1.0,183003,.png,2dad5dad95ff9daecf5e748c0d02d066b3a644df5607992e81521a7f561b25dc,b393acac8c9fdbd6,C:\Users\Ashutosh Verma\OneDrive\Desktop\VET VISION AI\data\lsd\LumpySkinDisease_DataHub\LumpySkinDisease_DataHub\data-processed\lumpy_balanced\lumpy1\Mild1038.png
Mild1039.png,Mild1039.png,Mild,False,256,256,3,RGB,1.0,147122,.png,6d81f1accbfc9f9588f31bd4bfb9d89867d5148933580f7555f0943789eeb7b1,d8f9fcfefefc5c61,C:\Users\Ashutosh Verma\OneDrive\Desktop\VET VISION AI\data\lsd\LumpySkinDisease_DataHub\LumpySkinDisease_DataHub\data-processed\lumpy_balanced\lumpy1\Mild1039.png
Mild1040.png,Mild1040.png,Mild,False,256,256,3,RGB,1.0,151538,.png,79341d21780fef06c9e697442af8183e7a15746174ca21da2e56fae6259e26dd,33d1c1d1d088cc48,C:\Users\Ashutosh Verma\OneDrive\Desktop\VET VISION AI\data\lsd\LumpySkinDisease_DataHub\LumpySkinDisease_DataHub\data-processed\lumpy_balanced\lumpy1\Mild1040.png
Mild1041.png,Mild1041.png,Mild,False,256,256,3,RGB,1.0,138016,.png,28c08b1b5366098665b8220a9aa807deee4c337cc3c9d2b1e739352a06ec360c,0e8b4116961e7dc7,C:\Users\Ashutosh Verma\OneDrive\Desktop\VET VISION AI\data\lsd\LumpySkinDisease_DataHub\LumpySkinDisease_DataHub\data-processed\lumpy_balanced\lumpy1\Mild1041.png
Mild1042.png,Mild1042.png,Mild,False,256,256,3,RGB,1.0,170821,.png,32168379dfec0fe635d6552b963c6a65526e53f4eae75c9daf2aa0bde876b3e3,dbc9931a68654523,C:\Users\Ashutosh Verma\OneDrive\Desktop\VET VISION AI\data\lsd\LumpySkinDisease_DataHub\LumpySkinDisease_DataHub\data-processed\lumpy_balanced\lumpy1\Mild1042.png
Mild1043.png,Mild1043.png,Mild,False,256,256,3,RGB,1.0,179867,.png,d39ab7d6adcef13539369b4a277966bde8ea36bff4a3396872a7dd11cb054f14,7643f2591a227363,C:\Users\Ashutosh Verma\OneDrive\Desktop\VET VISION AI\data\lsd\LumpySkinDisease_DataHub\LumpySkinDisease_DataHub\data-processed\lumpy_balanced\lumpy1\Mild1043.png
Mild1044.png,Mild1044.png,Mild,False,256,256,3,RGB,1.0,144582,.png,d32848a08e9f1e5cc5011931c361792f895113a99293eb4dc525f993d9a6b93f,9c163676f11132f4,C:\Users\Ashutosh Verma\OneDrive\Desktop\VET VISION AI\data\lsd\LumpySkinDisease_DataHub\LumpySkinDisease_DataHub\data-processed\lumpy_balanced\lumpy1\Mild1044.png
Mild1045.png,Mild1045.png,Mild,False,256,256,3,RGB,1.0,166094,.png,50ecdf59c68e10128ae913bc16c0cfeea67d4b888bce9ef68a5915c9b218ca81,6f3939f98c8ccc56,C:\Users\Ashutosh Verma\OneDrive\Desktop\VET VISION AI\data\lsd\LumpySkinDisease_DataHub\LumpySkinDisease_DataHub\data-processed\lumpy_balanced\lumpy1\Mild1045.png
Mild1046.png,Mild1046.png,Mild,False,256,256,3,RGB,1.0,158566,.png,5d880457c795818350d625cc21059728478677d677c1e3b43af613e182b1e5b3,4ca43031a92c4447,C:\Users\Ashutosh Verma\OneDrive\Desktop\VET VISION AI\data\lsd\LumpySkinDisease_DataHub\LumpySkinDisease_DataHub\data-processed\lumpy_balanced\lumpy1\Mild1046.png
Mild1047.png,Mild1047.png,Mild,False,256,256,3,RGB,1.0,152626,.png,18b53c3b036cf8dd14f703c30a683f0219c2ed8d4782edb2006b453662ebfbba,7a4d8c98cc3c330b,C:\Users\Ashutosh Verma\OneDrive\Desktop\VET VISION AI\data\lsd\LumpySkinDisease_DataHub\LumpySkinDisease_DataHub\data-processed\lumpy_balanced\lumpy1\Mild1047.png
Mild1048.png,Mild1048.png,Mild,False,256,256,3,RGB,1.0,162045,.png,5d9fcf9ac898ca09231f5b5e21a4a54a239957183fd5eeaf1f49a9c2e4605780,594c5c5c5c797349,C:\Users\Ashutosh Verma\OneDrive\Desktop\VET VISION AI\data\lsd\LumpySkinDisease_DataHub\LumpySkinDisease_DataHub\data-processed\lumpy_balanced\lumpy1\Mild1048.png
Mild1049.png,Mild1049.png,Mild,False,256,256,3,RGB,1.0,172607,.png,ddf40ac8e7fb65f7b9d4be0941ca27ed83662a06ebde3494deb410dc5ec04971,8bc5d38396b32222,C:\Users\Ashutosh Verma\OneDrive\Desktop\VET VISION AI\data\lsd\LumpySkinDisease_DataHub\LumpySkinDisease_DataHub\data-processed\lumpy_balanced\lumpy1\Mild1049.png
Mild1050.png,Mild1050.png,Mild,False,256,256,3,RGB,1.0,187188,.png,2147476a5a7d5e04584043481cf6320283e54efa8ecc0b3f98e7612220c1a226,e7b3f9d95a9595cd,C:\Users\Ashutosh Verma\OneDrive\Desktop\VET VISION AI\data\lsd\LumpySkinDisease_DataHub\LumpySkinDisease_DataHub\data-processed\lumpy_balanced\lumpy1\Mild1050.png
Mild1051.png,Mild1051.png,Mild,False,256,256,3,RGB,1.0,187939,.png,ceac74a3c8234924b62fe6b36693eba7d9cbed504f87a99ab24184dafa93d2e1,b8bcacbc1c1a1e4c,C:\Users\Ashutosh Verma\OneDrive\Desktop\VET VISION AI\data\lsd\LumpySkinDisease_DataHub\LumpySkinDisease_DataHub\data-processed\lumpy_balanced\lumpy1\Mild1051.png
Mild1052.png,Mild1052.png,Mild,False,256,256,3,RGB,1.0,187939,.png,ceac74a3c8234924b62fe6b36693eba7d9cbed504f87a99ab24184dafa93d2e1,b8bcacbc1c1a1e4c,C:\Users\Ashutosh Verma\OneDrive\Desktop\VET VISION AI\data\lsd\LumpySkinDisease_DataHub\LumpySkinDisease_DataHub\data-processed\lumpy_balanced\lumpy1\Mild1052.png
Mild1053.png,Mild1053.png,Mild,False,256,256,3,RGB,1.0,162045,.png,5d9fcf9ac898ca09231f5b5e21a4a54a239957183fd5eeaf1f49a9c2e4605780,594c5c5c5c797349,C:\Users\Ashutosh Verma\OneDrive\Desktop\VET VISION AI\data\lsd\LumpySkinDisease_DataHub\LumpySkinDisease_DataHub\data-processed\lumpy_balanced\lumpy1\Mild1053.png
Mild1054.png,Mild1054.png,Mild,False,256,256,3,RGB,1.0,165094,.png,8c03c1f9a4efa8245a0c9f35d534f1b147c97f5b4dd5396cd992a229e98f54de,98cec65233030929,C:\Users\Ashutosh Verma\OneDrive\Desktop\VET VISION AI\data\lsd\LumpySkinDisease_DataHub\LumpySkinDisease_DataHub\data-processed\lumpy_balanced\lumpy1\Mild1054.png
Mild1055.png,Mild1055.png,Mild,False,256,256,3,RGB,1.0,186487,.png,9310db8621864a03f0ad66cad27e3bfbabc92fd7bb13b83d442fa8ba6b5ff681,a39b09cd2d0dc4e4,C:\Users\Ashutosh Verma\OneDrive\Desktop\VET VISION AI\data\lsd\LumpySkinDisease_DataHub\LumpySkinDisease_DataHub\data-processed\lumpy_balanced\lumpy1\Mild1055.png
Mild1056.png,Mild1056.png,Mild,False,256,256,3,RGB,1.0,182955,.png,cf0decc97e5f837e8fb407fc33383b47dc401e442fd6d13ef6ce401534072a2f,42666779332e2f4d,C:\Users\Ashutosh Verma\OneDrive\Desktop\VET VISION AI\data\lsd\LumpySkinDisease_DataHub\LumpySkinDisease_DataHub\data-processed\lumpy_balanced\lumpy1\Mild1056.png
Mild1057.png,Mild1057.png,Mild,False,256,256,3,RGB,1.0,167740,.png,d2a16fa6e0bcbd323dbb58c2dbb2dbaf6cc0903d35b19b80793f58ac04b2befb,34cce0c0f0b29595,C:\Users\Ashutosh Verma\OneDrive\Desktop\VET VISION AI\data\lsd\LumpySkinDisease_DataHub\LumpySkinDisease_DataHub\data-processed\lumpy_balanced\lumpy1\Mild1057.png
Mild1058.png,Mild1058.png,Mild,False,256,256,3,RGB,1.0,128500,.png,1579fdb136aad94c6fd3f3ff437a87bdff17b6a9aca9f5ff15087422bc537861,c088103070929697,C:\Users\Ashutosh Verma\OneDrive\Desktop\VET VISION AI\data\lsd\LumpySkinDisease_DataHub\LumpySkinDisease_DataHub\data-processed\lumpy_balanced\lumpy1\Mild1058.png
Mild1059.png,Mild1059.png,Mild,False,256,256,3,RGB,1.0,175265,.png,1a7de638f42c260f0e1ca6a8b8f93b9d2ce4b6da09af95234461998463ca36a0,3331f474743690d0,C:\Users\Ashutosh Verma\OneDrive\Desktop\VET VISION AI\data\lsd\LumpySkinDisease_DataHub\LumpySkinDisease_DataHub\data-processed\lumpy_balanced\lumpy1\Mild1059.png
Mild1060.png,Mild1060.png,Mild,False,256,256,3,RGB,1.0,171722,.png,4e2daa8b717a0568d2693a761f99bb88ddb4d184ac987dabcbce1be4aaa0c287,c9e99811211197bf,C:\Users\Ashutosh Verma\OneDrive\Desktop\VET VISION AI\data\lsd\LumpySkinDisease_DataHub\LumpySkinDisease_DataHub\data-processed\lumpy_balanced\lumpy1\Mild1060.png
Mild1061.png,Mild1061.png,Mild,False,256,256,3,RGB,1.0,162135,.png,dead754d89bc2ed07f389a98acfb3aaec12988fba88cae3936c2ad5a28da8b40,0252193332170c02,C:\Users\Ashutosh Verma\OneDrive\Desktop\VET VISION AI\data\lsd\LumpySkinDisease_DataHub\LumpySkinDisease_DataHub\data-processed\lumpy_balanced\lumpy1\Mild1061.png
Mild1062.png,Mild1062.png,Mild,False,256,256,3,RGB,1.0,169655,.png,b52ccee2649975779ac8eb02ed0b1afb06cb1d69201a15f1f8254e6b6bd0bcdb,fcbad1d0d3b29334,C:\Users\Ashutosh Verma\OneDrive\Desktop\VET VISION AI\data\lsd\LumpySkinDisease_DataHub\LumpySkinDisease_DataHub\data-processed\lumpy_balanced\lumpy1\Mild1062.png
Mild1063.png,Mild1063.png,Mild,False,256,256,3,RGB,1.0,185945,.png,9fd08e5a2feb7f8232700a3458a11baaa20b51767c4646867240e6d46038883a,7d3d73db6e4e464c,C:\Users\Ashutosh Verma\OneDrive\Desktop\VET VISION AI\data\lsd\LumpySkinDisease_DataHub\LumpySkinDisease_DataHub\data-processed\lumpy_balanced\lumpy1\Mild1063.png
Mild1064.png,Mild1064.png,Mild,False,256,256,3,RGB,1.0,114371,.png,b83f37be34ad6519ffdd1a32b7cedf801e693977a45097d7c9f747756d686581,c1c1e1e1b3f1f8fc,C:\Users\Ashutosh Verma\OneDrive\Desktop\VET VISION AI\data\lsd\LumpySkinDisease_DataHub\LumpySkinDisease_DataHub\data-processed\lumpy_balanced\lumpy1\Mild1064.png
Mild1065.png,Mild1065.png,Mild,False,256,256,3,RGB,1.0,153136,.png,81caac13aba9b1fbd060f2bc2d3bbf48b860a1d58d196b63439a054087ae9322,67670125616d6723,C:\Users\Ashutosh Verma\OneDrive\Desktop\VET VISION AI\data\lsd\LumpySkinDisease_DataHub\LumpySkinDisease_DataHub\data-processed\lumpy_balanced\lumpy1\Mild1065.png
Mild1066.png,Mild1066.png,Mild,False,256,256,3,RGB,1.0,167952,.png,08cd64a0fda66632741bc78ba652f2a9728f08ba47c08ef1a2851d309bac697f,6449397153dbc90b,C:\Users\Ashutosh Verma\OneDrive\Desktop\VET VISION AI\data\lsd\LumpySkinDisease_DataHub\LumpySkinDisease_DataHub\data-processed\lumpy_balanced\lumpy1\Mild1066.png
Mild1067.png,Mild1067.png,Mild,False,256,256,3,RGB,1.0,157074,.png,073026ad103f4327f2152d32482d1fc63795f6070e84c1ce58c3cd6abf04964a,84e0e4c0c2a387ce,C:\Users\Ashutosh Verma\OneDrive\Desktop\VET VISION AI\data\lsd\LumpySkinDisease_DataHub\LumpySkinDisease_DataHub\data-processed\lumpy_balanced\lumpy1\Mild1067.png
Mild1068.png,Mild1068.png,Mild,False,256,256,3,RGB,1.0,167481,.png,47ba19e3757d5e0c7add95ebc2058ea144eb8736d4da15972d52fd0b22128124,6c7eda4c4cae6ef9,C:\Users\Ashutosh Verma\OneDrive\Desktop\VET VISION AI\data\lsd\LumpySkinDisease_DataHub\LumpySkinDisease_DataHub\data-processed\lumpy_balanced\lumpy1\Mild1068.png
Mild1069.png,Mild1069.png,Mild,False,256,256,3,RGB,1.0,187398,.png,f84c21e21c5531cb34124c4b1e72f8cc587652c3340575331d3fc6900500cff8,18326064a554564c,C:\Users\Ashutosh Verma\OneDrive\Desktop\VET VISION AI\data\lsd\LumpySkinDisease_DataHub\LumpySkinDisease_DataHub\data-processed\lumpy_balanced\lumpy1\Mild1069.png
Mild1070.png,Mild1070.png,Mild,False,256,256,3,RGB,1.0,106333,.png,32a38e2813b422cf6d5b3d68374a241afa78322526dac7efcd164518e1eb1757,ecc8d4dcdcf4f0c8,C:\Users\Ashutosh Verma\OneDrive\Desktop\VET VISION AI\data\lsd\LumpySkinDisease_DataHub\LumpySkinDisease_DataHub\data-processed\lumpy_balanced\lumpy1\Mild1070.png
Mild1071.png,Mild1071.png,Mild,False,256,256,3,RGB,1.0,59471,.png,e9fdf1a73eadf7f45125bcc47a8315a0a7e92d4fa170f11f8087bdff9a2a3eea,f0e0c87831664332,C:\Users\Ashutosh Verma\OneDrive\Desktop\VET VISION AI\data\lsd\LumpySkinDisease_DataHub\LumpySkinDisease_DataHub\data-processed\lumpy_balanced\lumpy1\Mild1071.png
Mild1072.png,Mild1072.png,Mild,False,256,256,3,RGB,1.0,150568,.png,cca46aec3898ca45dd0c45e9063f36f37cd7687cf53cc7f1e564ee57a62e547b,f37b79f175095666,C:\Users\Ashutosh Verma\OneDrive\Desktop\VET VISION AI\data\lsd\LumpySkinDisease_DataHub\LumpySkinDisease_DataHub\data-processed\lumpy_balanced\lumpy1\Mild1072.png
Mild1073.png,Mild1073.png,Mild,False,256,256,3,RGB,1.0,187635,.png,62d56eb430723a95972099cebdaec25b6d7254f6341c8771e70ad7f3bef33b12,996d69793d2d4c4d,C:\Users\Ashutosh Verma\OneDrive\Desktop\VET VISION AI\data\lsd\LumpySkinDisease_DataHub\LumpySkinDisease_DataHub\data-processed\lumpy_balanced\lumpy1\Mild1073.png
Mild1074.png,Mild1074.png,Mild,False,256,256,3,RGB,1.0,188525,.png,55071e2d1ff57a8bf7a13d1734fa59f3ca554c75d73a0d0e41fa09846317840e,78ab9389ba7173ba,C:\Users\Ashutosh Verma\OneDrive\Desktop\VET VISION AI\data\lsd\LumpySkinDisease_DataHub\LumpySkinDisease_DataHub\data-processed\lumpy_balanced\lumpy1\Mild1074.png
Mild1075.png,Mild1075.png,Mild,False,256,256,3,RGB,1.0,187635,.png,62d56eb430723a95972099cebdaec25b6d7254f6341c8771e70ad7f3bef33b12,996d69793d2d4c4d,C:\Users\Ashutosh Verma\OneDrive\Desktop\VET VISION AI\data\lsd\LumpySkinDisease_DataHub\LumpySkinDisease_DataHub\data-processed\lumpy_balanced\lumpy1\Mild1075.png
Mild1076.png,Mild1076.png,Mild,False,256,256,3,RGB,1.0,173376,.png,cc58f06945878c7c2594865540c9368f8111c6c39abff86314e741cf60726645,a783bcaccfdf7b5f,C:\Users\Ashutosh Verma\OneDrive\Desktop\VET VISION AI\data\lsd\LumpySkinDisease_DataHub\LumpySkinDisease_DataHub\data-processed\lumpy_balanced\lumpy1\Mild1076.png
Mild1077.png,Mild1077.png,Mild,False,256,256,3,RGB,1.0,156453,.png,c47032bb4a0fec1c62b5d09d0d656e7bacc260cdf1bbddac9ef738c8430de657,41b1a1e109083913,C:\Users\Ashutosh Verma\OneDrive\Desktop\VET VISION AI\data\lsd\LumpySkinDisease_DataHub\LumpySkinDisease_DataHub\data-processed\lumpy_balanced\lumpy1\Mild1077.png
Mild1078.png,Mild1078.png,Mild,False,256,256,3,RGB,1.0,187531,.png,eb4cb4f1097e9508dbce56dd85885837dbcab30db42f5ca759ba9707560f06b3,18326064a554564c,C:\Users\Ashutosh Verma\OneDrive\Desktop\VET VISION AI\data\lsd\LumpySkinDisease_DataHub\LumpySkinDisease_DataHub\data-processed\lumpy_balanced\lumpy1\Mild1078.png
Mild1079.png,Mild1079.png,Mild,False,256,256,3,RGB,1.0,174279,.png,64b0fd30c5a6cd253ad766cce6ab0ebef2b4b8c35690d274a7269690407522fb,6ba3c96d2d2db195,C:\Users\Ashutosh Verma\OneDrive\Desktop\VET VISION AI\data\lsd\LumpySkinDisease_DataHub\LumpySkinDisease_DataHub\data-processed\lumpy_balanced\lumpy1\Mild1079.png
Mild1080.png,Mild1080.png,Mild,False,256,256,3,RGB,1.0,178844,.png,dba498397a6818cdf8d1b857d6b6f62f27cf5cb5a5ae9ebbf3f2f4ce9cb9ba0a,b0d61a188eb31b19,C:\Users\Ashutosh Verma\OneDrive\Desktop\VET VISION AI\data\lsd\LumpySkinDisease_DataHub\LumpySkinDisease_DataHub\data-processed\lumpy_balanced\lumpy1\Mild1080.png
Mild1081.png,Mild1081.png,Mild,False,256,256,3,RGB,1.0,173119,.png,e39e3db18649e0635e1cb63d19a48ebfb7b2885c9b9aa9deb2138cc2bd212cfb,ecac9ccc95878383,C:\Users\Ashutosh Verma\OneDrive\Desktop\VET VISION AI\data\lsd\LumpySkinDisease_DataHub\LumpySkinDisease_DataHub\data-processed\lumpy_balanced\lumpy1\Mild1081.png
Mild1082.png,Mild1082.png,Mild,False,256,256,3,RGB,1.0,152831,.png,0d5b888521357fbfd39356d74903c62d23450564e730cab255797abc93e0e79a,292bf32719191b5b,C:\Users\Ashutosh Verma\OneDrive\Desktop\VET VISION AI\data\lsd\LumpySkinDisease_DataHub\LumpySkinDisease_DataHub\data-processed\lumpy_balanced\lumpy1\Mild1082.png
Mild1083.png,Mild1083.png,Mild,False,256,256,3,RGB,1.0,164934,.png,62fce2560bc2b457ffee1eb52021c42c2fdb0bca876566922e9fb1427e795543,7d2d61811b49492a,C:\Users\Ashutosh Verma\OneDrive\Desktop\VET VISION AI\data\lsd\LumpySkinDisease_DataHub\LumpySkinDisease_DataHub\data-processed\lumpy_balanced\lumpy1\Mild1083.png
Mild1084.png,Mild1084.png,Mild,False,256,256,3,RGB,1.0,179975,.png,edab7f79b9c20991806949445af884574255c1d3cc59bc59283cb0d9f4332de8,38bb6323954d0bda,C:\Users\Ashutosh Verma\OneDrive\Desktop\VET VISION AI\data\lsd\LumpySkinDisease_DataHub\LumpySkinDisease_DataHub\data-processed\lumpy_balanced\lumpy1\Mild1084.png
Mild1085.png,Mild1085.png,Mild,False,256,256,3,RGB,1.0,173028,.png,194e0c7f76612a0bcd7640211dd5a651d14521def6c12095328360549bd78aad,51118db030302133,C:\Users\Ashutosh Verma\OneDrive\Desktop\VET VISION AI\data\lsd\LumpySkinDisease_DataHub\LumpySkinDisease_DataHub\data-processed\lumpy_balanced\lumpy1\Mild1085.png
Mild1086.png,Mild1086.png,Mild,False,256,256,3,RGB,1.0,166329,.png,1146a3eacc505ea2c8779f5576c80ad789bc9bdd64d4867cff5f76d92dc30e18,b858b9bffcefb3b7,C:\Users\Ashutosh Verma\OneDrive\Desktop\VET VISION AI\data\lsd\LumpySkinDisease_DataHub\LumpySkinDisease_DataHub\data-processed\lumpy_balanced\lumpy1\Mild1086.png
Mild1087.png,Mild1087.png,Mild,False,256,256,3,RGB,1.0,160241,.png,2e1e91dea15104c6c9e5ab45d01a48c4e79ddd7853e2773bf4959042faf031ff,cd7969279b8ef6da,C:\Users\Ashutosh Verma\OneDrive\Desktop\VET VISION AI\data\lsd\LumpySkinDisease_DataHub\LumpySkinDisease_DataHub\data-processed\lumpy_balanced\lumpy1\Mild1087.png
Mild1088.png,Mild1088.png,Mild,False,256,256,3,RGB,1.0,163195,.png,0da192010bb778f88a76afa4a6edf65fb32cb0c63121533a6f1718660367099b,a0390e2225bd8d65,C:\Users\Ashutosh Verma\OneDrive\Desktop\VET VISION AI\data\lsd\LumpySkinDisease_DataHub\LumpySkinDisease_DataHub\data-processed\lumpy_balanced\lumpy1\Mild1088.png
Mild1089.png,Mild1089.png,Mild,False,256,256,3,RGB,1.0,152103,.png,0036d7cc3ea7521ba11a867775c7827da556969445110774978f28cf5df94ae0,f4cff6f6f4e16060,C:\Users\Ashutosh Verma\OneDrive\Desktop\VET VISION AI\data\lsd\LumpySkinDisease_DataHub\LumpySkinDisease_DataHub\data-processed\lumpy_balanced\lumpy1\Mild1089.png
Mild1090.png,Mild1090.png,Mild,False,256,256,3,RGB,1.0,179093,.png,2d918cf058d98b9dba62d04ba9f0331cca06fc3e0e184537296a5a35a0ca8c2c,daf131333b767272,C:\Users\Ashutosh Verma\OneDrive\Desktop\VET VISION AI\data\lsd\LumpySkinDisease_DataHub\LumpySkinDisease_DataHub\data-processed\lumpy_balanced\lumpy1\Mild1090.png
Mild1091.png,Mild1091.png,Mild,False,256,256,3,RGB,1.0,159981,.png,9f305eb246fc0a2dac762cb343f3ed09c3012b35d1c5e71929a0ffeab957d27d,248ca09492a2cf07,C:\Users\Ashutosh Verma\OneDrive\Desktop\VET VISION AI\data\lsd\LumpySkinDisease_DataHub\LumpySkinDisease_DataHub\data-processed\lumpy_balanced\lumpy1\Mild1091.png
Mild1092.png,Mild1092.png,Mild,False,256,256,3,RGB,1.0,165094,.png,8c03c1f9a4efa8245a0c9f35d534f1b147c97f5b4dd5396cd992a229e98f54de,98cec65233030929,C:\Users\Ashutosh Verma\OneDrive\Desktop\VET VISION AI\data\lsd\LumpySkinDisease_DataHub\LumpySkinDisease_DataHub\data-processed\lumpy_balanced\lumpy1\Mild1092.png
Mild1093.png,Mild1093.png,Mild,False,256,256,3,RGB,1.0,143816,.png,9383a4e035804585b8a2a29ccee3ffb150816aa8808fa9ca7241ef6282307e36,9f85b113078f8d98,C:\Users\Ashutosh Verma\OneDrive\Desktop\VET VISION AI\data\lsd\LumpySkinDisease_DataHub\LumpySkinDisease_DataHub\data-processed\lumpy_balanced\lumpy1\Mild1093.png
Mild1094.png,Mild1094.png,Mild,False,256,256,3,RGB,1.0,161987,.png,d4aa47a155afa1e578a9d306b1af614c630d4f756232629dc3d8ed1e9fc9b263,c4c683024899968c,C:\Users\Ashutosh Verma\OneDrive\Desktop\VET VISION AI\data\lsd\LumpySkinDisease_DataHub\LumpySkinDisease_DataHub\data-processed\lumpy_balanced\lumpy1\Mild1094.png
Mild1095.png,Mild1095.png,Mild,False,256,256,3,RGB,1.0,70025,.png,9d8b06ef02fd604d67ffd3abfceeb23ba644d3d2ba1518577ed9be20e866a260,561022484946c7c3,C:\Users\Ashutosh Verma\OneDrive\Desktop\VET VISION AI\data\lsd\LumpySkinDisease_DataHub\LumpySkinDisease_DataHub\data-processed\lumpy_balanced\lumpy1\Mild1095.png
Mild1096.png,Mild1096.png,Mild,False,256,256,3,RGB,1.0,154061,.png,9f7757c40947a33bc5779239e2ff7e16154b44793b6d28edb655e3078a0411fb,8eaf71196fef3e48,C:\Users\Ashutosh Verma\OneDrive\Desktop\VET VISION AI\data\lsd\LumpySkinDisease_DataHub\LumpySkinDisease_DataHub\data-processed\lumpy_balanced\lumpy1\Mild1096.png
Mild1097.png,Mild1097.png,Mild,False,256,256,3,RGB,1.0,171388,.png,35e37f4767641154a5a9e61d0381bf3a68bdcb01af1f7fec27850012e13d1911,e6c3f32f2c25a5b5,C:\Users\Ashutosh Verma\OneDrive\Desktop\VET VISION AI\data\lsd\LumpySkinDisease_DataHub\LumpySkinDisease_DataHub\data-processed\lumpy_balanced\lumpy1\Mild1097.png
Mild1098.png,Mild1098.png,Mild,False,256,256,3,RGB,1.0,171722,.png,4e2daa8b717a0568d2693a761f99bb88ddb4d184ac987dabcbce1be4aaa0c287,c9e99811211197bf,C:\Users\Ashutosh Verma\OneDrive\Desktop\VET VISION AI\data\lsd\LumpySkinDisease_DataHub\LumpySkinDisease_DataHub\data-processed\lumpy_balanced\lumpy1\Mild1098.png
Mild1099.png,Mild1099.png,Mild,False,256,256,3,RGB,1.0,175648,.png,8e02bdaed044c4bdafe94b1e0d5e9c23f0cb5dd8615dd6e1773a1118256dd846,a3b4ada9b2fcf8ee,C:\Users\Ashutosh Verma\OneDrive\Desktop\VET VISION AI\data\lsd\LumpySkinDisease_DataHub\LumpySkinDisease_DataHub\data-processed\lumpy_balanced\lumpy1\Mild1099.png
Mild1100.png,Mild1100.png,Mild,False,256,256,3,RGB,1.0,174518,.png,c5a01041ccf77dfc012b11168c8961dad362c5f631453553bb9d4753fec1beec,4d58c8e62424a424,C:\Users\Ashutosh Verma\OneDrive\Desktop\VET VISION AI\data\lsd\LumpySkinDisease_DataHub\LumpySkinDisease_DataHub\data-processed\lumpy_balanced\lumpy1\Mild1100.png
Mild1101.png,Mild1101.png,Mild,False,256,256,3,RGB,1.0,158403,.png,a0f3c61236ed1617afaf909a402c4810e3f496b8bb092fd6ba53273e903a5cd8,0723273735b3b393,C:\Users\Ashutosh Verma\OneDrive\Desktop\VET VISION AI\data\lsd\LumpySkinDisease_DataHub\LumpySkinDisease_DataHub\data-processed\lumpy_balanced\lumpy1\Mild1101.png
Mild1102.png,Mild1102.png,Mild,False,256,256,3,RGB,1.0,169523,.png,e46d1657a9f4e391dffdc67522c23f95079ce582515c8fcf2a894c13de612c17,2694c545e571d34d,C:\Users\Ashutosh Verma\OneDrive\Desktop\VET VISION AI\data\lsd\LumpySkinDisease_DataHub\LumpySkinDisease_DataHub\data-processed\lumpy_balanced\lumpy1\Mild1102.png
Mild1103.png,Mild1103.png,Mild,False,256,256,3,RGB,1.0,176322,.png,836d6d7d4fd341c12b8e14ee36279d0423f90ffb433b07bfa8142adcfd2c939d,07b8b830b86cc8d0,C:\Users\Ashutosh Verma\OneDrive\Desktop\VET VISION AI\data\lsd\LumpySkinDisease_DataHub\LumpySkinDisease_DataHub\data-processed\lumpy_balanced\lumpy1\Mild1103.png
Mild1104.png,Mild1104.png,Mild,False,256,256,3,RGB,1.0,187635,.png,62d56eb430723a95972099cebdaec25b6d7254f6341c8771e70ad7f3bef33b12,996d69793d2d4c4d,C:\Users\Ashutosh Verma\OneDrive\Desktop\VET VISION AI\data\lsd\LumpySkinDisease_DataHub\LumpySkinDisease_DataHub\data-processed\lumpy_balanced\lumpy1\Mild1104.png
Mild1105.png,Mild1105.png,Mild,False,256,256,3,RGB,1.0,173823,.png,3f8a67735a2590229a6f6f8b8696658de09ebf472b0b6ffde65e531d7eeeaee3,62664c48d3ecd8d5,C:\Users\Ashutosh Verma\OneDrive\Desktop\VET VISION AI\data\lsd\LumpySkinDisease_DataHub\LumpySkinDisease_DataHub\data-processed\lumpy_balanced\lumpy1\Mild1105.png
Mild1106.png,Mild1106.png,Mild,False,256,256,3,RGB,1.0,173376,.png,cc58f06945878c7c2594865540c9368f8111c6c39abff86314e741cf60726645,a783bcaccfdf7b5f,C:\Users\Ashutosh Verma\OneDrive\Desktop\VET VISION AI\data\lsd\LumpySkinDisease_DataHub\LumpySkinDisease_DataHub\data-processed\lumpy_balanced\lumpy1\Mild1106.png
Mild1107.png,Mild1107.png,Mild,False,256,256,3,RGB,1.0,140233,.png,7294f3fa90007438871419d2ee6820e9f016ac317de85f3c8654b7dccec1b849,c6bbbb1f9f9a3aeb,C:\Users\Ashutosh Verma\OneDrive\Desktop\VET VISION AI\data\lsd\LumpySkinDisease_DataHub\LumpySkinDisease_DataHub\data-processed\lumpy_balanced\lumpy1\Mild1107.png
Mild1108.png,Mild1108.png,Mild,False,256,256,3,RGB,1.0,166329,.png,1146a3eacc505ea2c8779f5576c80ad789bc9bdd64d4867cff5f76d92dc30e18,b858b9bffcefb3b7,C:\Users\Ashutosh Verma\OneDrive\Desktop\VET VISION AI\data\lsd\LumpySkinDisease_DataHub\LumpySkinDisease_DataHub\data-processed\lumpy_balanced\lumpy1\Mild1108.png
Mild1109.png,Mild1109.png,Mild,False,256,256,3,RGB,1.0,169655,.png,b52ccee2649975779ac8eb02ed0b1afb06cb1d69201a15f1f8254e6b6bd0bcdb,fcbad1d0d3b29334,C:\Users\Ashutosh Verma\OneDrive\Desktop\VET VISION AI\data\lsd\LumpySkinDisease_DataHub\LumpySkinDisease_DataHub\data-processed\lumpy_balanced\lumpy1\Mild1109.png
Mild1110.png,Mild1110.png,Mild,False,256,256,3,RGB,1.0,142514,.png,5901c229274dc2e38044b3b69b3a17d7949a62a28cf2dfa48d94f0b2fa18c8d0,2e25019190604baa,C:\Users\Ashutosh Verma\OneDrive\Desktop\VET VISION AI\data\lsd\LumpySkinDisease_DataHub\LumpySkinDisease_DataHub\data-processed\lumpy_balanced\lumpy1\Mild1110.png
Mild1111.png,Mild1111.png,Mild,False,256,256,3,RGB,1.0,152626,.png,18b53c3b036cf8dd14f703c30a683f0219c2ed8d4782edb2006b453662ebfbba,7a4d8c98cc3c330b,C:\Users\Ashutosh Verma\OneDrive\Desktop\VET VISION AI\data\lsd\LumpySkinDisease_DataHub\LumpySkinDisease_DataHub\data-processed\lumpy_balanced\lumpy1\Mild1111.png
Mild1112.png,Mild1112.png,Mild,False,256,256,3,RGB,1.0,171722,.png,4e2daa8b717a0568d2693a761f99bb88ddb4d184ac987dabcbce1be4aaa0c287,c9e99811211197bf,C:\Users\Ashutosh Verma\OneDrive\Desktop\VET VISION AI\data\lsd\LumpySkinDisease_DataHub\LumpySkinDisease_DataHub\data-processed\lumpy_balanced\lumpy1\Mild1112.png
Mild1113.png,Mild1113.png,Mild,False,256,256,3,RGB,1.0,149645,.png,94dee9e2324ec2945486a0febf55327cfb56bd4c41343643c61badf808ec3491,f0e0acec5c303232,C:\Users\Ashutosh Verma\OneDrive\Desktop\VET VISION AI\data\lsd\LumpySkinDisease_DataHub\LumpySkinDisease_DataHub\data-processed\lumpy_balanced\lumpy1\Mild1113.png
Mild1114.png,Mild1114.png,Mild,False,256,256,3,RGB,1.0,151538,.png,79341d21780fef06c9e697442af8183e7a15746174ca21da2e56fae6259e26dd,33d1c1d1d088cc48,C:\Users\Ashutosh Verma\OneDrive\Desktop\VET VISION AI\data\lsd\LumpySkinDisease_DataHub\LumpySkinDisease_DataHub\data-processed\lumpy_balanced\lumpy1\Mild1114.png
Mild1115.png,Mild1115.png,Mild,False,256,256,3,RGB,1.0,143816,.png,9383a4e035804585b8a2a29ccee3ffb150816aa8808fa9ca7241ef6282307e36,9f85b113078f8d98,C:\Users\Ashutosh Verma\OneDrive\Desktop\VET VISION AI\data\lsd\LumpySkinDisease_DataHub\LumpySkinDisease_DataHub\data-processed\lumpy_balanced\lumpy1\Mild1115.png
Mild1116.png,Mild1116.png,Mild,False,256,256,3,RGB,1.0,187188,.png,2147476a5a7d5e04584043481cf6320283e54efa8ecc0b3f98e7612220c1a226,e7b3f9d95a9595cd,C:\Users\Ashutosh Verma\OneDrive\Desktop\VET VISION AI\data\lsd\LumpySkinDisease_DataHub\LumpySkinDisease_DataHub\data-processed\lumpy_balanced\lumpy1\Mild1116.png
Mild1117.png,Mild1117.png,Mild,False,256,256,3,RGB,1.0,184161,.png,56f18e8c3242bb1295b4c8225d6c80ae2df1290732b81f1f3fc97a8cad12f75f,1cd0bab6f2de6e61,C:\Users\Ashutosh Verma\OneDrive\Desktop\VET VISION AI\data\lsd\LumpySkinDisease_DataHub\LumpySkinDisease_DataHub\data-processed\lumpy_balanced\lumpy1\Mild1117.png
Mild1118.png,Mild1118.png,Mild,False,256,256,3,RGB,1.0,161987,.png,d4aa47a155afa1e578a9d306b1af614c630d4f756232629dc3d8ed1e9fc9b263,c4c683024899968c,C:\Users\Ashutosh Verma\OneDrive\Desktop\VET VISION AI\data\lsd\LumpySkinDisease_DataHub\LumpySkinDisease_DataHub\data-processed\lumpy_balanced\lumpy1\Mild1118.png
Mild1119.png,Mild1119.png,Mild,False,256,256,3,RGB,1.0,184805,.png,1694eb140542c6358d4244b27d58b01fc92cfe834ff1f0c1740c785a3f2a47ad,f2687c6849494327,C:\Users\Ashutosh Verma\OneDrive\Desktop\VET VISION AI\data\lsd\LumpySkinDisease_DataHub\LumpySkinDisease_DataHub\data-processed\lumpy_balanced\lumpy1\Mild1119.png
Mild1120.png,Mild1120.png,Mild,False,256,256,3,RGB,1.0,182068,.png,36ef7b0033f33554fe0f6b02a6cd27afad21b518643f770142f374d92091c1b3,0c45838c161a3994,C:\Users\Ashutosh Verma\OneDrive\Desktop\VET VISION AI\data\lsd\LumpySkinDisease_DataHub\LumpySkinDisease_DataHub\data-processed\lumpy_balanced\lumpy1\Mild1120.png
Mild1121.png,Mild1121.png,Mild,False,256,256,3,RGB,1.0,171722,.png,4e2daa8b717a0568d2693a761f99bb88ddb4d184ac987dabcbce1be4aaa0c287,c9e99811211197bf,C:\Users\Ashutosh Verma\OneDrive\Desktop\VET VISION AI\data\lsd\LumpySkinDisease_DataHub\LumpySkinDisease_DataHub\data-processed\lumpy_balanced\lumpy1\Mild1121.png
Mild1122.png,Mild1122.png,Mild,False,256,256,3,RGB,1.0,187188,.png,2147476a5a7d5e04584043481cf6320283e54efa8ecc0b3f98e7612220c1a226,e7b3f9d95a9595cd,C:\Users\Ashutosh Verma\OneDrive\Desktop\VET VISION AI\data\lsd\LumpySkinDisease_DataHub\LumpySkinDisease_DataHub\data-processed\lumpy_balanced\lumpy1\Mild1122.png
Mild1123.png,Mild1123.png,Mild,False,256,256,3,RGB,1.0,158172,.png,2ccb0918029fcf72a51728f8ea49aaaef589bd01258a9f8ed78ac7bcebcbfc92,a42d716b96c4e4e0,C:\Users\Ashutosh Verma\OneDrive\Desktop\VET VISION AI\data\lsd\LumpySkinDisease_DataHub\LumpySkinDisease_DataHub\data-processed\lumpy_balanced\lumpy1\Mild1123.png
Mild1124.png,Mild1124.png,Mild,False,256,256,3,RGB,1.0,166094,.png,50ecdf59c68e10128ae913bc16c0cfeea67d4b888bce9ef68a5915c9b218ca81,6f3939f98c8ccc56,C:\Users\Ashutosh Verma\OneDrive\Desktop\VET VISION AI\data\lsd\LumpySkinDisease_DataHub\LumpySkinDisease_DataHub\data-processed\lumpy_balanced\lumpy1\Mild1124.png
Mild1125.png,Mild1125.png,Mild,False,256,256,3,RGB,1.0,190674,.png,d99ba83210915298e9cae6e4867043ef833e90f0092ba88b470eed48f48fb21c,1cb3ab92998b19e5,C:\Users\Ashutosh Verma\OneDrive\Desktop\VET VISION AI\data\lsd\LumpySkinDisease_DataHub\LumpySkinDisease_DataHub\data-processed\lumpy_balanced\lumpy1\Mild1125.png
Mild1126.png,Mild1126.png,Mild,False,256,256,3,RGB,1.0,171388,.png,35e37f4767641154a5a9e61d0381bf3a68bdcb01af1f7fec27850012e13d1911,e6c3f32f2c25a5b5,C:\Users\Ashutosh Verma\OneDrive\Desktop\VET VISION AI\data\lsd\LumpySkinDisease_DataHub\LumpySkinDisease_DataHub\data-processed\lumpy_balanced\lumpy1\Mild1126.png
Mild1127.png,Mild1127.png,Mild,False,256,256,3,RGB,1.0,183003,.png,2dad5dad95ff9daecf5e748c0d02d066b3a644df5607992e81521a7f561b25dc,b393acac8c9fdbd6,C:\Users\Ashutosh Verma\OneDrive\Desktop\VET VISION AI\data\lsd\LumpySkinDisease_DataHub\LumpySkinDisease_DataHub\data-processed\lumpy_balanced\lumpy1\Mild1127.png
Mild1128.png,Mild1128.png,Mild,False,256,256,3,RGB,1.0,156785,.png,5549ef672ec494f39c238686e0be9d4b37a3ac20acc8074b5313c273a8a4706b,de5844484fa436b6,C:\Users\Ashutosh Verma\OneDrive\Desktop\VET VISION AI\data\lsd\LumpySkinDisease_DataHub\LumpySkinDisease_DataHub\data-processed\lumpy_balanced\lumpy1\Mild1128.png
Mild1129.png,Mild1129.png,Mild,False,256,256,3,RGB,1.0,159140,.png,072469e54911d6e020b1a15caa6ff6d2e6d44f28e4fab69d4a6bab9ea1b65aa1,e6e6b786726426b2,C:\Users\Ashutosh Verma\OneDrive\Desktop\VET VISION AI\data\lsd\LumpySkinDisease_DataHub\LumpySkinDisease_DataHub\data-processed\lumpy_balanced\lumpy1\Mild1129.png
Mild1130.png,Mild1130.png,Mild,False,256,256,3,RGB,1.0,174518,.png,c5a01041ccf77dfc012b11168c8961dad362c5f631453553bb9d4753fec1beec,4d58c8e62424a424,C:\Users\Ashutosh Verma\OneDrive\Desktop\VET VISION AI\data\lsd\LumpySkinDisease_DataHub\LumpySkinDisease_DataHub\data-processed\lumpy_balanced\lumpy1\Mild1130.png
Mild1131.png,Mild1131.png,Mild,False,256,256,3,RGB,1.0,174279,.png,64b0fd30c5a6cd253ad766cce6ab0ebef2b4b8c35690d274a7269690407522fb,6ba3c96d2d2db195,C:\Users\Ashutosh Verma\OneDrive\Desktop\VET VISION AI\data\lsd\LumpySkinDisease_DataHub\LumpySkinDisease_DataHub\data-processed\lumpy_balanced\lumpy1\Mild1131.png
Mild1132.png,Mild1132.png,Mild,False,256,256,3,RGB,1.0,163557,.png,7d617cb7db3e03c9bbd5fad7d92688ad36184a59000d4b18d5fed003ce091076,94e472c8c6a6a6c6,C:\Users\Ashutosh Verma\OneDrive\Desktop\VET VISION AI\data\lsd\LumpySkinDisease_DataHub\LumpySkinDisease_DataHub\data-processed\lumpy_balanced\lumpy1\Mild1132.png
Mild1133.png,Mild1133.png,Mild,False,256,256,3,RGB,1.0,106333,.png,32a38e2813b422cf6d5b3d68374a241afa78322526dac7efcd164518e1eb1757,ecc8d4dcdcf4f0c8,C:\Users\Ashutosh Verma\OneDrive\Desktop\VET VISION AI\data\lsd\LumpySkinDisease_DataHub\LumpySkinDisease_DataHub\data-processed\lumpy_balanced\lumpy1\Mild1133.png
Mild1134.png,Mild1134.png,Mild,False,256,256,3,RGB,1.0,183368,.png,e2771621c0512e66aacd7e2d53d0899a4e6695eca4d69bbf9489fef0deec9482,98f0206061d3b304,C:\Users\Ashutosh Verma\OneDrive\Desktop\VET VISION AI\data\lsd\LumpySkinDisease_DataHub\LumpySkinDisease_DataHub\data-processed\lumpy_balanced\lumpy1\Mild1134.png
Mild1135.png,Mild1135.png,Mild,False,256,256,3,RGB,1.0,139366,.png,8deb2fbcc1f53b62c89c6c144ff95f4063ea08dda4ddc690dcb818ca05e87d09,8dc6e06b4fcd6340,C:\Users\Ashutosh Verma\OneDrive\Desktop\VET VISION AI\data\lsd\LumpySkinDisease_DataHub\LumpySkinDisease_DataHub\data-processed\lumpy_balanced\lumpy1\Mild1135.png
Mild1136.png,Mild1136.png,Mild,False,256,256,3,RGB,1.0,149455,.png,cabf7410e9a12913e75edd5f12f85439cd546b8725163856a87a1d18c15205e2,61a4c00822cacad5,C:\Users\Ashutosh Verma\OneDrive\Desktop\VET VISION AI\data\lsd\LumpySkinDisease_DataHub\LumpySkinDisease_DataHub\data-processed\lumpy_balanced\lumpy1\Mild1136.png
Mild1137.png,Mild1137.png,Mild,False,256,256,3,RGB,1.0,155390,.png,bb963ffc3cc545864db1926d9996e7ebda8e46710e11ebf02c7638626bf1de4c,d2f2b3f575717357,C:\Users\Ashutosh Verma\OneDrive\Desktop\VET VISION AI\data\lsd\LumpySkinDisease_DataHub\LumpySkinDisease_DataHub\data-processed\lumpy_balanced\lumpy1\Mild1137.png
Mild1138.png,Mild1138.png,Mild,False,256,256,3,RGB,1.0,187939,.png,ceac74a3c8234924b62fe6b36693eba7d9cbed504f87a99ab24184dafa93d2e1,b8bcacbc1c1a1e4c,C:\Users\Ashutosh Verma\OneDrive\Desktop\VET VISION AI\data\lsd\LumpySkinDisease_DataHub\LumpySkinDisease_DataHub\data-processed\lumpy_balanced\lumpy1\Mild1138.png
Mild1139.png,Mild1139.png,Mild,False,256,256,3,RGB,1.0,166329,.png,1146a3eacc505ea2c8779f5576c80ad789bc9bdd64d4867cff5f76d92dc30e18,b858b9bffcefb3b7,C:\Users\Ashutosh Verma\OneDrive\Desktop\VET VISION AI\data\lsd\LumpySkinDisease_DataHub\LumpySkinDisease_DataHub\data-processed\lumpy_balanced\lumpy1\Mild1139.png
Mild1140.png,Mild1140.png,Mild,False,256,256,3,RGB,1.0,178378,.png,30c0d459a49b8c95695a6552ecef2e607c6d7cb7034bde22e6e439fc4ff51ae9,d37cfdbbb929292d,C:\Users\Ashutosh Verma\OneDrive\Desktop\VET VISION AI\data\lsd\LumpySkinDisease_DataHub\LumpySkinDisease_DataHub\data-processed\lumpy_balanced\lumpy1\Mild1140.png
Mild1141.png,Mild1141.png,Mild,False,256,256,3,RGB,1.0,169523,.png,e46d1657a9f4e391dffdc67522c23f95079ce582515c8fcf2a894c13de612c17,2694c545e571d34d,C:\Users\Ashutosh Verma\OneDrive\Desktop\VET VISION AI\data\lsd\LumpySkinDisease_DataHub\LumpySkinDisease_DataHub\data-processed\lumpy_balanced\lumpy1\Mild1141.png
Mild1142.png,Mild1142.png,Mild,False,256,256,3,RGB,1.0,175648,.png,8e02bdaed044c4bdafe94b1e0d5e9c23f0cb5dd8615dd6e1773a1118256dd846,a3b4ada9b2fcf8ee,C:\Users\Ashutosh Verma\OneDrive\Desktop\VET VISION AI\data\lsd\LumpySkinDisease_DataHub\LumpySkinDisease_DataHub\data-processed\lumpy_balanced\lumpy1\Mild1142.png
Mild1143.png,Mild1143.png,Mild,False,256,256,3,RGB,1.0,187939,.png,ceac74a3c8234924b62fe6b36693eba7d9cbed504f87a99ab24184dafa93d2e1,b8bcacbc1c1a1e4c,C:\Users\Ashutosh Verma\OneDrive\Desktop\VET VISION AI\data\lsd\LumpySkinDisease_DataHub\LumpySkinDisease_DataHub\data-processed\lumpy_balanced\lumpy1\Mild1143.png
Mild1144.png,Mild1144.png,Mild,False,256,256,3,RGB,1.0,190674,.png,d99ba83210915298e9cae6e4867043ef833e90f0092ba88b470eed48f48fb21c,1cb3ab92998b19e5,C:\Users\Ashutosh Verma\OneDrive\Desktop\VET VISION AI\data\lsd\LumpySkinDisease_DataHub\LumpySkinDisease_DataHub\data-processed\lumpy_balanced\lumpy1\Mild1144.png
Mild1145.png,Mild1145.png,Mild,False,256,256,3,RGB,1.0,59471,.png,e9fdf1a73eadf7f45125bcc47a8315a0a7e92d4fa170f11f8087bdff9a2a3eea,f0e0c87831664332,C:\Users\Ashutosh Verma\OneDrive\Desktop\VET VISION AI\data\lsd\LumpySkinDisease_DataHub\LumpySkinDisease_DataHub\data-processed\lumpy_balanced\lumpy1\Mild1145.png
Mild1146.png,Mild1146.png,Mild,False,256,256,3,RGB,1.0,176102,.png,66c0b20a19fb1d97def0fcac7ce0b15769e9ca5b5bcfca7421cd9cf1daeb2ee5,93643c34b4d4ca4b,C:\Users\Ashutosh Verma\OneDrive\Desktop\VET VISION AI\data\lsd\LumpySkinDisease_DataHub\LumpySkinDisease_DataHub\data-processed\lumpy_balanced\lumpy1\Mild1146.png
Mild1147.png,Mild1147.png,Mild,False,256,256,3,RGB,1.0,148656,.png,0903b27e6b764f7cbe77644b0c46f2e6c91926858c43c20e33b39e7d63454aca,1c1cd8b82c34eba6,C:\Users\Ashutosh Verma\OneDrive\Desktop\VET VISION AI\data\lsd\LumpySkinDisease_DataHub\LumpySkinDisease_DataHub\data-processed\lumpy_balanced\lumpy1\Mild1147.png
Mild1148.png,Mild1148.png,Mild,False,256,256,3,RGB,1.0,175648,.png,8e02bdaed044c4bdafe94b1e0d5e9c23f0cb5dd8615dd6e1773a1118256dd846,a3b4ada9b2fcf8ee,C:\Users\Ashutosh Verma\OneDrive\Desktop\VET VISION AI\data\lsd\LumpySkinDisease_DataHub\LumpySkinDisease_DataHub\data-processed\lumpy_balanced\lumpy1\Mild1148.png
Mild1149.png,Mild1149.png,Mild,False,256,256,3,RGB,1.0,144582,.png,d32848a08e9f1e5cc5011931c361792f895113a99293eb4dc525f993d9a6b93f,9c163676f11132f4,C:\Users\Ashutosh Verma\OneDrive\Desktop\VET VISION AI\data\lsd\LumpySkinDisease_DataHub\LumpySkinDisease_DataHub\data-processed\lumpy_balanced\lumpy1\Mild1149.png
Mild1150.png,Mild1150.png,Mild,False,256,256,3,RGB,1.0,132827,.png,0afb2a0bfbcf6131d749798b69e8f38448e3257b8211b0a23785af58cabcf943,ba78dbd957169496,C:\Users\Ashutosh Verma\OneDrive\Desktop\VET VISION AI\data\lsd\LumpySkinDisease_DataHub\LumpySkinDisease_DataHub\data-processed\lumpy_balanced\lumpy1\Mild1150.png
Mild1151.png,Mild1151.png,Mild,False,256,256,3,RGB,1.0,157319,.png,bb1a56e89fed9117bb7ea4498fa2dd3f2d6fa0ee4893b6fe1ee505449ac7dbc3,de5844484fa436b6,C:\Users\Ashutosh Verma\OneDrive\Desktop\VET VISION AI\data\lsd\LumpySkinDisease_DataHub\LumpySkinDisease_DataHub\data-processed\lumpy_balanced\lumpy1\Mild1151.png
Mild1152.png,Mild1152.png,Mild,False,256,256,3,RGB,1.0,162045,.png,5d9fcf9ac898ca09231f5b5e21a4a54a239957183fd5eeaf1f49a9c2e4605780,594c5c5c5c797349,C:\Users\Ashutosh Verma\OneDrive\Desktop\VET VISION AI\data\lsd\LumpySkinDisease_DataHub\LumpySkinDisease_DataHub\data-processed\lumpy_balanced\lumpy1\Mild1152.png
Mild1153.png,Mild1153.png,Mild,False,256,256,3,RGB,1.0,162045,.png,5d9fcf9ac898ca09231f5b5e21a4a54a239957183fd5eeaf1f49a9c2e4605780,594c5c5c5c797349,C:\Users\Ashutosh Verma\OneDrive\Desktop\VET VISION AI\data\lsd\LumpySkinDisease_DataHub\LumpySkinDisease_DataHub\data-processed\lumpy_balanced\lumpy1\Mild1153.png
Mild1154.png,Mild1154.png,Mild,False,256,256,3,RGB,1.0,185945,.png,9fd08e5a2feb7f8232700a3458a11baaa20b51767c4646867240e6d46038883a,7d3d73db6e4e464c,C:\Users\Ashutosh Verma\OneDrive\Desktop\VET VISION AI\data\lsd\LumpySkinDisease_DataHub\LumpySkinDisease_DataHub\data-processed\lumpy_balanced\lumpy1\Mild1154.png
Mild1155.png,Mild1155.png,Mild,False,256,256,3,RGB,1.0,147372,.png,0ee58cc17a5d7e899f31c9af113c056e41a03cf4b64b1d20397760a495d67109,1c1b13010a2c0ce4,C:\Users\Ashutosh Verma\OneDrive\Desktop\VET VISION AI\data\lsd\LumpySkinDisease_DataHub\LumpySkinDisease_DataHub\data-processed\lumpy_balanced\lumpy1\Mild1155.png
Mild1156.png,Mild1156.png,Mild,False,256,256,3,RGB,1.0,168104,.png,9f25852927af9857302cc703c5171df8a0cde820eae327dcae7c175a451e6031,e44c3e9b65494948,C:\Users\Ashutosh Verma\OneDrive\Desktop\VET VISION AI\data\lsd\LumpySkinDisease_DataHub\LumpySkinDisease_DataHub\data-processed\lumpy_balanced\lumpy1\Mild1156.png
Mild1157.png,Mild1157.png,Mild,False,256,256,3,RGB,1.0,183910,.png,0f9137f36ed7e11135ddedfa5a05b09115f9d38274f497ba4da65b6dbc643bc7,fbfbecdab3b75b79,C:\Users\Ashutosh Verma\OneDrive\Desktop\VET VISION AI\data\lsd\LumpySkinDisease_DataHub\LumpySkinDisease_DataHub\data-processed\lumpy_balanced\lumpy1\Mild1157.png
Mild1158.png,Mild1158.png,Mild,False,256,256,3,RGB,1.0,173823,.png,3f8a67735a2590229a6f6f8b8696658de09ebf472b0b6ffde65e531d7eeeaee3,62664c48d3ecd8d5,C:\Users\Ashutosh Verma\OneDrive\Desktop\VET VISION AI\data\lsd\LumpySkinDisease_DataHub\LumpySkinDisease_DataHub\data-processed\lumpy_balanced\lumpy1\Mild1158.png
Mild1159.png,Mild1159.png,Mild,False,256,256,3,RGB,1.0,159736,.png,fb8440c6a1df31b060dfa25db4be9b8a57cd619842ab7730e2628e5302d962e7,1b644e72e5e549fb,C:\Users\Ashutosh Verma\OneDrive\Desktop\VET VISION AI\data\lsd\LumpySkinDisease_DataHub\LumpySkinDisease_DataHub\data-processed\lumpy_balanced\lumpy1\Mild1159.png
Mild1160.png,Mild1160.png,Mild,False,256,256,3,RGB,1.0,162325,.png,a405aa5f037b28ca06df28666f42801b4901653141bd5fd3e8dc70aa01abef6b,ce9f3cbe9ddc1814,C:\Users\Ashutosh Verma\OneDrive\Desktop\VET VISION AI\data\lsd\LumpySkinDisease_DataHub\LumpySkinDisease_DataHub\data-processed\lumpy_balanced\lumpy1\Mild1160.png
Mild1161.png,Mild1161.png,Mild,False,256,256,3,RGB,1.0,158051,.png,2999ccc06334fa3fc2fd80bf81e0b9a61a7821091263f30ed4f0cc83bbf6cc5c,4848cccc899327e3,C:\Users\Ashutosh Verma\OneDrive\Desktop\VET VISION AI\data\lsd\LumpySkinDisease_DataHub\LumpySkinDisease_DataHub\data-processed\lumpy_balanced\lumpy1\Mild1161.png
Mild1162.png,Mild1162.png,Mild,False,256,256,3,RGB,1.0,164303,.png,81b354401e1a41a32beeb374b37028fd8ecedb2721949168c317fe4e796ad002,f13d2941092d292d,C:\Users\Ashutosh Verma\OneDrive\Desktop\VET VISION AI\data\lsd\LumpySkinDisease_DataHub\LumpySkinDisease_DataHub\data-processed\lumpy_balanced\lumpy1\Mild1162.png
Mild1163.png,Mild1163.png,Mild,False,256,256,3,RGB,1.0,144582,.png,d32848a08e9f1e5cc5011931c361792f895113a99293eb4dc525f993d9a6b93f,9c163676f11132f4,C:\Users\Ashutosh Verma\OneDrive\Desktop\VET VISION AI\data\lsd\LumpySkinDisease_DataHub\LumpySkinDisease_DataHub\data-processed\lumpy_balanced\lumpy1\Mild1163.png
Mild1164.png,Mild1164.png,Mild,False,256,256,3,RGB,1.0,158172,.png,2ccb0918029fcf72a51728f8ea49aaaef589bd01258a9f8ed78ac7bcebcbfc92,a42d716b96c4e4e0,C:\Users\Ashutosh Verma\OneDrive\Desktop\VET VISION AI\data\lsd\LumpySkinDisease_DataHub\LumpySkinDisease_DataHub\data-processed\lumpy_balanced\lumpy1\Mild1164.png
Mild1165.png,Mild1165.png,Mild,False,256,256,3,RGB,1.0,157091,.png,55a969b4df2cc5c7ed80c9d645e3d4c03d1727f084fad2ef99a530d78b59ce00,69599f33346767f1,C:\Users\Ashutosh Verma\OneDrive\Desktop\VET VISION AI\data\lsd\LumpySkinDisease_DataHub\LumpySkinDisease_DataHub\data-processed\lumpy_balanced\lumpy1\Mild1165.png
Mild1166.png,Mild1166.png,Mild,False,256,256,3,RGB,1.0,97373,.png,5260662bb2edb960bff1ad664a807b1a541e66f3bd88bd6f04063aed86d8ae38,2f1f3333331b0f0c,C:\Users\Ashutosh Verma\OneDrive\Desktop\VET VISION AI\data\lsd\LumpySkinDisease_DataHub\LumpySkinDisease_DataHub\data-processed\lumpy_balanced\lumpy1\Mild1166.png
Mild1167.png,Mild1167.png,Mild,False,256,256,3,RGB,1.0,162135,.png,dead754d89bc2ed07f389a98acfb3aaec12988fba88cae3936c2ad5a28da8b40,0252193332170c02,C:\Users\Ashutosh Verma\OneDrive\Desktop\VET VISION AI\data\lsd\LumpySkinDisease_DataHub\LumpySkinDisease_DataHub\data-processed\lumpy_balanced\lumpy1\Mild1167.png
Mild1168.png,Mild1168.png,Mild,False,256,256,3,RGB,1.0,175956,.png,abbbcf20c845a3f8e4d21d89d4b92c179c7819df9913000b5cb7b57ef0b18950,c2c833f3b12113a6,C:\Users\Ashutosh Verma\OneDrive\Desktop\VET VISION AI\data\lsd\LumpySkinDisease_DataHub\LumpySkinDisease_DataHub\data-processed\lumpy_balanced\lumpy1\Mild1168.png
Mild1169.png,Mild1169.png,Mild,False,256,256,3,RGB,1.0,181836,.png,c333a743eb4da0d10daacd64836529741686a1b3cfbe6b83d297463ca345fd66,98a0206061d3f304,C:\Users\Ashutosh Verma\OneDrive\Desktop\VET VISION AI\data\lsd\LumpySkinDisease_DataHub\LumpySkinDisease_DataHub\data-processed\lumpy_balanced\lumpy1\Mild1169.png
Mild1170.png,Mild1170.png,Mild,False,256,256,3,RGB,1.0,168839,.png,339eaae312b4e7492d677ca2e202edf937ee8cbe143cf5385b09704e718b7861,a8390e2225bd8d65,C:\Users\Ashutosh Verma\OneDrive\Desktop\VET VISION AI\data\lsd\LumpySkinDisease_DataHub\LumpySkinDisease_DataHub\data-processed\lumpy_balanced\lumpy1\Mild1170.png
Mild1171.png,Mild1171.png,Mild,False,256,256,3,RGB,1.0,152103,.png,0036d7cc3ea7521ba11a867775c7827da556969445110774978f28cf5df94ae0,f4cff6f6f4e16060,C:\Users\Ashutosh Verma\OneDrive\Desktop\VET VISION AI\data\lsd\LumpySkinDisease_DataHub\LumpySkinDisease_DataHub\data-processed\lumpy_balanced\lumpy1\Mild1171.png
Mild1172.png,Mild1172.png,Mild,False,256,256,3,RGB,1.0,167010,.png,79a23e8d7da17969734b931738eec52b2eed2c76c6a6c6bc91822f668b115c8b,5397d6ddc9db97b7,C:\Users\Ashutosh Verma\OneDrive\Desktop\VET VISION AI\data\lsd\LumpySkinDisease_DataHub\LumpySkinDisease_DataHub\data-processed\lumpy_balanced\lumpy1\Mild1172.png
Mild1173.png,Mild1173.png,Mild,False,256,256,3,RGB,1.0,181836,.png,c333a743eb4da0d10daacd64836529741686a1b3cfbe6b83d297463ca345fd66,98a0206061d3f304,C:\Users\Ashutosh Verma\OneDrive\Desktop\VET VISION AI\data\lsd\LumpySkinDisease_DataHub\LumpySkinDisease_DataHub\data-processed\lumpy_balanced\lumpy1\Mild1173.png
Mild1174.png,Mild1174.png,Mild,False,256,256,3,RGB,1.0,153127,.png,9905a03b249443571c8f2f127a911305de4ae92404239d0e56cb065ce33ee6f4,475d5c7c7c347c14,C:\Users\Ashutosh Verma\OneDrive\Desktop\VET VISION AI\data\lsd\LumpySkinDisease_DataHub\LumpySkinDisease_DataHub\data-processed\lumpy_balanced\lumpy1\Mild1174.png
Mild1175.png,Mild1175.png,Mild,False,256,256,3,RGB,1.0,187635,.png,62d56eb430723a95972099cebdaec25b6d7254f6341c8771e70ad7f3bef33b12,996d69793d2d4c4d,C:\Users\Ashutosh Verma\OneDrive\Desktop\VET VISION AI\data\lsd\LumpySkinDisease_DataHub\LumpySkinDisease_DataHub\data-processed\lumpy_balanced\lumpy1\Mild1175.png
Mild1176.png,Mild1176.png,Mild,False,256,256,3,RGB,1.0,188525,.png,55071e2d1ff57a8bf7a13d1734fa59f3ca554c75d73a0d0e41fa09846317840e,78ab9389ba7173ba,C:\Users\Ashutosh Verma\OneDrive\Desktop\VET VISION AI\data\lsd\LumpySkinDisease_DataHub\LumpySkinDisease_DataHub\data-processed\lumpy_balanced\lumpy1\Mild1176.png
Mild1177.png,Mild1177.png,Mild,False,256,256,3,RGB,1.0,174320,.png,09de12ef76e41e694019712c9943cd9d9880cc5ec63dc4f05db7b2f93d5f8c41,0c45838c161a3934,C:\Users\Ashutosh Verma\OneDrive\Desktop\VET VISION AI\data\lsd\LumpySkinDisease_DataHub\LumpySkinDisease_DataHub\data-processed\lumpy_balanced\lumpy1\Mild1177.png
Mild1178.png,Mild1178.png,Mild,False,256,256,3,RGB,1.0,162045,.png,5d9fcf9ac898ca09231f5b5e21a4a54a239957183fd5eeaf1f49a9c2e4605780,594c5c5c5c797349,C:\Users\Ashutosh Verma\OneDrive\Desktop\VET VISION AI\data\lsd\LumpySkinDisease_DataHub\LumpySkinDisease_DataHub\data-processed\lumpy_balanced\lumpy1\Mild1178.png
Mild1179.png,Mild1179.png,Mild,False,256,256,3,RGB,1.0,162140,.png,7c2f268d5de93143d98ce84a01865033dc3adeda58fa43b1d40ec1120fbdb22b,e7c4d4c5ade7c4cd,C:\Users\Ashutosh Verma\OneDrive\Desktop\VET VISION AI\data\lsd\LumpySkinDisease_DataHub\LumpySkinDisease_DataHub\data-processed\lumpy_balanced\lumpy1\Mild1179.png
Mild1180.png,Mild1180.png,Mild,False,256,256,3,RGB,1.0,150808,.png,8d401798d7bca787a59c9a0157d3f3009b223d2f8a6dcda2b227db8219d83e82,dc3812060c988581,C:\Users\Ashutosh Verma\OneDrive\Desktop\VET VISION AI\data\lsd\LumpySkinDisease_DataHub\LumpySkinDisease_DataHub\data-processed\lumpy_balanced\lumpy1\Mild1180.png
Mild1181.png,Mild1181.png,Mild,False,256,256,3,RGB,1.0,170821,.png,32168379dfec0fe635d6552b963c6a65526e53f4eae75c9daf2aa0bde876b3e3,dbc9931a68654523,C:\Users\Ashutosh Verma\OneDrive\Desktop\VET VISION AI\data\lsd\LumpySkinDisease_DataHub\LumpySkinDisease_DataHub\data-processed\lumpy_balanced\lumpy1\Mild1181.png
Mild1182.png,Mild1182.png,Mild,False,256,256,3,RGB,1.0,147372,.png,0ee58cc17a5d7e899f31c9af113c056e41a03cf4b64b1d20397760a495d67109,1c1b13010a2c0ce4,C:\Users\Ashutosh Verma\OneDrive\Desktop\VET VISION AI\data\lsd\LumpySkinDisease_DataHub\LumpySkinDisease_DataHub\data-processed\lumpy_balanced\lumpy1\Mild1182.png
Mild1183.png,Mild1183.png,Mild,False,256,256,3,RGB,1.0,180933,.png,2ec8e0c29fb245f9a19f54b1e8edc00212fbec2b5d0b721f60104a6ea36b830c,6426a46667233b43,C:\Users\Ashutosh Verma\OneDrive\Desktop\VET VISION AI\data\lsd\LumpySkinDisease_DataHub\LumpySkinDisease_DataHub\data-processed\lumpy_balanced\lumpy1\Mild1183.png
Mild1184.png,Mild1184.png,Mild,False,256,256,3,RGB,1.0,149455,.png,cabf7410e9a12913e75edd5f12f85439cd546b8725163856a87a1d18c15205e2,61a4c00822cacad5,C:\Users\Ashutosh Verma\OneDrive\Desktop\VET VISION AI\data\lsd\LumpySkinDisease_DataHub\LumpySkinDisease_DataHub\data-processed\lumpy_balanced\lumpy1\Mild1184.png
Mild1185.png,Mild1185.png,Mild,False,256,256,3,RGB,1.0,176071,.png,b2650f3eb002cc2fd1dd84222314ef92f8ea539fd5dd426de000b72ac7ec462b,29385a7270716676,C:\Users\Ashutosh Verma\OneDrive\Desktop\VET VISION AI\data\lsd\LumpySkinDisease_DataHub\LumpySkinDisease_DataHub\data-processed\lumpy_balanced\lumpy1\Mild1185.png
Mild1186.png,Mild1186.png,Mild,False,256,256,3,RGB,1.0,182955,.png,cf0decc97e5f837e8fb407fc33383b47dc401e442fd6d13ef6ce401534072a2f,42666779332e2f4d,C:\Users\Ashutosh Verma\OneDrive\Desktop\VET VISION AI\data\lsd\LumpySkinDisease_DataHub\LumpySkinDisease_DataHub\data-processed\lumpy_balanced\lumpy1\Mild1186.png
Mild1187.png,Mild1187.png,Mild,False,256,256,3,RGB,1.0,183036,.png,78d57e33e6ec90cb2b8f833342ed0495286ee1c3872af86b60e935a81dc78720,d6d8c98bb531b2b4,C:\Users\Ashutosh Verma\OneDrive\Desktop\VET VISION AI\data\lsd\LumpySkinDisease_DataHub\LumpySkinDisease_DataHub\data-processed\lumpy_balanced\lumpy1\Mild1187.png
Mild1188.png,Mild1188.png,Mild,False,256,256,3,RGB,1.0,31356,.png,553119be63654bfa888848a8dcacebebe4da02165099aa975aeea2402ee03e1e,062713731383a427,C:\Users\Ashutosh Verma\OneDrive\Desktop\VET VISION AI\data\lsd\LumpySkinDisease_DataHub\LumpySkinDisease_DataHub\data-processed\lumpy_balanced\lumpy1\Mild1188.png
Mild1189.png,Mild1189.png,Mild,False,256,256,3,RGB,1.0,162135,.png,dead754d89bc2ed07f389a98acfb3aaec12988fba88cae3936c2ad5a28da8b40,0252193332170c02,C:\Users\Ashutosh Verma\OneDrive\Desktop\VET VISION AI\data\lsd\LumpySkinDisease_DataHub\LumpySkinDisease_DataHub\data-processed\lumpy_balanced\lumpy1\Mild1189.png
Mild1190.png,Mild1190.png,Mild,False,256,256,3,RGB,1.0,180933,.png,2ec8e0c29fb245f9a19f54b1e8edc00212fbec2b5d0b721f60104a6ea36b830c,6426a46667233b43,C:\Users\Ashutosh Verma\OneDrive\Desktop\VET VISION AI\data\lsd\LumpySkinDisease_DataHub\LumpySkinDisease_DataHub\data-processed\lumpy_balanced\lumpy1\Mild1190.png
Mild1191.png,Mild1191.png,Mild,False,256,256,3,RGB,1.0,168104,.png,9f25852927af9857302cc703c5171df8a0cde820eae327dcae7c175a451e6031,e44c3e9b65494948,C:\Users\Ashutosh Verma\OneDrive\Desktop\VET VISION AI\data\lsd\LumpySkinDisease_DataHub\LumpySkinDisease_DataHub\data-processed\lumpy_balanced\lumpy1\Mild1191.png
Mild1192.png,Mild1192.png,Mild,False,256,256,3,RGB,1.0,168744,.png,e3f9135fa97b5cd2bdb01fc234ba02677218b1a54d8f4c9db5f8f3a0cc1b850b,d9ddd9fb870e3f37,C:\Users\Ashutosh Verma\OneDrive\Desktop\VET VISION AI\data\lsd\LumpySkinDisease_DataHub\LumpySkinDisease_DataHub\data-processed\lumpy_balanced\lumpy1\Mild1192.png
Mild1193.png,Mild1193.png,Mild,False,256,256,3,RGB,1.0,161862,.png,abb8546188ddd9286cba49fb70506760464b24f582f4652fc2e8a68e8f62a321,d23636129f95c7c7,C:\Users\Ashutosh Verma\OneDrive\Desktop\VET VISION AI\data\lsd\LumpySkinDisease_DataHub\LumpySkinDisease_DataHub\data-processed\lumpy_balanced\lumpy1\Mild1193.png
Mild1194.png,Mild1194.png,Mild,False,256,256,3,RGB,1.0,157636,.png,cff99478a8aca7e771c84ce5d9bc89d87a87c65477964072f74ad44236ab06bb,3d73333366e66727,C:\Users\Ashutosh Verma\OneDrive\Desktop\VET VISION AI\data\lsd\LumpySkinDisease_DataHub\LumpySkinDisease_DataHub\data-processed\lumpy_balanced\lumpy1\Mild1194.png
Mild1195.png,Mild1195.png,Mild,False,256,256,3,RGB,1.0,177233,.png,53ae48f93db897605c59dfdbddac9d0444b3fb56df5ebb0f1cdbf814155f1593,7b68eadbfbb35f79,C:\Users\Ashutosh Verma\OneDrive\Desktop\VET VISION AI\data\lsd\LumpySkinDisease_DataHub\LumpySkinDisease_DataHub\data-processed\lumpy_balanced\lumpy1\Mild1195.png
Mild1196.png,Mild1196.png,Mild,False,256,256,3,RGB,1.0,166329,.png,1146a3eacc505ea2c8779f5576c80ad789bc9bdd64d4867cff5f76d92dc30e18,b858b9bffcefb3b7,C:\Users\Ashutosh Verma\OneDrive\Desktop\VET VISION AI\data\lsd\LumpySkinDisease_DataHub\LumpySkinDisease_DataHub\data-processed\lumpy_balanced\lumpy1\Mild1196.png
Mild1197.png,Mild1197.png,Mild,False,256,256,3,RGB,1.0,160419,.png,144f3fdb7f438d6deab6c1aebcfdc046fa2566f8483266ba3440f8ea17c5aa3a,f698b8f147269591,C:\Users\Ashutosh Verma\OneDrive\Desktop\VET VISION AI\data\lsd\LumpySkinDisease_DataHub\LumpySkinDisease_DataHub\data-processed\lumpy_balanced\lumpy1\Mild1197.png
Mild1198.png,Mild1198.png,Mild,False,256,256,3,RGB,1.0,176607,.png,187166ff5aa8ce7537f39c8d736cf3b16774437d95ec5d95bc3be48b55825b7c,d8de4b5bc666f8de,C:\Users\Ashutosh Verma\OneDrive\Desktop\VET VISION AI\data\lsd\LumpySkinDisease_DataHub\LumpySkinDisease_DataHub\data-processed\lumpy_balanced\lumpy1\Mild1198.png
Mild1199.png,Mild1199.png,Mild,False,256,256,3,RGB,1.0,144582,.png,d32848a08e9f1e5cc5011931c361792f895113a99293eb4dc525f993d9a6b93f,9c163676f11132f4,C:\Users\Ashutosh Verma\OneDrive\Desktop\VET VISION AI\data\lsd\LumpySkinDisease_DataHub\LumpySkinDisease_DataHub\data-processed\lumpy_balanced\lumpy1\Mild1199.png
Mild1200.png,Mild1200.png,Mild,False,256,256,3,RGB,1.0,54840,.png,4fece159b4aecb7d43f63b8b25b49a5a2a7b56b3b1d1f1556c946ace62873c81,c4c88a265b83c363,C:\Users\Ashutosh Verma\OneDrive\Desktop\VET VISION AI\data\lsd\LumpySkinDisease_DataHub\LumpySkinDisease_DataHub\data-processed\lumpy_balanced\lumpy1\Mild1200.png
Mild1201.png,Mild1201.png,Mild,False,256,256,3,RGB,1.0,150568,.png,cca46aec3898ca45dd0c45e9063f36f37cd7687cf53cc7f1e564ee57a62e547b,f37b79f175095666,C:\Users\Ashutosh Verma\OneDrive\Desktop\VET VISION AI\data\lsd\LumpySkinDisease_DataHub\LumpySkinDisease_DataHub\data-processed\lumpy_balanced\lumpy1\Mild1201.png
Mild1202.png,Mild1202.png,Mild,False,256,256,3,RGB,1.0,178502,.png,3a7bb8835b8d0de2a9642a50729aaadf04a31510436cd45c7cc88199d6cb526b,d4d66934b4f4d9f1,C:\Users\Ashutosh Verma\OneDrive\Desktop\VET VISION AI\data\lsd\LumpySkinDisease_DataHub\LumpySkinDisease_DataHub\data-processed\lumpy_balanced\lumpy1\Mild1202.png
Mild1203.png,Mild1203.png,Mild,False,256,256,3,RGB,1.0,145607,.png,89f3658298e44a7e8d3ded3cccef253bfbb8162c87c8e0b345e13ae0ed77e1f5,f3e664d8d8d89002,C:\Users\Ashutosh Verma\OneDrive\Desktop\VET VISION AI\data\lsd\LumpySkinDisease_DataHub\LumpySkinDisease_DataHub\data-processed\lumpy_balanced\lumpy1\Mild1203.png
Mild1204.png,Mild1204.png,Mild,False,256,256,3,RGB,1.0,177400,.png,55ca573b49e3984e8305087fb7c8a7628de6e8d30f0e1af2ec87c305ba274020,917126002e4764ac,C:\Users\Ashutosh Verma\OneDrive\Desktop\VET VISION AI\data\lsd\LumpySkinDisease_DataHub\LumpySkinDisease_DataHub\data-processed\lumpy_balanced\lumpy1\Mild1204.png
Mild1205.png,Mild1205.png,Mild,False,256,256,3,RGB,1.0,129055,.png,e2c32f3662221bc66eb1f56cc921ccc6a4870d9ab0f3f6ed74f8108ac65214d8,514951496979596d,C:\Users\Ashutosh Verma\OneDrive\Desktop\VET VISION AI\data\lsd\LumpySkinDisease_DataHub\LumpySkinDisease_DataHub\data-processed\lumpy_balanced\lumpy1\Mild1205.png
Mild1206.png,Mild1206.png,Mild,False,256,256,3,RGB,1.0,185329,.png,6e28d16e816f627d0356779822c04ef3cd8c757688aaba7be96692cb65e79c58,fff4c1c277cf346e,C:\Users\Ashutosh Verma\OneDrive\Desktop\VET VISION AI\data\lsd\LumpySkinDisease_DataHub\LumpySkinDisease_DataHub\data-processed\lumpy_balanced\lumpy1\Mild1206.png
Mild1207.png,Mild1207.png,Mild,False,256,256,3,RGB,1.0,153967,.png,dc6c39f085519d7121bbbf0f20c25a4b7342d1a060e4443c7cb3ea47038586bc,e7c4d4c5ade7c4cd,C:\Users\Ashutosh Verma\OneDrive\Desktop\VET VISION AI\data\lsd\LumpySkinDisease_DataHub\LumpySkinDisease_DataHub\data-processed\lumpy_balanced\lumpy1\Mild1207.png
Mild1208.png,Mild1208.png,Mild,False,256,256,3,RGB,1.0,153967,.png,dc6c39f085519d7121bbbf0f20c25a4b7342d1a060e4443c7cb3ea47038586bc,e7c4d4c5ade7c4cd,C:\Users\Ashutosh Verma\OneDrive\Desktop\VET VISION AI\data\lsd\LumpySkinDisease_DataHub\LumpySkinDisease_DataHub\data-processed\lumpy_balanced\lumpy1\Mild1208.png
Mild1209.png,Mild1209.png,Mild,False,256,256,3,RGB,1.0,173028,.png,194e0c7f76612a0bcd7640211dd5a651d14521def6c12095328360549bd78aad,51118db030302133,C:\Users\Ashutosh Verma\OneDrive\Desktop\VET VISION AI\data\lsd\LumpySkinDisease_DataHub\LumpySkinDisease_DataHub\data-processed\lumpy_balanced\lumpy1\Mild1209.png
Mild1210.png,Mild1210.png,Mild,False,256,256,3,RGB,1.0,178502,.png,3a7bb8835b8d0de2a9642a50729aaadf04a31510436cd45c7cc88199d6cb526b,d4d66934b4f4d9f1,C:\Users\Ashutosh Verma\OneDrive\Desktop\VET VISION AI\data\lsd\LumpySkinDisease_DataHub\LumpySkinDisease_DataHub\data-processed\lumpy_balanced\lumpy1\Mild1210.png
Mild1211.png,Mild1211.png,Mild,False,256,256,3,RGB,1.0,177183,.png,5d6e4b002f9aac47b84f1b954e09a4944177c9e2f3ff255b24bdf1bf6e808ed3,bcb433f3b1b6a69e,C:\Users\Ashutosh Verma\OneDrive\Desktop\VET VISION AI\data\lsd\LumpySkinDisease_DataHub\LumpySkinDisease_DataHub\data-processed\lumpy_balanced\lumpy1\Mild1211.png
Mild1212.png,Mild1212.png,Mild,False,256,256,3,RGB,1.0,169523,.png,e46d1657a9f4e391dffdc67522c23f95079ce582515c8fcf2a894c13de612c17,2694c545e571d34d,C:\Users\Ashutosh Verma\OneDrive\Desktop\VET VISION AI\data\lsd\LumpySkinDisease_DataHub\LumpySkinDisease_DataHub\data-processed\lumpy_balanced\lumpy1\Mild1212.png
Mild1213.png,Mild1213.png,Mild,False,256,256,3,RGB,1.0,162045,.png,5d9fcf9ac898ca09231f5b5e21a4a54a239957183fd5eeaf1f49a9c2e4605780,594c5c5c5c797349,C:\Users\Ashutosh Verma\OneDrive\Desktop\VET VISION AI\data\lsd\LumpySkinDisease_DataHub\LumpySkinDisease_DataHub\data-processed\lumpy_balanced\lumpy1\Mild1213.png
Mild1214.png,Mild1214.png,Mild,False,256,256,3,RGB,1.0,184640,.png,a16f9eabd060a9de25b84611cf1ab59ab76db163ea29d70cca305bd8e471ebf6,42666779332e2f4d,C:\Users\Ashutosh Verma\OneDrive\Desktop\VET VISION AI\data\lsd\LumpySkinDisease_DataHub\LumpySkinDisease_DataHub\data-processed\lumpy_balanced\lumpy1\Mild1214.png
Mild1215.png,Mild1215.png,Mild,False,256,256,3,RGB,1.0,175956,.png,abbbcf20c845a3f8e4d21d89d4b92c179c7819df9913000b5cb7b57ef0b18950,c2c833f3b12113a6,C:\Users\Ashutosh Verma\OneDrive\Desktop\VET VISION AI\data\lsd\LumpySkinDisease_DataHub\LumpySkinDisease_DataHub\data-processed\lumpy_balanced\lumpy1\Mild1215.png
Mild1216.png,Mild1216.png,Mild,False,256,256,3,RGB,1.0,155390,.png,bb963ffc3cc545864db1926d9996e7ebda8e46710e11ebf02c7638626bf1de4c,d2f2b3f575717357,C:\Users\Ashutosh Verma\OneDrive\Desktop\VET VISION AI\data\lsd\LumpySkinDisease_DataHub\LumpySkinDisease_DataHub\data-processed\lumpy_balanced\lumpy1\Mild1216.png
Mild1217.png,Mild1217.png,Mild,False,256,256,3,RGB,1.0,162045,.png,5d9fcf9ac898ca09231f5b5e21a4a54a239957183fd5eeaf1f49a9c2e4605780,594c5c5c5c797349,C:\Users\Ashutosh Verma\OneDrive\Desktop\VET VISION AI\data\lsd\LumpySkinDisease_DataHub\LumpySkinDisease_DataHub\data-processed\lumpy_balanced\lumpy1\Mild1217.png
Mild1218.png,Mild1218.png,Mild,False,256,256,3,RGB,1.0,146646,.png,1fb032f17b9450e2c7d342431577d490d9f19af0a69015c9d8138b793ddafbce,8c5fcb91717873e4,C:\Users\Ashutosh Verma\OneDrive\Desktop\VET VISION AI\data\lsd\LumpySkinDisease_DataHub\LumpySkinDisease_DataHub\data-processed\lumpy_balanced\lumpy1\Mild1218.png
Mild1219.png,Mild1219.png,Mild,False,256,256,3,RGB,1.0,162140,.png,7c2f268d5de93143d98ce84a01865033dc3adeda58fa43b1d40ec1120fbdb22b,e7c4d4c5ade7c4cd,C:\Users\Ashutosh Verma\OneDrive\Desktop\VET VISION AI\data\lsd\LumpySkinDisease_DataHub\LumpySkinDisease_DataHub\data-processed\lumpy_balanced\lumpy1\Mild1219.png
Mild1220.png,Mild1220.png,Mild,False,256,256,3,RGB,1.0,158566,.png,5d880457c795818350d625cc21059728478677d677c1e3b43af613e182b1e5b3,4ca43031a92c4447,C:\Users\Ashutosh Verma\OneDrive\Desktop\VET VISION AI\data\lsd\LumpySkinDisease_DataHub\LumpySkinDisease_DataHub\data-processed\lumpy_balanced\lumpy1\Mild1220.png
Mild1221.png,Mild1221.png,Mild,False,256,256,3,RGB,1.0,183721,.png,a2d2e4b450ddcb3dc33e9cfdd4134a1c04316afba39a010402af150f4cfaa3ed,fbfbecdab3b75b79,C:\Users\Ashutosh Verma\OneDrive\Desktop\VET VISION AI\data\lsd\LumpySkinDisease_DataHub\LumpySkinDisease_DataHub\data-processed\lumpy_balanced\lumpy1\Mild1221.png
Mild1222.png,Mild1222.png,Mild,False,256,256,3,RGB,1.0,166094,.png,50ecdf59c68e10128ae913bc16c0cfeea67d4b888bce9ef68a5915c9b218ca81,6f3939f98c8ccc56,C:\Users\Ashutosh Verma\OneDrive\Desktop\VET VISION AI\data\lsd\LumpySkinDisease_DataHub\LumpySkinDisease_DataHub\data-processed\lumpy_balanced\lumpy1\Mild1222.png
Mild1223.png,Mild1223.png,Mild,False,256,256,3,RGB,1.0,177183,.png,5d6e4b002f9aac47b84f1b954e09a4944177c9e2f3ff255b24bdf1bf6e808ed3,bcb433f3b1b6a69e,C:\Users\Ashutosh Verma\OneDrive\Desktop\VET VISION AI\data\lsd\LumpySkinDisease_DataHub\LumpySkinDisease_DataHub\data-processed\lumpy_balanced\lumpy1\Mild1223.png
Mild1224.png,Mild1224.png,Mild,False,256,256,3,RGB,1.0,166094,.png,50ecdf59c68e10128ae913bc16c0cfeea67d4b888bce9ef68a5915c9b218ca81,6f3939f98c8ccc56,C:\Users\Ashutosh Verma\OneDrive\Desktop\VET VISION AI\data\lsd\LumpySkinDisease_DataHub\LumpySkinDisease_DataHub\data-processed\lumpy_balanced\lumpy1\Mild1224.png
Mild1225.png,Mild1225.png,Mild,False,256,256,3,RGB,1.0,184640,.png,a16f9eabd060a9de25b84611cf1ab59ab76db163ea29d70cca305bd8e471ebf6,42666779332e2f4d,C:\Users\Ashutosh Verma\OneDrive\Desktop\VET VISION AI\data\lsd\LumpySkinDisease_DataHub\LumpySkinDisease_DataHub\data-processed\lumpy_balanced\lumpy1\Mild1225.png
Mild1226.png,Mild1226.png,Mild,False,256,256,3,RGB,1.0,140233,.png,7294f3fa90007438871419d2ee6820e9f016ac317de85f3c8654b7dccec1b849,c6bbbb1f9f9a3aeb,C:\Users\Ashutosh Verma\OneDrive\Desktop\VET VISION AI\data\lsd\LumpySkinDisease_DataHub\LumpySkinDisease_DataHub\data-processed\lumpy_balanced\lumpy1\Mild1226.png
Mild1227.png,Mild1227.png,Mild,False,256,256,3,RGB,1.0,139366,.png,8deb2fbcc1f53b62c89c6c144ff95f4063ea08dda4ddc690dcb818ca05e87d09,8dc6e06b4fcd6340,C:\Users\Ashutosh Verma\OneDrive\Desktop\VET VISION AI\data\lsd\LumpySkinDisease_DataHub\LumpySkinDisease_DataHub\data-processed\lumpy_balanced\lumpy1\Mild1227.png
Mild1228.png,Mild1228.png,Mild,False,256,256,3,RGB,1.0,174518,.png,c5a01041ccf77dfc012b11168c8961dad362c5f631453553bb9d4753fec1beec,4d58c8e62424a424,C:\Users\Ashutosh Verma\OneDrive\Desktop\VET VISION AI\data\lsd\LumpySkinDisease_DataHub\LumpySkinDisease_DataHub\data-processed\lumpy_balanced\lumpy1\Mild1228.png
Mild1229.png,Mild1229.png,Mild,False,256,256,3,RGB,1.0,169084,.png,324649899f73efea47a217f5cf2a35973eadf25f0fef17ecad1151b482871f53,839d31f7bf0d698d,C:\Users\Ashutosh Verma\OneDrive\Desktop\VET VISION AI\data\lsd\LumpySkinDisease_DataHub\LumpySkinDisease_DataHub\data-processed\lumpy_balanced\lumpy1\Mild1229.png
Mild1230.png,Mild1230.png,Mild,False,256,256,3,RGB,1.0,175648,.png,8e02bdaed044c4bdafe94b1e0d5e9c23f0cb5dd8615dd6e1773a1118256dd846,a3b4ada9b2fcf8ee,C:\Users\Ashutosh Verma\OneDrive\Desktop\VET VISION AI\data\lsd\LumpySkinDisease_DataHub\LumpySkinDisease_DataHub\data-processed\lumpy_balanced\lumpy1\Mild1230.png
Mild1231.png,Mild1231.png,Mild,False,256,256,3,RGB,1.0,175707,.png,90a8434eb6e65ccaaddd0ba7cbf9eba21f25ec902b7a77713a57372646b7d833,712606002a66cd75,C:\Users\Ashutosh Verma\OneDrive\Desktop\VET VISION AI\data\lsd\LumpySkinDisease_DataHub\LumpySkinDisease_DataHub\data-processed\lumpy_balanced\lumpy1\Mild1231.png
Mild1232.png,Mild1232.png,Mild,False,256,256,3,RGB,1.0,140233,.png,7294f3fa90007438871419d2ee6820e9f016ac317de85f3c8654b7dccec1b849,c6bbbb1f9f9a3aeb,C:\Users\Ashutosh Verma\OneDrive\Desktop\VET VISION AI\data\lsd\LumpySkinDisease_DataHub\LumpySkinDisease_DataHub\data-processed\lumpy_balanced\lumpy1\Mild1232.png
Mild1233.png,Mild1233.png,Mild,False,256,256,3,RGB,1.0,147764,.png,fd0e4092b50135a7403c373d9382cc13fe66182e678fe0d3732608797c3529f2,200282b484848a44,C:\Users\Ashutosh Verma\OneDrive\Desktop\VET VISION AI\data\lsd\LumpySkinDisease_DataHub\LumpySkinDisease_DataHub\data-processed\lumpy_balanced\lumpy1\Mild1233.png
Mild1234.png,Mild1234.png,Mild,False,256,256,3,RGB,1.0,168839,.png,339eaae312b4e7492d677ca2e202edf937ee8cbe143cf5385b09704e718b7861,a8390e2225bd8d65,C:\Users\Ashutosh Verma\OneDrive\Desktop\VET VISION AI\data\lsd\LumpySkinDisease_DataHub\LumpySkinDisease_DataHub\data-processed\lumpy_balanced\lumpy1\Mild1234.png
Mild1235.png,Mild1235.png,Mild,False,256,256,3,RGB,1.0,148459,.png,2e7a287daacaee3d22634eb73e319626560c3effe36ce0301103fde9c87b8b8b,185c581091b379e3,C:\Users\Ashutosh Verma\OneDrive\Desktop\VET VISION AI\data\lsd\LumpySkinDisease_DataHub\LumpySkinDisease_DataHub\data-processed\lumpy_balanced\lumpy1\Mild1235.png
Mild1236.png,Mild1236.png,Mild,False,256,256,3,RGB,1.0,140233,.png,7294f3fa90007438871419d2ee6820e9f016ac317de85f3c8654b7dccec1b849,c6bbbb1f9f9a3aeb,C:\Users\Ashutosh Verma\OneDrive\Desktop\VET VISION AI\data\lsd\LumpySkinDisease_DataHub\LumpySkinDisease_DataHub\data-processed\lumpy_balanced\lumpy1\Mild1236.png
Mild1237.png,Mild1237.png,Mild,False,256,256,3,RGB,1.0,167178,.png,bbab9aa06197db53ec4e6ad3fd4cf896b08ab18104f02e94daf900805e297b2c,28989004494846c2,C:\Users\Ashutosh Verma\OneDrive\Desktop\VET VISION AI\data\lsd\LumpySkinDisease_DataHub\LumpySkinDisease_DataHub\data-processed\lumpy_balanced\lumpy1\Mild1237.png
Mild1238.png,Mild1238.png,Mild,False,256,256,3,RGB,1.0,175279,.png,13a09d8c59398a09afc42e5bb531bb6f21f48cebc763d204e765f613e0c8f671,cd1d3d39343c33b3,C:\Users\Ashutosh Verma\OneDrive\Desktop\VET VISION AI\data\lsd\LumpySkinDisease_DataHub\LumpySkinDisease_DataHub\data-processed\lumpy_balanced\lumpy1\Mild1238.png
Mild1239.png,Mild1239.png,Mild,False,256,256,3,RGB,1.0,162325,.png,a405aa5f037b28ca06df28666f42801b4901653141bd5fd3e8dc70aa01abef6b,ce9f3cbe9ddc1814,C:\Users\Ashutosh Verma\OneDrive\Desktop\VET VISION AI\data\lsd\LumpySkinDisease_DataHub\LumpySkinDisease_DataHub\data-processed\lumpy_balanced\lumpy1\Mild1239.png
Mild1240.png,Mild1240.png,Mild,False,256,256,3,RGB,1.0,176664,.png,9ea78fa686643e1a542565419a1a0e4f5a59641b64a237a37cf4a3abaefdc761,3ac6b2b30737b1b1,C:\Users\Ashutosh Verma\OneDrive\Desktop\VET VISION AI\data\lsd\LumpySkinDisease_DataHub\LumpySkinDisease_DataHub\data-processed\lumpy_balanced\lumpy1\Mild1240.png
Mild1241.png,Mild1241.png,Mild,False,256,256,3,RGB,1.0,168744,.png,e3f9135fa97b5cd2bdb01fc234ba02677218b1a54d8f4c9db5f8f3a0cc1b850b,d9ddd9fb870e3f37,C:\Users\Ashutosh Verma\OneDrive\Desktop\VET VISION AI\data\lsd\LumpySkinDisease_DataHub\LumpySkinDisease_DataHub\data-processed\lumpy_balanced\lumpy1\Mild1241.png
Mild1242.png,Mild1242.png,Mild,False,256,256,3,RGB,1.0,168704,.png,b304a20aafb36928907fa757fa164b25ce6ca815500be81763b4d7de37fdd195,4848ccccc99327e3,C:\Users\Ashutosh Verma\OneDrive\Desktop\VET VISION AI\data\lsd\LumpySkinDisease_DataHub\LumpySkinDisease_DataHub\data-processed\lumpy_balanced\lumpy1\Mild1242.png
Mild1243.png,Mild1243.png,Mild,False,256,256,3,RGB,1.0,59471,.png,e9fdf1a73eadf7f45125bcc47a8315a0a7e92d4fa170f11f8087bdff9a2a3eea,f0e0c87831664332,C:\Users\Ashutosh Verma\OneDrive\Desktop\VET VISION AI\data\lsd\LumpySkinDisease_DataHub\LumpySkinDisease_DataHub\data-processed\lumpy_balanced\lumpy1\Mild1243.png
Mild1244.png,Mild1244.png,Mild,False,256,256,3,RGB,1.0,179525,.png,0084e85e308cceb7bb39f7f5db4c6a202fa397bda745718b9eee9301696c0d3d,d27d7c6c6ff8d634,C:\Users\Ashutosh Verma\OneDrive\Desktop\VET VISION AI\data\lsd\LumpySkinDisease_DataHub\LumpySkinDisease_DataHub\data-processed\lumpy_balanced\lumpy1\Mild1244.png
Mild1245.png,Mild1245.png,Mild,False,256,256,3,RGB,1.0,186622,.png,b33a1673733b9cdd6aaebfca36861607af6a5b034496cd8140d36c0b71b300f1,a797e577317367e3,C:\Users\Ashutosh Verma\OneDrive\Desktop\VET VISION AI\data\lsd\LumpySkinDisease_DataHub\LumpySkinDisease_DataHub\data-processed\lumpy_balanced\lumpy1\Mild1245.png
Mild1246.png,Mild1246.png,Mild,False,256,256,3,RGB,1.0,166783,.png,70f24f9332c29e19fc2d23332a0f6b95e41cbf6759a97efa99f55247856b28b6,27666c6cf1f8df38,C:\Users\Ashutosh Verma\OneDrive\Desktop\VET VISION AI\data\lsd\LumpySkinDisease_DataHub\LumpySkinDisease_DataHub\data-processed\lumpy_balanced\lumpy1\Mild1246.png
Mild1247.png,Mild1247.png,Mild,False,256,256,3,RGB,1.0,150471,.png,573aa68ad6183897e813dde894ac954c824bcbea1c264484c6b8f36dbda397af,4dc59733370f4dad,C:\Users\Ashutosh Verma\OneDrive\Desktop\VET VISION AI\data\lsd\LumpySkinDisease_DataHub\LumpySkinDisease_DataHub\data-processed\lumpy_balanced\lumpy1\Mild1247.png
Mild1248.png,Mild1248.png,Mild,False,256,256,3,RGB,1.0,178844,.png,dba498397a6818cdf8d1b857d6b6f62f27cf5cb5a5ae9ebbf3f2f4ce9cb9ba0a,b0d61a188eb31b19,C:\Users\Ashutosh Verma\OneDrive\Desktop\VET VISION AI\data\lsd\LumpySkinDisease_DataHub\LumpySkinDisease_DataHub\data-processed\lumpy_balanced\lumpy1\Mild1248.png
Mild1249.png,Mild1249.png,Mild,False,256,256,3,RGB,1.0,153233,.png,e138f0e624bb1d28cea4950efe7e8d0651b5e77992b0b3d1a23fcdcea9a446ba,83117d6a23160603,C:\Users\Ashutosh Verma\OneDrive\Desktop\VET VISION AI\data\lsd\LumpySkinDisease_DataHub\LumpySkinDisease_DataHub\data-processed\lumpy_balanced\lumpy1\Mild1249.png
Mild1250.png,Mild1250.png,Mild,False,256,256,3,RGB,1.0,166783,.png,70f24f9332c29e19fc2d23332a0f6b95e41cbf6759a97efa99f55247856b28b6,27666c6cf1f8df38,C:\Users\Ashutosh Verma\OneDrive\Desktop\VET VISION AI\data\lsd\LumpySkinDisease_DataHub\LumpySkinDisease_DataHub\data-processed\lumpy_balanced\lumpy1\Mild1250.png
Mild1251.png,Mild1251.png,Mild,False,256,256,3,RGB,1.0,157036,.png,a9765b533895a14f8bd8023bdc1a9a28fb92ae146e8e02c4c5574e0faef3d5b1,db91d3f3f1b1e5ef,C:\Users\Ashutosh Verma\OneDrive\Desktop\VET VISION AI\data\lsd\LumpySkinDisease_DataHub\LumpySkinDisease_DataHub\data-processed\lumpy_balanced\lumpy1\Mild1251.png
Mild1252.png,Mild1252.png,Mild,False,256,256,3,RGB,1.0,97373,.png,5260662bb2edb960bff1ad664a807b1a541e66f3bd88bd6f04063aed86d8ae38,2f1f3333331b0f0c,C:\Users\Ashutosh Verma\OneDrive\Desktop\VET VISION AI\data\lsd\LumpySkinDisease_DataHub\LumpySkinDisease_DataHub\data-processed\lumpy_balanced\lumpy1\Mild1252.png
Mild1253.png,Mild1253.png,Mild,False,256,256,3,RGB,1.0,70025,.png,9d8b06ef02fd604d67ffd3abfceeb23ba644d3d2ba1518577ed9be20e866a260,561022484946c7c3,C:\Users\Ashutosh Verma\OneDrive\Desktop\VET VISION AI\data\lsd\LumpySkinDisease_DataHub\LumpySkinDisease_DataHub\data-processed\lumpy_balanced\lumpy1\Mild1253.png
Mild1254.png,Mild1254.png,Mild,False,256,256,3,RGB,1.0,148024,.png,c9e951b223ac6e6168a41d19822a352fba7748a95cad8df1cd5f9338d0f3fd61,8ec6636a8d9bc9c9,C:\Users\Ashutosh Verma\OneDrive\Desktop\VET VISION AI\data\lsd\LumpySkinDisease_DataHub\LumpySkinDisease_DataHub\data-processed\lumpy_balanced\lumpy1\Mild1254.png
Mild1255.png,Mild1255.png,Mild,False,256,256,3,RGB,1.0,153904,.png,7ead06d9e410bcb05ba05cd1e587bb9f4a9fdcd5b73dd16ea2f988f02dc1641a,b42cbab034263636,C:\Users\Ashutosh Verma\OneDrive\Desktop\VET VISION AI\data\lsd\LumpySkinDisease_DataHub\LumpySkinDisease_DataHub\data-processed\lumpy_balanced\lumpy1\Mild1255.png
Mild1256.png,Mild1256.png,Mild,False,256,256,3,RGB,1.0,152764,.png,9be00d3ae2756860154e78f1dd911577513aa2433df5160d8b9ea88c41aa55ad,33d1e1d1d088cc48,C:\Users\Ashutosh Verma\OneDrive\Desktop\VET VISION AI\data\lsd\LumpySkinDisease_DataHub\LumpySkinDisease_DataHub\data-processed\lumpy_balanced\lumpy1\Mild1256.png
Mild1257.png,Mild1257.png,Mild,False,256,256,3,RGB,1.0,182955,.png,cf0decc97e5f837e8fb407fc33383b47dc401e442fd6d13ef6ce401534072a2f,42666779332e2f4d,C:\Users\Ashutosh Verma\OneDrive\Desktop\VET VISION AI\data\lsd\LumpySkinDisease_DataHub\LumpySkinDisease_DataHub\data-processed\lumpy_balanced\lumpy1\Mild1257.png
Mild1258.png,Mild1258.png,Mild,False,256,256,3,RGB,1.0,175265,.png,1a7de638f42c260f0e1ca6a8b8f93b9d2ce4b6da09af95234461998463ca36a0,3331f474743690d0,C:\Users\Ashutosh Verma\OneDrive\Desktop\VET VISION AI\data\lsd\LumpySkinDisease_DataHub\LumpySkinDisease_DataHub\data-processed\lumpy_balanced\lumpy1\Mild1258.png
Mild1259.png,Mild1259.png,Mild,False,256,256,3,RGB,1.0,183368,.png,e2771621c0512e66aacd7e2d53d0899a4e6695eca4d69bbf9489fef0deec9482,98f0206061d3b304,C:\Users\Ashutosh Verma\OneDrive\Desktop\VET VISION AI\data\lsd\LumpySkinDisease_DataHub\LumpySkinDisease_DataHub\data-processed\lumpy_balanced\lumpy1\Mild1259.png
Mild1260.png,Mild1260.png,Mild,False,256,256,3,RGB,1.0,117912,.png,9e464f6a1b50d9910252c8459e45c0a643134469c6746db89b13aaca998398e0,7b669419180c84c6,C:\Users\Ashutosh Verma\OneDrive\Desktop\VET VISION AI\data\lsd\LumpySkinDisease_DataHub\LumpySkinDisease_DataHub\data-processed\lumpy_balanced\lumpy1\Mild1260.png
Mild1261.png,Mild1261.png,Mild,False,256,256,3,RGB,1.0,144006,.png,5e7f7a97890fb39f597c3fe57920006e44bbded6e63c04d569756084cfa06512,8ec6f0627863633c,C:\Users\Ashutosh Verma\OneDrive\Desktop\VET VISION AI\data\lsd\LumpySkinDisease_DataHub\LumpySkinDisease_DataHub\data-processed\lumpy_balanced\lumpy1\Mild1261.png
Mild1262.png,Mild1262.png,Mild,False,256,256,3,RGB,1.0,138357,.png,e85d7607d9465bc95ccdc0f48858ee8ebe6d6d69c92b86d41b96e3be4d001a6e,2bccc4a489cfcd18,C:\Users\Ashutosh Verma\OneDrive\Desktop\VET VISION AI\data\lsd\LumpySkinDisease_DataHub\LumpySkinDisease_DataHub\data-processed\lumpy_balanced\lumpy1\Mild1262.png
Mild1263.png,Mild1263.png,Mild,False,256,256,3,RGB,1.0,159536,.png,b42ff68a384844115c5e357505065fdc1357b8801c3c1396a7125416b6cbd7e8,5301c8f0978c94d4,C:\Users\Ashutosh Verma\OneDrive\Desktop\VET VISION AI\data\lsd\LumpySkinDisease_DataHub\LumpySkinDisease_DataHub\data-processed\lumpy_balanced\lumpy1\Mild1263.png
Mild1264.png,Mild1264.png,Mild,False,256,256,3,RGB,1.0,178502,.png,3a7bb8835b8d0de2a9642a50729aaadf04a31510436cd45c7cc88199d6cb526b,d4d66934b4f4d9f1,C:\Users\Ashutosh Verma\OneDrive\Desktop\VET VISION AI\data\lsd\LumpySkinDisease_DataHub\LumpySkinDisease_DataHub\data-processed\lumpy_balanced\lumpy1\Mild1264.png
Mild1265.png,Mild1265.png,Mild,False,256,256,3,RGB,1.0,156785,.png,5549ef672ec494f39c238686e0be9d4b37a3ac20acc8074b5313c273a8a4706b,de5844484fa436b6,C:\Users\Ashutosh Verma\OneDrive\Desktop\VET VISION AI\data\lsd\LumpySkinDisease_DataHub\LumpySkinDisease_DataHub\data-processed\lumpy_balanced\lumpy1\Mild1265.png
Mild1266.png,Mild1266.png,Mild,False,256,256,3,RGB,1.0,150471,.png,573aa68ad6183897e813dde894ac954c824bcbea1c264484c6b8f36dbda397af,4dc59733370f4dad,C:\Users\Ashutosh Verma\OneDrive\Desktop\VET VISION AI\data\lsd\LumpySkinDisease_DataHub\LumpySkinDisease_DataHub\data-processed\lumpy_balanced\lumpy1\Mild1266.png
Mild1267.png,Mild1267.png,Mild,False,256,256,3,RGB,1.0,181579,.png,178f0aa284d4c09117ac9e885b55e3239d48513fa0fe0fbb6cf44aa3fda9eedc,ad9b9bfcc8c94806,C:\Users\Ashutosh Verma\OneDrive\Desktop\VET VISION AI\data\lsd\LumpySkinDisease_DataHub\LumpySkinDisease_DataHub\data-processed\lumpy_balanced\lumpy1\Mild1267.png
Mild1268.png,Mild1268.png,Mild,False,256,256,3,RGB,1.0,153628,.png,611ef573c5047bf5fdd8130b503f09aa3550fe698834d0b7b2629654aa6fc701,869a9b9b92989898,C:\Users\Ashutosh Verma\OneDrive\Desktop\VET VISION AI\data\lsd\LumpySkinDisease_DataHub\LumpySkinDisease_DataHub\data-processed\lumpy_balanced\lumpy1\Mild1268.png
Mild1269.png,Mild1269.png,Mild,False,256,256,3,RGB,1.0,94723,.png,9b9da63ee043888488f29e3a9a38d391ce24c8d39496bbea548fabdae68ff5fe,00a48c485a138101,C:\Users\Ashutosh Verma\OneDrive\Desktop\VET VISION AI\data\lsd\LumpySkinDisease_DataHub\LumpySkinDisease_DataHub\data-processed\lumpy_balanced\lumpy1\Mild1269.png
Mild1270.png,Mild1270.png,Mild,False,256,256,3,RGB,1.0,138357,.png,e85d7607d9465bc95ccdc0f48858ee8ebe6d6d69c92b86d41b96e3be4d001a6e,2bccc4a489cfcd18,C:\Users\Ashutosh Verma\OneDrive\Desktop\VET VISION AI\data\lsd\LumpySkinDisease_DataHub\LumpySkinDisease_DataHub\data-processed\lumpy_balanced\lumpy1\Mild1270.png
Mild1271.png,Mild1271.png,Mild,False,256,256,3,RGB,1.0,168839,.png,339eaae312b4e7492d677ca2e202edf937ee8cbe143cf5385b09704e718b7861,a8390e2225bd8d65,C:\Users\Ashutosh Verma\OneDrive\Desktop\VET VISION AI\data\lsd\LumpySkinDisease_DataHub\LumpySkinDisease_DataHub\data-processed\lumpy_balanced\lumpy1\Mild1271.png
Mild1272.png,Mild1272.png,Mild,False,256,256,3,RGB,1.0,168104,.png,9f25852927af9857302cc703c5171df8a0cde820eae327dcae7c175a451e6031,e44c3e9b65494948,C:\Users\Ashutosh Verma\OneDrive\Desktop\VET VISION AI\data\lsd\LumpySkinDisease_DataHub\LumpySkinDisease_DataHub\data-processed\lumpy_balanced\lumpy1\Mild1272.png
Mild1273.png,Mild1273.png,Mild,False,256,256,3,RGB,1.0,179430,.png,e3d9dc3c0ceff5112ecff66d20ee4c8e1482004718e7508226af122ab956aaf1,61f5a6a6ce8f1d5d,C:\Users\Ashutosh Verma\OneDrive\Desktop\VET VISION AI\data\lsd\LumpySkinDisease_DataHub\LumpySkinDisease_DataHub\data-processed\lumpy_balanced\lumpy1\Mild1273.png
Mild1274.png,Mild1274.png,Mild,False,256,256,3,RGB,1.0,147764,.png,fd0e4092b50135a7403c373d9382cc13fe66182e678fe0d3732608797c3529f2,200282b484848a44,C:\Users\Ashutosh Verma\OneDrive\Desktop\VET VISION AI\data\lsd\LumpySkinDisease_DataHub\LumpySkinDisease_DataHub\data-processed\lumpy_balanced\lumpy1\Mild1274.png
Mild1275.png,Mild1275.png,Mild,False,256,256,3,RGB,1.0,184805,.png,1694eb140542c6358d4244b27d58b01fc92cfe834ff1f0c1740c785a3f2a47ad,f2687c6849494327,C:\Users\Ashutosh Verma\OneDrive\Desktop\VET VISION AI\data\lsd\LumpySkinDisease_DataHub\LumpySkinDisease_DataHub\data-processed\lumpy_balanced\lumpy1\Mild1275.png
Mild1276.png,Mild1276.png,Mild,False,256,256,3,RGB,1.0,184310,.png,abb22fd66bf7ae296c0a128498f9d8ed553c5ee360ab2537a0ab9111953cf206,49b92f8b9b8fa92f,C:\Users\Ashutosh Verma\OneDrive\Desktop\VET VISION AI\data\lsd\LumpySkinDisease_DataHub\LumpySkinDisease_DataHub\data-processed\lumpy_balanced\lumpy1\Mild1276.png
Mild1277.png,Mild1277.png,Mild,False,256,256,3,RGB,1.0,178844,.png,dba498397a6818cdf8d1b857d6b6f62f27cf5cb5a5ae9ebbf3f2f4ce9cb9ba0a,b0d61a188eb31b19,C:\Users\Ashutosh Verma\OneDrive\Desktop\VET VISION AI\data\lsd\LumpySkinDisease_DataHub\LumpySkinDisease_DataHub\data-processed\lumpy_balanced\lumpy1\Mild1277.png
Mild1278.png,Mild1278.png,Mild,False,256,256,3,RGB,1.0,187398,.png,f84c21e21c5531cb34124c4b1e72f8cc587652c3340575331d3fc6900500cff8,18326064a554564c,C:\Users\Ashutosh Verma\OneDrive\Desktop\VET VISION AI\data\lsd\LumpySkinDisease_DataHub\LumpySkinDisease_DataHub\data-processed\lumpy_balanced\lumpy1\Mild1278.png
Mild1279.png,Mild1279.png,Mild,False,256,256,3,RGB,1.0,184708,.png,1bca77f76501972b82b35ebc40efe6dd2d70ebf15bc65ae10e36d56357f61b51,1b1935757ec2e4c2,C:\Users\Ashutosh Verma\OneDrive\Desktop\VET VISION AI\data\lsd\LumpySkinDisease_DataHub\LumpySkinDisease_DataHub\data-processed\lumpy_balanced\lumpy1\Mild1279.png
Mild1280.png,Mild1280.png,Mild,False,256,256,3,RGB,1.0,147372,.png,0ee58cc17a5d7e899f31c9af113c056e41a03cf4b64b1d20397760a495d67109,1c1b13010a2c0ce4,C:\Users\Ashutosh Verma\OneDrive\Desktop\VET VISION AI\data\lsd\LumpySkinDisease_DataHub\LumpySkinDisease_DataHub\data-processed\lumpy_balanced\lumpy1\Mild1280.png
Mild1281.png,Mild1281.png,Mild,False,256,256,3,RGB,1.0,160962,.png,42fe482a113ff7399631119d9df4ea1a4a51d575f612c44753167b8e19a0a855,fcbad1d0d3b29334,C:\Users\Ashutosh Verma\OneDrive\Desktop\VET VISION AI\data\lsd\LumpySkinDisease_DataHub\LumpySkinDisease_DataHub\data-processed\lumpy_balanced\lumpy1\Mild1281.png
Mild1282.png,Mild1282.png,Mild,False,256,256,3,RGB,1.0,187531,.png,eb4cb4f1097e9508dbce56dd85885837dbcab30db42f5ca759ba9707560f06b3,18326064a554564c,C:\Users\Ashutosh Verma\OneDrive\Desktop\VET VISION AI\data\lsd\LumpySkinDisease_DataHub\LumpySkinDisease_DataHub\data-processed\lumpy_balanced\lumpy1\Mild1282.png
Mild1283.png,Mild1283.png,Mild,False,256,256,3,RGB,1.0,59471,.png,e9fdf1a73eadf7f45125bcc47a8315a0a7e92d4fa170f11f8087bdff9a2a3eea,f0e0c87831664332,C:\Users\Ashutosh Verma\OneDrive\Desktop\VET VISION AI\data\lsd\LumpySkinDisease_DataHub\LumpySkinDisease_DataHub\data-processed\lumpy_balanced\lumpy1\Mild1283.png
Mild1284.png,Mild1284.png,Mild,False,256,256,3,RGB,1.0,181259,.png,b111765c950fcb9fa0d4142eda8269a33a0202d648d9450898d84d13294045a8,c6445c4e287c1030,C:\Users\Ashutosh Verma\OneDrive\Desktop\VET VISION AI\data\lsd\LumpySkinDisease_DataHub\LumpySkinDisease_DataHub\data-processed\lumpy_balanced\lumpy1\Mild1284.png
Mild1285.png,Mild1285.png,Mild,False,256,256,3,RGB,1.0,137388,.png,e80e3ea622a2d9e3a6e284d373ba180ef7e8e7a178c420de22369702e478e388,49534f170b4b1363,C:\Users\Ashutosh Verma\OneDrive\Desktop\VET VISION AI\data\lsd\LumpySkinDisease_DataHub\LumpySkinDisease_DataHub\data-processed\lumpy_balanced\lumpy1\Mild1285.png
Mild1286.png,Mild1286.png,Mild,False,256,256,3,RGB,1.0,189263,.png,c4f15a2983bbb16670d9245ea00b5f2dec94cad0c35d4f51676e65af98cac5e7,b36e6e6bcd941436,C:\Users\Ashutosh Verma\OneDrive\Desktop\VET VISION AI\data\lsd\LumpySkinDisease_DataHub\LumpySkinDisease_DataHub\data-processed\lumpy_balanced\lumpy1\Mild1286.png
Mild1287.png,Mild1287.png,Mild,False,256,256,3,RGB,1.0,157636,.png,cff99478a8aca7e771c84ce5d9bc89d87a87c65477964072f74ad44236ab06bb,3d73333366e66727,C:\Users\Ashutosh Verma\OneDrive\Desktop\VET VISION AI\data\lsd\LumpySkinDisease_DataHub\LumpySkinDisease_DataHub\data-processed\lumpy_balanced\lumpy1\Mild1287.png
Mild1288.png,Mild1288.png,Mild,False,256,256,3,RGB,1.0,162140,.png,7c2f268d5de93143d98ce84a01865033dc3adeda58fa43b1d40ec1120fbdb22b,e7c4d4c5ade7c4cd,C:\Users\Ashutosh Verma\OneDrive\Desktop\VET VISION AI\data\lsd\LumpySkinDisease_DataHub\LumpySkinDisease_DataHub\data-processed\lumpy_balanced\lumpy1\Mild1288.png
Mild1289.png,Mild1289.png,Mild,False,256,256,3,RGB,1.0,181637,.png,f0f1a45768d80406decfb18633ac39047ce8496351eec433ad6c90f1d9e99617,a8f133717373bbba,C:\Users\Ashutosh Verma\OneDrive\Desktop\VET VISION AI\data\lsd\LumpySkinDisease_DataHub\LumpySkinDisease_DataHub\data-processed\lumpy_balanced\lumpy1\Mild1289.png
Mild1290.png,Mild1290.png,Mild,False,256,256,3,RGB,1.0,183721,.png,a2d2e4b450ddcb3dc33e9cfdd4134a1c04316afba39a010402af150f4cfaa3ed,fbfbecdab3b75b79,C:\Users\Ashutosh Verma\OneDrive\Desktop\VET VISION AI\data\lsd\LumpySkinDisease_DataHub\LumpySkinDisease_DataHub\data-processed\lumpy_balanced\lumpy1\Mild1290.png
Mild1291.png,Mild1291.png,Mild,False,256,256,3,RGB,1.0,185945,.png,9fd08e5a2feb7f8232700a3458a11baaa20b51767c4646867240e6d46038883a,7d3d73db6e4e464c,C:\Users\Ashutosh Verma\OneDrive\Desktop\VET VISION AI\data\lsd\LumpySkinDisease_DataHub\LumpySkinDisease_DataHub\data-processed\lumpy_balanced\lumpy1\Mild1291.png
Mild1292.png,Mild1292.png,Mild,False,256,256,3,RGB,1.0,171506,.png,d3f60ce18218f083d6f8ff21760cd63607cc1d92d4783b10040ee0f213e4eb95,7d2d61811b49492a,C:\Users\Ashutosh Verma\OneDrive\Desktop\VET VISION AI\data\lsd\LumpySkinDisease_DataHub\LumpySkinDisease_DataHub\data-processed\lumpy_balanced\lumpy1\Mild1292.png
Mild1293.png,Mild1293.png,Mild,False,256,256,3,RGB,1.0,189263,.png,c4f15a2983bbb16670d9245ea00b5f2dec94cad0c35d4f51676e65af98cac5e7,b36e6e6bcd941436,C:\Users\Ashutosh Verma\OneDrive\Desktop\VET VISION AI\data\lsd\LumpySkinDisease_DataHub\LumpySkinDisease_DataHub\data-processed\lumpy_balanced\lumpy1\Mild1293.png
Mild1294.png,Mild1294.png,Mild,False,256,256,3,RGB,1.0,187635,.png,62d56eb430723a95972099cebdaec25b6d7254f6341c8771e70ad7f3bef33b12,996d69793d2d4c4d,C:\Users\Ashutosh Verma\OneDrive\Desktop\VET VISION AI\data\lsd\LumpySkinDisease_DataHub\LumpySkinDisease_DataHub\data-processed\lumpy_balanced\lumpy1\Mild1294.png
Mild1295.png,Mild1295.png,Mild,False,256,256,3,RGB,1.0,176083,.png,e0b79cea611cb265aa826067a0faa94fca4bad047cde9434440e836c3adb887a,9fcfc6cb4a6ee7f9,C:\Users\Ashutosh Verma\OneDrive\Desktop\VET VISION AI\data\lsd\LumpySkinDisease_DataHub\LumpySkinDisease_DataHub\data-processed\lumpy_balanced\lumpy1\Mild1295.png
Mild1296.png,Mild1296.png,Mild,False,256,256,3,RGB,1.0,171722,.png,4e2daa8b717a0568d2693a761f99bb88ddb4d184ac987dabcbce1be4aaa0c287,c9e99811211197bf,C:\Users\Ashutosh Verma\OneDrive\Desktop\VET VISION AI\data\lsd\LumpySkinDisease_DataHub\LumpySkinDisease_DataHub\data-processed\lumpy_balanced\lumpy1\Mild1296.png
Mild1297.png,Mild1297.png,Mild,False,256,256,3,RGB,1.0,163557,.png,7d617cb7db3e03c9bbd5fad7d92688ad36184a59000d4b18d5fed003ce091076,94e472c8c6a6a6c6,C:\Users\Ashutosh Verma\OneDrive\Desktop\VET VISION AI\data\lsd\LumpySkinDisease_DataHub\LumpySkinDisease_DataHub\data-processed\lumpy_balanced\lumpy1\Mild1297.png
Mild1298.png,Mild1298.png,Mild,False,256,256,3,RGB,1.0,175265,.png,1a7de638f42c260f0e1ca6a8b8f93b9d2ce4b6da09af95234461998463ca36a0,3331f474743690d0,C:\Users\Ashutosh Verma\OneDrive\Desktop\VET VISION AI\data\lsd\LumpySkinDisease_DataHub\LumpySkinDisease_DataHub\data-processed\lumpy_balanced\lumpy1\Mild1298.png
Mild1299.png,Mild1299.png,Mild,False,256,256,3,RGB,1.0,158566,.png,5d880457c795818350d625cc21059728478677d677c1e3b43af613e182b1e5b3,4ca43031a92c4447,C:\Users\Ashutosh Verma\OneDrive\Desktop\VET VISION AI\data\lsd\LumpySkinDisease_DataHub\LumpySkinDisease_DataHub\data-processed\lumpy_balanced\lumpy1\Mild1299.png
Mild1300.png,Mild1300.png,Mild,False,256,256,3,RGB,1.0,189884,.png,f92efe30fe43b3c31037b53f642e3b3d4ec954ebb12daf8c1491025eb374980e,78ab9389ba7173ba,C:\Users\Ashutosh Verma\OneDrive\Desktop\VET VISION AI\data\lsd\LumpySkinDisease_DataHub\LumpySkinDisease_DataHub\data-processed\lumpy_balanced\lumpy1\Mild1300.png
Mild1301.png,Mild1301.png,Mild,False,256,256,3,RGB,1.0,176071,.png,b2650f3eb002cc2fd1dd84222314ef92f8ea539fd5dd426de000b72ac7ec462b,29385a7270716676,C:\Users\Ashutosh Verma\OneDrive\Desktop\VET VISION AI\data\lsd\LumpySkinDisease_DataHub\LumpySkinDisease_DataHub\data-processed\lumpy_balanced\lumpy1\Mild1301.png
Mild1302.png,Mild1302.png,Mild,False,256,256,3,RGB,1.0,157319,.png,bb1a56e89fed9117bb7ea4498fa2dd3f2d6fa0ee4893b6fe1ee505449ac7dbc3,de5844484fa436b6,C:\Users\Ashutosh Verma\OneDrive\Desktop\VET VISION AI\data\lsd\LumpySkinDisease_DataHub\LumpySkinDisease_DataHub\data-processed\lumpy_balanced\lumpy1\Mild1302.png
Mild1303.png,Mild1303.png,Mild,False,256,256,3,RGB,1.0,170526,.png,1f51f3a7a371dddd8153441fbadd576d4bddcaddc20bbe82f4012fd5ab166106,a8f333717373baae,C:\Users\Ashutosh Verma\OneDrive\Desktop\VET VISION AI\data\lsd\LumpySkinDisease_DataHub\LumpySkinDisease_DataHub\data-processed\lumpy_balanced\lumpy1\Mild1303.png
Mild1304.png,Mild1304.png,Mild,False,256,256,3,RGB,1.0,158172,.png,2ccb0918029fcf72a51728f8ea49aaaef589bd01258a9f8ed78ac7bcebcbfc92,a42d716b96c4e4e0,C:\Users\Ashutosh Verma\OneDrive\Desktop\VET VISION AI\data\lsd\LumpySkinDisease_DataHub\LumpySkinDisease_DataHub\data-processed\lumpy_balanced\lumpy1\Mild1304.png
Mild1305.png,Mild1305.png,Mild,False,256,256,3,RGB,1.0,173028,.png,194e0c7f76612a0bcd7640211dd5a651d14521def6c12095328360549bd78aad,51118db030302133,C:\Users\Ashutosh Verma\OneDrive\Desktop\VET VISION AI\data\lsd\LumpySkinDisease_DataHub\LumpySkinDisease_DataHub\data-processed\lumpy_balanced\lumpy1\Mild1305.png
Mild1306.png,Mild1306.png,Mild,False,256,256,3,RGB,1.0,177233,.png,53ae48f93db897605c59dfdbddac9d0444b3fb56df5ebb0f1cdbf814155f1593,7b68eadbfbb35f79,C:\Users\Ashutosh Verma\OneDrive\Desktop\VET VISION AI\data\lsd\LumpySkinDisease_DataHub\LumpySkinDisease_DataHub\data-processed\lumpy_balanced\lumpy1\Mild1306.png
Mild1307.png,Mild1307.png,Mild,False,256,256,3,RGB,1.0,184556,.png,57825d227948d1b22b4e974a029375c748d772a4658a9176eec3b41af2cd64b3,a39b09cd2d0dc4e4,C:\Users\Ashutosh Verma\OneDrive\Desktop\VET VISION AI\data\lsd\LumpySkinDisease_DataHub\LumpySkinDisease_DataHub\data-processed\lumpy_balanced\lumpy1\Mild1307.png
Mild1308.png,Mild1308.png,Mild,False,256,256,3,RGB,1.0,161987,.png,d4aa47a155afa1e578a9d306b1af614c630d4f756232629dc3d8ed1e9fc9b263,c4c683024899968c,C:\Users\Ashutosh Verma\OneDrive\Desktop\VET VISION AI\data\lsd\LumpySkinDisease_DataHub\LumpySkinDisease_DataHub\data-processed\lumpy_balanced\lumpy1\Mild1308.png
Mild1309.png,Mild1309.png,Mild,False,256,256,3,RGB,1.0,129055,.png,e2c32f3662221bc66eb1f56cc921ccc6a4870d9ab0f3f6ed74f8108ac65214d8,514951496979596d,C:\Users\Ashutosh Verma\OneDrive\Desktop\VET VISION AI\data\lsd\LumpySkinDisease_DataHub\LumpySkinDisease_DataHub\data-processed\lumpy_balanced\lumpy1\Mild1309.png
Mild1310.png,Mild1310.png,Mild,False,256,256,3,RGB,1.0,114371,.png,b83f37be34ad6519ffdd1a32b7cedf801e693977a45097d7c9f747756d686581,c1c1e1e1b3f1f8fc,C:\Users\Ashutosh Verma\OneDrive\Desktop\VET VISION AI\data\lsd\LumpySkinDisease_DataHub\LumpySkinDisease_DataHub\data-processed\lumpy_balanced\lumpy1\Mild1310.png
Mild1311.png,Mild1311.png,Mild,False,256,256,3,RGB,1.0,160241,.png,2e1e91dea15104c6c9e5ab45d01a48c4e79ddd7853e2773bf4959042faf031ff,cd7969279b8ef6da,C:\Users\Ashutosh Verma\OneDrive\Desktop\VET VISION AI\data\lsd\LumpySkinDisease_DataHub\LumpySkinDisease_DataHub\data-processed\lumpy_balanced\lumpy1\Mild1311.png
Mild1312.png,Mild1312.png,Mild,False,256,256,3,RGB,1.0,70025,.png,9d8b06ef02fd604d67ffd3abfceeb23ba644d3d2ba1518577ed9be20e866a260,561022484946c7c3,C:\Users\Ashutosh Verma\OneDrive\Desktop\VET VISION AI\data\lsd\LumpySkinDisease_DataHub\LumpySkinDisease_DataHub\data-processed\lumpy_balanced\lumpy1\Mild1312.png
Mild1313.png,Mild1313.png,Mild,False,256,256,3,RGB,1.0,97373,.png,5260662bb2edb960bff1ad664a807b1a541e66f3bd88bd6f04063aed86d8ae38,2f1f3333331b0f0c,C:\Users\Ashutosh Verma\OneDrive\Desktop\VET VISION AI\data\lsd\LumpySkinDisease_DataHub\LumpySkinDisease_DataHub\data-processed\lumpy_balanced\lumpy1\Mild1313.png
Mild1314.png,Mild1314.png,Mild,False,256,256,3,RGB,1.0,159536,.png,b42ff68a384844115c5e357505065fdc1357b8801c3c1396a7125416b6cbd7e8,5301c8f0978c94d4,C:\Users\Ashutosh Verma\OneDrive\Desktop\VET VISION AI\data\lsd\LumpySkinDisease_DataHub\LumpySkinDisease_DataHub\data-processed\lumpy_balanced\lumpy1\Mild1314.png
Mild1315.png,Mild1315.png,Mild,False,256,256,3,RGB,1.0,97373,.png,5260662bb2edb960bff1ad664a807b1a541e66f3bd88bd6f04063aed86d8ae38,2f1f3333331b0f0c,C:\Users\Ashutosh Verma\OneDrive\Desktop\VET VISION AI\data\lsd\LumpySkinDisease_DataHub\LumpySkinDisease_DataHub\data-processed\lumpy_balanced\lumpy1\Mild1315.png
Mild1316.png,Mild1316.png,Mild,False,256,256,3,RGB,1.0,175053,.png,b704bc5328700aed7283b88233213da2d50ceea609c6018d40088605bacb60fa,66d7c3a1a9232338,C:\Users\Ashutosh Verma\OneDrive\Desktop\VET VISION AI\data\lsd\LumpySkinDisease_DataHub\LumpySkinDisease_DataHub\data-processed\lumpy_balanced\lumpy1\Mild1316.png
Mild1317.png,Mild1317.png,Mild,False,256,256,3,RGB,1.0,97373,.png,5260662bb2edb960bff1ad664a807b1a541e66f3bd88bd6f04063aed86d8ae38,2f1f3333331b0f0c,C:\Users\Ashutosh Verma\OneDrive\Desktop\VET VISION AI\data\lsd\LumpySkinDisease_DataHub\LumpySkinDisease_DataHub\data-processed\lumpy_balanced\lumpy1\Mild1317.png
Mild1318.png,Mild1318.png,Mild,False,256,256,3,RGB,1.0,158566,.png,5d880457c795818350d625cc21059728478677d677c1e3b43af613e182b1e5b3,4ca43031a92c4447,C:\Users\Ashutosh Verma\OneDrive\Desktop\VET VISION AI\data\lsd\LumpySkinDisease_DataHub\LumpySkinDisease_DataHub\data-processed\lumpy_balanced\lumpy1\Mild1318.png
Mild1319.png,Mild1319.png,Mild,False,256,256,3,RGB,1.0,177183,.png,5d6e4b002f9aac47b84f1b954e09a4944177c9e2f3ff255b24bdf1bf6e808ed3,bcb433f3b1b6a69e,C:\Users\Ashutosh Verma\OneDrive\Desktop\VET VISION AI\data\lsd\LumpySkinDisease_DataHub\LumpySkinDisease_DataHub\data-processed\lumpy_balanced\lumpy1\Mild1319.png
Mild1320.png,Mild1320.png,Mild,False,256,256,3,RGB,1.0,185243,.png,666dded66324ca17dfb456d589c99cf27f5bf06c192817e989c2ea9a2451da9c,49b92f8b9b8fa927,C:\Users\Ashutosh Verma\OneDrive\Desktop\VET VISION AI\data\lsd\LumpySkinDisease_DataHub\LumpySkinDisease_DataHub\data-processed\lumpy_balanced\lumpy1\Mild1320.png
Mild1321.png,Mild1321.png,Mild,False,256,256,3,RGB,1.0,152831,.png,0d5b888521357fbfd39356d74903c62d23450564e730cab255797abc93e0e79a,292bf32719191b5b,C:\Users\Ashutosh Verma\OneDrive\Desktop\VET VISION AI\data\lsd\LumpySkinDisease_DataHub\LumpySkinDisease_DataHub\data-processed\lumpy_balanced\lumpy1\Mild1321.png
Mild1322.png,Mild1322.png,Mild,False,256,256,3,RGB,1.0,138369,.png,ab9fa953b9b6380c4b4c96125410933783681e08085bc1b915c83fa9e4665fdc,096a65f26f792236,C:\Users\Ashutosh Verma\OneDrive\Desktop\VET VISION AI\data\lsd\LumpySkinDisease_DataHub\LumpySkinDisease_DataHub\data-processed\lumpy_balanced\lumpy1\Mild1322.png
Mild1323.png,Mild1323.png,Mild,False,256,256,3,RGB,1.0,184161,.png,56f18e8c3242bb1295b4c8225d6c80ae2df1290732b81f1f3fc97a8cad12f75f,1cd0bab6f2de6e61,C:\Users\Ashutosh Verma\OneDrive\Desktop\VET VISION AI\data\lsd\LumpySkinDisease_DataHub\LumpySkinDisease_DataHub\data-processed\lumpy_balanced\lumpy1\Mild1323.png
Mild1324.png,Mild1324.png,Mild,False,256,256,3,RGB,1.0,155390,.png,bb963ffc3cc545864db1926d9996e7ebda8e46710e11ebf02c7638626bf1de4c,d2f2b3f575717357,C:\Users\Ashutosh Verma\OneDrive\Desktop\VET VISION AI\data\lsd\LumpySkinDisease_DataHub\LumpySkinDisease_DataHub\data-processed\lumpy_balanced\lumpy1\Mild1324.png
Mild1325.png,Mild1325.png,Mild,False,256,256,3,RGB,1.0,179867,.png,d39ab7d6adcef13539369b4a277966bde8ea36bff4a3396872a7dd11cb054f14,7643f2591a227363,C:\Users\Ashutosh Verma\OneDrive\Desktop\VET VISION AI\data\lsd\LumpySkinDisease_DataHub\LumpySkinDisease_DataHub\data-processed\lumpy_balanced\lumpy1\Mild1325.png
Mild1326.png,Mild1326.png,Mild,False,256,256,3,RGB,1.0,152626,.png,18b53c3b036cf8dd14f703c30a683f0219c2ed8d4782edb2006b453662ebfbba,7a4d8c98cc3c330b,C:\Users\Ashutosh Verma\OneDrive\Desktop\VET VISION AI\data\lsd\LumpySkinDisease_DataHub\LumpySkinDisease_DataHub\data-processed\lumpy_balanced\lumpy1\Mild1326.png
Mild1327.png,Mild1327.png,Mild,False,256,256,3,RGB,1.0,150485,.png,aebce5fd4208e462f1f9394aa6fc2d04ee240c63b6af63caed63073d30b9bd41,e7c4d0c5ace7c4cd,C:\Users\Ashutosh Verma\OneDrive\Desktop\VET VISION AI\data\lsd\LumpySkinDisease_DataHub\LumpySkinDisease_DataHub\data-processed\lumpy_balanced\lumpy1\Mild1327.png
Mild1328.png,Mild1328.png,Mild,False,256,256,3,RGB,1.0,177183,.png,5d6e4b002f9aac47b84f1b954e09a4944177c9e2f3ff255b24bdf1bf6e808ed3,bcb433f3b1b6a69e,C:\Users\Ashutosh Verma\OneDrive\Desktop\VET VISION AI\data\lsd\LumpySkinDisease_DataHub\LumpySkinDisease_DataHub\data-processed\lumpy_balanced\lumpy1\Mild1328.png
Mild1329.png,Mild1329.png,Mild,False,256,256,3,RGB,1.0,182068,.png,36ef7b0033f33554fe0f6b02a6cd27afad21b518643f770142f374d92091c1b3,0c45838c161a3994,C:\Users\Ashutosh Verma\OneDrive\Desktop\VET VISION AI\data\lsd\LumpySkinDisease_DataHub\LumpySkinDisease_DataHub\data-processed\lumpy_balanced\lumpy1\Mild1329.png
Mild1330.png,Mild1330.png,Mild,False,256,256,3,RGB,1.0,165094,.png,8c03c1f9a4efa8245a0c9f35d534f1b147c97f5b4dd5396cd992a229e98f54de,98cec65233030929,C:\Users\Ashutosh Verma\OneDrive\Desktop\VET VISION AI\data\lsd\LumpySkinDisease_DataHub\LumpySkinDisease_DataHub\data-processed\lumpy_balanced\lumpy1\Mild1330.png
Mild1331.png,Mild1331.png,Mild,False,256,256,3,RGB,1.0,148656,.png,0903b27e6b764f7cbe77644b0c46f2e6c91926858c43c20e33b39e7d63454aca,1c1cd8b82c34eba6,C:\Users\Ashutosh Verma\OneDrive\Desktop\VET VISION AI\data\lsd\LumpySkinDisease_DataHub\LumpySkinDisease_DataHub\data-processed\lumpy_balanced\lumpy1\Mild1331.png
Mild1332.png,Mild1332.png,Mild,False,256,256,3,RGB,1.0,138901,.png,eaf4b008963c9eac11a1037650623d3f0772dd84b9e723816f752e5f456a5bb1,3331bcb6366c2dcd,C:\Users\Ashutosh Verma\OneDrive\Desktop\VET VISION AI\data\lsd\LumpySkinDisease_DataHub\LumpySkinDisease_DataHub\data-processed\lumpy_balanced\lumpy1\Mild1332.png
Mild1333.png,Mild1333.png,Mild,False,256,256,3,RGB,1.0,188480,.png,6fc7f8f2947fc7b9b3664b044b6673e958b4b044f5ead57edb589db1cc610230,8fb39a9c991f2961,C:\Users\Ashutosh Verma\OneDrive\Desktop\VET VISION AI\data\lsd\LumpySkinDisease_DataHub\LumpySkinDisease_DataHub\data-processed\lumpy_balanced\lumpy1\Mild1333.png
Mild1334.png,Mild1334.png,Mild,False,256,256,3,RGB,1.0,156785,.png,5549ef672ec494f39c238686e0be9d4b37a3ac20acc8074b5313c273a8a4706b,de5844484fa436b6,C:\Users\Ashutosh Verma\OneDrive\Desktop\VET VISION AI\data\lsd\LumpySkinDisease_DataHub\LumpySkinDisease_DataHub\data-processed\lumpy_balanced\lumpy1\Mild1334.png
Mild1335.png,Mild1335.png,Mild,False,256,256,3,RGB,1.0,188480,.png,6fc7f8f2947fc7b9b3664b044b6673e958b4b044f5ead57edb589db1cc610230,8fb39a9c991f2961,C:\Users\Ashutosh Verma\OneDrive\Desktop\VET VISION AI\data\lsd\LumpySkinDisease_DataHub\LumpySkinDisease_DataHub\data-processed\lumpy_balanced\lumpy1\Mild1335.png
Mild1336.png,Mild1336.png,Mild,False,256,256,3,RGB,1.0,162577,.png,5269dc2ecebb730c44ed44601a5dad25f8d5b0b6c4ba7295b99382e4f8995066,ce4f5f5ef4731319,C:\Users\Ashutosh Verma\OneDrive\Desktop\VET VISION AI\data\lsd\LumpySkinDisease_DataHub\LumpySkinDisease_DataHub\data-processed\lumpy_balanced\lumpy1\Mild1336.png
Mild1337.png,Mild1337.png,Mild,False,256,256,3,RGB,1.0,187531,.png,eb4cb4f1097e9508dbce56dd85885837dbcab30db42f5ca759ba9707560f06b3,18326064a554564c,C:\Users\Ashutosh Verma\OneDrive\Desktop\VET VISION AI\data\lsd\LumpySkinDisease_DataHub\LumpySkinDisease_DataHub\data-processed\lumpy_balanced\lumpy1\Mild1337.png
Mild1338.png,Mild1338.png,Mild,False,256,256,3,RGB,1.0,158718,.png,e7b85b00fb6f9c366ddae82489d10850155ee67adf9547638b8c7bb517b1c0e7,a42d716b96c4e4e1,C:\Users\Ashutosh Verma\OneDrive\Desktop\VET VISION AI\data\lsd\LumpySkinDisease_DataHub\LumpySkinDisease_DataHub\data-processed\lumpy_balanced\lumpy1\Mild1338.png
Mild1339.png,Mild1339.png,Mild,False,256,256,3,RGB,1.0,150568,.png,cca46aec3898ca45dd0c45e9063f36f37cd7687cf53cc7f1e564ee57a62e547b,f37b79f175095666,C:\Users\Ashutosh Verma\OneDrive\Desktop\VET VISION AI\data\lsd\LumpySkinDisease_DataHub\LumpySkinDisease_DataHub\data-processed\lumpy_balanced\lumpy1\Mild1339.png
Mild1340.png,Mild1340.png,Mild,False,256,256,3,RGB,1.0,156453,.png,c47032bb4a0fec1c62b5d09d0d656e7bacc260cdf1bbddac9ef738c8430de657,41b1a1e109083913,C:\Users\Ashutosh Verma\OneDrive\Desktop\VET VISION AI\data\lsd\LumpySkinDisease_DataHub\LumpySkinDisease_DataHub\data-processed\lumpy_balanced\lumpy1\Mild1340.png
Mild1341.png,Mild1341.png,Mild,False,256,256,3,RGB,1.0,183054,.png,4bee46c57474e307cc03de2d8bd2c7f88b233db6248b77e9887a8f90e18aa005,5a2430262626879b,C:\Users\Ashutosh Verma\OneDrive\Desktop\VET VISION AI\data\lsd\LumpySkinDisease_DataHub\LumpySkinDisease_DataHub\data-processed\lumpy_balanced\lumpy1\Mild1341.png
Mild1342.png,Mild1342.png,Mild,False,256,256,3,RGB,1.0,132827,.png,0afb2a0bfbcf6131d749798b69e8f38448e3257b8211b0a23785af58cabcf943,ba78dbd957169496,C:\Users\Ashutosh Verma\OneDrive\Desktop\VET VISION AI\data\lsd\LumpySkinDisease_DataHub\LumpySkinDisease_DataHub\data-processed\lumpy_balanced\lumpy1\Mild1342.png
Mild1343.png,Mild1343.png,Mild,False,256,256,3,RGB,1.0,139366,.png,8deb2fbcc1f53b62c89c6c144ff95f4063ea08dda4ddc690dcb818ca05e87d09,8dc6e06b4fcd6340,C:\Users\Ashutosh Verma\OneDrive\Desktop\VET VISION AI\data\lsd\LumpySkinDisease_DataHub\LumpySkinDisease_DataHub\data-processed\lumpy_balanced\lumpy1\Mild1343.png
Mild1344.png,Mild1344.png,Mild,False,256,256,3,RGB,1.0,170526,.png,1f51f3a7a371dddd8153441fbadd576d4bddcaddc20bbe82f4012fd5ab166106,a8f333717373baae,C:\Users\Ashutosh Verma\OneDrive\Desktop\VET VISION AI\data\lsd\LumpySkinDisease_DataHub\LumpySkinDisease_DataHub\data-processed\lumpy_balanced\lumpy1\Mild1344.png
Mild1345.png,Mild1345.png,Mild,False,256,256,3,RGB,1.0,162140,.png,7c2f268d5de93143d98ce84a01865033dc3adeda58fa43b1d40ec1120fbdb22b,e7c4d4c5ade7c4cd,C:\Users\Ashutosh Verma\OneDrive\Desktop\VET VISION AI\data\lsd\LumpySkinDisease_DataHub\LumpySkinDisease_DataHub\data-processed\lumpy_balanced\lumpy1\Mild1345.png
Mild1346.png,Mild1346.png,Mild,False,256,256,3,RGB,1.0,160301,.png,6fe05a5f57d6a79a789a316b20462eaa561010575c179518445edda2d634c681,eaa96ed6dee46b0b,C:\Users\Ashutosh Verma\OneDrive\Desktop\VET VISION AI\data\lsd\LumpySkinDisease_DataHub\LumpySkinDisease_DataHub\data-processed\lumpy_balanced\lumpy1\Mild1346.png
Mild1347.png,Mild1347.png,Mild,False,256,256,3,RGB,1.0,183681,.png,394c4f939a3af11905d862271d8d4e41cc5d8bf2a66f3b176c2e83a6b08d2912,8b6be9d0e2e8db6a,C:\Users\Ashutosh Verma\OneDrive\Desktop\VET VISION AI\data\lsd\LumpySkinDisease_DataHub\LumpySkinDisease_DataHub\data-processed\lumpy_balanced\lumpy1\Mild1347.png
Mild1348.png,Mild1348.png,Mild,False,256,256,3,RGB,1.0,159981,.png,9f305eb246fc0a2dac762cb343f3ed09c3012b35d1c5e71929a0ffeab957d27d,248ca09492a2cf07,C:\Users\Ashutosh Verma\OneDrive\Desktop\VET VISION AI\data\lsd\LumpySkinDisease_DataHub\LumpySkinDisease_DataHub\data-processed\lumpy_balanced\lumpy1\Mild1348.png
Mild1349.png,Mild1349.png,Mild,False,256,256,3,RGB,1.0,171769,.png,62b5e152a6264cf8ec26805a364a69ffa36d4cf927e8edf27142c48d435409ea,60654d2232e1a663,C:\Users\Ashutosh Verma\OneDrive\Desktop\VET VISION AI\data\lsd\LumpySkinDisease_DataHub\LumpySkinDisease_DataHub\data-processed\lumpy_balanced\lumpy1\Mild1349.png
Mild1350.png,Mild1350.png,Mild,False,256,256,3,RGB,1.0,188480,.png,6fc7f8f2947fc7b9b3664b044b6673e958b4b044f5ead57edb589db1cc610230,8fb39a9c991f2961,C:\Users\Ashutosh Verma\OneDrive\Desktop\VET VISION AI\data\lsd\LumpySkinDisease_DataHub\LumpySkinDisease_DataHub\data-processed\lumpy_balanced\lumpy1\Mild1350.png
Mild1351.png,Mild1351.png,Mild,False,256,256,3,RGB,1.0,157636,.png,cff99478a8aca7e771c84ce5d9bc89d87a87c65477964072f74ad44236ab06bb,3d73333366e66727,C:\Users\Ashutosh Verma\OneDrive\Desktop\VET VISION AI\data\lsd\LumpySkinDisease_DataHub\LumpySkinDisease_DataHub\data-processed\lumpy_balanced\lumpy1\Mild1351.png
Mild1352.png,Mild1352.png,Mild,False,256,256,3,RGB,1.0,157792,.png,d82fb9c09f8cfaf8936c5148e41398bf70b94d84748c3714e0e46ddc740c19c3,72b11425e5444d0d,C:\Users\Ashutosh Verma\OneDrive\Desktop\VET VISION AI\data\lsd\LumpySkinDisease_DataHub\LumpySkinDisease_DataHub\data-processed\lumpy_balanced\lumpy1\Mild1352.png
Mild1353.png,Mild1353.png,Mild,False,256,256,3,RGB,1.0,144458,.png,18eed3b187c03abc3a64b05061b4559538f81dce6e00b791610a48275468f468,3424283b5f5d5dcd,C:\Users\Ashutosh Verma\OneDrive\Desktop\VET VISION AI\data\lsd\LumpySkinDisease_DataHub\LumpySkinDisease_DataHub\data-processed\lumpy_balanced\lumpy1\Mild1353.png
Mild1354.png,Mild1354.png,Mild,False,256,256,3,RGB,1.0,167740,.png,d2a16fa6e0bcbd323dbb58c2dbb2dbaf6cc0903d35b19b80793f58ac04b2befb,34cce0c0f0b29595,C:\Users\Ashutosh Verma\OneDrive\Desktop\VET VISION AI\data\lsd\LumpySkinDisease_DataHub\LumpySkinDisease_DataHub\data-processed\lumpy_balanced\lumpy1\Mild1354.png
Mild1355.png,Mild1355.png,Mild,False,256,256,3,RGB,1.0,149489,.png,4e3e77b605c54d71c633ffc111e551da569efe669a550b9e69f171819c9d6dfd,cba16161e9291b5b,C:\Users\Ashutosh Verma\OneDrive\Desktop\VET VISION AI\data\lsd\LumpySkinDisease_DataHub\LumpySkinDisease_DataHub\data-processed\lumpy_balanced\lumpy1\Mild1355.png
Mild1356.png,Mild1356.png,Mild,False,256,256,3,RGB,1.0,173376,.png,cc58f06945878c7c2594865540c9368f8111c6c39abff86314e741cf60726645,a783bcaccfdf7b5f,C:\Users\Ashutosh Verma\OneDrive\Desktop\VET VISION AI\data\lsd\LumpySkinDisease_DataHub\LumpySkinDisease_DataHub\data-processed\lumpy_balanced\lumpy1\Mild1356.png
Mild1357.png,Mild1357.png,Mild,False,256,256,3,RGB,1.0,176664,.png,9ea78fa686643e1a542565419a1a0e4f5a59641b64a237a37cf4a3abaefdc761,3ac6b2b30737b1b1,C:\Users\Ashutosh Verma\OneDrive\Desktop\VET VISION AI\data\lsd\LumpySkinDisease_DataHub\LumpySkinDisease_DataHub\data-processed\lumpy_balanced\lumpy1\Mild1357.png
Mild1358.png,Mild1358.png,Mild,False,256,256,3,RGB,1.0,177233,.png,53ae48f93db897605c59dfdbddac9d0444b3fb56df5ebb0f1cdbf814155f1593,7b68eadbfbb35f79,C:\Users\Ashutosh Verma\OneDrive\Desktop\VET VISION AI\data\lsd\LumpySkinDisease_DataHub\LumpySkinDisease_DataHub\data-processed\lumpy_balanced\lumpy1\Mild1358.png
Mild1359.png,Mild1359.png,Mild,False,256,256,3,RGB,1.0,168704,.png,b304a20aafb36928907fa757fa164b25ce6ca815500be81763b4d7de37fdd195,4848ccccc99327e3,C:\Users\Ashutosh Verma\OneDrive\Desktop\VET VISION AI\data\lsd\LumpySkinDisease_DataHub\LumpySkinDisease_DataHub\data-processed\lumpy_balanced\lumpy1\Mild1359.png
Mild1360.png,Mild1360.png,Mild,False,256,256,3,RGB,1.0,31356,.png,553119be63654bfa888848a8dcacebebe4da02165099aa975aeea2402ee03e1e,062713731383a427,C:\Users\Ashutosh Verma\OneDrive\Desktop\VET VISION AI\data\lsd\LumpySkinDisease_DataHub\LumpySkinDisease_DataHub\data-processed\lumpy_balanced\lumpy1\Mild1360.png
Mild1361.png,Mild1361.png,Mild,False,256,256,3,RGB,1.0,177183,.png,5d6e4b002f9aac47b84f1b954e09a4944177c9e2f3ff255b24bdf1bf6e808ed3,bcb433f3b1b6a69e,C:\Users\Ashutosh Verma\OneDrive\Desktop\VET VISION AI\data\lsd\LumpySkinDisease_DataHub\LumpySkinDisease_DataHub\data-processed\lumpy_balanced\lumpy1\Mild1361.png
Mild1362.png,Mild1362.png,Mild,False,256,256,3,RGB,1.0,160419,.png,144f3fdb7f438d6deab6c1aebcfdc046fa2566f8483266ba3440f8ea17c5aa3a,f698b8f147269591,C:\Users\Ashutosh Verma\OneDrive\Desktop\VET VISION AI\data\lsd\LumpySkinDisease_DataHub\LumpySkinDisease_DataHub\data-processed\lumpy_balanced\lumpy1\Mild1362.png
Mild1363.png,Mild1363.png,Mild,False,256,256,3,RGB,1.0,175265,.png,1a7de638f42c260f0e1ca6a8b8f93b9d2ce4b6da09af95234461998463ca36a0,3331f474743690d0,C:\Users\Ashutosh Verma\OneDrive\Desktop\VET VISION AI\data\lsd\LumpySkinDisease_DataHub\LumpySkinDisease_DataHub\data-processed\lumpy_balanced\lumpy1\Mild1363.png
Mild1364.png,Mild1364.png,Mild,False,256,256,3,RGB,1.0,138016,.png,28c08b1b5366098665b8220a9aa807deee4c337cc3c9d2b1e739352a06ec360c,0e8b4116961e7dc7,C:\Users\Ashutosh Verma\OneDrive\Desktop\VET VISION AI\data\lsd\LumpySkinDisease_DataHub\LumpySkinDisease_DataHub\data-processed\lumpy_balanced\lumpy1\Mild1364.png
Mild1365.png,Mild1365.png,Mild,False,256,256,3,RGB,1.0,171722,.png,4e2daa8b717a0568d2693a761f99bb88ddb4d184ac987dabcbce1be4aaa0c287,c9e99811211197bf,C:\Users\Ashutosh Verma\OneDrive\Desktop\VET VISION AI\data\lsd\LumpySkinDisease_DataHub\LumpySkinDisease_DataHub\data-processed\lumpy_balanced\lumpy1\Mild1365.png
Mild1366.png,Mild1366.png,Mild,False,256,256,3,RGB,1.0,175707,.png,90a8434eb6e65ccaaddd0ba7cbf9eba21f25ec902b7a77713a57372646b7d833,712606002a66cd75,C:\Users\Ashutosh Verma\OneDrive\Desktop\VET VISION AI\data\lsd\LumpySkinDisease_DataHub\LumpySkinDisease_DataHub\data-processed\lumpy_balanced\lumpy1\Mild1366.png
Mild1367.png,Mild1367.png,Mild,False,256,256,3,RGB,1.0,178502,.png,3a7bb8835b8d0de2a9642a50729aaadf04a31510436cd45c7cc88199d6cb526b,d4d66934b4f4d9f1,C:\Users\Ashutosh Verma\OneDrive\Desktop\VET VISION AI\data\lsd\LumpySkinDisease_DataHub\LumpySkinDisease_DataHub\data-processed\lumpy_balanced\lumpy1\Mild1367.png
Mild1368.png,Mild1368.png,Mild,False,256,256,3,RGB,1.0,184640,.png,a16f9eabd060a9de25b84611cf1ab59ab76db163ea29d70cca305bd8e471ebf6,42666779332e2f4d,C:\Users\Ashutosh Verma\OneDrive\Desktop\VET VISION AI\data\lsd\LumpySkinDisease_DataHub\LumpySkinDisease_DataHub\data-processed\lumpy_balanced\lumpy1\Mild1368.png
Mild1369.png,Mild1369.png,Mild,False,256,256,3,RGB,1.0,186487,.png,9310db8621864a03f0ad66cad27e3bfbabc92fd7bb13b83d442fa8ba6b5ff681,a39b09cd2d0dc4e4,C:\Users\Ashutosh Verma\OneDrive\Desktop\VET VISION AI\data\lsd\LumpySkinDisease_DataHub\LumpySkinDisease_DataHub\data-processed\lumpy_balanced\lumpy1\Mild1369.png
Mild1370.png,Mild1370.png,Mild,False,256,256,3,RGB,1.0,171741,.png,6d7dee6eba2cf90519e0e84cf2e7efe2432920871ff0e9ea903f503830932281,09c6ace8be6e76f2,C:\Users\Ashutosh Verma\OneDrive\Desktop\VET VISION AI\data\lsd\LumpySkinDisease_DataHub\LumpySkinDisease_DataHub\data-processed\lumpy_balanced\lumpy1\Mild1370.png
Mild1371.png,Mild1371.png,Mild,False,256,256,3,RGB,1.0,148024,.png,c9e951b223ac6e6168a41d19822a352fba7748a95cad8df1cd5f9338d0f3fd61,8ec6636a8d9bc9c9,C:\Users\Ashutosh Verma\OneDrive\Desktop\VET VISION AI\data\lsd\LumpySkinDisease_DataHub\LumpySkinDisease_DataHub\data-processed\lumpy_balanced\lumpy1\Mild1371.png
Mild1372.png,Mild1372.png,Mild,False,256,256,3,RGB,1.0,176322,.png,836d6d7d4fd341c12b8e14ee36279d0423f90ffb433b07bfa8142adcfd2c939d,07b8b830b86cc8d0,C:\Users\Ashutosh Verma\OneDrive\Desktop\VET VISION AI\data\lsd\LumpySkinDisease_DataHub\LumpySkinDisease_DataHub\data-processed\lumpy_balanced\lumpy1\Mild1372.png
Mild1373.png,Mild1373.png,Mild,False,256,256,3,RGB,1.0,132330,.png,9d59ce37cf92086d0ba4c18da794893e8d5d8759329c8b500861f3b023158743,dc6f73731b41e1d3,C:\Users\Ashutosh Verma\OneDrive\Desktop\VET VISION AI\data\lsd\LumpySkinDisease_DataHub\LumpySkinDisease_DataHub\data-processed\lumpy_balanced\lumpy1\Mild1373.png
Mild1374.png,Mild1374.png,Mild,False,256,256,3,RGB,1.0,157091,.png,55a969b4df2cc5c7ed80c9d645e3d4c03d1727f084fad2ef99a530d78b59ce00,69599f33346767f1,C:\Users\Ashutosh Verma\OneDrive\Desktop\VET VISION AI\data\lsd\LumpySkinDisease_DataHub\LumpySkinDisease_DataHub\data-processed\lumpy_balanced\lumpy1\Mild1374.png
Mild1375.png,Mild1375.png,Mild,False,256,256,3,RGB,1.0,126967,.png,32f485f4edb83176d40ffd7a15f6ccfa1f7c37445e8384ae5ff0ca1613fc14fc,fc7972d89ce622e2,C:\Users\Ashutosh Verma\OneDrive\Desktop\VET VISION AI\data\lsd\LumpySkinDisease_DataHub\LumpySkinDisease_DataHub\data-processed\lumpy_balanced\lumpy1\Mild1375.png
Mild1376.png,Mild1376.png,Mild,False,256,256,3,RGB,1.0,158403,.png,a0f3c61236ed1617afaf909a402c4810e3f496b8bb092fd6ba53273e903a5cd8,0723273735b3b393,C:\Users\Ashutosh Verma\OneDrive\Desktop\VET VISION AI\data\lsd\LumpySkinDisease_DataHub\LumpySkinDisease_DataHub\data-processed\lumpy_balanced\lumpy1\Mild1376.png
Mild1377.png,Mild1377.png,Mild,False,256,256,3,RGB,1.0,188480,.png,6fc7f8f2947fc7b9b3664b044b6673e958b4b044f5ead57edb589db1cc610230,8fb39a9c991f2961,C:\Users\Ashutosh Verma\OneDrive\Desktop\VET VISION AI\data\lsd\LumpySkinDisease_DataHub\LumpySkinDisease_DataHub\data-processed\lumpy_balanced\lumpy1\Mild1377.png
Mild1378.png,Mild1378.png,Mild,False,256,256,3,RGB,1.0,178725,.png,ed82a8cdf0a33d2c1d58cf1107ac0c3c191225c8cd9e047f7c859ad0950c5f92,8bc73f5c33b96726,C:\Users\Ashutosh Verma\OneDrive\Desktop\VET VISION AI\data\lsd\LumpySkinDisease_DataHub\LumpySkinDisease_DataHub\data-processed\lumpy_balanced\lumpy1\Mild1378.png
Mild1379.png,Mild1379.png,Mild,False,256,256,3,RGB,1.0,159536,.png,b42ff68a384844115c5e357505065fdc1357b8801c3c1396a7125416b6cbd7e8,5301c8f0978c94d4,C:\Users\Ashutosh Verma\OneDrive\Desktop\VET VISION AI\data\lsd\LumpySkinDisease_DataHub\LumpySkinDisease_DataHub\data-processed\lumpy_balanced\lumpy1\Mild1379.png
Mild1380.png,Mild1380.png,Mild,False,256,256,3,RGB,1.0,156453,.png,c47032bb4a0fec1c62b5d09d0d656e7bacc260cdf1bbddac9ef738c8430de657,41b1a1e109083913,C:\Users\Ashutosh Verma\OneDrive\Desktop\VET VISION AI\data\lsd\LumpySkinDisease_DataHub\LumpySkinDisease_DataHub\data-processed\lumpy_balanced\lumpy1\Mild1380.png
Mild1381.png,Mild1381.png,Mild,False,256,256,3,RGB,1.0,183003,.png,2dad5dad95ff9daecf5e748c0d02d066b3a644df5607992e81521a7f561b25dc,b393acac8c9fdbd6,C:\Users\Ashutosh Verma\OneDrive\Desktop\VET VISION AI\data\lsd\LumpySkinDisease_DataHub\LumpySkinDisease_DataHub\data-processed\lumpy_balanced\lumpy1\Mild1381.png
Mild1382.png,Mild1382.png,Mild,False,256,256,3,RGB,1.0,171722,.png,4e2daa8b717a0568d2693a761f99bb88ddb4d184ac987dabcbce1be4aaa0c287,c9e99811211197bf,C:\Users\Ashutosh Verma\OneDrive\Desktop\VET VISION AI\data\lsd\LumpySkinDisease_DataHub\LumpySkinDisease_DataHub\data-processed\lumpy_balanced\lumpy1\Mild1382.png
Mild1383.png,Mild1383.png,Mild,False,256,256,3,RGB,1.0,138357,.png,e85d7607d9465bc95ccdc0f48858ee8ebe6d6d69c92b86d41b96e3be4d001a6e,2bccc4a489cfcd18,C:\Users\Ashutosh Verma\OneDrive\Desktop\VET VISION AI\data\lsd\LumpySkinDisease_DataHub\LumpySkinDisease_DataHub\data-processed\lumpy_balanced\lumpy1\Mild1383.png
Mild1384.png,Mild1384.png,Mild,False,256,256,3,RGB,1.0,158051,.png,2999ccc06334fa3fc2fd80bf81e0b9a61a7821091263f30ed4f0cc83bbf6cc5c,4848cccc899327e3,C:\Users\Ashutosh Verma\OneDrive\Desktop\VET VISION AI\data\lsd\LumpySkinDisease_DataHub\LumpySkinDisease_DataHub\data-processed\lumpy_balanced\lumpy1\Mild1384.png
Mild1385.png,Mild1385.png,Mild,False,256,256,3,RGB,1.0,174320,.png,09de12ef76e41e694019712c9943cd9d9880cc5ec63dc4f05db7b2f93d5f8c41,0c45838c161a3934,C:\Users\Ashutosh Verma\OneDrive\Desktop\VET VISION AI\data\lsd\LumpySkinDisease_DataHub\LumpySkinDisease_DataHub\data-processed\lumpy_balanced\lumpy1\Mild1385.png
Mild1386.png,Mild1386.png,Mild,False,256,256,3,RGB,1.0,171722,.png,4e2daa8b717a0568d2693a761f99bb88ddb4d184ac987dabcbce1be4aaa0c287,c9e99811211197bf,C:\Users\Ashutosh Verma\OneDrive\Desktop\VET VISION AI\data\lsd\LumpySkinDisease_DataHub\LumpySkinDisease_DataHub\data-processed\lumpy_balanced\lumpy1\Mild1386.png
Mild1387.png,Mild1387.png,Mild,False,256,256,3,RGB,1.0,164303,.png,81b354401e1a41a32beeb374b37028fd8ecedb2721949168c317fe4e796ad002,f13d2941092d292d,C:\Users\Ashutosh Verma\OneDrive\Desktop\VET VISION AI\data\lsd\LumpySkinDisease_DataHub\LumpySkinDisease_DataHub\data-processed\lumpy_balanced\lumpy1\Mild1387.png
Mild1388.png,Mild1388.png,Mild,False,256,256,3,RGB,1.0,183003,.png,2dad5dad95ff9daecf5e748c0d02d066b3a644df5607992e81521a7f561b25dc,b393acac8c9fdbd6,C:\Users\Ashutosh Verma\OneDrive\Desktop\VET VISION AI\data\lsd\LumpySkinDisease_DataHub\LumpySkinDisease_DataHub\data-processed\lumpy_balanced\lumpy1\Mild1388.png
Mild1389.png,Mild1389.png,Mild,False,256,256,3,RGB,1.0,94723,.png,9b9da63ee043888488f29e3a9a38d391ce24c8d39496bbea548fabdae68ff5fe,00a48c485a138101,C:\Users\Ashutosh Verma\OneDrive\Desktop\VET VISION AI\data\lsd\LumpySkinDisease_DataHub\LumpySkinDisease_DataHub\data-processed\lumpy_balanced\lumpy1\Mild1389.png
Mild1390.png,Mild1390.png,Mild,False,256,256,3,RGB,1.0,145607,.png,89f3658298e44a7e8d3ded3cccef253bfbb8162c87c8e0b345e13ae0ed77e1f5,f3e664d8d8d89002,C:\Users\Ashutosh Verma\OneDrive\Desktop\VET VISION AI\data\lsd\LumpySkinDisease_DataHub\LumpySkinDisease_DataHub\data-processed\lumpy_balanced\lumpy1\Mild1390.png
Mild1391.png,Mild1391.png,Mild,False,256,256,3,RGB,1.0,70025,.png,9d8b06ef02fd604d67ffd3abfceeb23ba644d3d2ba1518577ed9be20e866a260,561022484946c7c3,C:\Users\Ashutosh Verma\OneDrive\Desktop\VET VISION AI\data\lsd\LumpySkinDisease_DataHub\LumpySkinDisease_DataHub\data-processed\lumpy_balanced\lumpy1\Mild1391.png
Mild1392.png,Mild1392.png,Mild,False,256,256,3,RGB,1.0,144006,.png,5e7f7a97890fb39f597c3fe57920006e44bbded6e63c04d569756084cfa06512,8ec6f0627863633c,C:\Users\Ashutosh Verma\OneDrive\Desktop\VET VISION AI\data\lsd\LumpySkinDisease_DataHub\LumpySkinDisease_DataHub\data-processed\lumpy_balanced\lumpy1\Mild1392.png
Mild1393.png,Mild1393.png,Mild,False,256,256,3,RGB,1.0,140233,.png,7294f3fa90007438871419d2ee6820e9f016ac317de85f3c8654b7dccec1b849,c6bbbb1f9f9a3aeb,C:\Users\Ashutosh Verma\OneDrive\Desktop\VET VISION AI\data\lsd\LumpySkinDisease_DataHub\LumpySkinDisease_DataHub\data-processed\lumpy_balanced\lumpy1\Mild1393.png
Mild1394.png,Mild1394.png,Mild,False,256,256,3,RGB,1.0,168128,.png,a583bf3d84b837b9dfd325938a72ca0999d1950f03ae74173bbe500a8e68a74f,e6e6eee6c6870727,C:\Users\Ashutosh Verma\OneDrive\Desktop\VET VISION AI\data\lsd\LumpySkinDisease_DataHub\LumpySkinDisease_DataHub\data-processed\lumpy_balanced\lumpy1\Mild1394.png
Mild698.png,Mild698.png,Mild,False,256,256,3,RGB,1.0,163557,.png,7d617cb7db3e03c9bbd5fad7d92688ad36184a59000d4b18d5fed003ce091076,94e472c8c6a6a6c6,C:\Users\Ashutosh Verma\OneDrive\Desktop\VET VISION AI\data\lsd\LumpySkinDisease_DataHub\LumpySkinDisease_DataHub\data-processed\lumpy_balanced\lumpy1\Mild698.png
Mild699.png,Mild699.png,Mild,False,256,256,3,RGB,1.0,179093,.png,2d918cf058d98b9dba62d04ba9f0331cca06fc3e0e184537296a5a35a0ca8c2c,daf131333b767272,C:\Users\Ashutosh Verma\OneDrive\Desktop\VET VISION AI\data\lsd\LumpySkinDisease_DataHub\LumpySkinDisease_DataHub\data-processed\lumpy_balanced\lumpy1\Mild699.png
Mild700.png,Mild700.png,Mild,False,256,256,3,RGB,1.0,181259,.png,b111765c950fcb9fa0d4142eda8269a33a0202d648d9450898d84d13294045a8,c6445c4e287c1030,C:\Users\Ashutosh Verma\OneDrive\Desktop\VET VISION AI\data\lsd\LumpySkinDisease_DataHub\LumpySkinDisease_DataHub\data-processed\lumpy_balanced\lumpy1\Mild700.png
Mild701.png,Mild701.png,Mild,False,256,256,3,RGB,1.0,164737,.png,91da1a6525367f8ea5d74d4cb820be182023c86e6e927b0a7eda38d1fc84bf01,3b3a363cf8fca8a8,C:\Users\Ashutosh Verma\OneDrive\Desktop\VET VISION AI\data\lsd\LumpySkinDisease_DataHub\LumpySkinDisease_DataHub\data-processed\lumpy_balanced\lumpy1\Mild701.png
Mild702.png,Mild702.png,Mild,False,256,256,3,RGB,1.0,178909,.png,c8811f334fb50dd9cc366513c55a17e3b5ae87555d9fd2f6283ef812230c645a,9d4448482f0d4958,C:\Users\Ashutosh Verma\OneDrive\Desktop\VET VISION AI\data\lsd\LumpySkinDisease_DataHub\LumpySkinDisease_DataHub\data-processed\lumpy_balanced\lumpy1\Mild702.png
Mild703.png,Mild703.png,Mild,False,256,256,3,RGB,1.0,157036,.png,a9765b533895a14f8bd8023bdc1a9a28fb92ae146e8e02c4c5574e0faef3d5b1,db91d3f3f1b1e5ef,C:\Users\Ashutosh Verma\OneDrive\Desktop\VET VISION AI\data\lsd\LumpySkinDisease_DataHub\LumpySkinDisease_DataHub\data-processed\lumpy_balanced\lumpy1\Mild703.png
Mild704.png,Mild704.png,Mild,False,256,256,3,RGB,1.0,164476,.png,155c4b4ba86dd375cd173b3b8dcda9b9def549f0ea843798968468061c69f457,49076c454d0d3733,C:\Users\Ashutosh Verma\OneDrive\Desktop\VET VISION AI\data\lsd\LumpySkinDisease_DataHub\LumpySkinDisease_DataHub\data-processed\lumpy_balanced\lumpy1\Mild704.png
Mild705.png,Mild705.png,Mild,False,256,256,3,RGB,1.0,180933,.png,2ec8e0c29fb245f9a19f54b1e8edc00212fbec2b5d0b721f60104a6ea36b830c,6426a46667233b43,C:\Users\Ashutosh Verma\OneDrive\Desktop\VET VISION AI\data\lsd\LumpySkinDisease_DataHub\LumpySkinDisease_DataHub\data-processed\lumpy_balanced\lumpy1\Mild705.png
Mild706.png,Mild706.png,Mild,False,256,256,3,RGB,1.0,179975,.png,edab7f79b9c20991806949445af884574255c1d3cc59bc59283cb0d9f4332de8,38bb6323954d0bda,C:\Users\Ashutosh Verma\OneDrive\Desktop\VET VISION AI\data\lsd\LumpySkinDisease_DataHub\LumpySkinDisease_DataHub\data-processed\lumpy_balanced\lumpy1\Mild706.png
Mild707.png,Mild707.png,Mild,False,256,256,3,RGB,1.0,173823,.png,3f8a67735a2590229a6f6f8b8696658de09ebf472b0b6ffde65e531d7eeeaee3,62664c48d3ecd8d5,C:\Users\Ashutosh Verma\OneDrive\Desktop\VET VISION AI\data\lsd\LumpySkinDisease_DataHub\LumpySkinDisease_DataHub\data-processed\lumpy_balanced\lumpy1\Mild707.png
Mild708.png,Mild708.png,Mild,False,256,256,3,RGB,1.0,159292,.png,ca2a71bba4036ea8e12c70cd3ae06d94c0e4342f0e28d43792d7ba43082a030f,39b26aab2e593b1e,C:\Users\Ashutosh Verma\OneDrive\Desktop\VET VISION AI\data\lsd\LumpySkinDisease_DataHub\LumpySkinDisease_DataHub\data-processed\lumpy_balanced\lumpy1\Mild708.png
Mild709.png,Mild709.png,Mild,False,256,256,3,RGB,1.0,181259,.png,b111765c950fcb9fa0d4142eda8269a33a0202d648d9450898d84d13294045a8,c6445c4e287c1030,C:\Users\Ashutosh Verma\OneDrive\Desktop\VET VISION AI\data\lsd\LumpySkinDisease_DataHub\LumpySkinDisease_DataHub\data-processed\lumpy_balanced\lumpy1\Mild709.png
Mild710.png,Mild710.png,Mild,False,256,256,3,RGB,1.0,152234,.png,254ff931d856ec0e8226c74929c8ddfd7eb3ecc08724f37564b1a2742f2c2157,8333796921250505,C:\Users\Ashutosh Verma\OneDrive\Desktop\VET VISION AI\data\lsd\LumpySkinDisease_DataHub\LumpySkinDisease_DataHub\data-processed\lumpy_balanced\lumpy1\Mild710.png
Mild711.png,Mild711.png,Mild,False,256,256,3,RGB,1.0,168862,.png,9826f601bc3f930c33476aad0cabc08fe4a6f1b09f764fc596f55215204b3242,f4f4a18bd27c3ef3,C:\Users\Ashutosh Verma\OneDrive\Desktop\VET VISION AI\data\lsd\LumpySkinDisease_DataHub\LumpySkinDisease_DataHub\data-processed\lumpy_balanced\lumpy1\Mild711.png
Mild712.png,Mild712.png,Mild,False,256,256,3,RGB,1.0,70025,.png,9d8b06ef02fd604d67ffd3abfceeb23ba644d3d2ba1518577ed9be20e866a260,561022484946c7c3,C:\Users\Ashutosh Verma\OneDrive\Desktop\VET VISION AI\data\lsd\LumpySkinDisease_DataHub\LumpySkinDisease_DataHub\data-processed\lumpy_balanced\lumpy1\Mild712.png
Mild713.png,Mild713.png,Mild,False,256,256,3,RGB,1.0,158172,.png,2ccb0918029fcf72a51728f8ea49aaaef589bd01258a9f8ed78ac7bcebcbfc92,a42d716b96c4e4e0,C:\Users\Ashutosh Verma\OneDrive\Desktop\VET VISION AI\data\lsd\LumpySkinDisease_DataHub\LumpySkinDisease_DataHub\data-processed\lumpy_balanced\lumpy1\Mild713.png
Mild714.png,Mild714.png,Mild,False,256,256,3,RGB,1.0,160419,.png,144f3fdb7f438d6deab6c1aebcfdc046fa2566f8483266ba3440f8ea17c5aa3a,f698b8f147269591,C:\Users\Ashutosh Verma\OneDrive\Desktop\VET VISION AI\data\lsd\LumpySkinDisease_DataHub\LumpySkinDisease_DataHub\data-processed\lumpy_balanced\lumpy1\Mild714.png
Mild715.png,Mild715.png,Mild,False,256,256,3,RGB,1.0,163195,.png,0da192010bb778f88a76afa4a6edf65fb32cb0c63121533a6f1718660367099b,a0390e2225bd8d65,C:\Users\Ashutosh Verma\OneDrive\Desktop\VET VISION AI\data\lsd\LumpySkinDisease_DataHub\LumpySkinDisease_DataHub\data-processed\lumpy_balanced\lumpy1\Mild715.png
Mild716.png,Mild716.png,Mild,False,256,256,3,RGB,1.0,174518,.png,c5a01041ccf77dfc012b11168c8961dad362c5f631453553bb9d4753fec1beec,4d58c8e62424a424,C:\Users\Ashutosh Verma\OneDrive\Desktop\VET VISION AI\data\lsd\LumpySkinDisease_DataHub\LumpySkinDisease_DataHub\data-processed\lumpy_balanced\lumpy1\Mild716.png
Mild717.png,Mild717.png,Mild,False,256,256,3,RGB,1.0,183003,.png,2dad5dad95ff9daecf5e748c0d02d066b3a644df5607992e81521a7f561b25dc,b393acac8c9fdbd6,C:\Users\Ashutosh Verma\OneDrive\Desktop\VET VISION AI\data\lsd\LumpySkinDisease_DataHub\LumpySkinDisease_DataHub\data-processed\lumpy_balanced\lumpy1\Mild717.png
Mild718.png,Mild718.png,Mild,False,256,256,3,RGB,1.0,162325,.png,a405aa5f037b28ca06df28666f42801b4901653141bd5fd3e8dc70aa01abef6b,ce9f3cbe9ddc1814,C:\Users\Ashutosh Verma\OneDrive\Desktop\VET VISION AI\data\lsd\LumpySkinDisease_DataHub\LumpySkinDisease_DataHub\data-processed\lumpy_balanced\lumpy1\Mild718.png
Mild719.png,Mild719.png,Mild,False,256,256,3,RGB,1.0,177183,.png,5d6e4b002f9aac47b84f1b954e09a4944177c9e2f3ff255b24bdf1bf6e808ed3,bcb433f3b1b6a69e,C:\Users\Ashutosh Verma\OneDrive\Desktop\VET VISION AI\data\lsd\LumpySkinDisease_DataHub\LumpySkinDisease_DataHub\data-processed\lumpy_balanced\lumpy1\Mild719.png
Mild720.png,Mild720.png,Mild,False,256,256,3,RGB,1.0,178909,.png,c8811f334fb50dd9cc366513c55a17e3b5ae87555d9fd2f6283ef812230c645a,9d4448482f0d4958,C:\Users\Ashutosh Verma\OneDrive\Desktop\VET VISION AI\data\lsd\LumpySkinDisease_DataHub\LumpySkinDisease_DataHub\data-processed\lumpy_balanced\lumpy1\Mild720.png
Mild721.png,Mild721.png,Mild,False,256,256,3,RGB,1.0,156785,.png,5549ef672ec494f39c238686e0be9d4b37a3ac20acc8074b5313c273a8a4706b,de5844484fa436b6,C:\Users\Ashutosh Verma\OneDrive\Desktop\VET VISION AI\data\lsd\LumpySkinDisease_DataHub\LumpySkinDisease_DataHub\data-processed\lumpy_balanced\lumpy1\Mild721.png
Mild722.png,Mild722.png,Mild,False,256,256,3,RGB,1.0,174518,.png,c5a01041ccf77dfc012b11168c8961dad362c5f631453553bb9d4753fec1beec,4d58c8e62424a424,C:\Users\Ashutosh Verma\OneDrive\Desktop\VET VISION AI\data\lsd\LumpySkinDisease_DataHub\LumpySkinDisease_DataHub\data-processed\lumpy_balanced\lumpy1\Mild722.png
Mild723.png,Mild723.png,Mild,False,256,256,3,RGB,1.0,184805,.png,1694eb140542c6358d4244b27d58b01fc92cfe834ff1f0c1740c785a3f2a47ad,f2687c6849494327,C:\Users\Ashutosh Verma\OneDrive\Desktop\VET VISION AI\data\lsd\LumpySkinDisease_DataHub\LumpySkinDisease_DataHub\data-processed\lumpy_balanced\lumpy1\Mild723.png
Mild724.png,Mild724.png,Mild,False,256,256,3,RGB,1.0,153967,.png,dc6c39f085519d7121bbbf0f20c25a4b7342d1a060e4443c7cb3ea47038586bc,e7c4d4c5ade7c4cd,C:\Users\Ashutosh Verma\OneDrive\Desktop\VET VISION AI\data\lsd\LumpySkinDisease_DataHub\LumpySkinDisease_DataHub\data-processed\lumpy_balanced\lumpy1\Mild724.png
Mild725.png,Mild725.png,Mild,False,256,256,3,RGB,1.0,162045,.png,5d9fcf9ac898ca09231f5b5e21a4a54a239957183fd5eeaf1f49a9c2e4605780,594c5c5c5c797349,C:\Users\Ashutosh Verma\OneDrive\Desktop\VET VISION AI\data\lsd\LumpySkinDisease_DataHub\LumpySkinDisease_DataHub\data-processed\lumpy_balanced\lumpy1\Mild725.png
Mild726.png,Mild726.png,Mild,False,256,256,3,RGB,1.0,153233,.png,e138f0e624bb1d28cea4950efe7e8d0651b5e77992b0b3d1a23fcdcea9a446ba,83117d6a23160603,C:\Users\Ashutosh Verma\OneDrive\Desktop\VET VISION AI\data\lsd\LumpySkinDisease_DataHub\LumpySkinDisease_DataHub\data-processed\lumpy_balanced\lumpy1\Mild726.png
Mild727.png,Mild727.png,Mild,False,256,256,3,RGB,1.0,31356,.png,553119be63654bfa888848a8dcacebebe4da02165099aa975aeea2402ee03e1e,062713731383a427,C:\Users\Ashutosh Verma\OneDrive\Desktop\VET VISION AI\data\lsd\LumpySkinDisease_DataHub\LumpySkinDisease_DataHub\data-processed\lumpy_balanced\lumpy1\Mild727.png
Mild728.png,Mild728.png,Mild,False,256,256,3,RGB,1.0,161110,.png,d2c604fc936914040ca9d78ebb9ce8234907a96d0465804da4f2a5c83774db0f,d06da7ac2c06c442,C:\Users\Ashutosh Verma\OneDrive\Desktop\VET VISION AI\data\lsd\LumpySkinDisease_DataHub\LumpySkinDisease_DataHub\data-processed\lumpy_balanced\lumpy1\Mild728.png
Mild729.png,Mild729.png,Mild,False,256,256,3,RGB,1.0,166094,.png,50ecdf59c68e10128ae913bc16c0cfeea67d4b888bce9ef68a5915c9b218ca81,6f3939f98c8ccc56,C:\Users\Ashutosh Verma\OneDrive\Desktop\VET VISION AI\data\lsd\LumpySkinDisease_DataHub\LumpySkinDisease_DataHub\data-processed\lumpy_balanced\lumpy1\Mild729.png
Mild730.png,Mild730.png,Mild,False,256,256,3,RGB,1.0,153136,.png,81caac13aba9b1fbd060f2bc2d3bbf48b860a1d58d196b63439a054087ae9322,67670125616d6723,C:\Users\Ashutosh Verma\OneDrive\Desktop\VET VISION AI\data\lsd\LumpySkinDisease_DataHub\LumpySkinDisease_DataHub\data-processed\lumpy_balanced\lumpy1\Mild730.png
Mild731.png,Mild731.png,Mild,False,256,256,3,RGB,1.0,157636,.png,cff99478a8aca7e771c84ce5d9bc89d87a87c65477964072f74ad44236ab06bb,3d73333366e66727,C:\Users\Ashutosh Verma\OneDrive\Desktop\VET VISION AI\data\lsd\LumpySkinDisease_DataHub\LumpySkinDisease_DataHub\data-processed\lumpy_balanced\lumpy1\Mild731.png
Mild732.png,Mild732.png,Mild,False,256,256,3,RGB,1.0,176057,.png,41d626227853ca8220700b324d23a47b37c082950ed8c9de9bc7604ef1e91680,a6a53132c985b6b5,C:\Users\Ashutosh Verma\OneDrive\Desktop\VET VISION AI\data\lsd\LumpySkinDisease_DataHub\LumpySkinDisease_DataHub\data-processed\lumpy_balanced\lumpy1\Mild732.png
Mild733.png,Mild733.png,Mild,False,256,256,3,RGB,1.0,159736,.png,fb8440c6a1df31b060dfa25db4be9b8a57cd619842ab7730e2628e5302d962e7,1b644e72e5e549fb,C:\Users\Ashutosh Verma\OneDrive\Desktop\VET VISION AI\data\lsd\LumpySkinDisease_DataHub\LumpySkinDisease_DataHub\data-processed\lumpy_balanced\lumpy1\Mild733.png
Mild734.png,Mild734.png,Mild,False,256,256,3,RGB,1.0,177183,.png,5d6e4b002f9aac47b84f1b954e09a4944177c9e2f3ff255b24bdf1bf6e808ed3,bcb433f3b1b6a69e,C:\Users\Ashutosh Verma\OneDrive\Desktop\VET VISION AI\data\lsd\LumpySkinDisease_DataHub\LumpySkinDisease_DataHub\data-processed\lumpy_balanced\lumpy1\Mild734.png
Mild735.png,Mild735.png,Mild,False,256,256,3,RGB,1.0,176071,.png,b2650f3eb002cc2fd1dd84222314ef92f8ea539fd5dd426de000b72ac7ec462b,29385a7270716676,C:\Users\Ashutosh Verma\OneDrive\Desktop\VET VISION AI\data\lsd\LumpySkinDisease_DataHub\LumpySkinDisease_DataHub\data-processed\lumpy_balanced\lumpy1\Mild735.png
Mild736.png,Mild736.png,Mild,False,256,256,3,RGB,1.0,159140,.png,072469e54911d6e020b1a15caa6ff6d2e6d44f28e4fab69d4a6bab9ea1b65aa1,e6e6b786726426b2,C:\Users\Ashutosh Verma\OneDrive\Desktop\VET VISION AI\data\lsd\LumpySkinDisease_DataHub\LumpySkinDisease_DataHub\data-processed\lumpy_balanced\lumpy1\Mild736.png
Mild737.png,Mild737.png,Mild,False,256,256,3,RGB,1.0,149862,.png,e19cf939d59eaae7db1fa5d6b2c31e82ce940e5ac5089be6f55e5ec6332f8c2a,785ccc620d9cd55c,C:\Users\Ashutosh Verma\OneDrive\Desktop\VET VISION AI\data\lsd\LumpySkinDisease_DataHub\LumpySkinDisease_DataHub\data-processed\lumpy_balanced\lumpy1\Mild737.png
Mild738.png,Mild738.png,Mild,False,256,256,3,RGB,1.0,114371,.png,b83f37be34ad6519ffdd1a32b7cedf801e693977a45097d7c9f747756d686581,c1c1e1e1b3f1f8fc,C:\Users\Ashutosh Verma\OneDrive\Desktop\VET VISION AI\data\lsd\LumpySkinDisease_DataHub\LumpySkinDisease_DataHub\data-processed\lumpy_balanced\lumpy1\Mild738.png
Mild739.png,Mild739.png,Mild,False,256,256,3,RGB,1.0,148562,.png,77bcb9ceb5815d646be793a6f2554207ab83beaf7ad7479ecec246169c891577,b8a8a01a5a2b3a1c,C:\Users\Ashutosh Verma\OneDrive\Desktop\VET VISION AI\data\lsd\LumpySkinDisease_DataHub\LumpySkinDisease_DataHub\data-processed\lumpy_balanced\lumpy1\Mild739.png
Mild740.png,Mild740.png,Mild,False,256,256,3,RGB,1.0,146646,.png,1fb032f17b9450e2c7d342431577d490d9f19af0a69015c9d8138b793ddafbce,8c5fcb91717873e4,C:\Users\Ashutosh Verma\OneDrive\Desktop\VET VISION AI\data\lsd\LumpySkinDisease_DataHub\LumpySkinDisease_DataHub\data-processed\lumpy_balanced\lumpy1\Mild740.png
Mild741.png,Mild741.png,Mild,False,256,256,3,RGB,1.0,178378,.png,dc49d11f1a1c54a2fb75b511454a68166f670dbbb484c1de09d945c875d1d362,8bc53f5c33b96726,C:\Users\Ashutosh Verma\OneDrive\Desktop\VET VISION AI\data\lsd\LumpySkinDisease_DataHub\LumpySkinDisease_DataHub\data-processed\lumpy_balanced\lumpy1\Mild741.png
Mild742.png,Mild742.png,Mild,False,256,256,3,RGB,1.0,175648,.png,8e02bdaed044c4bdafe94b1e0d5e9c23f0cb5dd8615dd6e1773a1118256dd846,a3b4ada9b2fcf8ee,C:\Users\Ashutosh Verma\OneDrive\Desktop\VET VISION AI\data\lsd\LumpySkinDisease_DataHub\LumpySkinDisease_DataHub\data-processed\lumpy_balanced\lumpy1\Mild742.png
Mild743.png,Mild743.png,Mild,False,256,256,3,RGB,1.0,147122,.png,6d81f1accbfc9f9588f31bd4bfb9d89867d5148933580f7555f0943789eeb7b1,d8f9fcfefefc5c61,C:\Users\Ashutosh Verma\OneDrive\Desktop\VET VISION AI\data\lsd\LumpySkinDisease_DataHub\LumpySkinDisease_DataHub\data-processed\lumpy_balanced\lumpy1\Mild743.png
Mild744.png,Mild744.png,Mild,False,256,256,3,RGB,1.0,171388,.png,35e37f4767641154a5a9e61d0381bf3a68bdcb01af1f7fec27850012e13d1911,e6c3f32f2c25a5b5,C:\Users\Ashutosh Verma\OneDrive\Desktop\VET VISION AI\data\lsd\LumpySkinDisease_DataHub\LumpySkinDisease_DataHub\data-processed\lumpy_balanced\lumpy1\Mild744.png
Mild745.png,Mild745.png,Mild,False,256,256,3,RGB,1.0,177400,.png,55ca573b49e3984e8305087fb7c8a7628de6e8d30f0e1af2ec87c305ba274020,917126002e4764ac,C:\Users\Ashutosh Verma\OneDrive\Desktop\VET VISION AI\data\lsd\LumpySkinDisease_DataHub\LumpySkinDisease_DataHub\data-processed\lumpy_balanced\lumpy1\Mild745.png
Mild746.png,Mild746.png,Mild,False,256,256,3,RGB,1.0,162140,.png,7c2f268d5de93143d98ce84a01865033dc3adeda58fa43b1d40ec1120fbdb22b,e7c4d4c5ade7c4cd,C:\Users\Ashutosh Verma\OneDrive\Desktop\VET VISION AI\data\lsd\LumpySkinDisease_DataHub\LumpySkinDisease_DataHub\data-processed\lumpy_balanced\lumpy1\Mild746.png
Mild747.png,Mild747.png,Mild,False,256,256,3,RGB,1.0,171741,.png,6d7dee6eba2cf90519e0e84cf2e7efe2432920871ff0e9ea903f503830932281,09c6ace8be6e76f2,C:\Users\Ashutosh Verma\OneDrive\Desktop\VET VISION AI\data\lsd\LumpySkinDisease_DataHub\LumpySkinDisease_DataHub\data-processed\lumpy_balanced\lumpy1\Mild747.png
Mild748.png,Mild748.png,Mild,False,256,256,3,RGB,1.0,169084,.png,324649899f73efea47a217f5cf2a35973eadf25f0fef17ecad1151b482871f53,839d31f7bf0d698d,C:\Users\Ashutosh Verma\OneDrive\Desktop\VET VISION AI\data\lsd\LumpySkinDisease_DataHub\LumpySkinDisease_DataHub\data-processed\lumpy_balanced\lumpy1\Mild748.png
Mild749.png,Mild749.png,Mild,False,256,256,4,RGBA,1.0,173500,.png,f43fc5c5b7bb167effa2285ceae8d21e65d321a67922e8243bcd06764953be93,925adebe7e531b89,C:\Users\Ashutosh Verma\OneDrive\Desktop\VET VISION AI\data\lsd\LumpySkinDisease_DataHub\LumpySkinDisease_DataHub\data-processed\lumpy_balanced\lumpy1\Mild749.png
Mild750.png,Mild750.png,Mild,False,256,256,3,RGB,1.0,173228,.png,bb7fba3b16c0cbe552e2f1bc6324fcbe1395785977c39e33c35525e4e644fe4c,211bd93983e92b28,C:\Users\Ashutosh Verma\OneDrive\Desktop\VET VISION AI\data\lsd\LumpySkinDisease_DataHub\LumpySkinDisease_DataHub\data-processed\lumpy_balanced\lumpy1\Mild750.png
Mild751.png,Mild751.png,Mild,False,256,256,3,RGB,1.0,149442,.png,d36059a9cc0fe48f38fdf6e05a69ad0eb3b77186c0039ba1fe1aa9307757b03b,cd2432d1d3b2a318,C:\Users\Ashutosh Verma\OneDrive\Desktop\VET VISION AI\data\lsd\LumpySkinDisease_DataHub\LumpySkinDisease_DataHub\data-processed\lumpy_balanced\lumpy1\Mild751.png
Mild752.png,Mild752.png,Mild,False,256,256,3,RGB,1.0,149909,.png,89722a8ca405524ba8565604d49c882da5f2da96e7781a47c3da108941bb7f60,b472cc0d20523070,C:\Users\Ashutosh Verma\OneDrive\Desktop\VET VISION AI\data\lsd\LumpySkinDisease_DataHub\LumpySkinDisease_DataHub\data-processed\lumpy_balanced\lumpy1\Mild752.png
Mild753.png,Mild753.png,Mild,False,256,256,3,RGB,1.0,168104,.png,9f25852927af9857302cc703c5171df8a0cde820eae327dcae7c175a451e6031,e44c3e9b65494948,C:\Users\Ashutosh Verma\OneDrive\Desktop\VET VISION AI\data\lsd\LumpySkinDisease_DataHub\LumpySkinDisease_DataHub\data-processed\lumpy_balanced\lumpy1\Mild753.png
Mild754.png,Mild754.png,Mild,False,256,256,3,RGB,1.0,94723,.png,9b9da63ee043888488f29e3a9a38d391ce24c8d39496bbea548fabdae68ff5fe,00a48c485a138101,C:\Users\Ashutosh Verma\OneDrive\Desktop\VET VISION AI\data\lsd\LumpySkinDisease_DataHub\LumpySkinDisease_DataHub\data-processed\lumpy_balanced\lumpy1\Mild754.png
Mild755.png,Mild755.png,Mild,False,256,256,3,RGB,1.0,123999,.png,fab1bed11f09d63646bd3cb513f72b03c2f21101db70e489df20eef4320dc6ce,233f273b170f2f2f,C:\Users\Ashutosh Verma\OneDrive\Desktop\VET VISION AI\data\lsd\LumpySkinDisease_DataHub\LumpySkinDisease_DataHub\data-processed\lumpy_balanced\lumpy1\Mild755.png
Mild756.png,Mild756.png,Mild,False,256,256,3,RGB,1.0,168704,.png,b304a20aafb36928907fa757fa164b25ce6ca815500be81763b4d7de37fdd195,4848ccccc99327e3,C:\Users\Ashutosh Verma\OneDrive\Desktop\VET VISION AI\data\lsd\LumpySkinDisease_DataHub\LumpySkinDisease_DataHub\data-processed\lumpy_balanced\lumpy1\Mild756.png
Mild757.png,Mild757.png,Mild,False,256,256,3,RGB,1.0,125097,.png,b1d9d7548399b13124c4e5980c1c91f9e3e2bb8f6807c565ca6dcfbba7636434,c80c02c08887067d,C:\Users\Ashutosh Verma\OneDrive\Desktop\VET VISION AI\data\lsd\LumpySkinDisease_DataHub\LumpySkinDisease_DataHub\data-processed\lumpy_balanced\lumpy1\Mild757.png
Mild758.png,Mild758.png,Mild,False,256,256,3,RGB,1.0,148217,.png,55a03a6c9ae09bac201e674fdbe97f8d8104d271c3e7941f461e221dc1475cb8,3456d0f0f0d1745c,C:\Users\Ashutosh Verma\OneDrive\Desktop\VET VISION AI\data\lsd\LumpySkinDisease_DataHub\LumpySkinDisease_DataHub\data-processed\lumpy_balanced\lumpy1\Mild758.png
Mild759.png,Mild759.png,Mild,False,256,256,3,RGB,1.0,164303,.png,81b354401e1a41a32beeb374b37028fd8ecedb2721949168c317fe4e796ad002,f13d2941092d292d,C:\Users\Ashutosh Verma\OneDrive\Desktop\VET VISION AI\data\lsd\LumpySkinDisease_DataHub\LumpySkinDisease_DataHub\data-processed\lumpy_balanced\lumpy1\Mild759.png
Mild760.png,Mild760.png,Mild,False,256,256,3,RGB,1.0,176083,.png,e0b79cea611cb265aa826067a0faa94fca4bad047cde9434440e836c3adb887a,9fcfc6cb4a6ee7f9,C:\Users\Ashutosh Verma\OneDrive\Desktop\VET VISION AI\data\lsd\LumpySkinDisease_DataHub\LumpySkinDisease_DataHub\data-processed\lumpy_balanced\lumpy1\Mild760.png
Mild761.png,Mild761.png,Mild,False,256,256,3,RGB,1.0,139366,.png,8deb2fbcc1f53b62c89c6c144ff95f4063ea08dda4ddc690dcb818ca05e87d09,8dc6e06b4fcd6340,C:\Users\Ashutosh Verma\OneDrive\Desktop\VET VISION AI\data\lsd\LumpySkinDisease_DataHub\LumpySkinDisease_DataHub\data-processed\lumpy_balanced\lumpy1\Mild761.png
Mild762.png,Mild762.png,Mild,False,256,256,3,RGB,1.0,189263,.png,c4f15a2983bbb16670d9245ea00b5f2dec94cad0c35d4f51676e65af98cac5e7,b36e6e6bcd941436,C:\Users\Ashutosh Verma\OneDrive\Desktop\VET VISION AI\data\lsd\LumpySkinDisease_DataHub\LumpySkinDisease_DataHub\data-processed\lumpy_balanced\lumpy1\Mild762.png
Mild763.png,Mild763.png,Mild,False,256,256,3,RGB,1.0,192758,.png,6b43ac84ef7f56c05ab276cda086113a549539919299ce8469dfc239b38f5046,1cd2a92b92979981,C:\Users\Ashutosh Verma\OneDrive\Desktop\VET VISION AI\data\lsd\LumpySkinDisease_DataHub\LumpySkinDisease_DataHub\data-processed\lumpy_balanced\lumpy1\Mild763.png
Mild764.png,Mild764.png,Mild,False,256,256,3,RGB,1.0,176607,.png,187166ff5aa8ce7537f39c8d736cf3b16774437d95ec5d95bc3be48b55825b7c,d8de4b5bc666f8de,C:\Users\Ashutosh Verma\OneDrive\Desktop\VET VISION AI\data\lsd\LumpySkinDisease_DataHub\LumpySkinDisease_DataHub\data-processed\lumpy_balanced\lumpy1\Mild764.png
Mild765.png,Mild765.png,Mild,False,256,256,3,RGB,1.0,158718,.png,e7b85b00fb6f9c366ddae82489d10850155ee67adf9547638b8c7bb517b1c0e7,a42d716b96c4e4e1,C:\Users\Ashutosh Verma\OneDrive\Desktop\VET VISION AI\data\lsd\LumpySkinDisease_DataHub\LumpySkinDisease_DataHub\data-processed\lumpy_balanced\lumpy1\Mild765.png
Mild766.png,Mild766.png,Mild,False,256,256,3,RGB,1.0,183368,.png,e2771621c0512e66aacd7e2d53d0899a4e6695eca4d69bbf9489fef0deec9482,98f0206061d3b304,C:\Users\Ashutosh Verma\OneDrive\Desktop\VET VISION AI\data\lsd\LumpySkinDisease_DataHub\LumpySkinDisease_DataHub\data-processed\lumpy_balanced\lumpy1\Mild766.png
Mild767.png,Mild767.png,Mild,False,256,256,3,RGB,1.0,181637,.png,f0f1a45768d80406decfb18633ac39047ce8496351eec433ad6c90f1d9e99617,a8f133717373bbba,C:\Users\Ashutosh Verma\OneDrive\Desktop\VET VISION AI\data\lsd\LumpySkinDisease_DataHub\LumpySkinDisease_DataHub\data-processed\lumpy_balanced\lumpy1\Mild767.png
Mild768.png,Mild768.png,Mild,False,256,256,3,RGB,1.0,175648,.png,8e02bdaed044c4bdafe94b1e0d5e9c23f0cb5dd8615dd6e1773a1118256dd846,a3b4ada9b2fcf8ee,C:\Users\Ashutosh Verma\OneDrive\Desktop\VET VISION AI\data\lsd\LumpySkinDisease_DataHub\LumpySkinDisease_DataHub\data-processed\lumpy_balanced\lumpy1\Mild768.png
Mild769.png,Mild769.png,Mild,False,256,256,3,RGB,1.0,162045,.png,5d9fcf9ac898ca09231f5b5e21a4a54a239957183fd5eeaf1f49a9c2e4605780,594c5c5c5c797349,C:\Users\Ashutosh Verma\OneDrive\Desktop\VET VISION AI\data\lsd\LumpySkinDisease_DataHub\LumpySkinDisease_DataHub\data-processed\lumpy_balanced\lumpy1\Mild769.png
Mild770.png,Mild770.png,Mild,False,256,256,3,RGB,1.0,153136,.png,81caac13aba9b1fbd060f2bc2d3bbf48b860a1d58d196b63439a054087ae9322,67670125616d6723,C:\Users\Ashutosh Verma\OneDrive\Desktop\VET VISION AI\data\lsd\LumpySkinDisease_DataHub\LumpySkinDisease_DataHub\data-processed\lumpy_balanced\lumpy1\Mild770.png
Mild771.png,Mild771.png,Mild,False,256,256,3,RGB,1.0,183368,.png,e2771621c0512e66aacd7e2d53d0899a4e6695eca4d69bbf9489fef0deec9482,98f0206061d3b304,C:\Users\Ashutosh Verma\OneDrive\Desktop\VET VISION AI\data\lsd\LumpySkinDisease_DataHub\LumpySkinDisease_DataHub\data-processed\lumpy_balanced\lumpy1\Mild771.png
Mild772.png,Mild772.png,Mild,False,256,256,3,RGB,1.0,178378,.png,dc49d11f1a1c54a2fb75b511454a68166f670dbbb484c1de09d945c875d1d362,8bc53f5c33b96726,C:\Users\Ashutosh Verma\OneDrive\Desktop\VET VISION AI\data\lsd\LumpySkinDisease_DataHub\LumpySkinDisease_DataHub\data-processed\lumpy_balanced\lumpy1\Mild772.png
Mild773.png,Mild773.png,Mild,False,256,256,4,RGBA,1.0,173500,.png,f43fc5c5b7bb167effa2285ceae8d21e65d321a67922e8243bcd06764953be93,925adebe7e531b89,C:\Users\Ashutosh Verma\OneDrive\Desktop\VET VISION AI\data\lsd\LumpySkinDisease_DataHub\LumpySkinDisease_DataHub\data-processed\lumpy_balanced\lumpy1\Mild773.png
Mild774.png,Mild774.png,Mild,False,256,256,3,RGB,1.0,123999,.png,fab1bed11f09d63646bd3cb513f72b03c2f21101db70e489df20eef4320dc6ce,233f273b170f2f2f,C:\Users\Ashutosh Verma\OneDrive\Desktop\VET VISION AI\data\lsd\LumpySkinDisease_DataHub\LumpySkinDisease_DataHub\data-processed\lumpy_balanced\lumpy1\Mild774.png
Mild775.png,Mild775.png,Mild,False,256,256,3,RGB,1.0,168704,.png,b304a20aafb36928907fa757fa164b25ce6ca815500be81763b4d7de37fdd195,4848ccccc99327e3,C:\Users\Ashutosh Verma\OneDrive\Desktop\VET VISION AI\data\lsd\LumpySkinDisease_DataHub\LumpySkinDisease_DataHub\data-processed\lumpy_balanced\lumpy1\Mild775.png
Mild776.png,Mild776.png,Mild,False,256,256,3,RGB,1.0,153967,.png,dc6c39f085519d7121bbbf0f20c25a4b7342d1a060e4443c7cb3ea47038586bc,e7c4d4c5ade7c4cd,C:\Users\Ashutosh Verma\OneDrive\Desktop\VET VISION AI\data\lsd\LumpySkinDisease_DataHub\LumpySkinDisease_DataHub\data-processed\lumpy_balanced\lumpy1\Mild776.png
Mild777.png,Mild777.png,Mild,False,256,256,3,RGB,1.0,144006,.png,5e7f7a97890fb39f597c3fe57920006e44bbded6e63c04d569756084cfa06512,8ec6f0627863633c,C:\Users\Ashutosh Verma\OneDrive\Desktop\VET VISION AI\data\lsd\LumpySkinDisease_DataHub\LumpySkinDisease_DataHub\data-processed\lumpy_balanced\lumpy1\Mild777.png
Mild778.png,Mild778.png,Mild,False,256,256,4,RGBA,1.0,173500,.png,f43fc5c5b7bb167effa2285ceae8d21e65d321a67922e8243bcd06764953be93,925adebe7e531b89,C:\Users\Ashutosh Verma\OneDrive\Desktop\VET VISION AI\data\lsd\LumpySkinDisease_DataHub\LumpySkinDisease_DataHub\data-processed\lumpy_balanced\lumpy1\Mild778.png
Mild779.png,Mild779.png,Mild,False,256,256,3,RGB,1.0,106333,.png,32a38e2813b422cf6d5b3d68374a241afa78322526dac7efcd164518e1eb1757,ecc8d4dcdcf4f0c8,C:\Users\Ashutosh Verma\OneDrive\Desktop\VET VISION AI\data\lsd\LumpySkinDisease_DataHub\LumpySkinDisease_DataHub\data-processed\lumpy_balanced\lumpy1\Mild779.png
Mild780.png,Mild780.png,Mild,False,256,256,3,RGB,1.0,167178,.png,bbab9aa06197db53ec4e6ad3fd4cf896b08ab18104f02e94daf900805e297b2c,28989004494846c2,C:\Users\Ashutosh Verma\OneDrive\Desktop\VET VISION AI\data\lsd\LumpySkinDisease_DataHub\LumpySkinDisease_DataHub\data-processed\lumpy_balanced\lumpy1\Mild780.png
Mild781.png,Mild781.png,Mild,False,256,256,3,RGB,1.0,182199,.png,07aba97c1c9617dab433f6c4a092e9fdc652894e49a59dc533e9662ebf356109,27b8909c99989898,C:\Users\Ashutosh Verma\OneDrive\Desktop\VET VISION AI\data\lsd\LumpySkinDisease_DataHub\LumpySkinDisease_DataHub\data-processed\lumpy_balanced\lumpy1\Mild781.png
Mild782.png,Mild782.png,Mild,False,256,256,3,RGB,1.0,168704,.png,b304a20aafb36928907fa757fa164b25ce6ca815500be81763b4d7de37fdd195,4848ccccc99327e3,C:\Users\Ashutosh Verma\OneDrive\Desktop\VET VISION AI\data\lsd\LumpySkinDisease_DataHub\LumpySkinDisease_DataHub\data-processed\lumpy_balanced\lumpy1\Mild782.png
Mild783.png,Mild783.png,Mild,False,256,256,3,RGB,1.0,179093,.png,2d918cf058d98b9dba62d04ba9f0331cca06fc3e0e184537296a5a35a0ca8c2c,daf131333b767272,C:\Users\Ashutosh Verma\OneDrive\Desktop\VET VISION AI\data\lsd\LumpySkinDisease_DataHub\LumpySkinDisease_DataHub\data-processed\lumpy_balanced\lumpy1\Mild783.png
Mild784.png,Mild784.png,Mild,False,256,256,3,RGB,1.0,179093,.png,2d918cf058d98b9dba62d04ba9f0331cca06fc3e0e184537296a5a35a0ca8c2c,daf131333b767272,C:\Users\Ashutosh Verma\OneDrive\Desktop\VET VISION AI\data\lsd\LumpySkinDisease_DataHub\LumpySkinDisease_DataHub\data-processed\lumpy_balanced\lumpy1\Mild784.png
Mild785.png,Mild785.png,Mild,False,256,256,3,RGB,1.0,160419,.png,144f3fdb7f438d6deab6c1aebcfdc046fa2566f8483266ba3440f8ea17c5aa3a,f698b8f147269591,C:\Users\Ashutosh Verma\OneDrive\Desktop\VET VISION AI\data\lsd\LumpySkinDisease_DataHub\LumpySkinDisease_DataHub\data-processed\lumpy_balanced\lumpy1\Mild785.png
Mild786.png,Mild786.png,Mild,False,256,256,3,RGB,1.0,186487,.png,9310db8621864a03f0ad66cad27e3bfbabc92fd7bb13b83d442fa8ba6b5ff681,a39b09cd2d0dc4e4,C:\Users\Ashutosh Verma\OneDrive\Desktop\VET VISION AI\data\lsd\LumpySkinDisease_DataHub\LumpySkinDisease_DataHub\data-processed\lumpy_balanced\lumpy1\Mild786.png
Mild787.png,Mild787.png,Mild,False,256,256,3,RGB,1.0,138016,.png,28c08b1b5366098665b8220a9aa807deee4c337cc3c9d2b1e739352a06ec360c,0e8b4116961e7dc7,C:\Users\Ashutosh Verma\OneDrive\Desktop\VET VISION AI\data\lsd\LumpySkinDisease_DataHub\LumpySkinDisease_DataHub\data-processed\lumpy_balanced\lumpy1\Mild787.png
Mild788.png,Mild788.png,Mild,False,256,256,3,RGB,1.0,126967,.png,32f485f4edb83176d40ffd7a15f6ccfa1f7c37445e8384ae5ff0ca1613fc14fc,fc7972d89ce622e2,C:\Users\Ashutosh Verma\OneDrive\Desktop\VET VISION AI\data\lsd\LumpySkinDisease_DataHub\LumpySkinDisease_DataHub\data-processed\lumpy_balanced\lumpy1\Mild788.png
Mild789.png,Mild789.png,Mild,False,256,256,3,RGB,1.0,158172,.png,2ccb0918029fcf72a51728f8ea49aaaef589bd01258a9f8ed78ac7bcebcbfc92,a42d716b96c4e4e0,C:\Users\Ashutosh Verma\OneDrive\Desktop\VET VISION AI\data\lsd\LumpySkinDisease_DataHub\LumpySkinDisease_DataHub\data-processed\lumpy_balanced\lumpy1\Mild789.png
Mild790.png,Mild790.png,Mild,False,256,256,3,RGB,1.0,186487,.png,9310db8621864a03f0ad66cad27e3bfbabc92fd7bb13b83d442fa8ba6b5ff681,a39b09cd2d0dc4e4,C:\Users\Ashutosh Verma\OneDrive\Desktop\VET VISION AI\data\lsd\LumpySkinDisease_DataHub\LumpySkinDisease_DataHub\data-processed\lumpy_balanced\lumpy1\Mild790.png
Mild791.png,Mild791.png,Mild,False,256,256,3,RGB,1.0,163195,.png,0da192010bb778f88a76afa4a6edf65fb32cb0c63121533a6f1718660367099b,a0390e2225bd8d65,C:\Users\Ashutosh Verma\OneDrive\Desktop\VET VISION AI\data\lsd\LumpySkinDisease_DataHub\LumpySkinDisease_DataHub\data-processed\lumpy_balanced\lumpy1\Mild791.png
Mild792.png,Mild792.png,Mild,False,256,256,3,RGB,1.0,177233,.png,53ae48f93db897605c59dfdbddac9d0444b3fb56df5ebb0f1cdbf814155f1593,7b68eadbfbb35f79,C:\Users\Ashutosh Verma\OneDrive\Desktop\VET VISION AI\data\lsd\LumpySkinDisease_DataHub\LumpySkinDisease_DataHub\data-processed\lumpy_balanced\lumpy1\Mild792.png
Mild793.png,Mild793.png,Mild,False,256,256,3,RGB,1.0,188480,.png,6fc7f8f2947fc7b9b3664b044b6673e958b4b044f5ead57edb589db1cc610230,8fb39a9c991f2961,C:\Users\Ashutosh Verma\OneDrive\Desktop\VET VISION AI\data\lsd\LumpySkinDisease_DataHub\LumpySkinDisease_DataHub\data-processed\lumpy_balanced\lumpy1\Mild793.png
Mild794.png,Mild794.png,Mild,False,256,256,3,RGB,1.0,187635,.png,62d56eb430723a95972099cebdaec25b6d7254f6341c8771e70ad7f3bef33b12,996d69793d2d4c4d,C:\Users\Ashutosh Verma\OneDrive\Desktop\VET VISION AI\data\lsd\LumpySkinDisease_DataHub\LumpySkinDisease_DataHub\data-processed\lumpy_balanced\lumpy1\Mild794.png
Mild795.png,Mild795.png,Mild,False,256,256,3,RGB,1.0,176102,.png,66c0b20a19fb1d97def0fcac7ce0b15769e9ca5b5bcfca7421cd9cf1daeb2ee5,93643c34b4d4ca4b,C:\Users\Ashutosh Verma\OneDrive\Desktop\VET VISION AI\data\lsd\LumpySkinDisease_DataHub\LumpySkinDisease_DataHub\data-processed\lumpy_balanced\lumpy1\Mild795.png
Mild796.png,Mild796.png,Mild,False,256,256,3,RGB,1.0,174369,.png,fe880911ff49178fdfd122a775115e60dcf9633d647cbebb49f4666aa9b68861,18d1d8ccce6a5940,C:\Users\Ashutosh Verma\OneDrive\Desktop\VET VISION AI\data\lsd\LumpySkinDisease_DataHub\LumpySkinDisease_DataHub\data-processed\lumpy_balanced\lumpy1\Mild796.png
Mild797.png,Mild797.png,Mild,False,256,256,3,RGB,1.0,175707,.png,90a8434eb6e65ccaaddd0ba7cbf9eba21f25ec902b7a77713a57372646b7d833,712606002a66cd75,C:\Users\Ashutosh Verma\OneDrive\Desktop\VET VISION AI\data\lsd\LumpySkinDisease_DataHub\LumpySkinDisease_DataHub\data-processed\lumpy_balanced\lumpy1\Mild797.png
Mild798.png,Mild798.png,Mild,False,256,256,3,RGB,1.0,150605,.png,f788b0e55242bb40718da00efaef771b35c28cd190685f8f0c40acefbd9c5026,f37b79f175095666,C:\Users\Ashutosh Verma\OneDrive\Desktop\VET VISION AI\data\lsd\LumpySkinDisease_DataHub\LumpySkinDisease_DataHub\data-processed\lumpy_balanced\lumpy1\Mild798.png
Mild799.png,Mild799.png,Mild,False,256,256,3,RGB,1.0,169951,.png,9d700c071a65e69e6a2e5b3103dfd659f317c05f10a8f88f9f34049b961ac0fe,cbd72636ba1c4e62,C:\Users\Ashutosh Verma\OneDrive\Desktop\VET VISION AI\data\lsd\LumpySkinDisease_DataHub\LumpySkinDisease_DataHub\data-processed\lumpy_balanced\lumpy1\Mild799.png
Mild800.png,Mild800.png,Mild,False,256,256,3,RGB,1.0,128718,.png,cbbc1b50185bebeb372ffa542665e13b69d945b4b7e6946f2fad77646469edac,91988891e971594a,C:\Users\Ashutosh Verma\OneDrive\Desktop\VET VISION AI\data\lsd\LumpySkinDisease_DataHub\LumpySkinDisease_DataHub\data-processed\lumpy_balanced\lumpy1\Mild800.png
Mild801.png,Mild801.png,Mild,False,256,256,3,RGB,1.0,170526,.png,1f51f3a7a371dddd8153441fbadd576d4bddcaddc20bbe82f4012fd5ab166106,a8f333717373baae,C:\Users\Ashutosh Verma\OneDrive\Desktop\VET VISION AI\data\lsd\LumpySkinDisease_DataHub\LumpySkinDisease_DataHub\data-processed\lumpy_balanced\lumpy1\Mild801.png
Mild802.png,Mild802.png,Mild,False,256,256,3,RGB,1.0,170526,.png,1f51f3a7a371dddd8153441fbadd576d4bddcaddc20bbe82f4012fd5ab166106,a8f333717373baae,C:\Users\Ashutosh Verma\OneDrive\Desktop\VET VISION AI\data\lsd\LumpySkinDisease_DataHub\LumpySkinDisease_DataHub\data-processed\lumpy_balanced\lumpy1\Mild802.png
Mild803.png,Mild803.png,Mild,False,256,256,3,RGB,1.0,176083,.png,e0b79cea611cb265aa826067a0faa94fca4bad047cde9434440e836c3adb887a,9fcfc6cb4a6ee7f9,C:\Users\Ashutosh Verma\OneDrive\Desktop\VET VISION AI\data\lsd\LumpySkinDisease_DataHub\LumpySkinDisease_DataHub\data-processed\lumpy_balanced\lumpy1\Mild803.png
Mild804.png,Mild804.png,Mild,False,256,256,3,RGB,1.0,152626,.png,18b53c3b036cf8dd14f703c30a683f0219c2ed8d4782edb2006b453662ebfbba,7a4d8c98cc3c330b,C:\Users\Ashutosh Verma\OneDrive\Desktop\VET VISION AI\data\lsd\LumpySkinDisease_DataHub\LumpySkinDisease_DataHub\data-processed\lumpy_balanced\lumpy1\Mild804.png
Mild805.png,Mild805.png,Mild,False,256,256,3,RGB,1.0,187939,.png,ceac74a3c8234924b62fe6b36693eba7d9cbed504f87a99ab24184dafa93d2e1,b8bcacbc1c1a1e4c,C:\Users\Ashutosh Verma\OneDrive\Desktop\VET VISION AI\data\lsd\LumpySkinDisease_DataHub\LumpySkinDisease_DataHub\data-processed\lumpy_balanced\lumpy1\Mild805.png
Mild806.png,Mild806.png,Mild,False,256,256,3,RGB,1.0,97373,.png,5260662bb2edb960bff1ad664a807b1a541e66f3bd88bd6f04063aed86d8ae38,2f1f3333331b0f0c,C:\Users\Ashutosh Verma\OneDrive\Desktop\VET VISION AI\data\lsd\LumpySkinDisease_DataHub\LumpySkinDisease_DataHub\data-processed\lumpy_balanced\lumpy1\Mild806.png
Mild807.png,Mild807.png,Mild,False,256,256,3,RGB,1.0,182068,.png,36ef7b0033f33554fe0f6b02a6cd27afad21b518643f770142f374d92091c1b3,0c45838c161a3994,C:\Users\Ashutosh Verma\OneDrive\Desktop\VET VISION AI\data\lsd\LumpySkinDisease_DataHub\LumpySkinDisease_DataHub\data-processed\lumpy_balanced\lumpy1\Mild807.png
Mild808.png,Mild808.png,Mild,False,256,256,3,RGB,1.0,161514,.png,b7f8771bb6ea5f56ff09d3aea5fb98d35fedc4b8eb07d24d854aff37bc2bd651,bea21a5e5e5cccce,C:\Users\Ashutosh Verma\OneDrive\Desktop\VET VISION AI\data\lsd\LumpySkinDisease_DataHub\LumpySkinDisease_DataHub\data-processed\lumpy_balanced\lumpy1\Mild808.png
Mild809.png,Mild809.png,Mild,False,256,256,3,RGB,1.0,173028,.png,194e0c7f76612a0bcd7640211dd5a651d14521def6c12095328360549bd78aad,51118db030302133,C:\Users\Ashutosh Verma\OneDrive\Desktop\VET VISION AI\data\lsd\LumpySkinDisease_DataHub\LumpySkinDisease_DataHub\data-processed\lumpy_balanced\lumpy1\Mild809.png
Mild810.png,Mild810.png,Mild,False,256,256,3,RGB,1.0,186622,.png,b33a1673733b9cdd6aaebfca36861607af6a5b034496cd8140d36c0b71b300f1,a797e577317367e3,C:\Users\Ashutosh Verma\OneDrive\Desktop\VET VISION AI\data\lsd\LumpySkinDisease_DataHub\LumpySkinDisease_DataHub\data-processed\lumpy_balanced\lumpy1\Mild810.png
Mild811.png,Mild811.png,Mild,False,256,256,3,RGB,1.0,149489,.png,4e3e77b605c54d71c633ffc111e551da569efe669a550b9e69f171819c9d6dfd,cba16161e9291b5b,C:\Users\Ashutosh Verma\OneDrive\Desktop\VET VISION AI\data\lsd\LumpySkinDisease_DataHub\LumpySkinDisease_DataHub\data-processed\lumpy_balanced\lumpy1\Mild811.png
Mild812.png,Mild812.png,Mild,False,256,256,3,RGB,1.0,153715,.png,4922756ad9bf95b92755e1a97e90bec7baf7dfc4be39770cd10ef3d3e5e897d1,65f9184c491b99bd,C:\Users\Ashutosh Verma\OneDrive\Desktop\VET VISION AI\data\lsd\LumpySkinDisease_DataHub\LumpySkinDisease_DataHub\data-processed\lumpy_balanced\lumpy1\Mild812.png
Mild813.png,Mild813.png,Mild,False,256,256,3,RGB,1.0,175707,.png,90a8434eb6e65ccaaddd0ba7cbf9eba21f25ec902b7a77713a57372646b7d833,712606002a66cd75,C:\Users\Ashutosh Verma\OneDrive\Desktop\VET VISION AI\data\lsd\LumpySkinDisease_DataHub\LumpySkinDisease_DataHub\data-processed\lumpy_balanced\lumpy1\Mild813.png
Mild814.png,Mild814.png,Mild,False,256,256,3,RGB,1.0,175648,.png,8e02bdaed044c4bdafe94b1e0d5e9c23f0cb5dd8615dd6e1773a1118256dd846,a3b4ada9b2fcf8ee,C:\Users\Ashutosh Verma\OneDrive\Desktop\VET VISION AI\data\lsd\LumpySkinDisease_DataHub\LumpySkinDisease_DataHub\data-processed\lumpy_balanced\lumpy1\Mild814.png
Mild815.png,Mild815.png,Mild,False,256,256,3,RGB,1.0,173228,.png,bb7fba3b16c0cbe552e2f1bc6324fcbe1395785977c39e33c35525e4e644fe4c,211bd93983e92b28,C:\Users\Ashutosh Verma\OneDrive\Desktop\VET VISION AI\data\lsd\LumpySkinDisease_DataHub\LumpySkinDisease_DataHub\data-processed\lumpy_balanced\lumpy1\Mild815.png
Mild816.png,Mild816.png,Mild,False,256,256,3,RGB,1.0,162135,.png,dead754d89bc2ed07f389a98acfb3aaec12988fba88cae3936c2ad5a28da8b40,0252193332170c02,C:\Users\Ashutosh Verma\OneDrive\Desktop\VET VISION AI\data\lsd\LumpySkinDisease_DataHub\LumpySkinDisease_DataHub\data-processed\lumpy_balanced\lumpy1\Mild816.png
Mild817.png,Mild817.png,Mild,False,256,256,3,RGB,1.0,178909,.png,c8811f334fb50dd9cc366513c55a17e3b5ae87555d9fd2f6283ef812230c645a,9d4448482f0d4958,C:\Users\Ashutosh Verma\OneDrive\Desktop\VET VISION AI\data\lsd\LumpySkinDisease_DataHub\LumpySkinDisease_DataHub\data-processed\lumpy_balanced\lumpy1\Mild817.png
Mild818.png,Mild818.png,Mild,False,256,256,3,RGB,1.0,54840,.png,4fece159b4aecb7d43f63b8b25b49a5a2a7b56b3b1d1f1556c946ace62873c81,c4c88a265b83c363,C:\Users\Ashutosh Verma\OneDrive\Desktop\VET VISION AI\data\lsd\LumpySkinDisease_DataHub\LumpySkinDisease_DataHub\data-processed\lumpy_balanced\lumpy1\Mild818.png
Mild819.png,Mild819.png,Mild,False,256,256,3,RGB,1.0,178725,.png,ed82a8cdf0a33d2c1d58cf1107ac0c3c191225c8cd9e047f7c859ad0950c5f92,8bc73f5c33b96726,C:\Users\Ashutosh Verma\OneDrive\Desktop\VET VISION AI\data\lsd\LumpySkinDisease_DataHub\LumpySkinDisease_DataHub\data-processed\lumpy_balanced\lumpy1\Mild819.png
Mild820.png,Mild820.png,Mild,False,256,256,3,RGB,1.0,168744,.png,e3f9135fa97b5cd2bdb01fc234ba02677218b1a54d8f4c9db5f8f3a0cc1b850b,d9ddd9fb870e3f37,C:\Users\Ashutosh Verma\OneDrive\Desktop\VET VISION AI\data\lsd\LumpySkinDisease_DataHub\LumpySkinDisease_DataHub\data-processed\lumpy_balanced\lumpy1\Mild820.png
Mild821.png,Mild821.png,Mild,False,256,256,3,RGB,1.0,94723,.png,9b9da63ee043888488f29e3a9a38d391ce24c8d39496bbea548fabdae68ff5fe,00a48c485a138101,C:\Users\Ashutosh Verma\OneDrive\Desktop\VET VISION AI\data\lsd\LumpySkinDisease_DataHub\LumpySkinDisease_DataHub\data-processed\lumpy_balanced\lumpy1\Mild821.png
Mild822.png,Mild822.png,Mild,False,256,256,3,RGB,1.0,164303,.png,81b354401e1a41a32beeb374b37028fd8ecedb2721949168c317fe4e796ad002,f13d2941092d292d,C:\Users\Ashutosh Verma\OneDrive\Desktop\VET VISION AI\data\lsd\LumpySkinDisease_DataHub\LumpySkinDisease_DataHub\data-processed\lumpy_balanced\lumpy1\Mild822.png
Mild823.png,Mild823.png,Mild,False,256,256,3,RGB,1.0,189884,.png,f92efe30fe43b3c31037b53f642e3b3d4ec954ebb12daf8c1491025eb374980e,78ab9389ba7173ba,C:\Users\Ashutosh Verma\OneDrive\Desktop\VET VISION AI\data\lsd\LumpySkinDisease_DataHub\LumpySkinDisease_DataHub\data-processed\lumpy_balanced\lumpy1\Mild823.png
Mild824.png,Mild824.png,Mild,False,256,256,3,RGB,1.0,187531,.png,eb4cb4f1097e9508dbce56dd85885837dbcab30db42f5ca759ba9707560f06b3,18326064a554564c,C:\Users\Ashutosh Verma\OneDrive\Desktop\VET VISION AI\data\lsd\LumpySkinDisease_DataHub\LumpySkinDisease_DataHub\data-processed\lumpy_balanced\lumpy1\Mild824.png
Mild825.png,Mild825.png,Mild,False,256,256,3,RGB,1.0,164476,.png,155c4b4ba86dd375cd173b3b8dcda9b9def549f0ea843798968468061c69f457,49076c454d0d3733,C:\Users\Ashutosh Verma\OneDrive\Desktop\VET VISION AI\data\lsd\LumpySkinDisease_DataHub\LumpySkinDisease_DataHub\data-processed\lumpy_balanced\lumpy1\Mild825.png
Mild826.png,Mild826.png,Mild,False,256,256,3,RGB,1.0,157792,.png,d82fb9c09f8cfaf8936c5148e41398bf70b94d84748c3714e0e46ddc740c19c3,72b11425e5444d0d,C:\Users\Ashutosh Verma\OneDrive\Desktop\VET VISION AI\data\lsd\LumpySkinDisease_DataHub\LumpySkinDisease_DataHub\data-processed\lumpy_balanced\lumpy1\Mild826.png
Mild827.png,Mild827.png,Mild,False,256,256,3,RGB,1.0,172174,.png,9f751a30a79c81803160e95652a4f84b089c4d18319b9d3e40c3059e70f12aad,199bbaa0e1a8bcac,C:\Users\Ashutosh Verma\OneDrive\Desktop\VET VISION AI\data\lsd\LumpySkinDisease_DataHub\LumpySkinDisease_DataHub\data-processed\lumpy_balanced\lumpy1\Mild827.png
Mild828.png,Mild828.png,Mild,False,256,256,3,RGB,1.0,162140,.png,7c2f268d5de93143d98ce84a01865033dc3adeda58fa43b1d40ec1120fbdb22b,e7c4d4c5ade7c4cd,C:\Users\Ashutosh Verma\OneDrive\Desktop\VET VISION AI\data\lsd\LumpySkinDisease_DataHub\LumpySkinDisease_DataHub\data-processed\lumpy_balanced\lumpy1\Mild828.png
Mild829.png,Mild829.png,Mild,False,256,256,3,RGB,1.0,176322,.png,836d6d7d4fd341c12b8e14ee36279d0423f90ffb433b07bfa8142adcfd2c939d,07b8b830b86cc8d0,C:\Users\Ashutosh Verma\OneDrive\Desktop\VET VISION AI\data\lsd\LumpySkinDisease_DataHub\LumpySkinDisease_DataHub\data-processed\lumpy_balanced\lumpy1\Mild829.png
Mild830.png,Mild830.png,Mild,False,256,256,3,RGB,1.0,158718,.png,e7b85b00fb6f9c366ddae82489d10850155ee67adf9547638b8c7bb517b1c0e7,a42d716b96c4e4e1,C:\Users\Ashutosh Verma\OneDrive\Desktop\VET VISION AI\data\lsd\LumpySkinDisease_DataHub\LumpySkinDisease_DataHub\data-processed\lumpy_balanced\lumpy1\Mild830.png
Mild831.png,Mild831.png,Mild,False,256,256,3,RGB,1.0,159292,.png,ca2a71bba4036ea8e12c70cd3ae06d94c0e4342f0e28d43792d7ba43082a030f,39b26aab2e593b1e,C:\Users\Ashutosh Verma\OneDrive\Desktop\VET VISION AI\data\lsd\LumpySkinDisease_DataHub\LumpySkinDisease_DataHub\data-processed\lumpy_balanced\lumpy1\Mild831.png
Mild832.png,Mild832.png,Mild,False,256,256,3,RGB,1.0,177233,.png,53ae48f93db897605c59dfdbddac9d0444b3fb56df5ebb0f1cdbf814155f1593,7b68eadbfbb35f79,C:\Users\Ashutosh Verma\OneDrive\Desktop\VET VISION AI\data\lsd\LumpySkinDisease_DataHub\LumpySkinDisease_DataHub\data-processed\lumpy_balanced\lumpy1\Mild832.png
Mild833.png,Mild833.png,Mild,False,256,256,3,RGB,1.0,188480,.png,6fc7f8f2947fc7b9b3664b044b6673e958b4b044f5ead57edb589db1cc610230,8fb39a9c991f2961,C:\Users\Ashutosh Verma\OneDrive\Desktop\VET VISION AI\data\lsd\LumpySkinDisease_DataHub\LumpySkinDisease_DataHub\data-processed\lumpy_balanced\lumpy1\Mild833.png
Mild834.png,Mild834.png,Mild,False,256,256,3,RGB,1.0,167703,.png,f74f770dc711802fcf2cd996553f48135313e3df3f220621cffc4779b103fab8,321ad89393c2474d,C:\Users\Ashutosh Verma\OneDrive\Desktop\VET VISION AI\data\lsd\LumpySkinDisease_DataHub\LumpySkinDisease_DataHub\data-processed\lumpy_balanced\lumpy1\Mild834.png
Mild835.png,Mild835.png,Mild,False,256,256,3,RGB,1.0,142514,.png,5901c229274dc2e38044b3b69b3a17d7949a62a28cf2dfa48d94f0b2fa18c8d0,2e25019190604baa,C:\Users\Ashutosh Verma\OneDrive\Desktop\VET VISION AI\data\lsd\LumpySkinDisease_DataHub\LumpySkinDisease_DataHub\data-processed\lumpy_balanced\lumpy1\Mild835.png
Mild836.png,Mild836.png,Mild,False,256,256,3,RGB,1.0,162140,.png,7c2f268d5de93143d98ce84a01865033dc3adeda58fa43b1d40ec1120fbdb22b,e7c4d4c5ade7c4cd,C:\Users\Ashutosh Verma\OneDrive\Desktop\VET VISION AI\data\lsd\LumpySkinDisease_DataHub\LumpySkinDisease_DataHub\data-processed\lumpy_balanced\lumpy1\Mild836.png
Mild837.png,Mild837.png,Mild,False,256,256,3,RGB,1.0,148562,.png,77bcb9ceb5815d646be793a6f2554207ab83beaf7ad7479ecec246169c891577,b8a8a01a5a2b3a1c,C:\Users\Ashutosh Verma\OneDrive\Desktop\VET VISION AI\data\lsd\LumpySkinDisease_DataHub\LumpySkinDisease_DataHub\data-processed\lumpy_balanced\lumpy1\Mild837.png
Mild838.png,Mild838.png,Mild,False,256,256,3,RGB,1.0,184805,.png,1694eb140542c6358d4244b27d58b01fc92cfe834ff1f0c1740c785a3f2a47ad,f2687c6849494327,C:\Users\Ashutosh Verma\OneDrive\Desktop\VET VISION AI\data\lsd\LumpySkinDisease_DataHub\LumpySkinDisease_DataHub\data-processed\lumpy_balanced\lumpy1\Mild838.png
Mild839.png,Mild839.png,Mild,False,256,256,3,RGB,1.0,132330,.png,9d59ce37cf92086d0ba4c18da794893e8d5d8759329c8b500861f3b023158743,dc6f73731b41e1d3,C:\Users\Ashutosh Verma\OneDrive\Desktop\VET VISION AI\data\lsd\LumpySkinDisease_DataHub\LumpySkinDisease_DataHub\data-processed\lumpy_balanced\lumpy1\Mild839.png
Mild840.png,Mild840.png,Mild,False,256,256,3,RGB,1.0,140233,.png,7294f3fa90007438871419d2ee6820e9f016ac317de85f3c8654b7dccec1b849,c6bbbb1f9f9a3aeb,C:\Users\Ashutosh Verma\OneDrive\Desktop\VET VISION AI\data\lsd\LumpySkinDisease_DataHub\LumpySkinDisease_DataHub\data-processed\lumpy_balanced\lumpy1\Mild840.png
Mild841.png,Mild841.png,Mild,False,256,256,3,RGB,1.0,137388,.png,e80e3ea622a2d9e3a6e284d373ba180ef7e8e7a178c420de22369702e478e388,49534f170b4b1363,C:\Users\Ashutosh Verma\OneDrive\Desktop\VET VISION AI\data\lsd\LumpySkinDisease_DataHub\LumpySkinDisease_DataHub\data-processed\lumpy_balanced\lumpy1\Mild841.png
Mild842.png,Mild842.png,Mild,False,256,256,3,RGB,1.0,161799,.png,574ecb8f715de37d3b289c08c7bb612af2cc76b194372f13c85e268e267afb67,1f55d786a4b7b676,C:\Users\Ashutosh Verma\OneDrive\Desktop\VET VISION AI\data\lsd\LumpySkinDisease_DataHub\LumpySkinDisease_DataHub\data-processed\lumpy_balanced\lumpy1\Mild842.png
Mild843.png,Mild843.png,Mild,False,256,256,3,RGB,1.0,162534,.png,f4fced61fc1de54d0469c424d978c26c273dc2707c48bf2a832f1b06992abb15,28af8fcccd391937,C:\Users\Ashutosh Verma\OneDrive\Desktop\VET VISION AI\data\lsd\LumpySkinDisease_DataHub\LumpySkinDisease_DataHub\data-processed\lumpy_balanced\lumpy1\Mild843.png
Mild844.png,Mild844.png,Mild,False,256,256,3,RGB,1.0,171388,.png,35e37f4767641154a5a9e61d0381bf3a68bdcb01af1f7fec27850012e13d1911,e6c3f32f2c25a5b5,C:\Users\Ashutosh Verma\OneDrive\Desktop\VET VISION AI\data\lsd\LumpySkinDisease_DataHub\LumpySkinDisease_DataHub\data-processed\lumpy_balanced\lumpy1\Mild844.png
Mild845.png,Mild845.png,Mild,False,256,256,3,RGB,1.0,173119,.png,e39e3db18649e0635e1cb63d19a48ebfb7b2885c9b9aa9deb2138cc2bd212cfb,ecac9ccc95878383,C:\Users\Ashutosh Verma\OneDrive\Desktop\VET VISION AI\data\lsd\LumpySkinDisease_DataHub\LumpySkinDisease_DataHub\data-processed\lumpy_balanced\lumpy1\Mild845.png
Mild846.png,Mild846.png,Mild,False,256,256,3,RGB,1.0,149862,.png,e19cf939d59eaae7db1fa5d6b2c31e82ce940e5ac5089be6f55e5ec6332f8c2a,785ccc620d9cd55c,C:\Users\Ashutosh Verma\OneDrive\Desktop\VET VISION AI\data\lsd\LumpySkinDisease_DataHub\LumpySkinDisease_DataHub\data-processed\lumpy_balanced\lumpy1\Mild846.png
Mild847.png,Mild847.png,Mild,False,256,256,3,RGB,1.0,132330,.png,9d59ce37cf92086d0ba4c18da794893e8d5d8759329c8b500861f3b023158743,dc6f73731b41e1d3,C:\Users\Ashutosh Verma\OneDrive\Desktop\VET VISION AI\data\lsd\LumpySkinDisease_DataHub\LumpySkinDisease_DataHub\data-processed\lumpy_balanced\lumpy1\Mild847.png
Mild848.png,Mild848.png,Mild,False,256,256,3,RGB,1.0,161514,.png,b7f8771bb6ea5f56ff09d3aea5fb98d35fedc4b8eb07d24d854aff37bc2bd651,bea21a5e5e5cccce,C:\Users\Ashutosh Verma\OneDrive\Desktop\VET VISION AI\data\lsd\LumpySkinDisease_DataHub\LumpySkinDisease_DataHub\data-processed\lumpy_balanced\lumpy1\Mild848.png
Mild849.png,Mild849.png,Mild,False,256,256,3,RGB,1.0,142514,.png,5901c229274dc2e38044b3b69b3a17d7949a62a28cf2dfa48d94f0b2fa18c8d0,2e25019190604baa,C:\Users\Ashutosh Verma\OneDrive\Desktop\VET VISION AI\data\lsd\LumpySkinDisease_DataHub\LumpySkinDisease_DataHub\data-processed\lumpy_balanced\lumpy1\Mild849.png
Mild850.png,Mild850.png,Mild,False,256,256,3,RGB,1.0,158718,.png,e7b85b00fb6f9c366ddae82489d10850155ee67adf9547638b8c7bb517b1c0e7,a42d716b96c4e4e1,C:\Users\Ashutosh Verma\OneDrive\Desktop\VET VISION AI\data\lsd\LumpySkinDisease_DataHub\LumpySkinDisease_DataHub\data-processed\lumpy_balanced\lumpy1\Mild850.png
Mild851.png,Mild851.png,Mild,False,256,256,3,RGB,1.0,157792,.png,d82fb9c09f8cfaf8936c5148e41398bf70b94d84748c3714e0e46ddc740c19c3,72b11425e5444d0d,C:\Users\Ashutosh Verma\OneDrive\Desktop\VET VISION AI\data\lsd\LumpySkinDisease_DataHub\LumpySkinDisease_DataHub\data-processed\lumpy_balanced\lumpy1\Mild851.png
Mild852.png,Mild852.png,Mild,False,256,256,3,RGB,1.0,158172,.png,2ccb0918029fcf72a51728f8ea49aaaef589bd01258a9f8ed78ac7bcebcbfc92,a42d716b96c4e4e0,C:\Users\Ashutosh Verma\OneDrive\Desktop\VET VISION AI\data\lsd\LumpySkinDisease_DataHub\LumpySkinDisease_DataHub\data-processed\lumpy_balanced\lumpy1\Mild852.png
Mild853.png,Mild853.png,Mild,False,256,256,3,RGB,1.0,149862,.png,e19cf939d59eaae7db1fa5d6b2c31e82ce940e5ac5089be6f55e5ec6332f8c2a,785ccc620d9cd55c,C:\Users\Ashutosh Verma\OneDrive\Desktop\VET VISION AI\data\lsd\LumpySkinDisease_DataHub\LumpySkinDisease_DataHub\data-processed\lumpy_balanced\lumpy1\Mild853.png
Mild854.png,Mild854.png,Mild,False,256,256,3,RGB,1.0,178378,.png,dc49d11f1a1c54a2fb75b511454a68166f670dbbb484c1de09d945c875d1d362,8bc53f5c33b96726,C:\Users\Ashutosh Verma\OneDrive\Desktop\VET VISION AI\data\lsd\LumpySkinDisease_DataHub\LumpySkinDisease_DataHub\data-processed\lumpy_balanced\lumpy1\Mild854.png
Mild855.png,Mild855.png,Mild,False,256,256,3,RGB,1.0,160962,.png,42fe482a113ff7399631119d9df4ea1a4a51d575f612c44753167b8e19a0a855,fcbad1d0d3b29334,C:\Users\Ashutosh Verma\OneDrive\Desktop\VET VISION AI\data\lsd\LumpySkinDisease_DataHub\LumpySkinDisease_DataHub\data-processed\lumpy_balanced\lumpy1\Mild855.png
Mild856.png,Mild856.png,Mild,False,256,256,3,RGB,1.0,178725,.png,ed82a8cdf0a33d2c1d58cf1107ac0c3c191225c8cd9e047f7c859ad0950c5f92,8bc73f5c33b96726,C:\Users\Ashutosh Verma\OneDrive\Desktop\VET VISION AI\data\lsd\LumpySkinDisease_DataHub\LumpySkinDisease_DataHub\data-processed\lumpy_balanced\lumpy1\Mild856.png
Mild857.png,Mild857.png,Mild,False,256,256,3,RGB,1.0,187398,.png,f84c21e21c5531cb34124c4b1e72f8cc587652c3340575331d3fc6900500cff8,18326064a554564c,C:\Users\Ashutosh Verma\OneDrive\Desktop\VET VISION AI\data\lsd\LumpySkinDisease_DataHub\LumpySkinDisease_DataHub\data-processed\lumpy_balanced\lumpy1\Mild857.png
Mild858.png,Mild858.png,Mild,False,256,256,3,RGB,1.0,148024,.png,c9e951b223ac6e6168a41d19822a352fba7748a95cad8df1cd5f9338d0f3fd61,8ec6636a8d9bc9c9,C:\Users\Ashutosh Verma\OneDrive\Desktop\VET VISION AI\data\lsd\LumpySkinDisease_DataHub\LumpySkinDisease_DataHub\data-processed\lumpy_balanced\lumpy1\Mild858.png
Mild859.png,Mild859.png,Mild,False,256,256,3,RGB,1.0,173376,.png,cc58f06945878c7c2594865540c9368f8111c6c39abff86314e741cf60726645,a783bcaccfdf7b5f,C:\Users\Ashutosh Verma\OneDrive\Desktop\VET VISION AI\data\lsd\LumpySkinDisease_DataHub\LumpySkinDisease_DataHub\data-processed\lumpy_balanced\lumpy1\Mild859.png
Mild860.png,Mild860.png,Mild,False,256,256,3,RGB,1.0,158718,.png,e7b85b00fb6f9c366ddae82489d10850155ee67adf9547638b8c7bb517b1c0e7,a42d716b96c4e4e1,C:\Users\Ashutosh Verma\OneDrive\Desktop\VET VISION AI\data\lsd\LumpySkinDisease_DataHub\LumpySkinDisease_DataHub\data-processed\lumpy_balanced\lumpy1\Mild860.png
Mild861.png,Mild861.png,Mild,False,256,256,3,RGB,1.0,164934,.png,62fce2560bc2b457ffee1eb52021c42c2fdb0bca876566922e9fb1427e795543,7d2d61811b49492a,C:\Users\Ashutosh Verma\OneDrive\Desktop\VET VISION AI\data\lsd\LumpySkinDisease_DataHub\LumpySkinDisease_DataHub\data-processed\lumpy_balanced\lumpy1\Mild861.png
Mild862.png,Mild862.png,Mild,False,256,256,3,RGB,1.0,168862,.png,9826f601bc3f930c33476aad0cabc08fe4a6f1b09f764fc596f55215204b3242,f4f4a18bd27c3ef3,C:\Users\Ashutosh Verma\OneDrive\Desktop\VET VISION AI\data\lsd\LumpySkinDisease_DataHub\LumpySkinDisease_DataHub\data-processed\lumpy_balanced\lumpy1\Mild862.png
Mild863.png,Mild863.png,Mild,False,256,256,3,RGB,1.0,149909,.png,89722a8ca405524ba8565604d49c882da5f2da96e7781a47c3da108941bb7f60,b472cc0d20523070,C:\Users\Ashutosh Verma\OneDrive\Desktop\VET VISION AI\data\lsd\LumpySkinDisease_DataHub\LumpySkinDisease_DataHub\data-processed\lumpy_balanced\lumpy1\Mild863.png
Mild864.png,Mild864.png,Mild,False,256,256,3,RGB,1.0,170526,.png,1f51f3a7a371dddd8153441fbadd576d4bddcaddc20bbe82f4012fd5ab166106,a8f333717373baae,C:\Users\Ashutosh Verma\OneDrive\Desktop\VET VISION AI\data\lsd\LumpySkinDisease_DataHub\LumpySkinDisease_DataHub\data-processed\lumpy_balanced\lumpy1\Mild864.png
Mild865.png,Mild865.png,Mild,False,256,256,3,RGB,1.0,160301,.png,6fe05a5f57d6a79a789a316b20462eaa561010575c179518445edda2d634c681,eaa96ed6dee46b0b,C:\Users\Ashutosh Verma\OneDrive\Desktop\VET VISION AI\data\lsd\LumpySkinDisease_DataHub\LumpySkinDisease_DataHub\data-processed\lumpy_balanced\lumpy1\Mild865.png
Mild866.png,Mild866.png,Mild,False,256,256,3,RGB,1.0,165542,.png,73bebe3a0ab078944f662fb40c0cf16da2a1735bc8a53faf33756dba25078be6,8c5fcb9171787364,C:\Users\Ashutosh Verma\OneDrive\Desktop\VET VISION AI\data\lsd\LumpySkinDisease_DataHub\LumpySkinDisease_DataHub\data-processed\lumpy_balanced\lumpy1\Mild866.png
Mild867.png,Mild867.png,Mild,False,256,256,3,RGB,1.0,178725,.png,ed82a8cdf0a33d2c1d58cf1107ac0c3c191225c8cd9e047f7c859ad0950c5f92,8bc73f5c33b96726,C:\Users\Ashutosh Verma\OneDrive\Desktop\VET VISION AI\data\lsd\LumpySkinDisease_DataHub\LumpySkinDisease_DataHub\data-processed\lumpy_balanced\lumpy1\Mild867.png
Mild868.png,Mild868.png,Mild,False,256,256,3,RGB,1.0,173478,.png,1b94d7cb567ab2d3ec2b295023c2cca29476f35ad3e328ea1f76c789546da074,93643c34b4d4ca4b,C:\Users\Ashutosh Verma\OneDrive\Desktop\VET VISION AI\data\lsd\LumpySkinDisease_DataHub\LumpySkinDisease_DataHub\data-processed\lumpy_balanced\lumpy1\Mild868.png
Mild869.png,Mild869.png,Mild,False,256,256,3,RGB,1.0,182199,.png,07aba97c1c9617dab433f6c4a092e9fdc652894e49a59dc533e9662ebf356109,27b8909c99989898,C:\Users\Ashutosh Verma\OneDrive\Desktop\VET VISION AI\data\lsd\LumpySkinDisease_DataHub\LumpySkinDisease_DataHub\data-processed\lumpy_balanced\lumpy1\Mild869.png
Mild870.png,Mild870.png,Mild,False,256,256,3,RGB,1.0,161862,.png,abb8546188ddd9286cba49fb70506760464b24f582f4652fc2e8a68e8f62a321,d23636129f95c7c7,C:\Users\Ashutosh Verma\OneDrive\Desktop\VET VISION AI\data\lsd\LumpySkinDisease_DataHub\LumpySkinDisease_DataHub\data-processed\lumpy_balanced\lumpy1\Mild870.png
Mild871.png,Mild871.png,Mild,False,256,256,3,RGB,1.0,94723,.png,9b9da63ee043888488f29e3a9a38d391ce24c8d39496bbea548fabdae68ff5fe,00a48c485a138101,C:\Users\Ashutosh Verma\OneDrive\Desktop\VET VISION AI\data\lsd\LumpySkinDisease_DataHub\LumpySkinDisease_DataHub\data-processed\lumpy_balanced\lumpy1\Mild871.png
Mild872.png,Mild872.png,Mild,False,256,256,3,RGB,1.0,114371,.png,b83f37be34ad6519ffdd1a32b7cedf801e693977a45097d7c9f747756d686581,c1c1e1e1b3f1f8fc,C:\Users\Ashutosh Verma\OneDrive\Desktop\VET VISION AI\data\lsd\LumpySkinDisease_DataHub\LumpySkinDisease_DataHub\data-processed\lumpy_balanced\lumpy1\Mild872.png
Mild873.png,Mild873.png,Mild,False,256,256,3,RGB,1.0,162325,.png,a405aa5f037b28ca06df28666f42801b4901653141bd5fd3e8dc70aa01abef6b,ce9f3cbe9ddc1814,C:\Users\Ashutosh Verma\OneDrive\Desktop\VET VISION AI\data\lsd\LumpySkinDisease_DataHub\LumpySkinDisease_DataHub\data-processed\lumpy_balanced\lumpy1\Mild873.png
Mild874.png,Mild874.png,Mild,False,256,256,3,RGB,1.0,138369,.png,ab9fa953b9b6380c4b4c96125410933783681e08085bc1b915c83fa9e4665fdc,096a65f26f792236,C:\Users\Ashutosh Verma\OneDrive\Desktop\VET VISION AI\data\lsd\LumpySkinDisease_DataHub\LumpySkinDisease_DataHub\data-processed\lumpy_balanced\lumpy1\Mild874.png
Mild875.png,Mild875.png,Mild,False,256,256,3,RGB,1.0,184310,.png,abb22fd66bf7ae296c0a128498f9d8ed553c5ee360ab2537a0ab9111953cf206,49b92f8b9b8fa92f,C:\Users\Ashutosh Verma\OneDrive\Desktop\VET VISION AI\data\lsd\LumpySkinDisease_DataHub\LumpySkinDisease_DataHub\data-processed\lumpy_balanced\lumpy1\Mild875.png
Mild876.png,Mild876.png,Mild,False,256,256,3,RGB,1.0,183681,.png,394c4f939a3af11905d862271d8d4e41cc5d8bf2a66f3b176c2e83a6b08d2912,8b6be9d0e2e8db6a,C:\Users\Ashutosh Verma\OneDrive\Desktop\VET VISION AI\data\lsd\LumpySkinDisease_DataHub\LumpySkinDisease_DataHub\data-processed\lumpy_balanced\lumpy1\Mild876.png
Mild877.png,Mild877.png,Mild,False,256,256,3,RGB,1.0,159292,.png,ca2a71bba4036ea8e12c70cd3ae06d94c0e4342f0e28d43792d7ba43082a030f,39b26aab2e593b1e,C:\Users\Ashutosh Verma\OneDrive\Desktop\VET VISION AI\data\lsd\LumpySkinDisease_DataHub\LumpySkinDisease_DataHub\data-processed\lumpy_balanced\lumpy1\Mild877.png
Mild878.png,Mild878.png,Mild,False,256,256,3,RGB,1.0,184161,.png,56f18e8c3242bb1295b4c8225d6c80ae2df1290732b81f1f3fc97a8cad12f75f,1cd0bab6f2de6e61,C:\Users\Ashutosh Verma\OneDrive\Desktop\VET VISION AI\data\lsd\LumpySkinDisease_DataHub\LumpySkinDisease_DataHub\data-processed\lumpy_balanced\lumpy1\Mild878.png
Mild879.png,Mild879.png,Mild,False,256,256,3,RGB,1.0,114371,.png,b83f37be34ad6519ffdd1a32b7cedf801e693977a45097d7c9f747756d686581,c1c1e1e1b3f1f8fc,C:\Users\Ashutosh Verma\OneDrive\Desktop\VET VISION AI\data\lsd\LumpySkinDisease_DataHub\LumpySkinDisease_DataHub\data-processed\lumpy_balanced\lumpy1\Mild879.png
Mild880.png,Mild880.png,Mild,False,256,256,3,RGB,1.0,129055,.png,e2c32f3662221bc66eb1f56cc921ccc6a4870d9ab0f3f6ed74f8108ac65214d8,514951496979596d,C:\Users\Ashutosh Verma\OneDrive\Desktop\VET VISION AI\data\lsd\LumpySkinDisease_DataHub\LumpySkinDisease_DataHub\data-processed\lumpy_balanced\lumpy1\Mild880.png
Mild881.png,Mild881.png,Mild,False,256,256,3,RGB,1.0,114371,.png,b83f37be34ad6519ffdd1a32b7cedf801e693977a45097d7c9f747756d686581,c1c1e1e1b3f1f8fc,C:\Users\Ashutosh Verma\OneDrive\Desktop\VET VISION AI\data\lsd\LumpySkinDisease_DataHub\LumpySkinDisease_DataHub\data-processed\lumpy_balanced\lumpy1\Mild881.png
Mild882.png,Mild882.png,Mild,False,256,256,3,RGB,1.0,161110,.png,d2c604fc936914040ca9d78ebb9ce8234907a96d0465804da4f2a5c83774db0f,d06da7ac2c06c442,C:\Users\Ashutosh Verma\OneDrive\Desktop\VET VISION AI\data\lsd\LumpySkinDisease_DataHub\LumpySkinDisease_DataHub\data-processed\lumpy_balanced\lumpy1\Mild882.png
Mild883.png,Mild883.png,Mild,False,256,256,3,RGB,1.0,174018,.png,6934dd861537017483ad59520f90e65a58185ec855b4a81b8835fe61a33b201d,a3b4ada9b2fcf8ee,C:\Users\Ashutosh Verma\OneDrive\Desktop\VET VISION AI\data\lsd\LumpySkinDisease_DataHub\LumpySkinDisease_DataHub\data-processed\lumpy_balanced\lumpy1\Mild883.png
Mild884.png,Mild884.png,Mild,False,256,256,3,RGB,1.0,187188,.png,2147476a5a7d5e04584043481cf6320283e54efa8ecc0b3f98e7612220c1a226,e7b3f9d95a9595cd,C:\Users\Ashutosh Verma\OneDrive\Desktop\VET VISION AI\data\lsd\LumpySkinDisease_DataHub\LumpySkinDisease_DataHub\data-processed\lumpy_balanced\lumpy1\Mild884.png
Mild885.png,Mild885.png,Mild,False,256,256,3,RGB,1.0,163557,.png,7d617cb7db3e03c9bbd5fad7d92688ad36184a59000d4b18d5fed003ce091076,94e472c8c6a6a6c6,C:\Users\Ashutosh Verma\OneDrive\Desktop\VET VISION AI\data\lsd\LumpySkinDisease_DataHub\LumpySkinDisease_DataHub\data-processed\lumpy_balanced\lumpy1\Mild885.png
Mild886.png,Mild886.png,Mild,False,256,256,3,RGB,1.0,153233,.png,e138f0e624bb1d28cea4950efe7e8d0651b5e77992b0b3d1a23fcdcea9a446ba,83117d6a23160603,C:\Users\Ashutosh Verma\OneDrive\Desktop\VET VISION AI\data\lsd\LumpySkinDisease_DataHub\LumpySkinDisease_DataHub\data-processed\lumpy_balanced\lumpy1\Mild886.png
Mild887.png,Mild887.png,Mild,False,256,256,3,RGB,1.0,157636,.png,cff99478a8aca7e771c84ce5d9bc89d87a87c65477964072f74ad44236ab06bb,3d73333366e66727,C:\Users\Ashutosh Verma\OneDrive\Desktop\VET VISION AI\data\lsd\LumpySkinDisease_DataHub\LumpySkinDisease_DataHub\data-processed\lumpy_balanced\lumpy1\Mild887.png
Mild888.png,Mild888.png,Mild,False,256,256,3,RGB,1.0,159536,.png,b42ff68a384844115c5e357505065fdc1357b8801c3c1396a7125416b6cbd7e8,5301c8f0978c94d4,C:\Users\Ashutosh Verma\OneDrive\Desktop\VET VISION AI\data\lsd\LumpySkinDisease_DataHub\LumpySkinDisease_DataHub\data-processed\lumpy_balanced\lumpy1\Mild888.png
Mild889.png,Mild889.png,Mild,False,256,256,3,RGB,1.0,114371,.png,b83f37be34ad6519ffdd1a32b7cedf801e693977a45097d7c9f747756d686581,c1c1e1e1b3f1f8fc,C:\Users\Ashutosh Verma\OneDrive\Desktop\VET VISION AI\data\lsd\LumpySkinDisease_DataHub\LumpySkinDisease_DataHub\data-processed\lumpy_balanced\lumpy1\Mild889.png
Mild890.png,Mild890.png,Mild,False,256,256,3,RGB,1.0,148024,.png,c9e951b223ac6e6168a41d19822a352fba7748a95cad8df1cd5f9338d0f3fd61,8ec6636a8d9bc9c9,C:\Users\Ashutosh Verma\OneDrive\Desktop\VET VISION AI\data\lsd\LumpySkinDisease_DataHub\LumpySkinDisease_DataHub\data-processed\lumpy_balanced\lumpy1\Mild890.png
Mild891.png,Mild891.png,Mild,False,256,256,3,RGB,1.0,176220,.png,0faf60cfe585e3ef2738630fca7c4c7cb3c8c47227f6d09fe3e6b4307290d86e,388c8cdab9bace67,C:\Users\Ashutosh Verma\OneDrive\Desktop\VET VISION AI\data\lsd\LumpySkinDisease_DataHub\LumpySkinDisease_DataHub\data-processed\lumpy_balanced\lumpy1\Mild891.png
Mild892.png,Mild892.png,Mild,False,256,256,3,RGB,1.0,174003,.png,79b48f5c0fe08bedc9162772b29827377ed7f3af80319db392514e7643943925,b7e6a283a2080917,C:\Users\Ashutosh Verma\OneDrive\Desktop\VET VISION AI\data\lsd\LumpySkinDisease_DataHub\LumpySkinDisease_DataHub\data-processed\lumpy_balanced\lumpy1\Mild892.png
Mild893.png,Mild893.png,Mild,False,256,256,3,RGB,1.0,174320,.png,09de12ef76e41e694019712c9943cd9d9880cc5ec63dc4f05db7b2f93d5f8c41,0c45838c161a3934,C:\Users\Ashutosh Verma\OneDrive\Desktop\VET VISION AI\data\lsd\LumpySkinDisease_DataHub\LumpySkinDisease_DataHub\data-processed\lumpy_balanced\lumpy1\Mild893.png
Mild894.png,Mild894.png,Mild,False,256,256,3,RGB,1.0,149862,.png,e19cf939d59eaae7db1fa5d6b2c31e82ce940e5ac5089be6f55e5ec6332f8c2a,785ccc620d9cd55c,C:\Users\Ashutosh Verma\OneDrive\Desktop\VET VISION AI\data\lsd\LumpySkinDisease_DataHub\LumpySkinDisease_DataHub\data-processed\lumpy_balanced\lumpy1\Mild894.png
Mild895.png,Mild895.png,Mild,False,256,256,3,RGB,1.0,175956,.png,abbbcf20c845a3f8e4d21d89d4b92c179c7819df9913000b5cb7b57ef0b18950,c2c833f3b12113a6,C:\Users\Ashutosh Verma\OneDrive\Desktop\VET VISION AI\data\lsd\LumpySkinDisease_DataHub\LumpySkinDisease_DataHub\data-processed\lumpy_balanced\lumpy1\Mild895.png
Mild896.png,Mild896.png,Mild,False,256,256,3,RGB,1.0,174320,.png,09de12ef76e41e694019712c9943cd9d9880cc5ec63dc4f05db7b2f93d5f8c41,0c45838c161a3934,C:\Users\Ashutosh Verma\OneDrive\Desktop\VET VISION AI\data\lsd\LumpySkinDisease_DataHub\LumpySkinDisease_DataHub\data-processed\lumpy_balanced\lumpy1\Mild896.png
Mild897.png,Mild897.png,Mild,False,256,256,3,RGB,1.0,153127,.png,9905a03b249443571c8f2f127a911305de4ae92404239d0e56cb065ce33ee6f4,475d5c7c7c347c14,C:\Users\Ashutosh Verma\OneDrive\Desktop\VET VISION AI\data\lsd\LumpySkinDisease_DataHub\LumpySkinDisease_DataHub\data-processed\lumpy_balanced\lumpy1\Mild897.png
Mild898.png,Mild898.png,Mild,False,256,256,3,RGB,1.0,173376,.png,cc58f06945878c7c2594865540c9368f8111c6c39abff86314e741cf60726645,a783bcaccfdf7b5f,C:\Users\Ashutosh Verma\OneDrive\Desktop\VET VISION AI\data\lsd\LumpySkinDisease_DataHub\LumpySkinDisease_DataHub\data-processed\lumpy_balanced\lumpy1\Mild898.png
Mild899.png,Mild899.png,Mild,False,256,256,3,RGB,1.0,187939,.png,ceac74a3c8234924b62fe6b36693eba7d9cbed504f87a99ab24184dafa93d2e1,b8bcacbc1c1a1e4c,C:\Users\Ashutosh Verma\OneDrive\Desktop\VET VISION AI\data\lsd\LumpySkinDisease_DataHub\LumpySkinDisease_DataHub\data-processed\lumpy_balanced\lumpy1\Mild899.png
Mild900.png,Mild900.png,Mild,False,256,256,3,RGB,1.0,147122,.png,6d81f1accbfc9f9588f31bd4bfb9d89867d5148933580f7555f0943789eeb7b1,d8f9fcfefefc5c61,C:\Users\Ashutosh Verma\OneDrive\Desktop\VET VISION AI\data\lsd\LumpySkinDisease_DataHub\LumpySkinDisease_DataHub\data-processed\lumpy_balanced\lumpy1\Mild900.png
Mild901.png,Mild901.png,Mild,False,256,256,3,RGB,1.0,179975,.png,edab7f79b9c20991806949445af884574255c1d3cc59bc59283cb0d9f4332de8,38bb6323954d0bda,C:\Users\Ashutosh Verma\OneDrive\Desktop\VET VISION AI\data\lsd\LumpySkinDisease_DataHub\LumpySkinDisease_DataHub\data-processed\lumpy_balanced\lumpy1\Mild901.png
Mild902.png,Mild902.png,Mild,False,256,256,3,RGB,1.0,171388,.png,35e37f4767641154a5a9e61d0381bf3a68bdcb01af1f7fec27850012e13d1911,e6c3f32f2c25a5b5,C:\Users\Ashutosh Verma\OneDrive\Desktop\VET VISION AI\data\lsd\LumpySkinDisease_DataHub\LumpySkinDisease_DataHub\data-processed\lumpy_balanced\lumpy1\Mild902.png
Mild903.png,Mild903.png,Mild,False,256,256,3,RGB,1.0,144458,.png,18eed3b187c03abc3a64b05061b4559538f81dce6e00b791610a48275468f468,3424283b5f5d5dcd,C:\Users\Ashutosh Verma\OneDrive\Desktop\VET VISION AI\data\lsd\LumpySkinDisease_DataHub\LumpySkinDisease_DataHub\data-processed\lumpy_balanced\lumpy1\Mild903.png
Mild904.png,Mild904.png,Mild,False,256,256,3,RGB,1.0,161799,.png,574ecb8f715de37d3b289c08c7bb612af2cc76b194372f13c85e268e267afb67,1f55d786a4b7b676,C:\Users\Ashutosh Verma\OneDrive\Desktop\VET VISION AI\data\lsd\LumpySkinDisease_DataHub\LumpySkinDisease_DataHub\data-processed\lumpy_balanced\lumpy1\Mild904.png
Mild905.png,Mild905.png,Mild,False,256,256,3,RGB,1.0,181259,.png,b111765c950fcb9fa0d4142eda8269a33a0202d648d9450898d84d13294045a8,c6445c4e287c1030,C:\Users\Ashutosh Verma\OneDrive\Desktop\VET VISION AI\data\lsd\LumpySkinDisease_DataHub\LumpySkinDisease_DataHub\data-processed\lumpy_balanced\lumpy1\Mild905.png
Mild906.png,Mild906.png,Mild,False,256,256,3,RGB,1.0,167740,.png,d2a16fa6e0bcbd323dbb58c2dbb2dbaf6cc0903d35b19b80793f58ac04b2befb,34cce0c0f0b29595,C:\Users\Ashutosh Verma\OneDrive\Desktop\VET VISION AI\data\lsd\LumpySkinDisease_DataHub\LumpySkinDisease_DataHub\data-processed\lumpy_balanced\lumpy1\Mild906.png
Mild907.png,Mild907.png,Mild,False,256,256,3,RGB,1.0,161862,.png,abb8546188ddd9286cba49fb70506760464b24f582f4652fc2e8a68e8f62a321,d23636129f95c7c7,C:\Users\Ashutosh Verma\OneDrive\Desktop\VET VISION AI\data\lsd\LumpySkinDisease_DataHub\LumpySkinDisease_DataHub\data-processed\lumpy_balanced\lumpy1\Mild907.png
Mild908.png,Mild908.png,Mild,False,256,256,3,RGB,1.0,162577,.png,5269dc2ecebb730c44ed44601a5dad25f8d5b0b6c4ba7295b99382e4f8995066,ce4f5f5ef4731319,C:\Users\Ashutosh Verma\OneDrive\Desktop\VET VISION AI\data\lsd\LumpySkinDisease_DataHub\LumpySkinDisease_DataHub\data-processed\lumpy_balanced\lumpy1\Mild908.png
Mild909.png,Mild909.png,Mild,False,256,256,3,RGB,1.0,148024,.png,c9e951b223ac6e6168a41d19822a352fba7748a95cad8df1cd5f9338d0f3fd61,8ec6636a8d9bc9c9,C:\Users\Ashutosh Verma\OneDrive\Desktop\VET VISION AI\data\lsd\LumpySkinDisease_DataHub\LumpySkinDisease_DataHub\data-processed\lumpy_balanced\lumpy1\Mild909.png
Mild910.png,Mild910.png,Mild,False,256,256,3,RGB,1.0,175648,.png,8e02bdaed044c4bdafe94b1e0d5e9c23f0cb5dd8615dd6e1773a1118256dd846,a3b4ada9b2fcf8ee,C:\Users\Ashutosh Verma\OneDrive\Desktop\VET VISION AI\data\lsd\LumpySkinDisease_DataHub\LumpySkinDisease_DataHub\data-processed\lumpy_balanced\lumpy1\Mild910.png
Mild911.png,Mild911.png,Mild,False,256,256,3,RGB,1.0,139366,.png,8deb2fbcc1f53b62c89c6c144ff95f4063ea08dda4ddc690dcb818ca05e87d09,8dc6e06b4fcd6340,C:\Users\Ashutosh Verma\OneDrive\Desktop\VET VISION AI\data\lsd\LumpySkinDisease_DataHub\LumpySkinDisease_DataHub\data-processed\lumpy_balanced\lumpy1\Mild911.png
Mild912.png,Mild912.png,Mild,False,256,256,3,RGB,1.0,147122,.png,6d81f1accbfc9f9588f31bd4bfb9d89867d5148933580f7555f0943789eeb7b1,d8f9fcfefefc5c61,C:\Users\Ashutosh Verma\OneDrive\Desktop\VET VISION AI\data\lsd\LumpySkinDisease_DataHub\LumpySkinDisease_DataHub\data-processed\lumpy_balanced\lumpy1\Mild912.png
Mild913.png,Mild913.png,Mild,False,256,256,3,RGB,1.0,181637,.png,f0f1a45768d80406decfb18633ac39047ce8496351eec433ad6c90f1d9e99617,a8f133717373bbba,C:\Users\Ashutosh Verma\OneDrive\Desktop\VET VISION AI\data\lsd\LumpySkinDisease_DataHub\LumpySkinDisease_DataHub\data-processed\lumpy_balanced\lumpy1\Mild913.png
Mild914.png,Mild914.png,Mild,False,256,256,3,RGB,1.0,166783,.png,70f24f9332c29e19fc2d23332a0f6b95e41cbf6759a97efa99f55247856b28b6,27666c6cf1f8df38,C:\Users\Ashutosh Verma\OneDrive\Desktop\VET VISION AI\data\lsd\LumpySkinDisease_DataHub\LumpySkinDisease_DataHub\data-processed\lumpy_balanced\lumpy1\Mild914.png
Mild915.png,Mild915.png,Mild,False,256,256,3,RGB,1.0,153715,.png,4922756ad9bf95b92755e1a97e90bec7baf7dfc4be39770cd10ef3d3e5e897d1,65f9184c491b99bd,C:\Users\Ashutosh Verma\OneDrive\Desktop\VET VISION AI\data\lsd\LumpySkinDisease_DataHub\LumpySkinDisease_DataHub\data-processed\lumpy_balanced\lumpy1\Mild915.png
Mild916.png,Mild916.png,Mild,False,256,256,3,RGB,1.0,171769,.png,62b5e152a6264cf8ec26805a364a69ffa36d4cf927e8edf27142c48d435409ea,60654d2232e1a663,C:\Users\Ashutosh Verma\OneDrive\Desktop\VET VISION AI\data\lsd\LumpySkinDisease_DataHub\LumpySkinDisease_DataHub\data-processed\lumpy_balanced\lumpy1\Mild916.png
Mild917.png,Mild917.png,Mild,False,256,256,3,RGB,1.0,160419,.png,144f3fdb7f438d6deab6c1aebcfdc046fa2566f8483266ba3440f8ea17c5aa3a,f698b8f147269591,C:\Users\Ashutosh Verma\OneDrive\Desktop\VET VISION AI\data\lsd\LumpySkinDisease_DataHub\LumpySkinDisease_DataHub\data-processed\lumpy_balanced\lumpy1\Mild917.png
Mild918.png,Mild918.png,Mild,False,256,256,3,RGB,1.0,182955,.png,cf0decc97e5f837e8fb407fc33383b47dc401e442fd6d13ef6ce401534072a2f,42666779332e2f4d,C:\Users\Ashutosh Verma\OneDrive\Desktop\VET VISION AI\data\lsd\LumpySkinDisease_DataHub\LumpySkinDisease_DataHub\data-processed\lumpy_balanced\lumpy1\Mild918.png
Mild919.png,Mild919.png,Mild,False,256,256,3,RGB,1.0,174003,.png,79b48f5c0fe08bedc9162772b29827377ed7f3af80319db392514e7643943925,b7e6a283a2080917,C:\Users\Ashutosh Verma\OneDrive\Desktop\VET VISION AI\data\lsd\LumpySkinDisease_DataHub\LumpySkinDisease_DataHub\data-processed\lumpy_balanced\lumpy1\Mild919.png
Mild920.png,Mild920.png,Mild,False,256,256,3,RGB,1.0,144458,.png,18eed3b187c03abc3a64b05061b4559538f81dce6e00b791610a48275468f468,3424283b5f5d5dcd,C:\Users\Ashutosh Verma\OneDrive\Desktop\VET VISION AI\data\lsd\LumpySkinDisease_DataHub\LumpySkinDisease_DataHub\data-processed\lumpy_balanced\lumpy1\Mild920.png
Mild921.png,Mild921.png,Mild,False,256,256,3,RGB,1.0,170586,.png,43d0e20c5eb24bfdabec3197df3a7a9f580ef03f2d94829741f55b481795b106,4f4fe0b4a7439ba7,C:\Users\Ashutosh Verma\OneDrive\Desktop\VET VISION AI\data\lsd\LumpySkinDisease_DataHub\LumpySkinDisease_DataHub\data-processed\lumpy_balanced\lumpy1\Mild921.png
Mild922.png,Mild922.png,Mild,False,256,256,3,RGB,1.0,162325,.png,a405aa5f037b28ca06df28666f42801b4901653141bd5fd3e8dc70aa01abef6b,ce9f3cbe9ddc1814,C:\Users\Ashutosh Verma\OneDrive\Desktop\VET VISION AI\data\lsd\LumpySkinDisease_DataHub\LumpySkinDisease_DataHub\data-processed\lumpy_balanced\lumpy1\Mild922.png
Mild923.png,Mild923.png,Mild,False,256,256,3,RGB,1.0,189263,.png,c4f15a2983bbb16670d9245ea00b5f2dec94cad0c35d4f51676e65af98cac5e7,b36e6e6bcd941436,C:\Users\Ashutosh Verma\OneDrive\Desktop\VET VISION AI\data\lsd\LumpySkinDisease_DataHub\LumpySkinDisease_DataHub\data-processed\lumpy_balanced\lumpy1\Mild923.png
Mild924.png,Mild924.png,Mild,False,256,256,3,RGB,1.0,176071,.png,b2650f3eb002cc2fd1dd84222314ef92f8ea539fd5dd426de000b72ac7ec462b,29385a7270716676,C:\Users\Ashutosh Verma\OneDrive\Desktop\VET VISION AI\data\lsd\LumpySkinDisease_DataHub\LumpySkinDisease_DataHub\data-processed\lumpy_balanced\lumpy1\Mild924.png
Mild925.png,Mild925.png,Mild,False,256,256,3,RGB,1.0,187398,.png,f84c21e21c5531cb34124c4b1e72f8cc587652c3340575331d3fc6900500cff8,18326064a554564c,C:\Users\Ashutosh Verma\OneDrive\Desktop\VET VISION AI\data\lsd\LumpySkinDisease_DataHub\LumpySkinDisease_DataHub\data-processed\lumpy_balanced\lumpy1\Mild925.png
Mild926.png,Mild926.png,Mild,False,256,256,3,RGB,1.0,156785,.png,5549ef672ec494f39c238686e0be9d4b37a3ac20acc8074b5313c273a8a4706b,de5844484fa436b6,C:\Users\Ashutosh Verma\OneDrive\Desktop\VET VISION AI\data\lsd\LumpySkinDisease_DataHub\LumpySkinDisease_DataHub\data-processed\lumpy_balanced\lumpy1\Mild926.png
Mild927.png,Mild927.png,Mild,False,256,256,3,RGB,1.0,161862,.png,abb8546188ddd9286cba49fb70506760464b24f582f4652fc2e8a68e8f62a321,d23636129f95c7c7,C:\Users\Ashutosh Verma\OneDrive\Desktop\VET VISION AI\data\lsd\LumpySkinDisease_DataHub\LumpySkinDisease_DataHub\data-processed\lumpy_balanced\lumpy1\Mild927.png
Mild928.png,Mild928.png,Mild,False,256,256,3,RGB,1.0,181637,.png,f0f1a45768d80406decfb18633ac39047ce8496351eec433ad6c90f1d9e99617,a8f133717373bbba,C:\Users\Ashutosh Verma\OneDrive\Desktop\VET VISION AI\data\lsd\LumpySkinDisease_DataHub\LumpySkinDisease_DataHub\data-processed\lumpy_balanced\lumpy1\Mild928.png
Mild929.png,Mild929.png,Mild,False,256,256,3,RGB,1.0,150701,.png,532f620d2602f11a83bef8db6622f14b8a8ee2d043bb35bcdd602b14ccc6bb0c,7a4d8c98cc3c330b,C:\Users\Ashutosh Verma\OneDrive\Desktop\VET VISION AI\data\lsd\LumpySkinDisease_DataHub\LumpySkinDisease_DataHub\data-processed\lumpy_balanced\lumpy1\Mild929.png
Mild930.png,Mild930.png,Mild,False,256,256,3,RGB,1.0,158172,.png,2ccb0918029fcf72a51728f8ea49aaaef589bd01258a9f8ed78ac7bcebcbfc92,a42d716b96c4e4e0,C:\Users\Ashutosh Verma\OneDrive\Desktop\VET VISION AI\data\lsd\LumpySkinDisease_DataHub\LumpySkinDisease_DataHub\data-processed\lumpy_balanced\lumpy1\Mild930.png
Mild931.png,Mild931.png,Mild,False,256,256,3,RGB,1.0,160241,.png,2e1e91dea15104c6c9e5ab45d01a48c4e79ddd7853e2773bf4959042faf031ff,cd7969279b8ef6da,C:\Users\Ashutosh Verma\OneDrive\Desktop\VET VISION AI\data\lsd\LumpySkinDisease_DataHub\LumpySkinDisease_DataHub\data-processed\lumpy_balanced\lumpy1\Mild931.png
Mild932.png,Mild932.png,Mild,False,256,256,3,RGB,1.0,148459,.png,2e7a287daacaee3d22634eb73e319626560c3effe36ce0301103fde9c87b8b8b,185c581091b379e3,C:\Users\Ashutosh Verma\OneDrive\Desktop\VET VISION AI\data\lsd\LumpySkinDisease_DataHub\LumpySkinDisease_DataHub\data-processed\lumpy_balanced\lumpy1\Mild932.png
Mild933.png,Mild933.png,Mild,False,256,256,3,RGB,1.0,157319,.png,bb1a56e89fed9117bb7ea4498fa2dd3f2d6fa0ee4893b6fe1ee505449ac7dbc3,de5844484fa436b6,C:\Users\Ashutosh Verma\OneDrive\Desktop\VET VISION AI\data\lsd\LumpySkinDisease_DataHub\LumpySkinDisease_DataHub\data-processed\lumpy_balanced\lumpy1\Mild933.png
Mild934.png,Mild934.png,Mild,False,256,256,3,RGB,1.0,187939,.png,ceac74a3c8234924b62fe6b36693eba7d9cbed504f87a99ab24184dafa93d2e1,b8bcacbc1c1a1e4c,C:\Users\Ashutosh Verma\OneDrive\Desktop\VET VISION AI\data\lsd\LumpySkinDisease_DataHub\LumpySkinDisease_DataHub\data-processed\lumpy_balanced\lumpy1\Mild934.png
Mild935.png,Mild935.png,Mild,False,256,256,3,RGB,1.0,168128,.png,a583bf3d84b837b9dfd325938a72ca0999d1950f03ae74173bbe500a8e68a74f,e6e6eee6c6870727,C:\Users\Ashutosh Verma\OneDrive\Desktop\VET VISION AI\data\lsd\LumpySkinDisease_DataHub\LumpySkinDisease_DataHub\data-processed\lumpy_balanced\lumpy1\Mild935.png
Mild936.png,Mild936.png,Mild,False,256,256,3,RGB,1.0,169951,.png,9d700c071a65e69e6a2e5b3103dfd659f317c05f10a8f88f9f34049b961ac0fe,cbd72636ba1c4e62,C:\Users\Ashutosh Verma\OneDrive\Desktop\VET VISION AI\data\lsd\LumpySkinDisease_DataHub\LumpySkinDisease_DataHub\data-processed\lumpy_balanced\lumpy1\Mild936.png
Mild937.png,Mild937.png,Mild,False,256,256,3,RGB,1.0,184161,.png,56f18e8c3242bb1295b4c8225d6c80ae2df1290732b81f1f3fc97a8cad12f75f,1cd0bab6f2de6e61,C:\Users\Ashutosh Verma\OneDrive\Desktop\VET VISION AI\data\lsd\LumpySkinDisease_DataHub\LumpySkinDisease_DataHub\data-processed\lumpy_balanced\lumpy1\Mild937.png
Mild938.png,Mild938.png,Mild,False,256,256,3,RGB,1.0,147764,.png,fd0e4092b50135a7403c373d9382cc13fe66182e678fe0d3732608797c3529f2,200282b484848a44,C:\Users\Ashutosh Verma\OneDrive\Desktop\VET VISION AI\data\lsd\LumpySkinDisease_DataHub\LumpySkinDisease_DataHub\data-processed\lumpy_balanced\lumpy1\Mild938.png
Mild939.png,Mild939.png,Mild,False,256,256,3,RGB,1.0,148019,.png,5a48ce89ed3f89849bc6b521cae74da9fb0a2fef51dd9ce0ccde442fb7556327,1fbc868c8f633375,C:\Users\Ashutosh Verma\OneDrive\Desktop\VET VISION AI\data\lsd\LumpySkinDisease_DataHub\LumpySkinDisease_DataHub\data-processed\lumpy_balanced\lumpy1\Mild939.png
Mild940.png,Mild940.png,Mild,False,256,256,3,RGB,1.0,176322,.png,836d6d7d4fd341c12b8e14ee36279d0423f90ffb433b07bfa8142adcfd2c939d,07b8b830b86cc8d0,C:\Users\Ashutosh Verma\OneDrive\Desktop\VET VISION AI\data\lsd\LumpySkinDisease_DataHub\LumpySkinDisease_DataHub\data-processed\lumpy_balanced\lumpy1\Mild940.png
Mild941.png,Mild941.png,Mild,False,256,256,3,RGB,1.0,161118,.png,5b4007b9a66da11ac2d8ec2c7679054b06788213570cbb50c369bdf73fdba75f,343c30302021232e,C:\Users\Ashutosh Verma\OneDrive\Desktop\VET VISION AI\data\lsd\LumpySkinDisease_DataHub\LumpySkinDisease_DataHub\data-processed\lumpy_balanced\lumpy1\Mild941.png
Mild942.png,Mild942.png,Mild,False,256,256,3,RGB,1.0,162325,.png,a405aa5f037b28ca06df28666f42801b4901653141bd5fd3e8dc70aa01abef6b,ce9f3cbe9ddc1814,C:\Users\Ashutosh Verma\OneDrive\Desktop\VET VISION AI\data\lsd\LumpySkinDisease_DataHub\LumpySkinDisease_DataHub\data-processed\lumpy_balanced\lumpy1\Mild942.png
Mild943.png,Mild943.png,Mild,False,256,256,3,RGB,1.0,149590,.png,5915dcd9b061329f08c5316e18ee4f1a0cfd92eb81cef040987eee53d98c6031,f1b0e6c4c1f13096,C:\Users\Ashutosh Verma\OneDrive\Desktop\VET VISION AI\data\lsd\LumpySkinDisease_DataHub\LumpySkinDisease_DataHub\data-processed\lumpy_balanced\lumpy1\Mild943.png
Mild944.png,Mild944.png,Mild,False,256,256,3,RGB,1.0,143816,.png,9383a4e035804585b8a2a29ccee3ffb150816aa8808fa9ca7241ef6282307e36,9f85b113078f8d98,C:\Users\Ashutosh Verma\OneDrive\Desktop\VET VISION AI\data\lsd\LumpySkinDisease_DataHub\LumpySkinDisease_DataHub\data-processed\lumpy_balanced\lumpy1\Mild944.png
Mild945.png,Mild945.png,Mild,False,256,256,3,RGB,1.0,144006,.png,5e7f7a97890fb39f597c3fe57920006e44bbded6e63c04d569756084cfa06512,8ec6f0627863633c,C:\Users\Ashutosh Verma\OneDrive\Desktop\VET VISION AI\data\lsd\LumpySkinDisease_DataHub\LumpySkinDisease_DataHub\data-processed\lumpy_balanced\lumpy1\Mild945.png
Mild946.png,Mild946.png,Mild,False,256,256,3,RGB,1.0,151538,.png,79341d21780fef06c9e697442af8183e7a15746174ca21da2e56fae6259e26dd,33d1c1d1d088cc48,C:\Users\Ashutosh Verma\OneDrive\Desktop\VET VISION AI\data\lsd\LumpySkinDisease_DataHub\LumpySkinDisease_DataHub\data-processed\lumpy_balanced\lumpy1\Mild946.png
Mild947.png,Mild947.png,Mild,False,256,256,3,RGB,1.0,150471,.png,573aa68ad6183897e813dde894ac954c824bcbea1c264484c6b8f36dbda397af,4dc59733370f4dad,C:\Users\Ashutosh Verma\OneDrive\Desktop\VET VISION AI\data\lsd\LumpySkinDisease_DataHub\LumpySkinDisease_DataHub\data-processed\lumpy_balanced\lumpy1\Mild947.png
Mild948.png,Mild948.png,Mild,False,256,256,3,RGB,1.0,189656,.png,e0b73ff8fc4d46446f86a5d8fed490a9fea3f8dc6fc7f6be927df79ebd4f5004,e3cadb0914d1910b,C:\Users\Ashutosh Verma\OneDrive\Desktop\VET VISION AI\data\lsd\LumpySkinDisease_DataHub\LumpySkinDisease_DataHub\data-processed\lumpy_balanced\lumpy1\Mild948.png
Mild949.png,Mild949.png,Mild,False,256,256,3,RGB,1.0,189263,.png,c4f15a2983bbb16670d9245ea00b5f2dec94cad0c35d4f51676e65af98cac5e7,b36e6e6bcd941436,C:\Users\Ashutosh Verma\OneDrive\Desktop\VET VISION AI\data\lsd\LumpySkinDisease_DataHub\LumpySkinDisease_DataHub\data-processed\lumpy_balanced\lumpy1\Mild949.png
Mild950.png,Mild950.png,Mild,False,256,256,3,RGB,1.0,170821,.png,32168379dfec0fe635d6552b963c6a65526e53f4eae75c9daf2aa0bde876b3e3,dbc9931a68654523,C:\Users\Ashutosh Verma\OneDrive\Desktop\VET VISION AI\data\lsd\LumpySkinDisease_DataHub\LumpySkinDisease_DataHub\data-processed\lumpy_balanced\lumpy1\Mild950.png
Mild951.png,Mild951.png,Mild,False,256,256,3,RGB,1.0,156785,.png,5549ef672ec494f39c238686e0be9d4b37a3ac20acc8074b5313c273a8a4706b,de5844484fa436b6,C:\Users\Ashutosh Verma\OneDrive\Desktop\VET VISION AI\data\lsd\LumpySkinDisease_DataHub\LumpySkinDisease_DataHub\data-processed\lumpy_balanced\lumpy1\Mild951.png
Mild952.png,Mild952.png,Mild,False,256,256,3,RGB,1.0,186622,.png,b33a1673733b9cdd6aaebfca36861607af6a5b034496cd8140d36c0b71b300f1,a797e577317367e3,C:\Users\Ashutosh Verma\OneDrive\Desktop\VET VISION AI\data\lsd\LumpySkinDisease_DataHub\LumpySkinDisease_DataHub\data-processed\lumpy_balanced\lumpy1\Mild952.png
Mild953.png,Mild953.png,Mild,False,256,256,3,RGB,1.0,160241,.png,2e1e91dea15104c6c9e5ab45d01a48c4e79ddd7853e2773bf4959042faf031ff,cd7969279b8ef6da,C:\Users\Ashutosh Verma\OneDrive\Desktop\VET VISION AI\data\lsd\LumpySkinDisease_DataHub\LumpySkinDisease_DataHub\data-processed\lumpy_balanced\lumpy1\Mild953.png
Mild954.png,Mild954.png,Mild,False,256,256,3,RGB,1.0,166094,.png,50ecdf59c68e10128ae913bc16c0cfeea67d4b888bce9ef68a5915c9b218ca81,6f3939f98c8ccc56,C:\Users\Ashutosh Verma\OneDrive\Desktop\VET VISION AI\data\lsd\LumpySkinDisease_DataHub\LumpySkinDisease_DataHub\data-processed\lumpy_balanced\lumpy1\Mild954.png
Mild955.png,Mild955.png,Mild,False,256,256,3,RGB,1.0,152234,.png,254ff931d856ec0e8226c74929c8ddfd7eb3ecc08724f37564b1a2742f2c2157,8333796921250505,C:\Users\Ashutosh Verma\OneDrive\Desktop\VET VISION AI\data\lsd\LumpySkinDisease_DataHub\LumpySkinDisease_DataHub\data-processed\lumpy_balanced\lumpy1\Mild955.png
Mild956.png,Mild956.png,Mild,False,256,256,3,RGB,1.0,31356,.png,553119be63654bfa888848a8dcacebebe4da02165099aa975aeea2402ee03e1e,062713731383a427,C:\Users\Ashutosh Verma\OneDrive\Desktop\VET VISION AI\data\lsd\LumpySkinDisease_DataHub\LumpySkinDisease_DataHub\data-processed\lumpy_balanced\lumpy1\Mild956.png
Mild957.png,Mild957.png,Mild,False,256,256,3,RGB,1.0,173119,.png,e39e3db18649e0635e1cb63d19a48ebfb7b2885c9b9aa9deb2138cc2bd212cfb,ecac9ccc95878383,C:\Users\Ashutosh Verma\OneDrive\Desktop\VET VISION AI\data\lsd\LumpySkinDisease_DataHub\LumpySkinDisease_DataHub\data-processed\lumpy_balanced\lumpy1\Mild957.png
Mild958.png,Mild958.png,Mild,False,256,256,3,RGB,1.0,163195,.png,0da192010bb778f88a76afa4a6edf65fb32cb0c63121533a6f1718660367099b,a0390e2225bd8d65,C:\Users\Ashutosh Verma\OneDrive\Desktop\VET VISION AI\data\lsd\LumpySkinDisease_DataHub\LumpySkinDisease_DataHub\data-processed\lumpy_balanced\lumpy1\Mild958.png
Mild959.png,Mild959.png,Mild,False,256,256,3,RGB,1.0,191267,.png,827c9b96f203c825b701a7559334379527a74b75e37c9daf47367397f589d1f4,3f5dde8c91a373b3,C:\Users\Ashutosh Verma\OneDrive\Desktop\VET VISION AI\data\lsd\LumpySkinDisease_DataHub\LumpySkinDisease_DataHub\data-processed\lumpy_balanced\lumpy1\Mild959.png
Mild960.png,Mild960.png,Mild,False,256,256,3,RGB,1.0,174279,.png,64b0fd30c5a6cd253ad766cce6ab0ebef2b4b8c35690d274a7269690407522fb,6ba3c96d2d2db195,C:\Users\Ashutosh Verma\OneDrive\Desktop\VET VISION AI\data\lsd\LumpySkinDisease_DataHub\LumpySkinDisease_DataHub\data-processed\lumpy_balanced\lumpy1\Mild960.png
Mild961.png,Mild961.png,Mild,False,256,256,3,RGB,1.0,148217,.png,55a03a6c9ae09bac201e674fdbe97f8d8104d271c3e7941f461e221dc1475cb8,3456d0f0f0d1745c,C:\Users\Ashutosh Verma\OneDrive\Desktop\VET VISION AI\data\lsd\LumpySkinDisease_DataHub\LumpySkinDisease_DataHub\data-processed\lumpy_balanced\lumpy1\Mild961.png
Mild962.png,Mild962.png,Mild,False,256,256,3,RGB,1.0,168862,.png,9826f601bc3f930c33476aad0cabc08fe4a6f1b09f764fc596f55215204b3242,f4f4a18bd27c3ef3,C:\Users\Ashutosh Verma\OneDrive\Desktop\VET VISION AI\data\lsd\LumpySkinDisease_DataHub\LumpySkinDisease_DataHub\data-processed\lumpy_balanced\lumpy1\Mild962.png
Mild963.png,Mild963.png,Mild,False,256,256,3,RGB,1.0,149909,.png,89722a8ca405524ba8565604d49c882da5f2da96e7781a47c3da108941bb7f60,b472cc0d20523070,C:\Users\Ashutosh Verma\OneDrive\Desktop\VET VISION AI\data\lsd\LumpySkinDisease_DataHub\LumpySkinDisease_DataHub\data-processed\lumpy_balanced\lumpy1\Mild963.png
Mild964.png,Mild964.png,Mild,False,256,256,3,RGB,1.0,168675,.png,26e77840fe4b5da17abff1b8012a0b3e0a46b8d6eedbdbcee41885f82b656098,faebc3939312061a,C:\Users\Ashutosh Verma\OneDrive\Desktop\VET VISION AI\data\lsd\LumpySkinDisease_DataHub\LumpySkinDisease_DataHub\data-processed\lumpy_balanced\lumpy1\Mild964.png
Mild965.png,Mild965.png,Mild,False,256,256,3,RGB,1.0,148217,.png,55a03a6c9ae09bac201e674fdbe97f8d8104d271c3e7941f461e221dc1475cb8,3456d0f0f0d1745c,C:\Users\Ashutosh Verma\OneDrive\Desktop\VET VISION AI\data\lsd\LumpySkinDisease_DataHub\LumpySkinDisease_DataHub\data-processed\lumpy_balanced\lumpy1\Mild965.png
Mild966.png,Mild966.png,Mild,False,256,256,3,RGB,1.0,158172,.png,2ccb0918029fcf72a51728f8ea49aaaef589bd01258a9f8ed78ac7bcebcbfc92,a42d716b96c4e4e0,C:\Users\Ashutosh Verma\OneDrive\Desktop\VET VISION AI\data\lsd\LumpySkinDisease_DataHub\LumpySkinDisease_DataHub\data-processed\lumpy_balanced\lumpy1\Mild966.png
Mild967.png,Mild967.png,Mild,False,256,256,3,RGB,1.0,128500,.png,1579fdb136aad94c6fd3f3ff437a87bdff17b6a9aca9f5ff15087422bc537861,c088103070929697,C:\Users\Ashutosh Verma\OneDrive\Desktop\VET VISION AI\data\lsd\LumpySkinDisease_DataHub\LumpySkinDisease_DataHub\data-processed\lumpy_balanced\lumpy1\Mild967.png
Mild968.png,Mild968.png,Mild,False,256,256,3,RGB,1.0,173478,.png,1b94d7cb567ab2d3ec2b295023c2cca29476f35ad3e328ea1f76c789546da074,93643c34b4d4ca4b,C:\Users\Ashutosh Verma\OneDrive\Desktop\VET VISION AI\data\lsd\LumpySkinDisease_DataHub\LumpySkinDisease_DataHub\data-processed\lumpy_balanced\lumpy1\Mild968.png
Mild969.png,Mild969.png,Mild,False,256,256,3,RGB,1.0,180933,.png,2ec8e0c29fb245f9a19f54b1e8edc00212fbec2b5d0b721f60104a6ea36b830c,6426a46667233b43,C:\Users\Ashutosh Verma\OneDrive\Desktop\VET VISION AI\data\lsd\LumpySkinDisease_DataHub\LumpySkinDisease_DataHub\data-processed\lumpy_balanced\lumpy1\Mild969.png
Mild970.png,Mild970.png,Mild,False,256,256,3,RGB,1.0,176664,.png,9ea78fa686643e1a542565419a1a0e4f5a59641b64a237a37cf4a3abaefdc761,3ac6b2b30737b1b1,C:\Users\Ashutosh Verma\OneDrive\Desktop\VET VISION AI\data\lsd\LumpySkinDisease_DataHub\LumpySkinDisease_DataHub\data-processed\lumpy_balanced\lumpy1\Mild970.png
Mild971.png,Mild971.png,Mild,False,256,256,3,RGB,1.0,187939,.png,ceac74a3c8234924b62fe6b36693eba7d9cbed504f87a99ab24184dafa93d2e1,b8bcacbc1c1a1e4c,C:\Users\Ashutosh Verma\OneDrive\Desktop\VET VISION AI\data\lsd\LumpySkinDisease_DataHub\LumpySkinDisease_DataHub\data-processed\lumpy_balanced\lumpy1\Mild971.png
Mild972.png,Mild972.png,Mild,False,256,256,3,RGB,1.0,168675,.png,26e77840fe4b5da17abff1b8012a0b3e0a46b8d6eedbdbcee41885f82b656098,faebc3939312061a,C:\Users\Ashutosh Verma\OneDrive\Desktop\VET VISION AI\data\lsd\LumpySkinDisease_DataHub\LumpySkinDisease_DataHub\data-processed\lumpy_balanced\lumpy1\Mild972.png
Mild973.png,Mild973.png,Mild,False,256,256,3,RGB,1.0,125097,.png,b1d9d7548399b13124c4e5980c1c91f9e3e2bb8f6807c565ca6dcfbba7636434,c80c02c08887067d,C:\Users\Ashutosh Verma\OneDrive\Desktop\VET VISION AI\data\lsd\LumpySkinDisease_DataHub\LumpySkinDisease_DataHub\data-processed\lumpy_balanced\lumpy1\Mild973.png
Mild974.png,Mild974.png,Mild,False,256,256,3,RGB,1.0,179093,.png,2d918cf058d98b9dba62d04ba9f0331cca06fc3e0e184537296a5a35a0ca8c2c,daf131333b767272,C:\Users\Ashutosh Verma\OneDrive\Desktop\VET VISION AI\data\lsd\LumpySkinDisease_DataHub\LumpySkinDisease_DataHub\data-processed\lumpy_balanced\lumpy1\Mild974.png
Mild975.png,Mild975.png,Mild,False,256,256,3,RGB,1.0,149590,.png,5915dcd9b061329f08c5316e18ee4f1a0cfd92eb81cef040987eee53d98c6031,f1b0e6c4c1f13096,C:\Users\Ashutosh Verma\OneDrive\Desktop\VET VISION AI\data\lsd\LumpySkinDisease_DataHub\LumpySkinDisease_DataHub\data-processed\lumpy_balanced\lumpy1\Mild975.png
Mild976.png,Mild976.png,Mild,False,256,256,3,RGB,1.0,187635,.png,62d56eb430723a95972099cebdaec25b6d7254f6341c8771e70ad7f3bef33b12,996d69793d2d4c4d,C:\Users\Ashutosh Verma\OneDrive\Desktop\VET VISION AI\data\lsd\LumpySkinDisease_DataHub\LumpySkinDisease_DataHub\data-processed\lumpy_balanced\lumpy1\Mild976.png
Mild977.png,Mild977.png,Mild,False,256,256,3,RGB,1.0,175279,.png,13a09d8c59398a09afc42e5bb531bb6f21f48cebc763d204e765f613e0c8f671,cd1d3d39343c33b3,C:\Users\Ashutosh Verma\OneDrive\Desktop\VET VISION AI\data\lsd\LumpySkinDisease_DataHub\LumpySkinDisease_DataHub\data-processed\lumpy_balanced\lumpy1\Mild977.png
Mild978.png,Mild978.png,Mild,False,256,256,3,RGB,1.0,156453,.png,c47032bb4a0fec1c62b5d09d0d656e7bacc260cdf1bbddac9ef738c8430de657,41b1a1e109083913,C:\Users\Ashutosh Verma\OneDrive\Desktop\VET VISION AI\data\lsd\LumpySkinDisease_DataHub\LumpySkinDisease_DataHub\data-processed\lumpy_balanced\lumpy1\Mild978.png
Mild979.png,Mild979.png,Mild,False,256,256,3,RGB,1.0,106333,.png,32a38e2813b422cf6d5b3d68374a241afa78322526dac7efcd164518e1eb1757,ecc8d4dcdcf4f0c8,C:\Users\Ashutosh Verma\OneDrive\Desktop\VET VISION AI\data\lsd\LumpySkinDisease_DataHub\LumpySkinDisease_DataHub\data-processed\lumpy_balanced\lumpy1\Mild979.png
Mild980.png,Mild980.png,Mild,False,256,256,3,RGB,1.0,157074,.png,073026ad103f4327f2152d32482d1fc63795f6070e84c1ce58c3cd6abf04964a,84e0e4c0c2a387ce,C:\Users\Ashutosh Verma\OneDrive\Desktop\VET VISION AI\data\lsd\LumpySkinDisease_DataHub\LumpySkinDisease_DataHub\data-processed\lumpy_balanced\lumpy1\Mild980.png
Mild981.png,Mild981.png,Mild,False,256,256,3,RGB,1.0,189263,.png,c4f15a2983bbb16670d9245ea00b5f2dec94cad0c35d4f51676e65af98cac5e7,b36e6e6bcd941436,C:\Users\Ashutosh Verma\OneDrive\Desktop\VET VISION AI\data\lsd\LumpySkinDisease_DataHub\LumpySkinDisease_DataHub\data-processed\lumpy_balanced\lumpy1\Mild981.png
Mild982.png,Mild982.png,Mild,False,256,256,3,RGB,1.0,178378,.png,dc49d11f1a1c54a2fb75b511454a68166f670dbbb484c1de09d945c875d1d362,8bc53f5c33b96726,C:\Users\Ashutosh Verma\OneDrive\Desktop\VET VISION AI\data\lsd\LumpySkinDisease_DataHub\LumpySkinDisease_DataHub\data-processed\lumpy_balanced\lumpy1\Mild982.png
Mild983.png,Mild983.png,Mild,False,256,256,3,RGB,1.0,138357,.png,e85d7607d9465bc95ccdc0f48858ee8ebe6d6d69c92b86d41b96e3be4d001a6e,2bccc4a489cfcd18,C:\Users\Ashutosh Verma\OneDrive\Desktop\VET VISION AI\data\lsd\LumpySkinDisease_DataHub\LumpySkinDisease_DataHub\data-processed\lumpy_balanced\lumpy1\Mild983.png
Mild984.png,Mild984.png,Mild,False,256,256,3,RGB,1.0,173376,.png,cc58f06945878c7c2594865540c9368f8111c6c39abff86314e741cf60726645,a783bcaccfdf7b5f,C:\Users\Ashutosh Verma\OneDrive\Desktop\VET VISION AI\data\lsd\LumpySkinDisease_DataHub\LumpySkinDisease_DataHub\data-processed\lumpy_balanced\lumpy1\Mild984.png
Mild985.png,Mild985.png,Mild,False,256,256,3,RGB,1.0,161987,.png,d4aa47a155afa1e578a9d306b1af614c630d4f756232629dc3d8ed1e9fc9b263,c4c683024899968c,C:\Users\Ashutosh Verma\OneDrive\Desktop\VET VISION AI\data\lsd\LumpySkinDisease_DataHub\LumpySkinDisease_DataHub\data-processed\lumpy_balanced\lumpy1\Mild985.png
Mild986.png,Mild986.png,Mild,False,256,256,3,RGB,1.0,168198,.png,11c95e9b80e1ba345a4169ccd5e7ece8a3ffd2a6363a06d925e374cd27152d61,73767dbb3979692d,C:\Users\Ashutosh Verma\OneDrive\Desktop\VET VISION AI\data\lsd\LumpySkinDisease_DataHub\LumpySkinDisease_DataHub\data-processed\lumpy_balanced\lumpy1\Mild986.png
Mild987.png,Mild987.png,Mild,False,256,256,3,RGB,1.0,161118,.png,5b4007b9a66da11ac2d8ec2c7679054b06788213570cbb50c369bdf73fdba75f,343c30302021232e,C:\Users\Ashutosh Verma\OneDrive\Desktop\VET VISION AI\data\lsd\LumpySkinDisease_DataHub\LumpySkinDisease_DataHub\data-processed\lumpy_balanced\lumpy1\Mild987.png
Mild988.png,Mild988.png,Mild,False,256,256,3,RGB,1.0,152103,.png,0036d7cc3ea7521ba11a867775c7827da556969445110774978f28cf5df94ae0,f4cff6f6f4e16060,C:\Users\Ashutosh Verma\OneDrive\Desktop\VET VISION AI\data\lsd\LumpySkinDisease_DataHub\LumpySkinDisease_DataHub\data-processed\lumpy_balanced\lumpy1\Mild988.png
Mild989.png,Mild989.png,Mild,False,256,256,3,RGB,1.0,94723,.png,9b9da63ee043888488f29e3a9a38d391ce24c8d39496bbea548fabdae68ff5fe,00a48c485a138101,C:\Users\Ashutosh Verma\OneDrive\Desktop\VET VISION AI\data\lsd\LumpySkinDisease_DataHub\LumpySkinDisease_DataHub\data-processed\lumpy_balanced\lumpy1\Mild989.png
Mild990.png,Mild990.png,Mild,False,256,256,3,RGB,1.0,31356,.png,553119be63654bfa888848a8dcacebebe4da02165099aa975aeea2402ee03e1e,062713731383a427,C:\Users\Ashutosh Verma\OneDrive\Desktop\VET VISION AI\data\lsd\LumpySkinDisease_DataHub\LumpySkinDisease_DataHub\data-processed\lumpy_balanced\lumpy1\Mild990.png
Mild991.png,Mild991.png,Mild,False,256,256,3,RGB,1.0,148656,.png,0903b27e6b764f7cbe77644b0c46f2e6c91926858c43c20e33b39e7d63454aca,1c1cd8b82c34eba6,C:\Users\Ashutosh Verma\OneDrive\Desktop\VET VISION AI\data\lsd\LumpySkinDisease_DataHub\LumpySkinDisease_DataHub\data-processed\lumpy_balanced\lumpy1\Mild991.png
Mild992.png,Mild992.png,Mild,False,256,256,3,RGB,1.0,187939,.png,ceac74a3c8234924b62fe6b36693eba7d9cbed504f87a99ab24184dafa93d2e1,b8bcacbc1c1a1e4c,C:\Users\Ashutosh Verma\OneDrive\Desktop\VET VISION AI\data\lsd\LumpySkinDisease_DataHub\LumpySkinDisease_DataHub\data-processed\lumpy_balanced\lumpy1\Mild992.png
Mild993.png,Mild993.png,Mild,False,256,256,3,RGB,1.0,168128,.png,a583bf3d84b837b9dfd325938a72ca0999d1950f03ae74173bbe500a8e68a74f,e6e6eee6c6870727,C:\Users\Ashutosh Verma\OneDrive\Desktop\VET VISION AI\data\lsd\LumpySkinDisease_DataHub\LumpySkinDisease_DataHub\data-processed\lumpy_balanced\lumpy1\Mild993.png
Mild994.png,Mild994.png,Mild,False,256,256,3,RGB,1.0,97373,.png,5260662bb2edb960bff1ad664a807b1a541e66f3bd88bd6f04063aed86d8ae38,2f1f3333331b0f0c,C:\Users\Ashutosh Verma\OneDrive\Desktop\VET VISION AI\data\lsd\LumpySkinDisease_DataHub\LumpySkinDisease_DataHub\data-processed\lumpy_balanced\lumpy1\Mild994.png
Mild995.png,Mild995.png,Mild,False,256,256,3,RGB,1.0,132330,.png,9d59ce37cf92086d0ba4c18da794893e8d5d8759329c8b500861f3b023158743,dc6f73731b41e1d3,C:\Users\Ashutosh Verma\OneDrive\Desktop\VET VISION AI\data\lsd\LumpySkinDisease_DataHub\LumpySkinDisease_DataHub\data-processed\lumpy_balanced\lumpy1\Mild995.png
Mild996.png,Mild996.png,Mild,False,256,256,3,RGB,1.0,158566,.png,5d880457c795818350d625cc21059728478677d677c1e3b43af613e182b1e5b3,4ca43031a92c4447,C:\Users\Ashutosh Verma\OneDrive\Desktop\VET VISION AI\data\lsd\LumpySkinDisease_DataHub\LumpySkinDisease_DataHub\data-processed\lumpy_balanced\lumpy1\Mild996.png
Mild997.png,Mild997.png,Mild,False,256,256,3,RGB,1.0,179867,.png,d39ab7d6adcef13539369b4a277966bde8ea36bff4a3396872a7dd11cb054f14,7643f2591a227363,C:\Users\Ashutosh Verma\OneDrive\Desktop\VET VISION AI\data\lsd\LumpySkinDisease_DataHub\LumpySkinDisease_DataHub\data-processed\lumpy_balanced\lumpy1\Mild997.png
Mild998.png,Mild998.png,Mild,False,256,256,3,RGB,1.0,158051,.png,2999ccc06334fa3fc2fd80bf81e0b9a61a7821091263f30ed4f0cc83bbf6cc5c,4848cccc899327e3,C:\Users\Ashutosh Verma\OneDrive\Desktop\VET VISION AI\data\lsd\LumpySkinDisease_DataHub\LumpySkinDisease_DataHub\data-processed\lumpy_balanced\lumpy1\Mild998.png
Mild999.png,Mild999.png,Mild,False,256,256,3,RGB,1.0,152831,.png,0d5b888521357fbfd39356d74903c62d23450564e730cab255797abc93e0e79a,292bf32719191b5b,C:\Users\Ashutosh Verma\OneDrive\Desktop\VET VISION AI\data\lsd\LumpySkinDisease_DataHub\LumpySkinDisease_DataHub\data-processed\lumpy_balanced\lumpy1\Mild999.png
Normal1.png,Normal1.png,Normal,False,256,256,3,RGB,1.0,166548,.png,33c0e12297bddb5aef47accdef85b0b5ffce6a7b06b347a1c571c472adad41c1,f1dc7cfcd852d0d4,C:\Users\Ashutosh Verma\OneDrive\Desktop\VET VISION AI\data\lsd\LumpySkinDisease_DataHub\LumpySkinDisease_DataHub\data-processed\lumpy_balanced\lumpy1\Normal1.png
Normal10.png,Normal10.png,Normal,False,256,256,3,RGB,1.0,162002,.png,7973c078fb8f41b9f32b2aa94d160cca66046cbca8c329c9d7dac384d0897137,6a4aadacc8e8e0d6,C:\Users\Ashutosh Verma\OneDrive\Desktop\VET VISION AI\data\lsd\LumpySkinDisease_DataHub\LumpySkinDisease_DataHub\data-processed\lumpy_balanced\lumpy1\Normal10.png
Normal100.png,Normal100.png,Normal,False,256,256,3,RGB,1.0,168149,.png,8688593927d29c4b83de00a36847706f2df7ee35a4444723b6abb0cdba41dcac,cab3d343676d6999,C:\Users\Ashutosh Verma\OneDrive\Desktop\VET VISION AI\data\lsd\LumpySkinDisease_DataHub\LumpySkinDisease_DataHub\data-processed\lumpy_balanced\lumpy1\Normal100.png
Normal101.png,Normal101.png,Normal,False,256,256,3,RGB,1.0,112091,.png,b59cafbfd1b83ecb5ab606ef2882060a58cf5e64d0253d81a97671a6398102a9,03274689120842c6,C:\Users\Ashutosh Verma\OneDrive\Desktop\VET VISION AI\data\lsd\LumpySkinDisease_DataHub\LumpySkinDisease_DataHub\data-processed\lumpy_balanced\lumpy1\Normal101.png
Normal102.png,Normal102.png,Normal,False,256,256,3,RGB,1.0,150476,.png,9ff867e0ba380153e20012cc1c07d1bec5fd76e76c517d7fdf56d3973d1b3b33,c62739f3e34a9a43,C:\Users\Ashutosh Verma\OneDrive\Desktop\VET VISION AI\data\lsd\LumpySkinDisease_DataHub\LumpySkinDisease_DataHub\data-processed\lumpy_balanced\lumpy1\Normal102.png
Normal103.png,Normal103.png,Normal,False,256,256,3,RGB,1.0,168286,.png,470c0eec9068887fd1cff8ebe170f08a1e721be851ed6ebe721e1ccba2b249c2,b393919d6968da17,C:\Users\Ashutosh Verma\OneDrive\Desktop\VET VISION AI\data\lsd\LumpySkinDisease_DataHub\LumpySkinDisease_DataHub\data-processed\lumpy_balanced\lumpy1\Normal103.png
Normal104.png,Normal104.png,Normal,False,256,256,3,RGB,1.0,166833,.png,c8aa8af396f6130979aa4fa78281ccfc95e9ad5edc1a565d8d5640cd096a1603,d9a4232b33333192,C:\Users\Ashutosh Verma\OneDrive\Desktop\VET VISION AI\data\lsd\LumpySkinDisease_DataHub\LumpySkinDisease_DataHub\data-processed\lumpy_balanced\lumpy1\Normal104.png
Normal105.png,Normal105.png,Normal,False,256,256,3,RGB,1.0,167496,.png,5705f86a58cf15b02fecbeefe9fff1a6a51e5fbb150fe7997eb871014d4450f4,e856e394342539a8,C:\Users\Ashutosh Verma\OneDrive\Desktop\VET VISION AI\data\lsd\LumpySkinDisease_DataHub\LumpySkinDisease_DataHub\data-processed\lumpy_balanced\lumpy1\Normal105.png
Normal106.png,Normal106.png,Normal,False,256,256,3,RGB,1.0,186337,.png,1b7a0c88a167847f4d8e7ac6e6d409f149371bd54ba8dc18632949532dfcb66e,d91b1e1e1b1b4321,C:\Users\Ashutosh Verma\OneDrive\Desktop\VET VISION AI\data\lsd\LumpySkinDisease_DataHub\LumpySkinDisease_DataHub\data-processed\lumpy_balanced\lumpy1\Normal106.png
Normal107.png,Normal107.png,Normal,False,256,256,3,RGB,1.0,171410,.png,1a555d96e85ac52ca44c3e40173c6a62bc20cbba87794c45c56e79e330f5c435,4b9b0c2a19d8ea78,C:\Users\Ashutosh Verma\OneDrive\Desktop\VET VISION AI\data\lsd\LumpySkinDisease_DataHub\LumpySkinDisease_DataHub\data-processed\lumpy_balanced\lumpy1\Normal107.png
Normal108.png,Normal108.png,Normal,False,256,256,3,RGB,1.0,130636,.png,f41dc84a7db6ec5d521d48e87eb5bff0a53f3bf2d042851df6fc6a9c80cd10c2,e9989bf2f8e8e8d8,C:\Users\Ashutosh Verma\OneDrive\Desktop\VET VISION AI\data\lsd\LumpySkinDisease_DataHub\LumpySkinDisease_DataHub\data-processed\lumpy_balanced\lumpy1\Normal108.png
Normal109.png,Normal109.png,Normal,False,256,256,3,RGB,1.0,70253,.png,41c1625b33805e986b89892ea538c2c2632189473f73ff6983b70334b34e37b6,ad3a33313733b3f6,C:\Users\Ashutosh Verma\OneDrive\Desktop\VET VISION AI\data\lsd\LumpySkinDisease_DataHub\LumpySkinDisease_DataHub\data-processed\lumpy_balanced\lumpy1\Normal109.png
Normal11.png,Normal11.png,Normal,False,256,256,3,RGB,1.0,150356,.png,4f35819e8d7135cd05279c20afa3dbd922334f9bb27bd46e53190cab629ea2da,f8f0aea7aeb9199a,C:\Users\Ashutosh Verma\OneDrive\Desktop\VET VISION AI\data\lsd\LumpySkinDisease_DataHub\LumpySkinDisease_DataHub\data-processed\lumpy_balanced\lumpy1\Normal11.png
Normal110.png,Normal110.png,Normal,False,256,256,3,RGB,1.0,125293,.png,e2596c7d65d35bb4c70dd1c6f9e7921af6f5ea5a5e1a04605472dd8586c6bcd6,42a036661a69e5db,C:\Users\Ashutosh Verma\OneDrive\Desktop\VET VISION AI\data\lsd\LumpySkinDisease_DataHub\LumpySkinDisease_DataHub\data-processed\lumpy_balanced\lumpy1\Normal110.png
Normal111.png,Normal111.png,Normal,False,256,256,3,RGB,1.0,124303,.png,2b16a2562229c1747b899a08b624d530314c0ffb661fba59804bca671b0fd29f,7d82139797471f40,C:\Users\Ashutosh Verma\OneDrive\Desktop\VET VISION AI\data\lsd\LumpySkinDisease_DataHub\LumpySkinDisease_DataHub\data-processed\lumpy_balanced\lumpy1\Normal111.png
Normal112.png,Normal112.png,Normal,False,256,256,3,RGB,1.0,168286,.png,470c0eec9068887fd1cff8ebe170f08a1e721be851ed6ebe721e1ccba2b249c2,b393919d6968da17,C:\Users\Ashutosh Verma\OneDrive\Desktop\VET VISION AI\data\lsd\LumpySkinDisease_DataHub\LumpySkinDisease_DataHub\data-processed\lumpy_balanced\lumpy1\Normal112.png
Normal113.png,Normal113.png,Normal,False,256,256,3,RGB,1.0,168149,.png,8688593927d29c4b83de00a36847706f2df7ee35a4444723b6abb0cdba41dcac,cab3d343676d6999,C:\Users\Ashutosh Verma\OneDrive\Desktop\VET VISION AI\data\lsd\LumpySkinDisease_DataHub\LumpySkinDisease_DataHub\data-processed\lumpy_balanced\lumpy1\Normal113.png
Normal114.png,Normal114.png,Normal,False,256,256,3,RGB,1.0,156914,.png,3b34bbcbae823612358fc8988a17914b22dbba9572a581f359dded6594640c96,fafcfc99d5dddaac,C:\Users\Ashutosh Verma\OneDrive\Desktop\VET VISION AI\data\lsd\LumpySkinDisease_DataHub\LumpySkinDisease_DataHub\data-processed\lumpy_balanced\lumpy1\Normal114.png
Normal115.png,Normal115.png,Normal,False,256,256,3,RGB,1.0,179229,.png,37fbbfa5411f6ef4caa0d53d041ba783301b0f22a3c5910ae2b68ac95b68e5b4,9990c9c9d2e6cdda,C:\Users\Ashutosh Verma\OneDrive\Desktop\VET VISION AI\data\lsd\LumpySkinDisease_DataHub\LumpySkinDisease_DataHub\data-processed\lumpy_balanced\lumpy1\Normal115.png
Normal116.png,Normal116.png,Normal,False,256,256,3,RGB,1.0,150356,.png,4f35819e8d7135cd05279c20afa3dbd922334f9bb27bd46e53190cab629ea2da,f8f0aea7aeb9199a,C:\Users\Ashutosh Verma\OneDrive\Desktop\VET VISION AI\data\lsd\LumpySkinDisease_DataHub\LumpySkinDisease_DataHub\data-processed\lumpy_balanced\lumpy1\Normal116.png
Normal117.png,Normal117.png,Normal,False,256,256,3,RGB,1.0,165335,.png,690ce6a83ceee2817c8ccb351918844516b524573b04943a14701540161ac062,9133297327951551,C:\Users\Ashutosh Verma\OneDrive\Desktop\VET VISION AI\data\lsd\LumpySkinDisease_DataHub\LumpySkinDisease_DataHub\data-processed\lumpy_balanced\lumpy1\Normal117.png
Normal118.png,Normal118.png,Normal,False,256,256,3,RGB,1.0,174153,.png,3ed02575fa3a83e5a564a9c601dac848a05a3c4a36a11a8ed1be9a7a17b0c3cf,6d92aeee736b3810,C:\Users\Ashutosh Verma\OneDrive\Desktop\VET VISION AI\data\lsd\LumpySkinDisease_DataHub\LumpySkinDisease_DataHub\data-processed\lumpy_balanced\lumpy1\Normal118.png
Normal119.png,Normal119.png,Normal,False,256,256,3,RGB,1.0,187295,.png,255055ee01751615bf7a369161a79f1fd64bb7ae5d420e237c5568d13dda0ed2,979a9e876c6c75c0,C:\Users\Ashutosh Verma\OneDrive\Desktop\VET VISION AI\data\lsd\LumpySkinDisease_DataHub\LumpySkinDisease_DataHub\data-processed\lumpy_balanced\lumpy1\Normal119.png
Normal12.png,Normal12.png,Normal,False,256,256,3,RGB,1.0,133646,.png,9d51d60493c3957bb46d588e1ee1437a32a6c800dac096bbf9df7e9e7d5875cb,1c6ccdcdcd4d4c48,C:\Users\Ashutosh Verma\OneDrive\Desktop\VET VISION AI\data\lsd\LumpySkinDisease_DataHub\LumpySkinDisease_DataHub\data-processed\lumpy_balanced\lumpy1\Normal12.png
Normal120.png,Normal120.png,Normal,False,256,256,3,RGB,1.0,173387,.png,71e214ed2fa317590164ec6df8456aebbb596fcaeed6932d26d4cdb7ec144328,c9ede8fc3634b0e3,C:\Users\Ashutosh Verma\OneDrive\Desktop\VET VISION AI\data\lsd\LumpySkinDisease_DataHub\LumpySkinDisease_DataHub\data-processed\lumpy_balanced\lumpy1\Normal120.png
Normal121.png,Normal121.png,Normal,False,256,256,3,RGB,1.0,160418,.png,00768cf44df7648e1fd8a99701cbf90506929b25652172159d8dfbe25ee06c4a,5ddd43401cb43521,C:\Users\Ashutosh Verma\OneDrive\Desktop\VET VISION AI\data\lsd\LumpySkinDisease_DataHub\LumpySkinDisease_DataHub\data-processed\lumpy_balanced\lumpy1\Normal121.png
Normal122.png,Normal122.png,Normal,False,256,256,3,RGB,1.0,152253,.png,4fed50c460e66597166c9de87553d5a1c9c2a2267ab4d844fc1cf8c525689955,7c33177737377dae,C:\Users\Ashutosh Verma\OneDrive\Desktop\VET VISION AI\data\lsd\LumpySkinDisease_DataHub\LumpySkinDisease_DataHub\data-processed\lumpy_balanced\lumpy1\Normal122.png
Normal123.png,Normal123.png,Normal,False,256,256,3,RGB,1.0,158631,.png,69f83a4eed6a2d85b76005a9e4c7834deaadaa61a03b6d5046c14bc57fcdd98d,1ec164831d9882a0,C:\Users\Ashutosh Verma\OneDrive\Desktop\VET VISION AI\data\lsd\LumpySkinDisease_DataHub\LumpySkinDisease_DataHub\data-processed\lumpy_balanced\lumpy1\Normal123.png
Normal124.png,Normal124.png,Normal,False,256,256,3,RGB,1.0,174059,.png,1ea5e9ce0045dee83c7281a9d70c22ef475c6977523953d2efa098f2ced2fab1,e838999c343cd87c,C:\Users\Ashutosh Verma\OneDrive\Desktop\VET VISION AI\data\lsd\LumpySkinDisease_DataHub\LumpySkinDisease_DataHub\data-processed\lumpy_balanced\lumpy1\Normal124.png
Normal125.png,Normal125.png,Normal,False,256,256,3,RGB,1.0,169999,.png,92d51e48cf20348711894be778d7404e841a1c94825fae0237c5be0eafa4679e,d2a438b9456b22e6,C:\Users\Ashutosh Verma\OneDrive\Desktop\VET VISION AI\data\lsd\LumpySkinDisease_DataHub\LumpySkinDisease_DataHub\data-processed\lumpy_balanced\lumpy1\Normal125.png
Normal126.png,Normal126.png,Normal,False,256,256,3,RGB,1.0,159152,.png,a4d5a6cdb351c4e633c05dd7d69f02cc6f206ab5db4804bc36d0c770551d8e90,0d105812b2a05959,C:\Users\Ashutosh Verma\OneDrive\Desktop\VET VISION AI\data\lsd\LumpySkinDisease_DataHub\LumpySkinDisease_DataHub\data-processed\lumpy_balanced\lumpy1\Normal126.png
Normal127.png,Normal127.png,Normal,False,256,256,3,RGB,1.0,139976,.png,e16823d90702dc43557f986b0602afc1cd143080d3220a6b7233cf1c1642a75c,030f3faab12547e5,C:\Users\Ashutosh Verma\OneDrive\Desktop\VET VISION AI\data\lsd\LumpySkinDisease_DataHub\LumpySkinDisease_DataHub\data-processed\lumpy_balanced\lumpy1\Normal127.png
Normal128.png,Normal128.png,Normal,False,256,256,3,RGB,1.0,182604,.png,e5122759ed75e326eebd454dc5c25be1d69770b2b016a8b6c5370e31fa91badf,ec9cd9f232323212,C:\Users\Ashutosh Verma\OneDrive\Desktop\VET VISION AI\data\lsd\LumpySkinDisease_DataHub\LumpySkinDisease_DataHub\data-processed\lumpy_balanced\lumpy1\Normal128.png
Normal129.png,Normal129.png,Normal,False,256,256,3,RGB,1.0,173815,.png,9010a2fb9619ecb18a618352659bc3dec9bbcf41c5ee3370cd3351723903c385,6484ccc99dde36b4,C:\Users\Ashutosh Verma\OneDrive\Desktop\VET VISION AI\data\lsd\LumpySkinDisease_DataHub\LumpySkinDisease_DataHub\data-processed\lumpy_balanced\lumpy1\Normal129.png
Normal13.png,Normal13.png,Normal,False,256,256,3,RGB,1.0,177356,.png,d97faf60e469f625ad60d3feb4aa5e8d155e064278217a95f759e6609acf631a,391d5d1647474745,C:\Users\Ashutosh Verma\OneDrive\Desktop\VET VISION AI\data\lsd\LumpySkinDisease_DataHub\LumpySkinDisease_DataHub\data-processed\lumpy_balanced\lumpy1\Normal13.png
Normal130.png,Normal130.png,Normal,False,256,256,3,RGB,1.0,189163,.png,b9de06d7f50634922009f2503256356eb4be5f9d176ee2421127d345f956ef6b,a6a3eb9ccd6d6860,C:\Users\Ashutosh Verma\OneDrive\Desktop\VET VISION AI\data\lsd\LumpySkinDisease_DataHub\LumpySkinDisease_DataHub\data-processed\lumpy_balanced\lumpy1\Normal130.png
Normal131.png,Normal131.png,Normal,False,256,256,3,RGB,1.0,115247,.png,1b84842ef30451ca1cdbc383282dc7e74739505682afa123044e58ffaed84add,9966660dbc3c7dbb,C:\Users\Ashutosh Verma\OneDrive\Desktop\VET VISION AI\data\lsd\LumpySkinDisease_DataHub\LumpySkinDisease_DataHub\data-processed\lumpy_balanced\lumpy1\Normal131.png
Normal132.png,Normal132.png,Normal,False,256,256,3,RGB,1.0,173862,.png,c70cacf3ef9b7af04aa8433e75ee94b11dd90525b1b6e7f38536bbc8fbe8f542,0f2ce866c699a333,C:\Users\Ashutosh Verma\OneDrive\Desktop\VET VISION AI\data\lsd\LumpySkinDisease_DataHub\LumpySkinDisease_DataHub\data-processed\lumpy_balanced\lumpy1\Normal132.png
Normal133.png,Normal133.png,Normal,False,256,256,3,RGB,1.0,165220,.png,355c25173168b02de47d8456023a3153a3bf5608185bfbb3f3ab23a245ac1c7c,2bdb4f4f0e1e7fd6,C:\Users\Ashutosh Verma\OneDrive\Desktop\VET VISION AI\data\lsd\LumpySkinDisease_DataHub\LumpySkinDisease_DataHub\data-processed\lumpy_balanced\lumpy1\Normal133.png
Normal134.png,Normal134.png,Normal,False,256,256,3,RGB,1.0,179518,.png,ca568391f4493bdeea351993b1b07676537a53f1d5a39fd71c6a783854e8ed38,b1b2b1f4d4c8d0f0,C:\Users\Ashutosh Verma\OneDrive\Desktop\VET VISION AI\data\lsd\LumpySkinDisease_DataHub\LumpySkinDisease_DataHub\data-processed\lumpy_balanced\lumpy1\Normal134.png
Normal135.png,Normal135.png,Normal,False,256,256,3,RGB,1.0,134032,.png,3f85346e26f79c7215078666898de8da237e1bd55312a6b68d435afca4e1b42f,f0d8d89cdad898f0,C:\Users\Ashutosh Verma\OneDrive\Desktop\VET VISION AI\data\lsd\LumpySkinDisease_DataHub\LumpySkinDisease_DataHub\data-processed\lumpy_balanced\lumpy1\Normal135.png
Normal136.png,Normal136.png,Normal,False,256,256,3,RGB,1.0,179887,.png,f3a4825a08fb00fb922f41f89dc22440547c521ca8b4f3d11f41b32e68a07970,b3d594584d94248c,C:\Users\Ashutosh Verma\OneDrive\Desktop\VET VISION AI\data\lsd\LumpySkinDisease_DataHub\LumpySkinDisease_DataHub\data-processed\lumpy_balanced\lumpy1\Normal136.png
Normal137.png,Normal137.png,Normal,False,256,256,3,RGB,1.0,143158,.png,d0e47dc9d4d1c6b7dbc294321eebfcc7f3e7076bac510e521c3482e65135894d,f4cb939323d29239,C:\Users\Ashutosh Verma\OneDrive\Desktop\VET VISION AI\data\lsd\LumpySkinDisease_DataHub\LumpySkinDisease_DataHub\data-processed\lumpy_balanced\lumpy1\Normal137.png
Normal138.png,Normal138.png,Normal,False,256,256,3,RGB,1.0,161605,.png,f832cdfaf80f5509abea1970137828c3454533c10657fcce2101578ea2eca10e,30331b1dd41c1309,C:\Users\Ashutosh Verma\OneDrive\Desktop\VET VISION AI\data\lsd\LumpySkinDisease_DataHub\LumpySkinDisease_DataHub\data-processed\lumpy_balanced\lumpy1\Normal138.png
Normal139.png,Normal139.png,Normal,False,256,256,3,RGB,1.0,174024,.png,6c7c7d1aaf39bd292d0f9b237ca226eb1bb69564efd8a104cd8b60e18b2194d6,a1e4cc9bbbab0430,C:\Users\Ashutosh Verma\OneDrive\Desktop\VET VISION AI\data\lsd\LumpySkinDisease_DataHub\LumpySkinDisease_DataHub\data-processed\lumpy_balanced\lumpy1\Normal139.png
Normal14.png,Normal14.png,Normal,False,256,256,3,RGB,1.0,154939,.png,2088779c469825d6de0d255e4e7dc9c07793dc64f621a6cda707be8d724c9537,1f8f8b83cbcb5b1b,C:\Users\Ashutosh Verma\OneDrive\Desktop\VET VISION AI\data\lsd\LumpySkinDisease_DataHub\LumpySkinDisease_DataHub\data-processed\lumpy_balanced\lumpy1\Normal14.png
Normal140.png,Normal140.png,Normal,False,256,256,3,RGB,1.0,162677,.png,8f136b1629b6fe0312d159b000cba6077e97239b655c783d07300948aeee4c53,449431329bd24a04,C:\Users\Ashutosh Verma\OneDrive\Desktop\VET VISION AI\data\lsd\LumpySkinDisease_DataHub\LumpySkinDisease_DataHub\data-processed\lumpy_balanced\lumpy1\Normal140.png
Normal141.png,Normal141.png,Normal,False,256,256,3,RGB,1.0,144304,.png,356ad14e6b2339f4df2d7e6bc1eea2f06b0d1eaec9275efe9794c219f867b724,96bcd85b51d372f1,C:\Users\Ashutosh Verma\OneDrive\Desktop\VET VISION AI\data\lsd\LumpySkinDisease_DataHub\LumpySkinDisease_DataHub\data-processed\lumpy_balanced\lumpy1\Normal141.png
Normal142.png,Normal142.png,Normal,False,256,256,3,RGB,1.0,168611,.png,c66c692e18e8c522d62141a6d3d56a6fe2cade5429b004e32bd1c800409e6d75,b4a7164e16547456,C:\Users\Ashutosh Verma\OneDrive\Desktop\VET VISION AI\data\lsd\LumpySkinDisease_DataHub\LumpySkinDisease_DataHub\data-processed\lumpy_balanced\lumpy1\Normal142.png
Normal143.png,Normal143.png,Normal,False,256,256,3,RGB,1.0,160418,.png,00768cf44df7648e1fd8a99701cbf90506929b25652172159d8dfbe25ee06c4a,5ddd43401cb43521,C:\Users\Ashutosh Verma\OneDrive\Desktop\VET VISION AI\data\lsd\LumpySkinDisease_DataHub\LumpySkinDisease_DataHub\data-processed\lumpy_balanced\lumpy1\Normal143.png
Normal144.png,Normal144.png,Normal,False,256,256,3,RGB,1.0,141540,.png,3a82e025d5331713dd7b6402a265270e189af9560e90208f4e5d969abeaa6f48,de66e2e12162c7d3,C:\Users\Ashutosh Verma\OneDrive\Desktop\VET VISION AI\data\lsd\LumpySkinDisease_DataHub\LumpySkinDisease_DataHub\data-processed\lumpy_balanced\lumpy1\Normal144.png
Normal145.png,Normal145.png,Normal,False,256,256,3,RGB,1.0,180350,.png,b16ecd50e66a0beae5cd37d956b35915eef1bebdba76fd65217f88bf809e77f2,7f7d56561e19094d,C:\Users\Ashutosh Verma\OneDrive\Desktop\VET VISION AI\data\lsd\LumpySkinDisease_DataHub\LumpySkinDisease_DataHub\data-processed\lumpy_balanced\lumpy1\Normal145.png
Normal146.png,Normal146.png,Normal,False,256,256,3,RGB,1.0,165335,.png,690ce6a83ceee2817c8ccb351918844516b524573b04943a14701540161ac062,9133297327951551,C:\Users\Ashutosh Verma\OneDrive\Desktop\VET VISION AI\data\lsd\LumpySkinDisease_DataHub\LumpySkinDisease_DataHub\data-processed\lumpy_balanced\lumpy1\Normal146.png
Normal147.png,Normal147.png,Normal,False,256,256,3,RGB,1.0,127401,.png,a8b07411e2fa677d4e62dfa9d7d9e7406f3ea1bcfd19a6be19c03bd2e164f0cc,8cb2964c46c7c7e9,C:\Users\Ashutosh Verma\OneDrive\Desktop\VET VISION AI\data\lsd\LumpySkinDisease_DataHub\LumpySkinDisease_DataHub\data-processed\lumpy_balanced\lumpy1\Normal147.png
Normal148.png,Normal148.png,Normal,False,256,256,3,RGB,1.0,162677,.png,8f136b1629b6fe0312d159b000cba6077e97239b655c783d07300948aeee4c53,449431329bd24a04,C:\Users\Ashutosh Verma\OneDrive\Desktop\VET VISION AI\data\lsd\LumpySkinDisease_DataHub\LumpySkinDisease_DataHub\data-processed\lumpy_balanced\lumpy1\Normal148.png
Normal149.png,Normal149.png,Normal,False,256,256,3,RGB,1.0,173134,.png,7a21360488946461bf958b590a69c6feae65fe13a9a62bfe3e6217390423ed0f,a62019392933b7bd,C:\Users\Ashutosh Verma\OneDrive\Desktop\VET VISION AI\data\lsd\LumpySkinDisease_DataHub\LumpySkinDisease_DataHub\data-processed\lumpy_balanced\lumpy1\Normal149.png
Normal15.png,Normal15.png,Normal,False,256,256,3,RGB,1.0,177128,.png,dbdc01e4c253242a6fdd1c9f5eaba788935b7c72da7b14114bdcb850d4b03227,108884c86ef3f1c0,C:\Users\Ashutosh Verma\OneDrive\Desktop\VET VISION AI\data\lsd\LumpySkinDisease_DataHub\LumpySkinDisease_DataHub\data-processed\lumpy_balanced\lumpy1\Normal15.png
Normal150.png,Normal150.png,Normal,False,256,256,3,RGB,1.0,180353,.png,fc832aee4cad6e5ca640afb952189717b84a96ada7df33c8c26294575b5484fc,fac9993b3b33e4fc,C:\Users\Ashutosh Verma\OneDrive\Desktop\VET VISION AI\data\lsd\LumpySkinDisease_DataHub\LumpySkinDisease_DataHub\data-processed\lumpy_balanced\lumpy1\Normal150.png
Normal151.png,Normal151.png,Normal,False,256,256,3,RGB,1.0,151756,.png,4678bd66d14e1342a9fe55800ce3d4c60a5e60cab9a9952c7a0e88f1ff14a2ce,6466c64426493ca4,C:\Users\Ashutosh Verma\OneDrive\Desktop\VET VISION AI\data\lsd\LumpySkinDisease_DataHub\LumpySkinDisease_DataHub\data-processed\lumpy_balanced\lumpy1\Normal151.png
Normal152.png,Normal152.png,Normal,False,256,256,3,RGB,1.0,166942,.png,a441670e02da2bf26d3d818d7a4fe2c042ffa382c52eab429c9286db85cf8905,fb3737646466d6df,C:\Users\Ashutosh Verma\OneDrive\Desktop\VET VISION AI\data\lsd\LumpySkinDisease_DataHub\LumpySkinDisease_DataHub\data-processed\lumpy_balanced\lumpy1\Normal152.png
Normal153.png,Normal153.png,Normal,False,256,256,3,RGB,1.0,168241,.png,8fd05d81054d6760213b83ba7190e32abffb2201781ca114951a9384354970b2,a7ccd983939b4a42,C:\Users\Ashutosh Verma\OneDrive\Desktop\VET VISION AI\data\lsd\LumpySkinDisease_DataHub\LumpySkinDisease_DataHub\data-processed\lumpy_balanced\lumpy1\Normal153.png
Normal154.png,Normal154.png,Normal,False,256,256,3,RGB,1.0,159260,.png,927811aa983fdb19cadf4fb600c4140c061b0bb07f077b0a5a61caef63f60e94,c4aca8c828a99c40,C:\Users\Ashutosh Verma\OneDrive\Desktop\VET VISION AI\data\lsd\LumpySkinDisease_DataHub\LumpySkinDisease_DataHub\data-processed\lumpy_balanced\lumpy1\Normal154.png
Normal155.png,Normal155.png,Normal,False,256,256,3,RGB,1.0,163978,.png,4d0386bc71b8d89ee4ab2e6aafb1f73083a8ff42bbe74ffbc6cda4d0dba5cc6a,e0acb29cd89c999b,C:\Users\Ashutosh Verma\OneDrive\Desktop\VET VISION AI\data\lsd\LumpySkinDisease_DataHub\LumpySkinDisease_DataHub\data-processed\lumpy_balanced\lumpy1\Normal155.png
Normal156.png,Normal156.png,Normal,False,256,256,3,RGB,1.0,160916,.png,a2ecf93a9475bff1461f6c5a5a044b54ef1579fcd26c631a5756d2627d247f29,64645c7074c6e6e1,C:\Users\Ashutosh Verma\OneDrive\Desktop\VET VISION AI\data\lsd\LumpySkinDisease_DataHub\LumpySkinDisease_DataHub\data-processed\lumpy_balanced\lumpy1\Normal156.png
Normal157.png,Normal157.png,Normal,False,256,256,3,RGB,1.0,156823,.png,82a342ea33e2048eb0540f7bf53d502c5c774d9293afbc317d58d1bb09aa75ff,01a5ac0b2f2f0581,C:\Users\Ashutosh Verma\OneDrive\Desktop\VET VISION AI\data\lsd\LumpySkinDisease_DataHub\LumpySkinDisease_DataHub\data-processed\lumpy_balanced\lumpy1\Normal157.png
Normal158.png,Normal158.png,Normal,False,256,256,3,RGB,1.0,161991,.png,cef27c0919071ea5afbe0217851210581590dfb886b724c61c7da19a7ecfec94,f2b29395929a8c4c,C:\Users\Ashutosh Verma\OneDrive\Desktop\VET VISION AI\data\lsd\LumpySkinDisease_DataHub\LumpySkinDisease_DataHub\data-processed\lumpy_balanced\lumpy1\Normal158.png
Normal159.png,Normal159.png,Normal,False,256,256,3,RGB,1.0,72543,.png,13d4d663ad2241854dfbc44f84fd5adda448618ae15592ecc1e67ed7b6ecd598,063edcdeda9dd1c0,C:\Users\Ashutosh Verma\OneDrive\Desktop\VET VISION AI\data\lsd\LumpySkinDisease_DataHub\LumpySkinDisease_DataHub\data-processed\lumpy_balanced\lumpy1\Normal159.png
Normal16.png,Normal16.png,Normal,False,256,256,3,RGB,1.0,155820,.png,c220fdca7d019ca6c3a2cab7b7dca634146546ad6acf44cbe8bdbec4c07acfa4,79333b2b9d999b1b,C:\Users\Ashutosh Verma\OneDrive\Desktop\VET VISION AI\data\lsd\LumpySkinDisease_DataHub\LumpySkinDisease_DataHub\data-processed\lumpy_balanced\lumpy1\Normal16.png
Normal160.png,Normal160.png,Normal,False,256,256,3,RGB,1.0,180350,.png,b16ecd50e66a0beae5cd37d956b35915eef1bebdba76fd65217f88bf809e77f2,7f7d56561e19094d,C:\Users\Ashutosh Verma\OneDrive\Desktop\VET VISION AI\data\lsd\LumpySkinDisease_DataHub\LumpySkinDisease_DataHub\data-processed\lumpy_balanced\lumpy1\Normal160.png
Normal161.png,Normal161.png,Normal,False,256,256,3,RGB,1.0,168241,.png,8fd05d81054d6760213b83ba7190e32abffb2201781ca114951a9384354970b2,a7ccd983939b4a42,C:\Users\Ashutosh Verma\OneDrive\Desktop\VET VISION AI\data\lsd\LumpySkinDisease_DataHub\LumpySkinDisease_DataHub\data-processed\lumpy_balanced\lumpy1\Normal161.png
Normal162.png,Normal162.png,Normal,False,256,256,3,RGB,1.0,148052,.png,64d1254fe6cf043e02b8c555e315c688b091bd20ada26f6d9cabf2bd1582b8de,2d309c9c1c1733b8,C:\Users\Ashutosh Verma\OneDrive\Desktop\VET VISION AI\data\lsd\LumpySkinDisease_DataHub\LumpySkinDisease_DataHub\data-processed\lumpy_balanced\lumpy1\Normal162.png
Normal163.png,Normal163.png,Normal,False,256,256,3,RGB,1.0,130078,.png,51bcb869d79dca093b658180cc678196f7fad4c094590a2038fe001acc22889a,6439a9a9a9a1a2e2,C:\Users\Ashutosh Verma\OneDrive\Desktop\VET VISION AI\data\lsd\LumpySkinDisease_DataHub\LumpySkinDisease_DataHub\data-processed\lumpy_balanced\lumpy1\Normal163.png
Normal164.png,Normal164.png,Normal,False,256,256,3,RGB,1.0,180949,.png,1bbdffaf7f435c2db7d4ff896295af9d932e0f33ae555d6c673eaabf5893eadd,3faf21319286b399,C:\Users\Ashutosh Verma\OneDrive\Desktop\VET VISION AI\data\lsd\LumpySkinDisease_DataHub\LumpySkinDisease_DataHub\data-processed\lumpy_balanced\lumpy1\Normal164.png
Normal165.png,Normal165.png,Normal,False,256,256,3,RGB,1.0,163414,.png,ffc7a8e43f08b28bebf39f2de653d320d9ba353a516afdd0b575240b93ee2c52,038ebcf8e2e42491,C:\Users\Ashutosh Verma\OneDrive\Desktop\VET VISION AI\data\lsd\LumpySkinDisease_DataHub\LumpySkinDisease_DataHub\data-processed\lumpy_balanced\lumpy1\Normal165.png
Normal166.png,Normal166.png,Normal,False,256,256,3,RGB,1.0,182626,.png,c53cb0d9ea79f28a81ff429aa96234dc63fc918a035c6ad171ec9958e2e77e2f,7a8cf0b89e3e2fc3,C:\Users\Ashutosh Verma\OneDrive\Desktop\VET VISION AI\data\lsd\LumpySkinDisease_DataHub\LumpySkinDisease_DataHub\data-processed\lumpy_balanced\lumpy1\Normal166.png
Normal167.png,Normal167.png,Normal,False,256,256,3,RGB,1.0,179320,.png,00ba71aaf465f9df3255c275902734f554a62d2665753f3e2c04b4e53f42d979,f2b0649206226276,C:\Users\Ashutosh Verma\OneDrive\Desktop\VET VISION AI\data\lsd\LumpySkinDisease_DataHub\LumpySkinDisease_DataHub\data-processed\lumpy_balanced\lumpy1\Normal167.png
Normal168.png,Normal168.png,Normal,False,256,256,3,RGB,1.0,190575,.png,6701bbc41776fb6ee3d2ce5bb3e7524993d0995910aa716900fa506382ffd0eb,ed666c9c6679bdbc,C:\Users\Ashutosh Verma\OneDrive\Desktop\VET VISION AI\data\lsd\LumpySkinDisease_DataHub\LumpySkinDisease_DataHub\data-processed\lumpy_balanced\lumpy1\Normal168.png
Normal169.png,Normal169.png,Normal,False,256,256,3,RGB,1.0,183430,.png,0b19b65dfa808df96cef128c57e764a3ac57048f82b87f59b7fd6d3a0063363d,b7e6e0e674da7bd9,C:\Users\Ashutosh Verma\OneDrive\Desktop\VET VISION AI\data\lsd\LumpySkinDisease_DataHub\LumpySkinDisease_DataHub\data-processed\lumpy_balanced\lumpy1\Normal169.png
Normal17.png,Normal17.png,Normal,False,256,256,3,RGB,1.0,188890,.png,51ec3b643f9694e0701e4e1bc82226d9584946bda27ac005a000d2fcad9d31e6,e397b7c34a0e3ce4,C:\Users\Ashutosh Verma\OneDrive\Desktop\VET VISION AI\data\lsd\LumpySkinDisease_DataHub\LumpySkinDisease_DataHub\data-processed\lumpy_balanced\lumpy1\Normal17.png
Normal170.png,Normal170.png,Normal,False,256,256,3,RGB,1.0,187267,.png,d3f9504ad862ac5ca0c7b4f161f0451a8fcf0917b60d90ba0e8b3cbe7f247fad,ecc1139519b6269b,C:\Users\Ashutosh Verma\OneDrive\Desktop\VET VISION AI\data\lsd\LumpySkinDisease_DataHub\LumpySkinDisease_DataHub\data-processed\lumpy_balanced\lumpy1\Normal170.png
Normal171.png,Normal171.png,Normal,False,256,256,3,RGB,1.0,85455,.png,9ec6c3601a265f21c9e4d7c82ae2281e8936c0c4acc021aa875cc576327fabae,b7371b3316766526,C:\Users\Ashutosh Verma\OneDrive\Desktop\VET VISION AI\data\lsd\LumpySkinDisease_DataHub\LumpySkinDisease_DataHub\data-processed\lumpy_balanced\lumpy1\Normal171.png
Normal172.png,Normal172.png,Normal,False,256,256,3,RGB,1.0,137618,.png,5b782f1c54cb41e805f973447660c7303624aff5785446c1449aa9669ac60148,981e3633fbc34f46,C:\Users\Ashutosh Verma\OneDrive\Desktop\VET VISION AI\data\lsd\LumpySkinDisease_DataHub\LumpySkinDisease_DataHub\data-processed\lumpy_balanced\lumpy1\Normal172.png
Normal173.png,Normal173.png,Normal,False,256,256,3,RGB,1.0,164112,.png,16261e16baec4824b1c65fc413445a8482e062df5fdcb8ea693e9e55d67591e8,a490199393840418,C:\Users\Ashutosh Verma\OneDrive\Desktop\VET VISION AI\data\lsd\LumpySkinDisease_DataHub\LumpySkinDisease_DataHub\data-processed\lumpy_balanced\lumpy1\Normal173.png
Normal174.png,Normal174.png,Normal,False,256,256,3,RGB,1.0,149387,.png,c760f9f200edb7c888621dd90052e8f78bba0c3d29957801d2ea4c1968dee057,5933f3727978f2eb,C:\Users\Ashutosh Verma\OneDrive\Desktop\VET VISION AI\data\lsd\LumpySkinDisease_DataHub\LumpySkinDisease_DataHub\data-processed\lumpy_balanced\lumpy1\Normal174.png
Normal175.png,Normal175.png,Normal,False,256,256,3,RGB,1.0,120099,.png,29e118081e4712286acad4763f2d701337ce05cdfdcd6338d106c432a14fe796,232627a7a3b3b3b3,C:\Users\Ashutosh Verma\OneDrive\Desktop\VET VISION AI\data\lsd\LumpySkinDisease_DataHub\LumpySkinDisease_DataHub\data-processed\lumpy_balanced\lumpy1\Normal175.png
Normal176.png,Normal176.png,Normal,False,256,256,3,RGB,1.0,169984,.png,85611a9c3646bb98237fbed28fe8d61da4250cc83295d65801df13afe10aff0b,c8e6a697c5699d9d,C:\Users\Ashutosh Verma\OneDrive\Desktop\VET VISION AI\data\lsd\LumpySkinDisease_DataHub\LumpySkinDisease_DataHub\data-processed\lumpy_balanced\lumpy1\Normal176.png
Normal177.png,Normal177.png,Normal,False,256,256,3,RGB,1.0,176811,.png,8db10831b951c74b236f832697c903025c37b807fbe36d036160634382a08c68,292f07d3ca8b9b13,C:\Users\Ashutosh Verma\OneDrive\Desktop\VET VISION AI\data\lsd\LumpySkinDisease_DataHub\LumpySkinDisease_DataHub\data-processed\lumpy_balanced\lumpy1\Normal177.png
Normal178.png,Normal178.png,Normal,False,256,256,3,RGB,1.0,143654,.png,c523f4788849978da140e7c649d2defcbefa163f66ffa88930cc40882a5ad458,550c4c3411999898,C:\Users\Ashutosh Verma\OneDrive\Desktop\VET VISION AI\data\lsd\LumpySkinDisease_DataHub\LumpySkinDisease_DataHub\data-processed\lumpy_balanced\lumpy1\Normal178.png
Normal179.png,Normal179.png,Normal,False,256,256,3,RGB,1.0,171189,.png,3cebae2e1ab63125d8bdbdd00b3d9673978da3281b37d87d2d2af622d661d47d,203035b5e76666f3,C:\Users\Ashutosh Verma\OneDrive\Desktop\VET VISION AI\data\lsd\LumpySkinDisease_DataHub\LumpySkinDisease_DataHub\data-processed\lumpy_balanced\lumpy1\Normal179.png
Normal18.png,Normal18.png,Normal,False,256,256,3,RGB,1.0,174797,.png,96dbbc07a69c975724eb9427ab1ab5ff8ef6475023f65511e83e4784059fbf3c,d8f1b1582c2c1eae,C:\Users\Ashutosh Verma\OneDrive\Desktop\VET VISION AI\data\lsd\LumpySkinDisease_DataHub\LumpySkinDisease_DataHub\data-processed\lumpy_balanced\lumpy1\Normal18.png
Normal180.png,Normal180.png,Normal,False,256,256,3,RGB,1.0,165220,.png,355c25173168b02de47d8456023a3153a3bf5608185bfbb3f3ab23a245ac1c7c,2bdb4f4f0e1e7fd6,C:\Users\Ashutosh Verma\OneDrive\Desktop\VET VISION AI\data\lsd\LumpySkinDisease_DataHub\LumpySkinDisease_DataHub\data-processed\lumpy_balanced\lumpy1\Normal180.png
Normal181.png,Normal181.png,Normal,False,256,256,3,RGB,1.0,179656,.png,b6a2987f8cc64270903908a241cd37daf155f0f8371fcf3e18506b7be66c6558,c7f0eaa386a6a5dc,C:\Users\Ashutosh Verma\OneDrive\Desktop\VET VISION AI\data\lsd\LumpySkinDisease_DataHub\LumpySkinDisease_DataHub\data-processed\lumpy_balanced\lumpy1\Normal181.png
Normal182.png,Normal182.png,Normal,False,256,256,3,RGB,1.0,155820,.png,c220fdca7d019ca6c3a2cab7b7dca634146546ad6acf44cbe8bdbec4c07acfa4,79333b2b9d999b1b,C:\Users\Ashutosh Verma\OneDrive\Desktop\VET VISION AI\data\lsd\LumpySkinDisease_DataHub\LumpySkinDisease_DataHub\data-processed\lumpy_balanced\lumpy1\Normal182.png
Normal183.png,Normal183.png,Normal,False,256,256,3,RGB,1.0,168110,.png,a0167b4b2bd7b8903378709e39d65f0442e17a45704604bece31740d285dd809,d99e8e0606cbcb8f,C:\Users\Ashutosh Verma\OneDrive\Desktop\VET VISION AI\data\lsd\LumpySkinDisease_DataHub\LumpySkinDisease_DataHub\data-processed\lumpy_balanced\lumpy1\Normal183.png
Normal184.png,Normal184.png,Normal,False,256,256,3,RGB,1.0,54383,.png,1f52badde32510f3a5c6ad2f4b13737e7c4c190d2d0096c3b775cd5adbf835eb,100307361e252505,C:\Users\Ashutosh Verma\OneDrive\Desktop\VET VISION AI\data\lsd\LumpySkinDisease_DataHub\LumpySkinDisease_DataHub\data-processed\lumpy_balanced\lumpy1\Normal184.png
Normal185.png,Normal185.png,Normal,False,256,256,3,RGB,1.0,175739,.png,a245d3f0148648ec8b187617cea7aaae362d03cb1a10040eeb4ba60a20ce8949,e864c2c9e3e3d9f9,C:\Users\Ashutosh Verma\OneDrive\Desktop\VET VISION AI\data\lsd\LumpySkinDisease_DataHub\LumpySkinDisease_DataHub\data-processed\lumpy_balanced\lumpy1\Normal185.png
Normal186.png,Normal186.png,Normal,False,256,256,3,RGB,1.0,180532,.png,9526a93959542337a1e76b8ca969f9d7527a42bc49d599ded4c813e296c8bde1,939b2db91b0b4fee,C:\Users\Ashutosh Verma\OneDrive\Desktop\VET VISION AI\data\lsd\LumpySkinDisease_DataHub\LumpySkinDisease_DataHub\data-processed\lumpy_balanced\lumpy1\Normal186.png
Normal187.png,Normal187.png,Normal,False,256,256,3,RGB,1.0,161766,.png,d6b0df07619e64878d4bf77bc63155e9ecbaacae58ebbfdcb393bf7fd7327cfb,c3d3d1c4c5c8e8ab,C:\Users\Ashutosh Verma\OneDrive\Desktop\VET VISION AI\data\lsd\LumpySkinDisease_DataHub\LumpySkinDisease_DataHub\data-processed\lumpy_balanced\lumpy1\Normal187.png
Normal188.png,Normal188.png,Normal,False,256,256,3,RGB,1.0,161086,.png,d1e5ab71580d6fa855a7252e1c40361b7de6de5dac0bb383671b202d1e11c17e,ee1c9e9b9991f272,C:\Users\Ashutosh Verma\OneDrive\Desktop\VET VISION AI\data\lsd\LumpySkinDisease_DataHub\LumpySkinDisease_DataHub\data-processed\lumpy_balanced\lumpy1\Normal188.png
Normal189.png,Normal189.png,Normal,False,256,256,3,RGB,1.0,158520,.png,e653794d90509ca410a80fb529b4b501afa86c9cb131923a5d2a80aed93d78e3,6c348d1f27a72607,C:\Users\Ashutosh Verma\OneDrive\Desktop\VET VISION AI\data\lsd\LumpySkinDisease_DataHub\LumpySkinDisease_DataHub\data-processed\lumpy_balanced\lumpy1\Normal189.png
Normal19.png,Normal19.png,Normal,False,256,256,3,RGB,1.0,177312,.png,09c5a641fc66853de4a1ef9278e1378a6ed108dc6862ce0c7c6ce46c122b99e1,9db00618cc2e9ac6,C:\Users\Ashutosh Verma\OneDrive\Desktop\VET VISION AI\data\lsd\LumpySkinDisease_DataHub\LumpySkinDisease_DataHub\data-processed\lumpy_balanced\lumpy1\Normal19.png
Normal190.png,Normal190.png,Normal,False,256,256,3,RGB,1.0,173597,.png,5b4a47babc57341478b9c0545e160c4e6f112b5bc6f5bc37877a210cd38d7964,8ecdc5e5c5a5e5e1,C:\Users\Ashutosh Verma\OneDrive\Desktop\VET VISION AI\data\lsd\LumpySkinDisease_DataHub\LumpySkinDisease_DataHub\data-processed\lumpy_balanced\lumpy1\Normal190.png
Normal191.png,Normal191.png,Normal,False,256,256,3,RGB,1.0,166160,.png,e5c181eeed4b7551526de3ae733fcd66a1a122b641cee689e36351c5438ea49d,6ed471b0b3e33466,C:\Users\Ashutosh Verma\OneDrive\Desktop\VET VISION AI\data\lsd\LumpySkinDisease_DataHub\LumpySkinDisease_DataHub\data-processed\lumpy_balanced\lumpy1\Normal191.png
Normal192.png,Normal192.png,Normal,False,256,256,3,RGB,1.0,108180,.png,8081acbe777398f3a815b5086ef4f1cf1d1f2a2fa04ced5c757661b1aec54966,951136123379c892,C:\Users\Ashutosh Verma\OneDrive\Desktop\VET VISION AI\data\lsd\LumpySkinDisease_DataHub\LumpySkinDisease_DataHub\data-processed\lumpy_balanced\lumpy1\Normal192.png
Normal193.png,Normal193.png,Normal,False,256,256,3,RGB,1.0,141501,.png,84e9c3e66e222f185641c4d8a0fabf5063d2ecf466f74929eaae9da7a27ba716,ecd01c669a99c4b4,C:\Users\Ashutosh Verma\OneDrive\Desktop\VET VISION AI\data\lsd\LumpySkinDisease_DataHub\LumpySkinDisease_DataHub\data-processed\lumpy_balanced\lumpy1\Normal193.png
Normal194.png,Normal194.png,Normal,False,256,256,3,RGB,1.0,174416,.png,794ee4ed9a52487d341759bf4eceb6ff5cd1933b2bbdbfd85bca605c3c378c96,05053d3d3d1d2d35,C:\Users\Ashutosh Verma\OneDrive\Desktop\VET VISION AI\data\lsd\LumpySkinDisease_DataHub\LumpySkinDisease_DataHub\data-processed\lumpy_balanced\lumpy1\Normal194.png
Normal195.png,Normal195.png,Normal,False,256,256,3,RGB,1.0,162002,.png,7973c078fb8f41b9f32b2aa94d160cca66046cbca8c329c9d7dac384d0897137,6a4aadacc8e8e0d6,C:\Users\Ashutosh Verma\OneDrive\Desktop\VET VISION AI\data\lsd\LumpySkinDisease_DataHub\LumpySkinDisease_DataHub\data-processed\lumpy_balanced\lumpy1\Normal195.png
Normal196.png,Normal196.png,Normal,False,256,256,3,RGB,1.0,174106,.png,bcaeddd887cf1bab928b791ff11eed548ffe5daaff26104e702897e96cda23c5,e48c3e968e6f6f3b,C:\Users\Ashutosh Verma\OneDrive\Desktop\VET VISION AI\data\lsd\LumpySkinDisease_DataHub\LumpySkinDisease_DataHub\data-processed\lumpy_balanced\lumpy1\Normal196.png
Normal197.png,Normal197.png,Normal,False,256,256,3,RGB,1.0,162987,.png,d4f910ae6cba3ec68aa097cbca0b9594457712f0353f8767f64f15f9495e3780,52cc0e0b8aca301f,C:\Users\Ashutosh Verma\OneDrive\Desktop\VET VISION AI\data\lsd\LumpySkinDisease_DataHub\LumpySkinDisease_DataHub\data-processed\lumpy_balanced\lumpy1\Normal197.png
Normal198.png,Normal198.png,Normal,False,256,256,3,RGB,1.0,180250,.png,2fe618d76159b25ed3aee82fbf523e8df8f4a30cc5b9083c2c3b4004d4cf357d,4bf0b1b3a9ab0bae,C:\Users\Ashutosh Verma\OneDrive\Desktop\VET VISION AI\data\lsd\LumpySkinDisease_DataHub\LumpySkinDisease_DataHub\data-processed\lumpy_balanced\lumpy1\Normal198.png
Normal199.png,Normal199.png,Normal,False,256,256,3,RGB,1.0,153564,.png,11b3d3794df84ea4fc22a1fb078fbaf35a2731259529fe8c6a287e59574efa6c,fb37863a9c8ca868,C:\Users\Ashutosh Verma\OneDrive\Desktop\VET VISION AI\data\lsd\LumpySkinDisease_DataHub\LumpySkinDisease_DataHub\data-processed\lumpy_balanced\lumpy1\Normal199.png
Normal2.png,Normal2.png,Normal,False,256,256,3,RGB,1.0,138892,.png,d4ab4192eefa8597121dfc1928b47cc5005168b3592d475e84872db50f2325ae,6670c06376163a1a,C:\Users\Ashutosh Verma\OneDrive\Desktop\VET VISION AI\data\lsd\LumpySkinDisease_DataHub\LumpySkinDisease_DataHub\data-processed\lumpy_balanced\lumpy1\Normal2.png
Normal20.png,Normal20.png,Normal,False,256,256,3,RGB,1.0,163941,.png,1a79249f08b28a0b9f50b739404d0b9f24642febe4bf79c21c4d91766f817465,c005169e862627a7,C:\Users\Ashutosh Verma\OneDrive\Desktop\VET VISION AI\data\lsd\LumpySkinDisease_DataHub\LumpySkinDisease_DataHub\data-processed\lumpy_balanced\lumpy1\Normal20.png
Normal200.png,Normal200.png,Normal,False,256,256,3,RGB,1.0,145159,.png,53d7754ad6088d00ba40ad821c788e2f0c2d909d848ce5c5becf2a7d11f0af4a,e05c8a646038b0a9,C:\Users\Ashutosh Verma\OneDrive\Desktop\VET VISION AI\data\lsd\LumpySkinDisease_DataHub\LumpySkinDisease_DataHub\data-processed\lumpy_balanced\lumpy1\Normal200.png
Normal201.png,Normal201.png,Normal,False,256,256,3,RGB,1.0,181812,.png,d1eee786462c2fe807540817250181502da74dfbf789715187619df0a79d94df,8e192a2229490c04,C:\Users\Ashutosh Verma\OneDrive\Desktop\VET VISION AI\data\lsd\LumpySkinDisease_DataHub\LumpySkinDisease_DataHub\data-processed\lumpy_balanced\lumpy1\Normal201.png
Normal202.png,Normal202.png,Normal,False,256,256,3,RGB,1.0,120099,.png,29e118081e4712286acad4763f2d701337ce05cdfdcd6338d106c432a14fe796,232627a7a3b3b3b3,C:\Users\Ashutosh Verma\OneDrive\Desktop\VET VISION AI\data\lsd\LumpySkinDisease_DataHub\LumpySkinDisease_DataHub\data-processed\lumpy_balanced\lumpy1\Normal202.png
Normal203.png,Normal203.png,Normal,False,256,256,3,RGB,1.0,165220,.png,355c25173168b02de47d8456023a3153a3bf5608185bfbb3f3ab23a245ac1c7c,2bdb4f4f0e1e7fd6,C:\Users\Ashutosh Verma\OneDrive\Desktop\VET VISION AI\data\lsd\LumpySkinDisease_DataHub\LumpySkinDisease_DataHub\data-processed\lumpy_balanced\lumpy1\Normal203.png
Normal204.png,Normal204.png,Normal,False,256,256,3,RGB,1.0,174106,.png,bcaeddd887cf1bab928b791ff11eed548ffe5daaff26104e702897e96cda23c5,e48c3e968e6f6f3b,C:\Users\Ashutosh Verma\OneDrive\Desktop\VET VISION AI\data\lsd\LumpySkinDisease_DataHub\LumpySkinDisease_DataHub\data-processed\lumpy_balanced\lumpy1\Normal204.png
Normal205.png,Normal205.png,Normal,False,256,256,3,RGB,1.0,163006,.png,59d95aa89f3ff7a0f504c1b2d6e11605207d636d6e26f258f6b164e1ead58165,18492f3d2d61999e,C:\Users\Ashutosh Verma\OneDrive\Desktop\VET VISION AI\data\lsd\LumpySkinDisease_DataHub\LumpySkinDisease_DataHub\data-processed\lumpy_balanced\lumpy1\Normal205.png
Normal206.png,Normal206.png,Normal,False,256,256,3,RGB,1.0,162824,.png,57db870a30e0b596b464d5956fcdb0080c0ccc4f1a5b141f431db88a0a4d8857,ff7337646466dedf,C:\Users\Ashutosh Verma\OneDrive\Desktop\VET VISION AI\data\lsd\LumpySkinDisease_DataHub\LumpySkinDisease_DataHub\data-processed\lumpy_balanced\lumpy1\Normal206.png
Normal207.png,Normal207.png,Normal,False,256,256,3,RGB,1.0,162677,.png,8f136b1629b6fe0312d159b000cba6077e97239b655c783d07300948aeee4c53,449431329bd24a04,C:\Users\Ashutosh Verma\OneDrive\Desktop\VET VISION AI\data\lsd\LumpySkinDisease_DataHub\LumpySkinDisease_DataHub\data-processed\lumpy_balanced\lumpy1\Normal207.png
Normal208.png,Normal208.png,Normal,False,256,256,3,RGB,1.0,174143,.png,93cc2d258258b19e4fc50135e7e7ba27ce3dd5360006c45f4c63798c909f44cc,a1c42c0d9753c42d,C:\Users\Ashutosh Verma\OneDrive\Desktop\VET VISION AI\data\lsd\LumpySkinDisease_DataHub\LumpySkinDisease_DataHub\data-processed\lumpy_balanced\lumpy1\Normal208.png
Normal209.png,Normal209.png,Normal,False,256,256,3,RGB,1.0,128896,.png,2ec812803d4e2f2a80b0aa8a594d792263eeffc54e20aa3557e0692df8394b07,3e62d2dadcd696b5,C:\Users\Ashutosh Verma\OneDrive\Desktop\VET VISION AI\data\lsd\LumpySkinDisease_DataHub\LumpySkinDisease_DataHub\data-processed\lumpy_balanced\lumpy1\Normal209.png
Normal21.png,Normal21.png,Normal,False,256,256,3,RGB,1.0,166833,.png,c8aa8af396f6130979aa4fa78281ccfc95e9ad5edc1a565d8d5640cd096a1603,d9a4232b33333192,C:\Users\Ashutosh Verma\OneDrive\Desktop\VET VISION AI\data\lsd\LumpySkinDisease_DataHub\LumpySkinDisease_DataHub\data-processed\lumpy_balanced\lumpy1\Normal21.png
Normal210.png,Normal210.png,Normal,False,256,256,3,RGB,1.0,173408,.png,0b3ea8ed1d12cd49c9782aca4bb6a901591644d31f976d74f36432e1f9a0fccc,e2dc6e3899d896b2,C:\Users\Ashutosh Verma\OneDrive\Desktop\VET VISION AI\data\lsd\LumpySkinDisease_DataHub\LumpySkinDisease_DataHub\data-processed\lumpy_balanced\lumpy1\Normal210.png
Normal211.png,Normal211.png,Normal,False,256,256,3,RGB,1.0,148773,.png,e0e2e22d4b8ca231f7017e19e5854ca43c3bc2ed28455298cfc361af7c55b61c,4133a66766e62215,C:\Users\Ashutosh Verma\OneDrive\Desktop\VET VISION AI\data\lsd\LumpySkinDisease_DataHub\LumpySkinDisease_DataHub\data-processed\lumpy_balanced\lumpy1\Normal211.png
Normal212.png,Normal212.png,Normal,False,256,256,3,RGB,1.0,175613,.png,bea90a32717970074834706f12761a72a2c6a7d1992f67ed48409e407f03b41a,e27a79596a3fded7,C:\Users\Ashutosh Verma\OneDrive\Desktop\VET VISION AI\data\lsd\LumpySkinDisease_DataHub\LumpySkinDisease_DataHub\data-processed\lumpy_balanced\lumpy1\Normal212.png
Normal213.png,Normal213.png,Normal,False,256,256,3,RGB,1.0,136096,.png,901bd9468452e314824de9ab10d30d995f242b71e3f26bcfd0485dcc3fa848d3,efbdb673fb769efc,C:\Users\Ashutosh Verma\OneDrive\Desktop\VET VISION AI\data\lsd\LumpySkinDisease_DataHub\LumpySkinDisease_DataHub\data-processed\lumpy_balanced\lumpy1\Normal213.png
Normal214.png,Normal214.png,Normal,False,256,256,3,RGB,1.0,130078,.png,51bcb869d79dca093b658180cc678196f7fad4c094590a2038fe001acc22889a,6439a9a9a9a1a2e2,C:\Users\Ashutosh Verma\OneDrive\Desktop\VET VISION AI\data\lsd\LumpySkinDisease_DataHub\LumpySkinDisease_DataHub\data-processed\lumpy_balanced\lumpy1\Normal214.png
Normal215.png,Normal215.png,Normal,False,256,256,3,RGB,1.0,174153,.png,3ed02575fa3a83e5a564a9c601dac848a05a3c4a36a11a8ed1be9a7a17b0c3cf,6d92aeee736b3810,C:\Users\Ashutosh Verma\OneDrive\Desktop\VET VISION AI\data\lsd\LumpySkinDisease_DataHub\LumpySkinDisease_DataHub\data-processed\lumpy_balanced\lumpy1\Normal215.png
Normal216.png,Normal216.png,Normal,False,256,256,3,RGB,1.0,182876,.png,031f8a21b7deb5e846e969d20fbb9ce7b14a90a315ed76e4ad7e55190f14f052,d899233f3b3b398f,C:\Users\Ashutosh Verma\OneDrive\Desktop\VET VISION AI\data\lsd\LumpySkinDisease_DataHub\LumpySkinDisease_DataHub\data-processed\lumpy_balanced\lumpy1\Normal216.png
Normal217.png,Normal217.png,Normal,False,256,256,3,RGB,1.0,161743,.png,b63906276d6a5d0dafd5c1a6203c973c0c548a171bee00b9539ee9b2382b8068,9a1a3235353c30b0,C:\Users\Ashutosh Verma\OneDrive\Desktop\VET VISION AI\data\lsd\LumpySkinDisease_DataHub\LumpySkinDisease_DataHub\data-processed\lumpy_balanced\lumpy1\Normal217.png
Normal218.png,Normal218.png,Normal,False,256,256,3,RGB,1.0,93333,.png,91cec5feb697794a271d2f9dd8f316e1c33d9c5c9b0c83f885e3e90f173d9e93,702e264d49135349,C:\Users\Ashutosh Verma\OneDrive\Desktop\VET VISION AI\data\lsd\LumpySkinDisease_DataHub\LumpySkinDisease_DataHub\data-processed\lumpy_balanced\lumpy1\Normal218.png
Normal219.png,Normal219.png,Normal,False,256,256,3,RGB,1.0,166160,.png,e5c181eeed4b7551526de3ae733fcd66a1a122b641cee689e36351c5438ea49d,6ed471b0b3e33466,C:\Users\Ashutosh Verma\OneDrive\Desktop\VET VISION AI\data\lsd\LumpySkinDisease_DataHub\LumpySkinDisease_DataHub\data-processed\lumpy_balanced\lumpy1\Normal219.png
Normal22.png,Normal22.png,Normal,False,256,256,3,RGB,1.0,132388,.png,8198ea8cbc62053ac5fbb1b6d5bda27d249a161fa7f93cffcc91b3740c296477,e872362b21290101,C:\Users\Ashutosh Verma\OneDrive\Desktop\VET VISION AI\data\lsd\LumpySkinDisease_DataHub\LumpySkinDisease_DataHub\data-processed\lumpy_balanced\lumpy1\Normal22.png
Normal220.png,Normal220.png,Normal,False,256,256,3,RGB,1.0,179634,.png,58b138603a6a5dde0a936488f091399b14e2248910c22c07d0d2f4fd5e25fa24,eb69898cce6f6c6e,C:\Users\Ashutosh Verma\OneDrive\Desktop\VET VISION AI\data\lsd\LumpySkinDisease_DataHub\LumpySkinDisease_DataHub\data-processed\lumpy_balanced\lumpy1\Normal220.png
Normal221.png,Normal221.png,Normal,False,256,256,3,RGB,1.0,168176,.png,009a71755b86ae0799ffaff8fb5bbea2b7cd9c21125be2961d423ca01050b1d1,98a4a1802173efb8,C:\Users\Ashutosh Verma\OneDrive\Desktop\VET VISION AI\data\lsd\LumpySkinDisease_DataHub\LumpySkinDisease_DataHub\data-processed\lumpy_balanced\lumpy1\Normal221.png
Normal222.png,Normal222.png,Normal,False,256,256,3,RGB,1.0,175392,.png,786b405b1a1c63f35c45031871425207f0ee0e09a64536439e83be9a40f5313d,318eca4b878792c6,C:\Users\Ashutosh Verma\OneDrive\Desktop\VET VISION AI\data\lsd\LumpySkinDisease_DataHub\LumpySkinDisease_DataHub\data-processed\lumpy_balanced\lumpy1\Normal222.png
Normal223.png,Normal223.png,Normal,False,256,256,3,RGB,1.0,176358,.png,0f3b93c1291f389f53cd6df69ec5d237cc5203cb9d4cb27bf9bdfa99d14dc556,cc3cf0b0e22f2f3c,C:\Users\Ashutosh Verma\OneDrive\Desktop\VET VISION AI\data\lsd\LumpySkinDisease_DataHub\LumpySkinDisease_DataHub\data-processed\lumpy_balanced\lumpy1\Normal223.png
Normal224.png,Normal224.png,Normal,False,256,256,3,RGB,1.0,174024,.png,6c7c7d1aaf39bd292d0f9b237ca226eb1bb69564efd8a104cd8b60e18b2194d6,a1e4cc9bbbab0430,C:\Users\Ashutosh Verma\OneDrive\Desktop\VET VISION AI\data\lsd\LumpySkinDisease_DataHub\LumpySkinDisease_DataHub\data-processed\lumpy_balanced\lumpy1\Normal224.png
Normal225.png,Normal225.png,Normal,False,256,256,3,RGB,1.0,162924,.png,fa21b90a0b35c991e311ccefac08972df4aaf0aed658e15b556aac3867d394b3,5a1f6959f3e39823,C:\Users\Ashutosh Verma\OneDrive\Desktop\VET VISION AI\data\lsd\LumpySkinDisease_DataHub\LumpySkinDisease_DataHub\data-processed\lumpy_balanced\lumpy1\Normal225.png
Normal226.png,Normal226.png,Normal,False,256,256,3,RGB,1.0,18106,.png,87b094db38f09b7f46175c571fbd778edd8d0eb5365085965d695fb510cceea3,4ab42a4ab2295620,C:\Users\Ashutosh Verma\OneDrive\Desktop\VET VISION AI\data\lsd\LumpySkinDisease_DataHub\LumpySkinDisease_DataHub\data-processed\lumpy_balanced\lumpy1\Normal226.png
Normal227.png,Normal227.png,Normal,False,256,256,3,RGB,1.0,144003,.png,60516e8185e0f722ab612a39ca1ad147f001e48d2a772b1c67d74e76e09bb8ac,eceea1a113c2cc4f,C:\Users\Ashutosh Verma\OneDrive\Desktop\VET VISION AI\data\lsd\LumpySkinDisease_DataHub\LumpySkinDisease_DataHub\data-processed\lumpy_balanced\lumpy1\Normal227.png
Normal228.png,Normal228.png,Normal,False,256,256,3,RGB,1.0,133255,.png,c3cf9a1e3fa4f1711941019d3c0b5d2e9b6505187656277c0c6c7dcbc95160c7,39e99786c6663f5e,C:\Users\Ashutosh Verma\OneDrive\Desktop\VET VISION AI\data\lsd\LumpySkinDisease_DataHub\LumpySkinDisease_DataHub\data-processed\lumpy_balanced\lumpy1\Normal228.png
Normal229.png,Normal229.png,Normal,False,256,256,3,RGB,1.0,75777,.png,07d3f53b8f3ac6b90fcd444fdcb5b80529cfe68a0ec3da9644e3e42e9b4aab42,2b2b0b0353595951,C:\Users\Ashutosh Verma\OneDrive\Desktop\VET VISION AI\data\lsd\LumpySkinDisease_DataHub\LumpySkinDisease_DataHub\data-processed\lumpy_balanced\lumpy1\Normal229.png
Normal23.png,Normal23.png,Normal,False,256,256,3,RGB,1.0,185117,.png,fd1bbbd420c1dfe790355f916029a9c6ed30e37348d48f798f814fad93beb6d9,a28df8f074e0e8da,C:\Users\Ashutosh Verma\OneDrive\Desktop\VET VISION AI\data\lsd\LumpySkinDisease_DataHub\LumpySkinDisease_DataHub\data-processed\lumpy_balanced\lumpy1\Normal23.png
Normal230.png,Normal230.png,Normal,False,256,256,3,RGB,1.0,58631,.png,fdabe93869526cd27fbf7f3656839cf3022d43adcda4b865d2e2e86ff951dcf0,0c2f37179b1b1319,C:\Users\Ashutosh Verma\OneDrive\Desktop\VET VISION AI\data\lsd\LumpySkinDisease_DataHub\LumpySkinDisease_DataHub\data-processed\lumpy_balanced\lumpy1\Normal230.png
Normal231.png,Normal231.png,Normal,False,256,256,3,RGB,1.0,141593,.png,33c9b7015994379513a7d6f9e353712fd1fd794cf840c01ef76c72d783bc5c87,f0cc17148cccccce,C:\Users\Ashutosh Verma\OneDrive\Desktop\VET VISION AI\data\lsd\LumpySkinDisease_DataHub\LumpySkinDisease_DataHub\data-processed\lumpy_balanced\lumpy1\Normal231.png
Normal232.png,Normal232.png,Normal,False,256,256,3,RGB,1.0,150230,.png,128e9de90481472c7ea46a5005b0312e6be00f6113cd0dde2edae941a3e037d0,df9dd9f0f4f4fcfc,C:\Users\Ashutosh Verma\OneDrive\Desktop\VET VISION AI\data\lsd\LumpySkinDisease_DataHub\LumpySkinDisease_DataHub\data-processed\lumpy_balanced\lumpy1\Normal232.png
Normal233.png,Normal233.png,Normal,False,256,256,3,RGB,1.0,175095,.png,371ab412252b994273621b229919e12c58f0d8d4329f57e62bf7f642b7fd32c4,5273723aaac3642f,C:\Users\Ashutosh Verma\OneDrive\Desktop\VET VISION AI\data\lsd\LumpySkinDisease_DataHub\LumpySkinDisease_DataHub\data-processed\lumpy_balanced\lumpy1\Normal233.png
Normal234.png,Normal234.png,Normal,False,256,256,3,RGB,1.0,154968,.png,78f0e728e0287bbfc010e1f150a5d46ea2463ff0617cee558d3d2d9b74c35236,18883122cf85935a,C:\Users\Ashutosh Verma\OneDrive\Desktop\VET VISION AI\data\lsd\LumpySkinDisease_DataHub\LumpySkinDisease_DataHub\data-processed\lumpy_balanced\lumpy1\Normal234.png
Normal235.png,Normal235.png,Normal,False,256,256,3,RGB,1.0,159504,.png,da72bbd3965010129e6b77f1f96edd7448a82d70f72014882bbbbe8f6b0708e3,ecc6ccd88eccd8cd,C:\Users\Ashutosh Verma\OneDrive\Desktop\VET VISION AI\data\lsd\LumpySkinDisease_DataHub\LumpySkinDisease_DataHub\data-processed\lumpy_balanced\lumpy1\Normal235.png
Normal236.png,Normal236.png,Normal,False,256,256,3,RGB,1.0,174845,.png,080d55b342ae0a763fa94dc69710868be3ec4e7d295825002f77e9de194d7222,b0b84d4a5a380b82,C:\Users\Ashutosh Verma\OneDrive\Desktop\VET VISION AI\data\lsd\LumpySkinDisease_DataHub\LumpySkinDisease_DataHub\data-processed\lumpy_balanced\lumpy1\Normal236.png
Normal237.png,Normal237.png,Normal,False,256,256,3,RGB,1.0,185117,.png,fd1bbbd420c1dfe790355f916029a9c6ed30e37348d48f798f814fad93beb6d9,a28df8f074e0e8da,C:\Users\Ashutosh Verma\OneDrive\Desktop\VET VISION AI\data\lsd\LumpySkinDisease_DataHub\LumpySkinDisease_DataHub\data-processed\lumpy_balanced\lumpy1\Normal237.png
Normal238.png,Normal238.png,Normal,False,256,256,4,RGBA,1.0,27623,.png,f99d9a5e8aab23b152b97807567356d02a27169dfb4980e714f7f828b60b972f,c0583b1313929b9b,C:\Users\Ashutosh Verma\OneDrive\Desktop\VET VISION AI\data\lsd\LumpySkinDisease_DataHub\LumpySkinDisease_DataHub\data-processed\lumpy_balanced\lumpy1\Normal238.png
Normal239.png,Normal239.png,Normal,False,256,256,3,RGB,1.0,173785,.png,078e5e7b2ec31dbafe91ff2fa438f792170cb2c6db516b12d4be1b6f2bb72da3,d22ba98c56b388a9,C:\Users\Ashutosh Verma\OneDrive\Desktop\VET VISION AI\data\lsd\LumpySkinDisease_DataHub\LumpySkinDisease_DataHub\data-processed\lumpy_balanced\lumpy1\Normal239.png
Normal24.png,Normal24.png,Normal,False,256,256,3,RGB,1.0,180295,.png,2afb1dec42475d5775a293abb022384f05ea85e2837b2cd6aa42745b5911dd88,25b5f6d5b4d7cfcc,C:\Users\Ashutosh Verma\OneDrive\Desktop\VET VISION AI\data\lsd\LumpySkinDisease_DataHub\LumpySkinDisease_DataHub\data-processed\lumpy_balanced\lumpy1\Normal24.png
Normal240.png,Normal240.png,Normal,False,256,256,3,RGB,1.0,112091,.png,b59cafbfd1b83ecb5ab606ef2882060a58cf5e64d0253d81a97671a6398102a9,03274689120842c6,C:\Users\Ashutosh Verma\OneDrive\Desktop\VET VISION AI\data\lsd\LumpySkinDisease_DataHub\LumpySkinDisease_DataHub\data-processed\lumpy_balanced\lumpy1\Normal240.png
Normal241.png,Normal241.png,Normal,False,256,256,3,RGB,1.0,151329,.png,1bdb4ce4233007f85756c6843f466f718596c05d75177612d212024387608164,1119e1c4b4a02336,C:\Users\Ashutosh Verma\OneDrive\Desktop\VET VISION AI\data\lsd\LumpySkinDisease_DataHub\LumpySkinDisease_DataHub\data-processed\lumpy_balanced\lumpy1\Normal241.png
Normal242.png,Normal242.png,Normal,False,256,256,3,RGB,1.0,163006,.png,59d95aa89f3ff7a0f504c1b2d6e11605207d636d6e26f258f6b164e1ead58165,18492f3d2d61999e,C:\Users\Ashutosh Verma\OneDrive\Desktop\VET VISION AI\data\lsd\LumpySkinDisease_DataHub\LumpySkinDisease_DataHub\data-processed\lumpy_balanced\lumpy1\Normal242.png
Normal243.png,Normal243.png,Normal,False,256,256,3,RGB,1.0,57936,.png,19f85a4970a92e43b61e9ada0a8f4e1a3f2762c8d5ac2dc194d48b15e16a172e,1143cbc686476427,C:\Users\Ashutosh Verma\OneDrive\Desktop\VET VISION AI\data\lsd\LumpySkinDisease_DataHub\LumpySkinDisease_DataHub\data-processed\lumpy_balanced\lumpy1\Normal243.png
Normal244.png,Normal244.png,Normal,False,256,256,3,RGB,1.0,163030,.png,eb36a70ae2c850da3fe3d585bd58a2a03fff721f954754136b62a594dff1e0b5,68e8a86b2a2bccec,C:\Users\Ashutosh Verma\OneDrive\Desktop\VET VISION AI\data\lsd\LumpySkinDisease_DataHub\LumpySkinDisease_DataHub\data-processed\lumpy_balanced\lumpy1\Normal244.png
Normal245.png,Normal245.png,Normal,False,256,256,3,RGB,1.0,160946,.png,030cc63e53d5888729e87859c8c47fb89191569b2d62bd32c573f4e3a9aa1339,c4d25b5b333d1cd0,C:\Users\Ashutosh Verma\OneDrive\Desktop\VET VISION AI\data\lsd\LumpySkinDisease_DataHub\LumpySkinDisease_DataHub\data-processed\lumpy_balanced\lumpy1\Normal245.png
Normal246.png,Normal246.png,Normal,False,256,256,3,RGB,1.0,166012,.png,81ee6c55a4b823209d17459b1fbe8c3388ce079dc7affe0761da8b93ab4b8b72,6d4154f5661adb71,C:\Users\Ashutosh Verma\OneDrive\Desktop\VET VISION AI\data\lsd\LumpySkinDisease_DataHub\LumpySkinDisease_DataHub\data-processed\lumpy_balanced\lumpy1\Normal246.png
Normal247.png,Normal247.png,Normal,False,256,256,3,RGB,1.0,128426,.png,adc683907af184cbb617ff69fbb3e1f828d71a96c1a12bbb66f21dc436d9f7ed,03c33babc1e4e6b7,C:\Users\Ashutosh Verma\OneDrive\Desktop\VET VISION AI\data\lsd\LumpySkinDisease_DataHub\LumpySkinDisease_DataHub\data-processed\lumpy_balanced\lumpy1\Normal247.png
Normal248.png,Normal248.png,Normal,False,256,256,3,RGB,1.0,153849,.png,01f5c2e6860f472127b99f21cdfc54ee883d85d40e3671d326f3fc630e1053e4,d33326269636ead6,C:\Users\Ashutosh Verma\OneDrive\Desktop\VET VISION AI\data\lsd\LumpySkinDisease_DataHub\LumpySkinDisease_DataHub\data-processed\lumpy_balanced\lumpy1\Normal248.png
Normal249.png,Normal249.png,Normal,False,256,256,3,RGB,1.0,148393,.png,2fef4db8cd2fd8c5e24a0cfb4f6b735bc3ea9c95bbf4db94a8d6c22d5d7be5fc,c0f82c2a24b4ead0,C:\Users\Ashutosh Verma\OneDrive\Desktop\VET VISION AI\data\lsd\LumpySkinDisease_DataHub\LumpySkinDisease_DataHub\data-processed\lumpy_balanced\lumpy1\Normal249.png
Normal25.png,Normal25.png,Normal,False,256,256,3,RGB,1.0,173435,.png,2a5462bb934cb29f0c10c79240de584e66106e8137a9eaed3c2c4fcfeff24af4,616c42cfcbf2f6e0,C:\Users\Ashutosh Verma\OneDrive\Desktop\VET VISION AI\data\lsd\LumpySkinDisease_DataHub\LumpySkinDisease_DataHub\data-processed\lumpy_balanced\lumpy1\Normal25.png
Normal250.png,Normal250.png,Normal,False,256,256,3,RGB,1.0,163280,.png,0d32eb6ddcac6df2776df1e60dacb78868d1042739a15e2309cdbdb41459954a,9819650c9aa7d1f7,C:\Users\Ashutosh Verma\OneDrive\Desktop\VET VISION AI\data\lsd\LumpySkinDisease_DataHub\LumpySkinDisease_DataHub\data-processed\lumpy_balanced\lumpy1\Normal250.png
Normal251.png,Normal251.png,Normal,False,256,256,3,RGB,1.0,171115,.png,45cf9def38a1bebd635bd5a364101644ea2e8089da1c2cff5cd73d9a70c8c49a,05d17371191d26c8,C:\Users\Ashutosh Verma\OneDrive\Desktop\VET VISION AI\data\lsd\LumpySkinDisease_DataHub\LumpySkinDisease_DataHub\data-processed\lumpy_balanced\lumpy1\Normal251.png
Normal252.png,Normal252.png,Normal,False,256,256,3,RGB,1.0,146510,.png,1da15518b1fb71704258dac89fb3a91278ab2a28b10808aa6696d13fc0ad36cf,2767610335350127,C:\Users\Ashutosh Verma\OneDrive\Desktop\VET VISION AI\data\lsd\LumpySkinDisease_DataHub\LumpySkinDisease_DataHub\data-processed\lumpy_balanced\lumpy1\Normal252.png
Normal253.png,Normal253.png,Normal,False,256,256,3,RGB,1.0,182753,.png,340f21ff77a77323c7a8fda6c32c81c2a4549d28af8a18305acfffbaabcc5292,9ebe35a7075616a6,C:\Users\Ashutosh Verma\OneDrive\Desktop\VET VISION AI\data\lsd\LumpySkinDisease_DataHub\LumpySkinDisease_DataHub\data-processed\lumpy_balanced\lumpy1\Normal253.png
Normal254.png,Normal254.png,Normal,False,256,256,3,RGB,1.0,158129,.png,410c8bef5a9682554d3bce5177403ebb62c2653832d009c081f23f537d63e370,4c188ccaca5959da,C:\Users\Ashutosh Verma\OneDrive\Desktop\VET VISION AI\data\lsd\LumpySkinDisease_DataHub\LumpySkinDisease_DataHub\data-processed\lumpy_balanced\lumpy1\Normal254.png
Normal255.png,Normal255.png,Normal,False,256,256,3,RGB,1.0,182465,.png,9f15c640f0b83fa9e31932600ca115f823ab8e0223e7af395b341f351c8cf88f,8e1a24293b599987,C:\Users\Ashutosh Verma\OneDrive\Desktop\VET VISION AI\data\lsd\LumpySkinDisease_DataHub\LumpySkinDisease_DataHub\data-processed\lumpy_balanced\lumpy1\Normal255.png
Normal256.png,Normal256.png,Normal,False,256,256,3,RGB,1.0,174393,.png,5a85f5824cf719dd99b3857b6ac937b81d211ab2e1cc4e523b6ab5676e820864,fefad9c9cbdbd7df,C:\Users\Ashutosh Verma\OneDrive\Desktop\VET VISION AI\data\lsd\LumpySkinDisease_DataHub\LumpySkinDisease_DataHub\data-processed\lumpy_balanced\lumpy1\Normal256.png
Normal257.png,Normal257.png,Normal,False,256,256,3,RGB,1.0,150843,.png,d36d7f2bc0b8a37eab318df04e12f4f5b1627022c68c2a8a34ecad257082d02b,9ad89363abdbd3e9,C:\Users\Ashutosh Verma\OneDrive\Desktop\VET VISION AI\data\lsd\LumpySkinDisease_DataHub\LumpySkinDisease_DataHub\data-processed\lumpy_balanced\lumpy1\Normal257.png
Normal258.png,Normal258.png,Normal,False,256,256,3,RGB,1.0,177516,.png,244576f064a20440ba27870c094f01ee0e5923a4f2f1ecef501b45512ade0d9f,b9b192737636252d,C:\Users\Ashutosh Verma\OneDrive\Desktop\VET VISION AI\data\lsd\LumpySkinDisease_DataHub\LumpySkinDisease_DataHub\data-processed\lumpy_balanced\lumpy1\Normal258.png
Normal259.png,Normal259.png,Normal,False,256,256,3,RGB,1.0,179456,.png,fd17d91fda6bc04cfa775203541266ffd0503899635c60dbe2ea9a5dea9979a7,484ea4a4ecec4a6a,C:\Users\Ashutosh Verma\OneDrive\Desktop\VET VISION AI\data\lsd\LumpySkinDisease_DataHub\LumpySkinDisease_DataHub\data-processed\lumpy_balanced\lumpy1\Normal259.png
Normal26.png,Normal26.png,Normal,False,256,256,3,RGB,1.0,177304,.png,c8575f090927704fcc6a01d83b5a60af875c5e2673e5f66215e944ce1dce0f78,785e1ecbcbd39336,C:\Users\Ashutosh Verma\OneDrive\Desktop\VET VISION AI\data\lsd\LumpySkinDisease_DataHub\LumpySkinDisease_DataHub\data-processed\lumpy_balanced\lumpy1\Normal26.png
Normal260.png,Normal260.png,Normal,False,256,256,3,RGB,1.0,108774,.png,886a03c3cdb94af5e0d28651c516b2f4ab9f196e551fdf3604eeb7f16b88ccc0,2e0a9f8b8f8bc9c8,C:\Users\Ashutosh Verma\OneDrive\Desktop\VET VISION AI\data\lsd\LumpySkinDisease_DataHub\LumpySkinDisease_DataHub\data-processed\lumpy_balanced\lumpy1\Normal260.png
Normal261.png,Normal261.png,Normal,False,256,256,3,RGB,1.0,149075,.png,00c5cf81166c8de2ac93fa36a502535d16875213ce2634c2dad67516ab296f7c,10606249212048ca,C:\Users\Ashutosh Verma\OneDrive\Desktop\VET VISION AI\data\lsd\LumpySkinDisease_DataHub\LumpySkinDisease_DataHub\data-processed\lumpy_balanced\lumpy1\Normal261.png
Normal262.png,Normal262.png,Normal,False,256,256,3,RGB,1.0,169110,.png,cd4a742df9ff0b82fc67f713735cb7a89780a9e5d4f21c0ff2f545269b47304f,486a6992330ece91,C:\Users\Ashutosh Verma\OneDrive\Desktop\VET VISION AI\data\lsd\LumpySkinDisease_DataHub\LumpySkinDisease_DataHub\data-processed\lumpy_balanced\lumpy1\Normal262.png
Normal263.png,Normal263.png,Normal,False,256,256,3,RGB,1.0,180353,.png,fc832aee4cad6e5ca640afb952189717b84a96ada7df33c8c26294575b5484fc,fac9993b3b33e4fc,C:\Users\Ashutosh Verma\OneDrive\Desktop\VET VISION AI\data\lsd\LumpySkinDisease_DataHub\LumpySkinDisease_DataHub\data-processed\lumpy_balanced\lumpy1\Normal263.png
Normal264.png,Normal264.png,Normal,False,256,256,3,RGB,1.0,185117,.png,fd1bbbd420c1dfe790355f916029a9c6ed30e37348d48f798f814fad93beb6d9,a28df8f074e0e8da,C:\Users\Ashutosh Verma\OneDrive\Desktop\VET VISION AI\data\lsd\LumpySkinDisease_DataHub\LumpySkinDisease_DataHub\data-processed\lumpy_balanced\lumpy1\Normal264.png
Normal265.png,Normal265.png,Normal,False,256,256,3,RGB,1.0,174422,.png,e58fe496049fe3efcee6476b891c40a4a0d597194a35c12b9cb1a281cfc87c31,be9bbbfccccc6c07,C:\Users\Ashutosh Verma\OneDrive\Desktop\VET VISION AI\data\lsd\LumpySkinDisease_DataHub\LumpySkinDisease_DataHub\data-processed\lumpy_balanced\lumpy1\Normal265.png
Normal266.png,Normal266.png,Normal,False,256,256,3,RGB,1.0,171065,.png,f1d24a2f57ce288a00bba569bbb92d073b611d11bff40e70c9cd4050498cb656,dd6b3ae26872fa68,C:\Users\Ashutosh Verma\OneDrive\Desktop\VET VISION AI\data\lsd\LumpySkinDisease_DataHub\LumpySkinDisease_DataHub\data-processed\lumpy_balanced\lumpy1\Normal266.png
Normal267.png,Normal267.png,Normal,False,256,256,3,RGB,1.0,133255,.png,c3cf9a1e3fa4f1711941019d3c0b5d2e9b6505187656277c0c6c7dcbc95160c7,39e99786c6663f5e,C:\Users\Ashutosh Verma\OneDrive\Desktop\VET VISION AI\data\lsd\LumpySkinDisease_DataHub\LumpySkinDisease_DataHub\data-processed\lumpy_balanced\lumpy1\Normal267.png
Normal268.png,Normal268.png,Normal,False,256,256,3,RGB,1.0,160916,.png,a2ecf93a9475bff1461f6c5a5a044b54ef1579fcd26c631a5756d2627d247f29,64645c7074c6e6e1,C:\Users\Ashutosh Verma\OneDrive\Desktop\VET VISION AI\data\lsd\LumpySkinDisease_DataHub\LumpySkinDisease_DataHub\data-processed\lumpy_balanced\lumpy1\Normal268.png
Normal269.png,Normal269.png,Normal,False,256,256,3,RGB,1.0,129992,.png,5b95876768d4d6b2229968fb790e0d98f671d932e4dd1ae995bf7821f8957964,cb38698929743434,C:\Users\Ashutosh Verma\OneDrive\Desktop\VET VISION AI\data\lsd\LumpySkinDisease_DataHub\LumpySkinDisease_DataHub\data-processed\lumpy_balanced\lumpy1\Normal269.png
Normal27.png,Normal27.png,Normal,False,256,256,3,RGB,1.0,174177,.png,11e363c5c9fb6378219efe974c90a292b743e100d32cad5bf876671f9b54451c,96d397b796c26259,C:\Users\Ashutosh Verma\OneDrive\Desktop\VET VISION AI\data\lsd\LumpySkinDisease_DataHub\LumpySkinDisease_DataHub\data-processed\lumpy_balanced\lumpy1\Normal27.png
Normal270.png,Normal270.png,Normal,False,256,256,3,RGB,1.0,180339,.png,3388431d519d638b722c4e796d44bface9baad752e22102f75409b9d082ec6b5,bc2773763eddcd98,C:\Users\Ashutosh Verma\OneDrive\Desktop\VET VISION AI\data\lsd\LumpySkinDisease_DataHub\LumpySkinDisease_DataHub\data-processed\lumpy_balanced\lumpy1\Normal270.png
Normal271.png,Normal271.png,Normal,False,256,256,3,RGB,1.0,142903,.png,7218be3d91f5810b903beb241c726abd23ca865b45bacb6e64bf8daa8f5ec521,17ace8333707666a,C:\Users\Ashutosh Verma\OneDrive\Desktop\VET VISION AI\data\lsd\LumpySkinDisease_DataHub\LumpySkinDisease_DataHub\data-processed\lumpy_balanced\lumpy1\Normal271.png
Normal272.png,Normal272.png,Normal,False,256,256,3,RGB,1.0,175434,.png,1e9cbea608ee8bd5de0a5a25a03e95b34aa7689a4569906de98ee3d32bed669f,93139bcbc78d098a,C:\Users\Ashutosh Verma\OneDrive\Desktop\VET VISION AI\data\lsd\LumpySkinDisease_DataHub\LumpySkinDisease_DataHub\data-processed\lumpy_balanced\lumpy1\Normal272.png
Normal273.png,Normal273.png,Normal,False,256,256,3,RGB,1.0,179518,.png,ca568391f4493bdeea351993b1b07676537a53f1d5a39fd71c6a783854e8ed38,b1b2b1f4d4c8d0f0,C:\Users\Ashutosh Verma\OneDrive\Desktop\VET VISION AI\data\lsd\LumpySkinDisease_DataHub\LumpySkinDisease_DataHub\data-processed\lumpy_balanced\lumpy1\Normal273.png
Normal274.png,Normal274.png,Normal,False,256,256,3,RGB,1.0,173435,.png,2a5462bb934cb29f0c10c79240de584e66106e8137a9eaed3c2c4fcfeff24af4,616c42cfcbf2f6e0,C:\Users\Ashutosh Verma\OneDrive\Desktop\VET VISION AI\data\lsd\LumpySkinDisease_DataHub\LumpySkinDisease_DataHub\data-processed\lumpy_balanced\lumpy1\Normal274.png
Normal275.png,Normal275.png,Normal,False,256,256,3,RGB,1.0,167860,.png,465e5e953368ebae8538c30221b0d63285dbd0c98d61f00f81a3b8f2254e3147,0d9e91a1a32708d1,C:\Users\Ashutosh Verma\OneDrive\Desktop\VET VISION AI\data\lsd\LumpySkinDisease_DataHub\LumpySkinDisease_DataHub\data-processed\lumpy_balanced\lumpy1\Normal275.png
Normal276.png,Normal276.png,Normal,False,256,256,3,RGB,1.0,132688,.png,3829bab31b59c93ad88fe81b7c5ac7aa7e0e6a3d408cd0a2e60a2ed44696b9fa,76070f3736961ce0,C:\Users\Ashutosh Verma\OneDrive\Desktop\VET VISION AI\data\lsd\LumpySkinDisease_DataHub\LumpySkinDisease_DataHub\data-processed\lumpy_balanced\lumpy1\Normal276.png
Normal277.png,Normal277.png,Normal,False,256,256,3,RGB,1.0,161309,.png,e83d0aa9ad799f5d4a327b8166a8a414737b6139a639e282ee7182aed50ea0a9,ffffbf3718dae4c0,C:\Users\Ashutosh Verma\OneDrive\Desktop\VET VISION AI\data\lsd\LumpySkinDisease_DataHub\LumpySkinDisease_DataHub\data-processed\lumpy_balanced\lumpy1\Normal277.png
Normal278.png,Normal278.png,Normal,False,256,256,3,RGB,1.0,175613,.png,bea90a32717970074834706f12761a72a2c6a7d1992f67ed48409e407f03b41a,e27a79596a3fded7,C:\Users\Ashutosh Verma\OneDrive\Desktop\VET VISION AI\data\lsd\LumpySkinDisease_DataHub\LumpySkinDisease_DataHub\data-processed\lumpy_balanced\lumpy1\Normal278.png
Normal279.png,Normal279.png,Normal,False,256,256,4,RGBA,1.0,27623,.png,f99d9a5e8aab23b152b97807567356d02a27169dfb4980e714f7f828b60b972f,c0583b1313929b9b,C:\Users\Ashutosh Verma\OneDrive\Desktop\VET VISION AI\data\lsd\LumpySkinDisease_DataHub\LumpySkinDisease_DataHub\data-processed\lumpy_balanced\lumpy1\Normal279.png
Normal28.png,Normal28.png,Normal,False,256,256,3,RGB,1.0,166236,.png,2bb2e6ff9045e259b84be3af5e9896e1b7151516238602d587131a8e528f8403,f1dc7cfcd850d0d4,C:\Users\Ashutosh Verma\OneDrive\Desktop\VET VISION AI\data\lsd\LumpySkinDisease_DataHub\LumpySkinDisease_DataHub\data-processed\lumpy_balanced\lumpy1\Normal28.png
Normal280.png,Normal280.png,Normal,False,256,256,3,RGB,1.0,171290,.png,fa51fc70f6d8ed0064d368e7280b3790c7f1eeb8be56d005782be5e0359eef1b,3f9fd09a9a696d8b,C:\Users\Ashutosh Verma\OneDrive\Desktop\VET VISION AI\data\lsd\LumpySkinDisease_DataHub\LumpySkinDisease_DataHub\data-processed\lumpy_balanced\lumpy1\Normal280.png
Normal281.png,Normal281.png,Normal,False,256,256,3,RGB,1.0,128896,.png,2ec812803d4e2f2a80b0aa8a594d792263eeffc54e20aa3557e0692df8394b07,3e62d2dadcd696b5,C:\Users\Ashutosh Verma\OneDrive\Desktop\VET VISION AI\data\lsd\LumpySkinDisease_DataHub\LumpySkinDisease_DataHub\data-processed\lumpy_balanced\lumpy1\Normal281.png
Normal282.png,Normal282.png,Normal,False,256,256,3,RGB,1.0,176666,.png,419f3354d656415f8a5a8b2a795d80c74af8bd41c85788256c8e8dd39ed5b3c1,9994a8cc6e6c3b4a,C:\Users\Ashutosh Verma\OneDrive\Desktop\VET VISION AI\data\lsd\LumpySkinDisease_DataHub\LumpySkinDisease_DataHub\data-processed\lumpy_balanced\lumpy1\Normal282.png
Normal283.png,Normal283.png,Normal,False,256,256,3,RGB,1.0,152303,.png,b2d4b5eb793b574437cb15f83b8f2bff1c9e1ac8c16764c8ca9571e9d8335449,9d55272787936359,C:\Users\Ashutosh Verma\OneDrive\Desktop\VET VISION AI\data\lsd\LumpySkinDisease_DataHub\LumpySkinDisease_DataHub\data-processed\lumpy_balanced\lumpy1\Normal283.png
Normal284.png,Normal284.png,Normal,False,256,256,3,RGB,1.0,169041,.png,20275a33f93541ec4b1fdfca7aa4c00bbd41270ae9f812e576b6da4f48850680,777060212b3a301b,C:\Users\Ashutosh Verma\OneDrive\Desktop\VET VISION AI\data\lsd\LumpySkinDisease_DataHub\LumpySkinDisease_DataHub\data-processed\lumpy_balanced\lumpy1\Normal284.png
Normal285.png,Normal285.png,Normal,False,256,256,3,RGB,1.0,18106,.png,87b094db38f09b7f46175c571fbd778edd8d0eb5365085965d695fb510cceea3,4ab42a4ab2295620,C:\Users\Ashutosh Verma\OneDrive\Desktop\VET VISION AI\data\lsd\LumpySkinDisease_DataHub\LumpySkinDisease_DataHub\data-processed\lumpy_balanced\lumpy1\Normal285.png
Normal286.png,Normal286.png,Normal,False,256,256,3,RGB,1.0,158631,.png,69f83a4eed6a2d85b76005a9e4c7834deaadaa61a03b6d5046c14bc57fcdd98d,1ec164831d9882a0,C:\Users\Ashutosh Verma\OneDrive\Desktop\VET VISION AI\data\lsd\LumpySkinDisease_DataHub\LumpySkinDisease_DataHub\data-processed\lumpy_balanced\lumpy1\Normal286.png
Normal287.png,Normal287.png,Normal,False,256,256,3,RGB,1.0,151756,.png,4678bd66d14e1342a9fe55800ce3d4c60a5e60cab9a9952c7a0e88f1ff14a2ce,6466c64426493ca4,C:\Users\Ashutosh Verma\OneDrive\Desktop\VET VISION AI\data\lsd\LumpySkinDisease_DataHub\LumpySkinDisease_DataHub\data-processed\lumpy_balanced\lumpy1\Normal287.png
Normal288.png,Normal288.png,Normal,False,256,256,3,RGB,1.0,157435,.png,fea4edfa0c730844b79bb363674ad73d2f6b50e517ab1111816baf1ace951412,81880e221644fc1c,C:\Users\Ashutosh Verma\OneDrive\Desktop\VET VISION AI\data\lsd\LumpySkinDisease_DataHub\LumpySkinDisease_DataHub\data-processed\lumpy_balanced\lumpy1\Normal288.png
Normal289.png,Normal289.png,Normal,False,256,256,3,RGB,1.0,133646,.png,9d51d60493c3957bb46d588e1ee1437a32a6c800dac096bbf9df7e9e7d5875cb,1c6ccdcdcd4d4c48,C:\Users\Ashutosh Verma\OneDrive\Desktop\VET VISION AI\data\lsd\LumpySkinDisease_DataHub\LumpySkinDisease_DataHub\data-processed\lumpy_balanced\lumpy1\Normal289.png
Normal29.png,Normal29.png,Normal,False,256,256,3,RGB,1.0,171106,.png,4d7e35ae9a70323d3f74908edbb4f8bd8b9dd5e1b628293769c02ab53fbf39b8,9a9e736c6c667666,C:\Users\Ashutosh Verma\OneDrive\Desktop\VET VISION AI\data\lsd\LumpySkinDisease_DataHub\LumpySkinDisease_DataHub\data-processed\lumpy_balanced\lumpy1\Normal29.png
Normal290.png,Normal290.png,Normal,False,256,256,3,RGB,1.0,146751,.png,7816935d844a6217d91e661598299f2db7c745724f9e6c9a31bafa0c1490b97e,8ccdec706ca66cf0,C:\Users\Ashutosh Verma\OneDrive\Desktop\VET VISION AI\data\lsd\LumpySkinDisease_DataHub\LumpySkinDisease_DataHub\data-processed\lumpy_balanced\lumpy1\Normal290.png
Normal291.png,Normal291.png,Normal,False,256,256,3,RGB,1.0,162824,.png,57db870a30e0b596b464d5956fcdb0080c0ccc4f1a5b141f431db88a0a4d8857,ff7337646466dedf,C:\Users\Ashutosh Verma\OneDrive\Desktop\VET VISION AI\data\lsd\LumpySkinDisease_DataHub\LumpySkinDisease_DataHub\data-processed\lumpy_balanced\lumpy1\Normal291.png
Normal292.png,Normal292.png,Normal,False,256,256,3,RGB,1.0,188405,.png,6664cfc15857ed363f4d338945245f9627022d602248ce59238c554b9f1e33ce,9fd98d8f8b09d933,C:\Users\Ashutosh Verma\OneDrive\Desktop\VET VISION AI\data\lsd\LumpySkinDisease_DataHub\LumpySkinDisease_DataHub\data-processed\lumpy_balanced\lumpy1\Normal292.png
Normal293.png,Normal293.png,Normal,False,256,256,3,RGB,1.0,171577,.png,cf6721989a872bcfa995fcf870c5fc10d4e863d73cb86f7ef74705fe18e4d57a,86363e7afaeaf991,C:\Users\Ashutosh Verma\OneDrive\Desktop\VET VISION AI\data\lsd\LumpySkinDisease_DataHub\LumpySkinDisease_DataHub\data-processed\lumpy_balanced\lumpy1\Normal293.png
Normal294.png,Normal294.png,Normal,False,256,256,3,RGB,1.0,131141,.png,648d12703604a550b62055404c76723d1240908d77d89b5d103a958eaeb502ad,ccb2164c46c7c7e9,C:\Users\Ashutosh Verma\OneDrive\Desktop\VET VISION AI\data\lsd\LumpySkinDisease_DataHub\LumpySkinDisease_DataHub\data-processed\lumpy_balanced\lumpy1\Normal294.png
Normal295.png,Normal295.png,Normal,False,256,256,3,RGB,1.0,154199,.png,e95c484e5d8c9049ebed00effb5cad66393593067fb31cb702e9e956477f6e0b,78729d98980cd1a6,C:\Users\Ashutosh Verma\OneDrive\Desktop\VET VISION AI\data\lsd\LumpySkinDisease_DataHub\LumpySkinDisease_DataHub\data-processed\lumpy_balanced\lumpy1\Normal295.png
Normal296.png,Normal296.png,Normal,False,256,256,3,RGB,1.0,150316,.png,46f8b9b936948f8e3c06a66872e2b237f27721ede33f61d231db12b659193d76,ed02a86c46a660db,C:\Users\Ashutosh Verma\OneDrive\Desktop\VET VISION AI\data\lsd\LumpySkinDisease_DataHub\LumpySkinDisease_DataHub\data-processed\lumpy_balanced\lumpy1\Normal296.png
Normal297.png,Normal297.png,Normal,False,256,256,3,RGB,1.0,167042,.png,3ac492bbe94a6882c0553f74b62d0ef53779924af36dc432ba2be436e387fb9a,ed6666a6b2328a0d,C:\Users\Ashutosh Verma\OneDrive\Desktop\VET VISION AI\data\lsd\LumpySkinDisease_DataHub\LumpySkinDisease_DataHub\data-processed\lumpy_balanced\lumpy1\Normal297.png
Normal298.png,Normal298.png,Normal,False,256,256,3,RGB,1.0,174497,.png,c08f7af084f269fa7c820ca3d409be23ba506ed9a1436602a19448b6b4f76e1f,79696386d1c0948e,C:\Users\Ashutosh Verma\OneDrive\Desktop\VET VISION AI\data\lsd\LumpySkinDisease_DataHub\LumpySkinDisease_DataHub\data-processed\lumpy_balanced\lumpy1\Normal298.png
Normal299.png,Normal299.png,Normal,False,256,256,3,RGB,1.0,159864,.png,ac755b732d30cd27048521986202a61ff9b5282a36e78d42c9ef2a241a974cc5,4bc7c4ccc77b5a43,C:\Users\Ashutosh Verma\OneDrive\Desktop\VET VISION AI\data\lsd\LumpySkinDisease_DataHub\LumpySkinDisease_DataHub\data-processed\lumpy_balanced\lumpy1\Normal299.png
Normal3.png,Normal3.png,Normal,False,256,256,3,RGB,1.0,69101,.png,7df420d6cb2a7390681a2fa798e120d3766b2c01fd12f38c272484cd155fa6b0,46134313130b293b,C:\Users\Ashutosh Verma\OneDrive\Desktop\VET VISION AI\data\lsd\LumpySkinDisease_DataHub\LumpySkinDisease_DataHub\data-processed\lumpy_balanced\lumpy1\Normal3.png
Normal30.png,Normal30.png,Normal,False,256,256,3,RGB,1.0,171713,.png,7d90794575e5d3d26f5811e1b8ea0fe6214afdd1888a0fb806b74b08178ebc08,56692b364c4c4a5a,C:\Users\Ashutosh Verma\OneDrive\Desktop\VET VISION AI\data\lsd\LumpySkinDisease_DataHub\LumpySkinDisease_DataHub\data-processed\lumpy_balanced\lumpy1\Normal30.png
Normal300.png,Normal300.png,Normal,False,256,256,3,RGB,1.0,163941,.png,1a79249f08b28a0b9f50b739404d0b9f24642febe4bf79c21c4d91766f817465,c005169e862627a7,C:\Users\Ashutosh Verma\OneDrive\Desktop\VET VISION AI\data\lsd\LumpySkinDisease_DataHub\LumpySkinDisease_DataHub\data-processed\lumpy_balanced\lumpy1\Normal300.png
Normal301.png,Normal301.png,Normal,False,256,256,3,RGB,1.0,172525,.png,8e72b0ecac436c40b7ae65012b5c45acfa8dd26677bd0b110e12d8112320d0e7,2ca6b41194340201,C:\Users\Ashutosh Verma\OneDrive\Desktop\VET VISION AI\data\lsd\LumpySkinDisease_DataHub\LumpySkinDisease_DataHub\data-processed\lumpy_balanced\lumpy1\Normal301.png
Normal302.png,Normal302.png,Normal,False,256,256,3,RGB,1.0,169686,.png,648c06c6cbd64604da5b7084895610610aac5bfd12412e5280001bfd7b17b520,84e2e03c3c1a7b41,C:\Users\Ashutosh Verma\OneDrive\Desktop\VET VISION AI\data\lsd\LumpySkinDisease_DataHub\LumpySkinDisease_DataHub\data-processed\lumpy_balanced\lumpy1\Normal302.png
Normal303.png,Normal303.png,Normal,False,256,256,3,RGB,1.0,171189,.png,3cebae2e1ab63125d8bdbdd00b3d9673978da3281b37d87d2d2af622d661d47d,203035b5e76666f3,C:\Users\Ashutosh Verma\OneDrive\Desktop\VET VISION AI\data\lsd\LumpySkinDisease_DataHub\LumpySkinDisease_DataHub\data-processed\lumpy_balanced\lumpy1\Normal303.png
Normal304.png,Normal304.png,Normal,False,256,256,3,RGB,1.0,128896,.png,2ec812803d4e2f2a80b0aa8a594d792263eeffc54e20aa3557e0692df8394b07,3e62d2dadcd696b5,C:\Users\Ashutosh Verma\OneDrive\Desktop\VET VISION AI\data\lsd\LumpySkinDisease_DataHub\LumpySkinDisease_DataHub\data-processed\lumpy_balanced\lumpy1\Normal304.png
Normal305.png,Normal305.png,Normal,False,256,256,3,RGB,1.0,176666,.png,419f3354d656415f8a5a8b2a795d80c74af8bd41c85788256c8e8dd39ed5b3c1,9994a8cc6e6c3b4a,C:\Users\Ashutosh Verma\OneDrive\Desktop\VET VISION AI\data\lsd\LumpySkinDisease_DataHub\LumpySkinDisease_DataHub\data-processed\lumpy_balanced\lumpy1\Normal305.png
Normal306.png,Normal306.png,Normal,False,256,256,3,RGB,1.0,179003,.png,9a1b028d6969e3a34cc311ee0d29e872bc8fdf39341285cf3a1969425e63f540,f3e3e5d8b134341a,C:\Users\Ashutosh Verma\OneDrive\Desktop\VET VISION AI\data\lsd\LumpySkinDisease_DataHub\LumpySkinDisease_DataHub\data-processed\lumpy_balanced\lumpy1\Normal306.png
Normal307.png,Normal307.png,Normal,False,256,256,3,RGB,1.0,157435,.png,fea4edfa0c730844b79bb363674ad73d2f6b50e517ab1111816baf1ace951412,81880e221644fc1c,C:\Users\Ashutosh Verma\OneDrive\Desktop\VET VISION AI\data\lsd\LumpySkinDisease_DataHub\LumpySkinDisease_DataHub\data-processed\lumpy_balanced\lumpy1\Normal307.png
Normal308.png,Normal308.png,Normal,False,256,256,3,RGB,1.0,161380,.png,e1cd5daa93573bdf6428f26117909e2c0b1d15035e18b272bf184000133cba94,32acec3e8ecbf2b0,C:\Users\Ashutosh Verma\OneDrive\Desktop\VET VISION AI\data\lsd\LumpySkinDisease_DataHub\LumpySkinDisease_DataHub\data-processed\lumpy_balanced\lumpy1\Normal308.png
Normal309.png,Normal309.png,Normal,False,256,256,3,RGB,1.0,156545,.png,e4185263afdab2c136f261e9fae14384245dbf25d58bd832977bd00862a1ca80,b4e2353133537353,C:\Users\Ashutosh Verma\OneDrive\Desktop\VET VISION AI\data\lsd\LumpySkinDisease_DataHub\LumpySkinDisease_DataHub\data-processed\lumpy_balanced\lumpy1\Normal309.png
Normal31.png,Normal31.png,Normal,False,256,256,3,RGB,1.0,151359,.png,f9f1baf8c21820be2c11e541be9c4530cd95262d0f7ee014279184bd29ba5c24,4e033336f6d24646,C:\Users\Ashutosh Verma\OneDrive\Desktop\VET VISION AI\data\lsd\LumpySkinDisease_DataHub\LumpySkinDisease_DataHub\data-processed\lumpy_balanced\lumpy1\Normal31.png
Normal310.png,Normal310.png,Normal,False,256,256,3,RGB,1.0,165568,.png,ddc1307267e3de8bf31a270086cd670a0c0fa5452f967c7bc110adf32428f520,6f9c31ebcd9d9785,C:\Users\Ashutosh Verma\OneDrive\Desktop\VET VISION AI\data\lsd\LumpySkinDisease_DataHub\LumpySkinDisease_DataHub\data-processed\lumpy_balanced\lumpy1\Normal310.png
Normal311.png,Normal311.png,Normal,False,256,256,3,RGB,1.0,178212,.png,54f38b09fa9bb2c5bab2e240c12e9c9142caf4026e6ab11a25eb3ddb0a58cb30,8c2cfcd45c14383a,C:\Users\Ashutosh Verma\OneDrive\Desktop\VET VISION AI\data\lsd\LumpySkinDisease_DataHub\LumpySkinDisease_DataHub\data-processed\lumpy_balanced\lumpy1\Normal311.png
Normal312.png,Normal312.png,Normal,False,256,256,3,RGB,1.0,143654,.png,c523f4788849978da140e7c649d2defcbefa163f66ffa88930cc40882a5ad458,550c4c3411999898,C:\Users\Ashutosh Verma\OneDrive\Desktop\VET VISION AI\data\lsd\LumpySkinDisease_DataHub\LumpySkinDisease_DataHub\data-processed\lumpy_balanced\lumpy1\Normal312.png
Normal313.png,Normal313.png,Normal,False,256,256,3,RGB,1.0,162557,.png,ad1a2ebcb2309e31412de04ec9c4284f500ba928b88b4bc4709a575dc02023d2,c6e68c9e970bcb4e,C:\Users\Ashutosh Verma\OneDrive\Desktop\VET VISION AI\data\lsd\LumpySkinDisease_DataHub\LumpySkinDisease_DataHub\data-processed\lumpy_balanced\lumpy1\Normal313.png
Normal314.png,Normal314.png,Normal,False,256,256,3,RGB,1.0,174497,.png,c08f7af084f269fa7c820ca3d409be23ba506ed9a1436602a19448b6b4f76e1f,79696386d1c0948e,C:\Users\Ashutosh Verma\OneDrive\Desktop\VET VISION AI\data\lsd\LumpySkinDisease_DataHub\LumpySkinDisease_DataHub\data-processed\lumpy_balanced\lumpy1\Normal314.png
Normal315.png,Normal315.png,Normal,False,256,256,3,RGB,1.0,143158,.png,d0e47dc9d4d1c6b7dbc294321eebfcc7f3e7076bac510e521c3482e65135894d,f4cb939323d29239,C:\Users\Ashutosh Verma\OneDrive\Desktop\VET VISION AI\data\lsd\LumpySkinDisease_DataHub\LumpySkinDisease_DataHub\data-processed\lumpy_balanced\lumpy1\Normal315.png
Normal316.png,Normal316.png,Normal,False,256,256,3,RGB,1.0,137618,.png,5b782f1c54cb41e805f973447660c7303624aff5785446c1449aa9669ac60148,981e3633fbc34f46,C:\Users\Ashutosh Verma\OneDrive\Desktop\VET VISION AI\data\lsd\LumpySkinDisease_DataHub\LumpySkinDisease_DataHub\data-processed\lumpy_balanced\lumpy1\Normal316.png
Normal317.png,Normal317.png,Normal,False,256,256,3,RGB,1.0,180295,.png,2afb1dec42475d5775a293abb022384f05ea85e2837b2cd6aa42745b5911dd88,25b5f6d5b4d7cfcc,C:\Users\Ashutosh Verma\OneDrive\Desktop\VET VISION AI\data\lsd\LumpySkinDisease_DataHub\LumpySkinDisease_DataHub\data-processed\lumpy_balanced\lumpy1\Normal317.png
Normal318.png,Normal318.png,Normal,False,256,256,3,RGB,1.0,167042,.png,3ac492bbe94a6882c0553f74b62d0ef53779924af36dc432ba2be436e387fb9a,ed6666a6b2328a0d,C:\Users\Ashutosh Verma\OneDrive\Desktop\VET VISION AI\data\lsd\LumpySkinDisease_DataHub\LumpySkinDisease_DataHub\data-processed\lumpy_balanced\lumpy1\Normal318.png
Normal319.png,Normal319.png,Normal,False,256,256,3,RGB,1.0,154616,.png,8c1e5660e6e0bdec162fa71d54925ae37e0d73f383ab17f2231c5f2f5ac2388c,f6b694b37332b0e8,C:\Users\Ashutosh Verma\OneDrive\Desktop\VET VISION AI\data\lsd\LumpySkinDisease_DataHub\LumpySkinDisease_DataHub\data-processed\lumpy_balanced\lumpy1\Normal319.png
Normal32.png,Normal32.png,Normal,False,256,256,3,RGB,1.0,174153,.png,3ed02575fa3a83e5a564a9c601dac848a05a3c4a36a11a8ed1be9a7a17b0c3cf,6d92aeee736b3810,C:\Users\Ashutosh Verma\OneDrive\Desktop\VET VISION AI\data\lsd\LumpySkinDisease_DataHub\LumpySkinDisease_DataHub\data-processed\lumpy_balanced\lumpy1\Normal32.png
Normal320.png,Normal320.png,Normal,False,256,256,3,RGB,1.0,161322,.png,9e859de51e6e3b0e98b1bca16a7d73554e129386dca8d4ec5acc5911c7187380,96cecdc7c7c78793,C:\Users\Ashutosh Verma\OneDrive\Desktop\VET VISION AI\data\lsd\LumpySkinDisease_DataHub\LumpySkinDisease_DataHub\data-processed\lumpy_balanced\lumpy1\Normal320.png
Normal321.png,Normal321.png,Normal,False,256,256,3,RGB,1.0,188249,.png,8c4c7fd0fd759688059dbb90de68dca539c3b37116e7b0ff09b13db5a469964d,b36e6e6bcd941416,C:\Users\Ashutosh Verma\OneDrive\Desktop\VET VISION AI\data\lsd\LumpySkinDisease_DataHub\LumpySkinDisease_DataHub\data-processed\lumpy_balanced\lumpy1\Normal321.png
Normal322.png,Normal322.png,Normal,False,256,256,3,RGB,1.0,166548,.png,33c0e12297bddb5aef47accdef85b0b5ffce6a7b06b347a1c571c472adad41c1,f1dc7cfcd852d0d4,C:\Users\Ashutosh Verma\OneDrive\Desktop\VET VISION AI\data\lsd\LumpySkinDisease_DataHub\LumpySkinDisease_DataHub\data-processed\lumpy_balanced\lumpy1\Normal322.png
Normal323.png,Normal323.png,Normal,False,256,256,3,RGB,1.0,159114,.png,b2925269842a56a2de9394c630e057181c50d01d50c4a273cf203eb7ab45802f,b296323332333119,C:\Users\Ashutosh Verma\OneDrive\Desktop\VET VISION AI\data\lsd\LumpySkinDisease_DataHub\LumpySkinDisease_DataHub\data-processed\lumpy_balanced\lumpy1\Normal323.png
Normal324.png,Normal324.png,Normal,False,256,256,3,RGB,1.0,113279,.png,0b33c0931b6aaa24df6b884c48294b45af963f775ef0666631b8cdf8185ff11b,004421290e862321,C:\Users\Ashutosh Verma\OneDrive\Desktop\VET VISION AI\data\lsd\LumpySkinDisease_DataHub\LumpySkinDisease_DataHub\data-processed\lumpy_balanced\lumpy1\Normal324.png
Normal325.png,Normal325.png,Normal,False,256,256,3,RGB,1.0,167069,.png,308df8497e92c63602cea3056a9f496fd1c2316efe73a8df535aebba4627a47a,3ec65636321282ca,C:\Users\Ashutosh Verma\OneDrive\Desktop\VET VISION AI\data\lsd\LumpySkinDisease_DataHub\LumpySkinDisease_DataHub\data-processed\lumpy_balanced\lumpy1\Normal325.png
Normal326.png,Normal326.png,Normal,False,256,256,3,RGB,1.0,174719,.png,902a1eda6b20250aea256afbbc918f621a1bd2c8875e7a9eea5d8c4b4c2bfcd9,f0fc8e692de1e5dc,C:\Users\Ashutosh Verma\OneDrive\Desktop\VET VISION AI\data\lsd\LumpySkinDisease_DataHub\LumpySkinDisease_DataHub\data-processed\lumpy_balanced\lumpy1\Normal326.png
Normal327.png,Normal327.png,Normal,False,256,256,3,RGB,1.0,143404,.png,21f4d8625758e2a84666dbbe7974a385541b2e95a125a32cf824bf6559e49c79,c0cde16491bbe1d6,C:\Users\Ashutosh Verma\OneDrive\Desktop\VET VISION AI\data\lsd\LumpySkinDisease_DataHub\LumpySkinDisease_DataHub\data-processed\lumpy_balanced\lumpy1\Normal327.png
Normal328.png,Normal328.png,Normal,False,256,256,3,RGB,1.0,119546,.png,85fa762667d866cc604b568ac5932d9b3084f4425723d3066fccf8fa4e8d8230,f4dd7dbeeeeee7a7,C:\Users\Ashutosh Verma\OneDrive\Desktop\VET VISION AI\data\lsd\LumpySkinDisease_DataHub\LumpySkinDisease_DataHub\data-processed\lumpy_balanced\lumpy1\Normal328.png
Normal329.png,Normal329.png,Normal,False,256,256,3,RGB,1.0,168965,.png,77de84dc23aae01caf0ac7afa081b2b6f4ba8ed8a25773b6a58ae6a4e0c59fcd,8e05c3d9d1d3d3ec,C:\Users\Ashutosh Verma\OneDrive\Desktop\VET VISION AI\data\lsd\LumpySkinDisease_DataHub\LumpySkinDisease_DataHub\data-processed\lumpy_balanced\lumpy1\Normal329.png
Normal33.png,Normal33.png,Normal,False,256,256,3,RGB,1.0,159864,.png,ac755b732d30cd27048521986202a61ff9b5282a36e78d42c9ef2a241a974cc5,4bc7c4ccc77b5a43,C:\Users\Ashutosh Verma\OneDrive\Desktop\VET VISION AI\data\lsd\LumpySkinDisease_DataHub\LumpySkinDisease_DataHub\data-processed\lumpy_balanced\lumpy1\Normal33.png
Normal330.png,Normal330.png,Normal,False,256,256,3,RGB,1.0,180831,.png,9bdd9229e37e7f64ecb9fd2ff7bd05bb8d4d56b80ceac1f0645ccd9863ca9dde,b2e3c8d8dac96c34,C:\Users\Ashutosh Verma\OneDrive\Desktop\VET VISION AI\data\lsd\LumpySkinDisease_DataHub\LumpySkinDisease_DataHub\data-processed\lumpy_balanced\lumpy1\Normal330.png
Normal331.png,Normal331.png,Normal,False,256,256,3,RGB,1.0,173948,.png,c94c69652aef992d660cb0367efbe4ad51f058c12ac1573a7f8af4db57dfecf4,712608204a668d55,C:\Users\Ashutosh Verma\OneDrive\Desktop\VET VISION AI\data\lsd\LumpySkinDisease_DataHub\LumpySkinDisease_DataHub\data-processed\lumpy_balanced\lumpy1\Normal331.png
Normal332.png,Normal332.png,Normal,False,256,256,3,RGB,1.0,174393,.png,5a85f5824cf719dd99b3857b6ac937b81d211ab2e1cc4e523b6ab5676e820864,fefad9c9cbdbd7df,C:\Users\Ashutosh Verma\OneDrive\Desktop\VET VISION AI\data\lsd\LumpySkinDisease_DataHub\LumpySkinDisease_DataHub\data-processed\lumpy_balanced\lumpy1\Normal332.png
Normal333.png,Normal333.png,Normal,False,256,256,3,RGB,1.0,159683,.png,70ab5d091357d8bb60e426795510503e8f9f0f8296dccaf38fe71c42b7c13b39,f834841616363646,C:\Users\Ashutosh Verma\OneDrive\Desktop\VET VISION AI\data\lsd\LumpySkinDisease_DataHub\LumpySkinDisease_DataHub\data-processed\lumpy_balanced\lumpy1\Normal333.png
Normal334.png,Normal334.png,Normal,False,256,256,3,RGB,1.0,108774,.png,886a03c3cdb94af5e0d28651c516b2f4ab9f196e551fdf3604eeb7f16b88ccc0,2e0a9f8b8f8bc9c8,C:\Users\Ashutosh Verma\OneDrive\Desktop\VET VISION AI\data\lsd\LumpySkinDisease_DataHub\LumpySkinDisease_DataHub\data-processed\lumpy_balanced\lumpy1\Normal334.png
Normal335.png,Normal335.png,Normal,False,256,256,3,RGB,1.0,108774,.png,886a03c3cdb94af5e0d28651c516b2f4ab9f196e551fdf3604eeb7f16b88ccc0,2e0a9f8b8f8bc9c8,C:\Users\Ashutosh Verma\OneDrive\Desktop\VET VISION AI\data\lsd\LumpySkinDisease_DataHub\LumpySkinDisease_DataHub\data-processed\lumpy_balanced\lumpy1\Normal335.png
Normal336.png,Normal336.png,Normal,False,256,256,3,RGB,1.0,175434,.png,1e9cbea608ee8bd5de0a5a25a03e95b34aa7689a4569906de98ee3d32bed669f,93139bcbc78d098a,C:\Users\Ashutosh Verma\OneDrive\Desktop\VET VISION AI\data\lsd\LumpySkinDisease_DataHub\LumpySkinDisease_DataHub\data-processed\lumpy_balanced\lumpy1\Normal336.png
Normal337.png,Normal337.png,Normal,False,256,256,3,RGB,1.0,132898,.png,261fa8dd8b0f1f75af5d09ed975c3e37e63911b137f741d11b292819d5a42153,c663632618596962,C:\Users\Ashutosh Verma\OneDrive\Desktop\VET VISION AI\data\lsd\LumpySkinDisease_DataHub\LumpySkinDisease_DataHub\data-processed\lumpy_balanced\lumpy1\Normal337.png
Normal338.png,Normal338.png,Normal,False,256,256,3,RGB,1.0,138892,.png,baf9cbc86c957ac83145d5e64f48cfdfe4bc4d15c1a8e003507755e54693bd87,22cc332b622aa448,C:\Users\Ashutosh Verma\OneDrive\Desktop\VET VISION AI\data\lsd\LumpySkinDisease_DataHub\LumpySkinDisease_DataHub\data-processed\lumpy_balanced\lumpy1\Normal338.png
Normal339.png,Normal339.png,Normal,False,256,256,3,RGB,1.0,146045,.png,0870cbccc040f36a1cb1f3126a743dd0334aed76a47fb0f9720379e94caaf0db,00c57376b4bcb0d4,C:\Users\Ashutosh Verma\OneDrive\Desktop\VET VISION AI\data\lsd\LumpySkinDisease_DataHub\LumpySkinDisease_DataHub\data-processed\lumpy_balanced\lumpy1\Normal339.png
Normal34.png,Normal34.png,Normal,False,256,256,3,RGB,1.0,146811,.png,d379e46c414b453057db226cd3b9dd2b941ebf026f0d2eb1c2683f3bdf9eaf5a,060601876f23d232,C:\Users\Ashutosh Verma\OneDrive\Desktop\VET VISION AI\data\lsd\LumpySkinDisease_DataHub\LumpySkinDisease_DataHub\data-processed\lumpy_balanced\lumpy1\Normal34.png
Normal340.png,Normal340.png,Normal,False,256,256,3,RGB,1.0,153849,.png,01f5c2e6860f472127b99f21cdfc54ee883d85d40e3671d326f3fc630e1053e4,d33326269636ead6,C:\Users\Ashutosh Verma\OneDrive\Desktop\VET VISION AI\data\lsd\LumpySkinDisease_DataHub\LumpySkinDisease_DataHub\data-processed\lumpy_balanced\lumpy1\Normal340.png
Normal341.png,Normal341.png,Normal,False,256,256,3,RGB,1.0,155820,.png,c220fdca7d019ca6c3a2cab7b7dca634146546ad6acf44cbe8bdbec4c07acfa4,79333b2b9d999b1b,C:\Users\Ashutosh Verma\OneDrive\Desktop\VET VISION AI\data\lsd\LumpySkinDisease_DataHub\LumpySkinDisease_DataHub\data-processed\lumpy_balanced\lumpy1\Normal341.png
Normal342.png,Normal342.png,Normal,False,256,256,3,RGB,1.0,162924,.png,fa21b90a0b35c991e311ccefac08972df4aaf0aed658e15b556aac3867d394b3,5a1f6959f3e39823,C:\Users\Ashutosh Verma\OneDrive\Desktop\VET VISION AI\data\lsd\LumpySkinDisease_DataHub\LumpySkinDisease_DataHub\data-processed\lumpy_balanced\lumpy1\Normal342.png
Normal343.png,Normal343.png,Normal,False,256,256,3,RGB,1.0,83629,.png,13653d79be1303d69c1199f574f3b1930fbdb7756537b195ce213d35e461fda6,52513133159c5812,C:\Users\Ashutosh Verma\OneDrive\Desktop\VET VISION AI\data\lsd\LumpySkinDisease_DataHub\LumpySkinDisease_DataHub\data-processed\lumpy_balanced\lumpy1\Normal343.png
Normal344.png,Normal344.png,Normal,False,256,256,3,RGB,1.0,150356,.png,4f35819e8d7135cd05279c20afa3dbd922334f9bb27bd46e53190cab629ea2da,f8f0aea7aeb9199a,C:\Users\Ashutosh Verma\OneDrive\Desktop\VET VISION AI\data\lsd\LumpySkinDisease_DataHub\LumpySkinDisease_DataHub\data-processed\lumpy_balanced\lumpy1\Normal344.png
Normal345.png,Normal345.png,Normal,False,256,256,3,RGB,1.0,158457,.png,bdfb5edfe23f81417eb7f7234bb3b2a607287c62e00fe3e199bc1bbd42a32651,dba337332684cc8c,C:\Users\Ashutosh Verma\OneDrive\Desktop\VET VISION AI\data\lsd\LumpySkinDisease_DataHub\LumpySkinDisease_DataHub\data-processed\lumpy_balanced\lumpy1\Normal345.png
Normal346.png,Normal346.png,Normal,False,256,256,3,RGB,1.0,176884,.png,14e86ba343e5bbe353fd5640b413014c7c0cb5a88613896b6ad56dbc8ea0e815,ccc892d55558d8e0,C:\Users\Ashutosh Verma\OneDrive\Desktop\VET VISION AI\data\lsd\LumpySkinDisease_DataHub\LumpySkinDisease_DataHub\data-processed\lumpy_balanced\lumpy1\Normal346.png
Normal347.png,Normal347.png,Normal,False,256,256,3,RGB,1.0,157777,.png,e76fa52f24defee1a689f17fd95da00292e6f6a9ae1edc0432a963ea8c427162,ecc696c6c4d6d666,C:\Users\Ashutosh Verma\OneDrive\Desktop\VET VISION AI\data\lsd\LumpySkinDisease_DataHub\LumpySkinDisease_DataHub\data-processed\lumpy_balanced\lumpy1\Normal347.png
Normal348.png,Normal348.png,Normal,False,256,256,3,RGB,1.0,53940,.png,6ac4b08a822f467a980dbac205c0d08bd58b6d8e564f2249dc0d4c4c2d35355b,02281f3725564600,C:\Users\Ashutosh Verma\OneDrive\Desktop\VET VISION AI\data\lsd\LumpySkinDisease_DataHub\LumpySkinDisease_DataHub\data-processed\lumpy_balanced\lumpy1\Normal348.png
Normal349.png,Normal349.png,Normal,False,256,256,3,RGB,1.0,186303,.png,e15b4588c960f64f28f58daffbd1cea84d375aeee2df3045c2a575300d741745,964e0e6e74b4849c,C:\Users\Ashutosh Verma\OneDrive\Desktop\VET VISION AI\data\lsd\LumpySkinDisease_DataHub\LumpySkinDisease_DataHub\data-processed\lumpy_balanced\lumpy1\Normal349.png
Normal35.png,Normal35.png,Normal,False,256,256,3,RGB,1.0,179893,.png,871148fff1d4fc85f34fc52c917da6d706fb9b296f7a71f1c5b8425f7e636563,f0a6d2d058c464b4,C:\Users\Ashutosh Verma\OneDrive\Desktop\VET VISION AI\data\lsd\LumpySkinDisease_DataHub\LumpySkinDisease_DataHub\data-processed\lumpy_balanced\lumpy1\Normal35.png
Normal350.png,Normal350.png,Normal,False,256,256,3,RGB,1.0,86347,.png,669f38de4010ccb1e06f7b384ce0199100aead437ef792e5652c0d665fb98f17,d050600a868a8684,C:\Users\Ashutosh Verma\OneDrive\Desktop\VET VISION AI\data\lsd\LumpySkinDisease_DataHub\LumpySkinDisease_DataHub\data-processed\lumpy_balanced\lumpy1\Normal350.png
Normal351.png,Normal351.png,Normal,False,256,256,3,RGB,1.0,146751,.png,7816935d844a6217d91e661598299f2db7c745724f9e6c9a31bafa0c1490b97e,8ccdec706ca66cf0,C:\Users\Ashutosh Verma\OneDrive\Desktop\VET VISION AI\data\lsd\LumpySkinDisease_DataHub\LumpySkinDisease_DataHub\data-processed\lumpy_balanced\lumpy1\Normal351.png
Normal352.png,Normal352.png,Normal,False,256,256,3,RGB,1.0,86347,.png,669f38de4010ccb1e06f7b384ce0199100aead437ef792e5652c0d665fb98f17,d050600a868a8684,C:\Users\Ashutosh Verma\OneDrive\Desktop\VET VISION AI\data\lsd\LumpySkinDisease_DataHub\LumpySkinDisease_DataHub\data-processed\lumpy_balanced\lumpy1\Normal352.png
Normal353.png,Normal353.png,Normal,False,256,256,3,RGB,1.0,128896,.png,2ec812803d4e2f2a80b0aa8a594d792263eeffc54e20aa3557e0692df8394b07,3e62d2dadcd696b5,C:\Users\Ashutosh Verma\OneDrive\Desktop\VET VISION AI\data\lsd\LumpySkinDisease_DataHub\LumpySkinDisease_DataHub\data-processed\lumpy_balanced\lumpy1\Normal353.png
Normal354.png,Normal354.png,Normal,False,256,256,3,RGB,1.0,170688,.png,eeeadd6dd9fdb8be5809de46b6487a3c5830440af0ae89fabd2e3d8b6e87df0d,9b2a294a2b0f3463,C:\Users\Ashutosh Verma\OneDrive\Desktop\VET VISION AI\data\lsd\LumpySkinDisease_DataHub\LumpySkinDisease_DataHub\data-processed\lumpy_balanced\lumpy1\Normal354.png
Normal355.png,Normal355.png,Normal,False,256,256,3,RGB,1.0,185117,.png,fd1bbbd420c1dfe790355f916029a9c6ed30e37348d48f798f814fad93beb6d9,a28df8f074e0e8da,C:\Users\Ashutosh Verma\OneDrive\Desktop\VET VISION AI\data\lsd\LumpySkinDisease_DataHub\LumpySkinDisease_DataHub\data-processed\lumpy_balanced\lumpy1\Normal355.png
Normal356.png,Normal356.png,Normal,False,256,256,3,RGB,1.0,163823,.png,5b033c2b154bdad240b273a1c1aba3491f222480626707ef21c830b8b6d8f190,a5573e4a24272fb0,C:\Users\Ashutosh Verma\OneDrive\Desktop\VET VISION AI\data\lsd\LumpySkinDisease_DataHub\LumpySkinDisease_DataHub\data-processed\lumpy_balanced\lumpy1\Normal356.png
Normal357.png,Normal357.png,Normal,False,256,256,3,RGB,1.0,181328,.png,f36d9edf05f4c59940b95b2667f8cba3fecc75f7b4e2d9fc1b424e617d93e4aa,c3db4b0b0a5bdd99,C:\Users\Ashutosh Verma\OneDrive\Desktop\VET VISION AI\data\lsd\LumpySkinDisease_DataHub\LumpySkinDisease_DataHub\data-processed\lumpy_balanced\lumpy1\Normal357.png
Normal358.png,Normal358.png,Normal,False,256,256,3,RGB,1.0,171989,.png,e13921982872bff3273769996d6f1c5616384e8db9047041e0f1a1cc03731507,382412134b5b1b1a,C:\Users\Ashutosh Verma\OneDrive\Desktop\VET VISION AI\data\lsd\LumpySkinDisease_DataHub\LumpySkinDisease_DataHub\data-processed\lumpy_balanced\lumpy1\Normal358.png
Normal359.png,Normal359.png,Normal,False,256,256,3,RGB,1.0,158590,.png,c7d0343d2970f81a2e5389b70edb49c14bae743a78448963614597be66db5822,84716929274e4c0a,C:\Users\Ashutosh Verma\OneDrive\Desktop\VET VISION AI\data\lsd\LumpySkinDisease_DataHub\LumpySkinDisease_DataHub\data-processed\lumpy_balanced\lumpy1\Normal359.png
Normal36.png,Normal36.png,Normal,False,256,256,3,RGB,1.0,187299,.png,3baea82d5b14aca04cb2c9bb950d2f8ad06c2e0a86e39d0660188a31c9523e29,ea68edc7c5cbcbcb,C:\Users\Ashutosh Verma\OneDrive\Desktop\VET VISION AI\data\lsd\LumpySkinDisease_DataHub\LumpySkinDisease_DataHub\data-processed\lumpy_balanced\lumpy1\Normal36.png
Normal360.png,Normal360.png,Normal,False,256,256,3,RGB,1.0,133255,.png,c3cf9a1e3fa4f1711941019d3c0b5d2e9b6505187656277c0c6c7dcbc95160c7,39e99786c6663f5e,C:\Users\Ashutosh Verma\OneDrive\Desktop\VET VISION AI\data\lsd\LumpySkinDisease_DataHub\LumpySkinDisease_DataHub\data-processed\lumpy_balanced\lumpy1\Normal360.png
Normal361.png,Normal361.png,Normal,False,256,256,3,RGB,1.0,154778,.png,8f6514b74657dcb96f5478e73559d2ee68a04572138b8885de948c7b548d358e,1fc90190cc0c3046,C:\Users\Ashutosh Verma\OneDrive\Desktop\VET VISION AI\data\lsd\LumpySkinDisease_DataHub\LumpySkinDisease_DataHub\data-processed\lumpy_balanced\lumpy1\Normal361.png
Normal362.png,Normal362.png,Normal,False,256,256,3,RGB,1.0,142903,.png,7218be3d91f5810b903beb241c726abd23ca865b45bacb6e64bf8daa8f5ec521,17ace8333707666a,C:\Users\Ashutosh Verma\OneDrive\Desktop\VET VISION AI\data\lsd\LumpySkinDisease_DataHub\LumpySkinDisease_DataHub\data-processed\lumpy_balanced\lumpy1\Normal362.png
Normal363.png,Normal363.png,Normal,False,256,256,3,RGB,1.0,120771,.png,1b5e7d64fc21a76701db400e37194cbb9f556ebd4a08d47317eb0969c3555a0e,084d330f8e8e9696,C:\Users\Ashutosh Verma\OneDrive\Desktop\VET VISION AI\data\lsd\LumpySkinDisease_DataHub\LumpySkinDisease_DataHub\data-processed\lumpy_balanced\lumpy1\Normal363.png
Normal364.png,Normal364.png,Normal,False,256,256,3,RGB,1.0,177304,.png,c8575f090927704fcc6a01d83b5a60af875c5e2673e5f66215e944ce1dce0f78,785e1ecbcbd39336,C:\Users\Ashutosh Verma\OneDrive\Desktop\VET VISION AI\data\lsd\LumpySkinDisease_DataHub\LumpySkinDisease_DataHub\data-processed\lumpy_balanced\lumpy1\Normal364.png
Normal365.png,Normal365.png,Normal,False,256,256,3,RGB,1.0,75162,.png,51c73395d9f49efd6e7bab5c8d06066ad848464dcbd04e2ef6e55d0dca582601,0b9909491bd35f59,C:\Users\Ashutosh Verma\OneDrive\Desktop\VET VISION AI\data\lsd\LumpySkinDisease_DataHub\LumpySkinDisease_DataHub\data-processed\lumpy_balanced\lumpy1\Normal365.png
Normal366.png,Normal366.png,Normal,False,256,256,3,RGB,1.0,150431,.png,118135a334f22bceeebb95c80a95c220ff402fac57d8689663efbc36c54519e9,e048b297c4b614e0,C:\Users\Ashutosh Verma\OneDrive\Desktop\VET VISION AI\data\lsd\LumpySkinDisease_DataHub\LumpySkinDisease_DataHub\data-processed\lumpy_balanced\lumpy1\Normal366.png
Normal367.png,Normal367.png,Normal,False,256,256,3,RGB,1.0,153526,.png,413938b4b969b9c512357f432134c6f059a38939313d7e550d0fffa37bec7bc7,c0101b838b597236,C:\Users\Ashutosh Verma\OneDrive\Desktop\VET VISION AI\data\lsd\LumpySkinDisease_DataHub\LumpySkinDisease_DataHub\data-processed\lumpy_balanced\lumpy1\Normal367.png
Normal368.png,Normal368.png,Normal,False,256,256,4,RGBA,1.0,27623,.png,f99d9a5e8aab23b152b97807567356d02a27169dfb4980e714f7f828b60b972f,c0583b1313929b9b,C:\Users\Ashutosh Verma\OneDrive\Desktop\VET VISION AI\data\lsd\LumpySkinDisease_DataHub\LumpySkinDisease_DataHub\data-processed\lumpy_balanced\lumpy1\Normal368.png
Normal369.png,Normal369.png,Normal,False,256,256,3,RGB,1.0,179587,.png,280047046b8344935830b13621733b4d83679dcd7fa0b0533e591ae3be09e6da,0f6bdb63e6dcf0e0,C:\Users\Ashutosh Verma\OneDrive\Desktop\VET VISION AI\data\lsd\LumpySkinDisease_DataHub\LumpySkinDisease_DataHub\data-processed\lumpy_balanced\lumpy1\Normal369.png
Normal37.png,Normal37.png,Normal,False,256,256,3,RGB,1.0,143073,.png,fc4713e2c2c94b5245e20af7f2e51af2dadb43b40d5fa64e81c5f3c62f778c5f,0832206463c7c153,C:\Users\Ashutosh Verma\OneDrive\Desktop\VET VISION AI\data\lsd\LumpySkinDisease_DataHub\LumpySkinDisease_DataHub\data-processed\lumpy_balanced\lumpy1\Normal37.png
Normal370.png,Normal370.png,Normal,False,256,256,3,RGB,1.0,125576,.png,7e823039a5a3e3c88f2c7b20e39b389b9aab7ae83b401d123e11a2d653562dfb,6a92b39290a4a989,C:\Users\Ashutosh Verma\OneDrive\Desktop\VET VISION AI\data\lsd\LumpySkinDisease_DataHub\LumpySkinDisease_DataHub\data-processed\lumpy_balanced\lumpy1\Normal370.png
Normal371.png,Normal371.png,Normal,False,256,256,3,RGB,1.0,179893,.png,871148fff1d4fc85f34fc52c917da6d706fb9b296f7a71f1c5b8425f7e636563,f0a6d2d058c464b4,C:\Users\Ashutosh Verma\OneDrive\Desktop\VET VISION AI\data\lsd\LumpySkinDisease_DataHub\LumpySkinDisease_DataHub\data-processed\lumpy_balanced\lumpy1\Normal371.png
Normal372.png,Normal372.png,Normal,False,256,256,3,RGB,1.0,59364,.png,0d68722f776c2ff6ce73b4993ead551b3d0435ce7aa9cde95412a4b382db204c,820d07174f4c6c6c,C:\Users\Ashutosh Verma\OneDrive\Desktop\VET VISION AI\data\lsd\LumpySkinDisease_DataHub\LumpySkinDisease_DataHub\data-processed\lumpy_balanced\lumpy1\Normal372.png
Normal373.png,Normal373.png,Normal,False,256,256,3,RGB,1.0,178055,.png,397e129906173040da32f20cab6baf939ced7e1f50dac58b7129a5aadaba3425,8c88a1a6a426b724,C:\Users\Ashutosh Verma\OneDrive\Desktop\VET VISION AI\data\lsd\LumpySkinDisease_DataHub\LumpySkinDisease_DataHub\data-processed\lumpy_balanced\lumpy1\Normal373.png
Normal374.png,Normal374.png,Normal,False,256,256,3,RGB,1.0,140944,.png,b693c3e429186f427e469bf7318e05b2cd42a5fd84d6bcec2a5790310d1f2538,ec8e1737b13006c6,C:\Users\Ashutosh Verma\OneDrive\Desktop\VET VISION AI\data\lsd\LumpySkinDisease_DataHub\LumpySkinDisease_DataHub\data-processed\lumpy_balanced\lumpy1\Normal374.png
Normal375.png,Normal375.png,Normal,False,256,256,3,RGB,1.0,169686,.png,648c06c6cbd64604da5b7084895610610aac5bfd12412e5280001bfd7b17b520,84e2e03c3c1a7b41,C:\Users\Ashutosh Verma\OneDrive\Desktop\VET VISION AI\data\lsd\LumpySkinDisease_DataHub\LumpySkinDisease_DataHub\data-processed\lumpy_balanced\lumpy1\Normal375.png
Normal376.png,Normal376.png,Normal,False,256,256,3,RGB,1.0,133784,.png,64e809d2995a29bfb5afbec737c684f28b946f45acf072d0fb558c29a040724f,31c34bc9c92dcb61,C:\Users\Ashutosh Verma\OneDrive\Desktop\VET VISION AI\data\lsd\LumpySkinDisease_DataHub\LumpySkinDisease_DataHub\data-processed\lumpy_balanced\lumpy1\Normal376.png
Normal377.png,Normal377.png,Normal,False,256,256,3,RGB,1.0,181630,.png,3766f50add22091cb6ef1610900a718e0c4c013aa0ef552a97e57196ed808374,2d89cfce4c5c4e91,C:\Users\Ashutosh Verma\OneDrive\Desktop\VET VISION AI\data\lsd\LumpySkinDisease_DataHub\LumpySkinDisease_DataHub\data-processed\lumpy_balanced\lumpy1\Normal377.png
Normal378.png,Normal378.png,Normal,False,256,256,3,RGB,1.0,166321,.png,5ba1ce6703ca16fa545df33e9c5c1d10b95ce17d5016f7792018843e997b1044,6b669787425818ae,C:\Users\Ashutosh Verma\OneDrive\Desktop\VET VISION AI\data\lsd\LumpySkinDisease_DataHub\LumpySkinDisease_DataHub\data-processed\lumpy_balanced\lumpy1\Normal378.png
Normal379.png,Normal379.png,Normal,False,256,256,3,RGB,1.0,108774,.png,886a03c3cdb94af5e0d28651c516b2f4ab9f196e551fdf3604eeb7f16b88ccc0,2e0a9f8b8f8bc9c8,C:\Users\Ashutosh Verma\OneDrive\Desktop\VET VISION AI\data\lsd\LumpySkinDisease_DataHub\LumpySkinDisease_DataHub\data-processed\lumpy_balanced\lumpy1\Normal379.png
Normal38.png,Normal38.png,Normal,False,256,256,3,RGB,1.0,169299,.png,f2fe3286c01ceeff7e1a4a9340cd648cfe55ed88bbc0a67421840a94a32c5e01,c9bbe3c6d2cad880,C:\Users\Ashutosh Verma\OneDrive\Desktop\VET VISION AI\data\lsd\LumpySkinDisease_DataHub\LumpySkinDisease_DataHub\data-processed\lumpy_balanced\lumpy1\Normal38.png
Normal380.png,Normal380.png,Normal,False,256,256,3,RGB,1.0,183021,.png,569c2cb2823455faa7b59906b045401c7376baa73dabff7af801f68056ba0aaf,5210298c4c4c4eac,C:\Users\Ashutosh Verma\OneDrive\Desktop\VET VISION AI\data\lsd\LumpySkinDisease_DataHub\LumpySkinDisease_DataHub\data-processed\lumpy_balanced\lumpy1\Normal380.png
Normal381.png,Normal381.png,Normal,False,256,256,3,RGB,1.0,80049,.png,614924306553aa46466d5efa9d2a5eb624656a89a3726c2df795ff2b5f13163e,3133f2f271616173,C:\Users\Ashutosh Verma\OneDrive\Desktop\VET VISION AI\data\lsd\LumpySkinDisease_DataHub\LumpySkinDisease_DataHub\data-processed\lumpy_balanced\lumpy1\Normal381.png
Normal382.png,Normal382.png,Normal,False,256,256,3,RGB,1.0,166865,.png,4ab097e32d99b6d3e728be61eba442086f845d222e1891677029651669e96961,9a9376c4ccd4445c,C:\Users\Ashutosh Verma\OneDrive\Desktop\VET VISION AI\data\lsd\LumpySkinDisease_DataHub\LumpySkinDisease_DataHub\data-processed\lumpy_balanced\lumpy1\Normal382.png
Normal383.png,Normal383.png,Normal,False,256,256,3,RGB,1.0,180295,.png,2afb1dec42475d5775a293abb022384f05ea85e2837b2cd6aa42745b5911dd88,25b5f6d5b4d7cfcc,C:\Users\Ashutosh Verma\OneDrive\Desktop\VET VISION AI\data\lsd\LumpySkinDisease_DataHub\LumpySkinDisease_DataHub\data-processed\lumpy_balanced\lumpy1\Normal383.png
Normal384.png,Normal384.png,Normal,False,256,256,3,RGB,1.0,186230,.png,0de9e992b64a1524cb08bfeec369407a883c237afaa823f2040e675726174822,aae4c7638ecc96db,C:\Users\Ashutosh Verma\OneDrive\Desktop\VET VISION AI\data\lsd\LumpySkinDisease_DataHub\LumpySkinDisease_DataHub\data-processed\lumpy_balanced\lumpy1\Normal384.png
Normal385.png,Normal385.png,Normal,False,256,256,3,RGB,1.0,179964,.png,8a68271dcfad590654a56be005f256d30c544276b00f45042b283c0ac30ea3c6,9bb0d0cbc9c94971,C:\Users\Ashutosh Verma\OneDrive\Desktop\VET VISION AI\data\lsd\LumpySkinDisease_DataHub\LumpySkinDisease_DataHub\data-processed\lumpy_balanced\lumpy1\Normal385.png
Normal386.png,Normal386.png,Normal,False,256,256,3,RGB,1.0,163941,.png,1a79249f08b28a0b9f50b739404d0b9f24642febe4bf79c21c4d91766f817465,c005169e862627a7,C:\Users\Ashutosh Verma\OneDrive\Desktop\VET VISION AI\data\lsd\LumpySkinDisease_DataHub\LumpySkinDisease_DataHub\data-processed\lumpy_balanced\lumpy1\Normal386.png
Normal387.png,Normal387.png,Normal,False,256,256,3,RGB,1.0,35110,.png,b3c5478b330185e168d87d00dea7e8fe1653581e9b100c55eb402f847b3948d2,808cc0e06464ecec,C:\Users\Ashutosh Verma\OneDrive\Desktop\VET VISION AI\data\lsd\LumpySkinDisease_DataHub\LumpySkinDisease_DataHub\data-processed\lumpy_balanced\lumpy1\Normal387.png
Normal388.png,Normal388.png,Normal,False,256,256,3,RGB,1.0,161257,.png,7ff2c6556020d859a64d4600705496f27434d7f7df40ecbf3d17756f8cb85b56,05cbaf999b8884f0,C:\Users\Ashutosh Verma\OneDrive\Desktop\VET VISION AI\data\lsd\LumpySkinDisease_DataHub\LumpySkinDisease_DataHub\data-processed\lumpy_balanced\lumpy1\Normal388.png
Normal389.png,Normal389.png,Normal,False,256,256,3,RGB,1.0,67002,.png,0bd9bcf5b73226769896d249ab5499589a5c82317555f6f7f08cd4ce74a9c30e,0034c83636654994,C:\Users\Ashutosh Verma\OneDrive\Desktop\VET VISION AI\data\lsd\LumpySkinDisease_DataHub\LumpySkinDisease_DataHub\data-processed\lumpy_balanced\lumpy1\Normal389.png
Normal39.png,Normal39.png,Normal,False,256,256,3,RGB,1.0,177356,.png,d97faf60e469f625ad60d3feb4aa5e8d155e064278217a95f759e6609acf631a,391d5d1647474745,C:\Users\Ashutosh Verma\OneDrive\Desktop\VET VISION AI\data\lsd\LumpySkinDisease_DataHub\LumpySkinDisease_DataHub\data-processed\lumpy_balanced\lumpy1\Normal39.png
Normal390.png,Normal390.png,Normal,False,256,256,3,RGB,1.0,163594,.png,a4f588f581d7e350c6139559fe5ddb0485ec92a62d60e1cf4764a2c3172eee09,c8511a2c2cb9b9b9,C:\Users\Ashutosh Verma\OneDrive\Desktop\VET VISION AI\data\lsd\LumpySkinDisease_DataHub\LumpySkinDisease_DataHub\data-processed\lumpy_balanced\lumpy1\Normal390.png
Normal391.png,Normal391.png,Normal,False,256,256,3,RGB,1.0,164494,.png,58a2962d3fe6ff6fc832e2ea4cd30fba54db54ad13879dbd17a4a13deca583ab,61b6268ba37125a5,C:\Users\Ashutosh Verma\OneDrive\Desktop\VET VISION AI\data\lsd\LumpySkinDisease_DataHub\LumpySkinDisease_DataHub\data-processed\lumpy_balanced\lumpy1\Normal391.png
Normal392.png,Normal392.png,Normal,False,256,256,3,RGB,1.0,42167,.png,358e7bf1f17247940ed9e6c1000037af68adecacf3464b45169972bcd99f31d0,f2484b342d249213,C:\Users\Ashutosh Verma\OneDrive\Desktop\VET VISION AI\data\lsd\LumpySkinDisease_DataHub\LumpySkinDisease_DataHub\data-processed\lumpy_balanced\lumpy1\Normal392.png
Normal393.png,Normal393.png,Normal,False,256,256,3,RGB,1.0,67002,.png,0bd9bcf5b73226769896d249ab5499589a5c82317555f6f7f08cd4ce74a9c30e,0034c83636654994,C:\Users\Ashutosh Verma\OneDrive\Desktop\VET VISION AI\data\lsd\LumpySkinDisease_DataHub\LumpySkinDisease_DataHub\data-processed\lumpy_balanced\lumpy1\Normal393.png
Normal394.png,Normal394.png,Normal,False,256,256,3,RGB,1.0,183342,.png,1c7c477f248b8062ef503bf746fc5795043c1cc010ccc0259dadcfbe9f362613,5372701090cdd116,C:\Users\Ashutosh Verma\OneDrive\Desktop\VET VISION AI\data\lsd\LumpySkinDisease_DataHub\LumpySkinDisease_DataHub\data-processed\lumpy_balanced\lumpy1\Normal394.png
Normal395.png,Normal395.png,Normal,False,256,256,3,RGB,1.0,173408,.png,0b3ea8ed1d12cd49c9782aca4bb6a901591644d31f976d74f36432e1f9a0fccc,e2dc6e3899d896b2,C:\Users\Ashutosh Verma\OneDrive\Desktop\VET VISION AI\data\lsd\LumpySkinDisease_DataHub\LumpySkinDisease_DataHub\data-processed\lumpy_balanced\lumpy1\Normal395.png
Normal396.png,Normal396.png,Normal,False,256,256,3,RGB,1.0,155820,.png,c220fdca7d019ca6c3a2cab7b7dca634146546ad6acf44cbe8bdbec4c07acfa4,79333b2b9d999b1b,C:\Users\Ashutosh Verma\OneDrive\Desktop\VET VISION AI\data\lsd\LumpySkinDisease_DataHub\LumpySkinDisease_DataHub\data-processed\lumpy_balanced\lumpy1\Normal396.png
Normal397.png,Normal397.png,Normal,False,256,256,3,RGB,1.0,181812,.png,d1eee786462c2fe807540817250181502da74dfbf789715187619df0a79d94df,8e192a2229490c04,C:\Users\Ashutosh Verma\OneDrive\Desktop\VET VISION AI\data\lsd\LumpySkinDisease_DataHub\LumpySkinDisease_DataHub\data-processed\lumpy_balanced\lumpy1\Normal397.png
Normal398.png,Normal398.png,Normal,False,256,256,3,RGB,1.0,176076,.png,23a8037f0e152710bc7866e5cffe25ee531073d2de02dd482b09f187f7924a08,70fbc74f0fa4940c,C:\Users\Ashutosh Verma\OneDrive\Desktop\VET VISION AI\data\lsd\LumpySkinDisease_DataHub\LumpySkinDisease_DataHub\data-processed\lumpy_balanced\lumpy1\Normal398.png
Normal399.png,Normal399.png,Normal,False,256,256,3,RGB,1.0,140480,.png,52d463e603afd9832e27b9e7a77e8f0519b1fe623a2b56bea2dc9f72bc797b33,d02c9c913438a036,C:\Users\Ashutosh Verma\OneDrive\Desktop\VET VISION AI\data\lsd\LumpySkinDisease_DataHub\LumpySkinDisease_DataHub\data-processed\lumpy_balanced\lumpy1\Normal399.png
Normal4.png,Normal4.png,Normal,False,256,256,3,RGB,1.0,188890,.png,51ec3b643f9694e0701e4e1bc82226d9584946bda27ac005a000d2fcad9d31e6,e397b7c34a0e3ce4,C:\Users\Ashutosh Verma\OneDrive\Desktop\VET VISION AI\data\lsd\LumpySkinDisease_DataHub\LumpySkinDisease_DataHub\data-processed\lumpy_balanced\lumpy1\Normal4.png
Normal40.png,Normal40.png,Normal,False,256,256,3,RGB,1.0,149058,.png,e5cadcec1f27d4ddf2263a050b95db610ddb1cbba0f4a2739a2c7657206312b0,5d8cb6b434140d1a,C:\Users\Ashutosh Verma\OneDrive\Desktop\VET VISION AI\data\lsd\LumpySkinDisease_DataHub\LumpySkinDisease_DataHub\data-processed\lumpy_balanced\lumpy1\Normal40.png
Normal400.png,Normal400.png,Normal,False,256,256,3,RGB,1.0,185258,.png,fa9c2b995beebb980cb15eff16d9328a263f850057b79e4056641d9b65346541,94bcb4fa6acacada,C:\Users\Ashutosh Verma\OneDrive\Desktop\VET VISION AI\data\lsd\LumpySkinDisease_DataHub\LumpySkinDisease_DataHub\data-processed\lumpy_balanced\lumpy1\Normal400.png
Normal401.png,Normal401.png,Normal,False,256,256,3,RGB,1.0,153488,.png,b9727da8d47f4a634a8f299616d3ea4b4ff14ee31814ddc93714107e8d18e9d1,6b7eadb07268283c,C:\Users\Ashutosh Verma\OneDrive\Desktop\VET VISION AI\data\lsd\LumpySkinDisease_DataHub\LumpySkinDisease_DataHub\data-processed\lumpy_balanced\lumpy1\Normal401.png
Normal402.png,Normal402.png,Normal,False,256,256,3,RGB,1.0,175968,.png,7ddc72e275535ed4c095779199a62f2c50d4b13f9b4e09087109998537a56b15,fe9e8f66f42e26b0,C:\Users\Ashutosh Verma\OneDrive\Desktop\VET VISION AI\data\lsd\LumpySkinDisease_DataHub\LumpySkinDisease_DataHub\data-processed\lumpy_balanced\lumpy1\Normal402.png
Normal403.png,Normal403.png,Normal,False,256,256,3,RGB,1.0,166545,.png,3ae8ce492cced42c1633f9925556ebd9b97d07e445c8e854d3a10a55785369de,63657434549391f1,C:\Users\Ashutosh Verma\OneDrive\Desktop\VET VISION AI\data\lsd\LumpySkinDisease_DataHub\LumpySkinDisease_DataHub\data-processed\lumpy_balanced\lumpy1\Normal403.png
Normal404.png,Normal404.png,Normal,False,256,256,3,RGB,1.0,160418,.png,00768cf44df7648e1fd8a99701cbf90506929b25652172159d8dfbe25ee06c4a,5ddd43401cb43521,C:\Users\Ashutosh Verma\OneDrive\Desktop\VET VISION AI\data\lsd\LumpySkinDisease_DataHub\LumpySkinDisease_DataHub\data-processed\lumpy_balanced\lumpy1\Normal404.png
Normal405.png,Normal405.png,Normal,False,256,256,3,RGB,1.0,164842,.png,68f6e508e388b0e562dfd526ed88af3b1035569bdcc01e885f7fb5be2645a522,fc989b32722616dd,C:\Users\Ashutosh Verma\OneDrive\Desktop\VET VISION AI\data\lsd\LumpySkinDisease_DataHub\LumpySkinDisease_DataHub\data-processed\lumpy_balanced\lumpy1\Normal405.png
Normal406.png,Normal406.png,Normal,False,256,256,3,RGB,1.0,28983,.png,9ad0d84d13fc773af0415ae34154e5c5956c4553ac570d0d8718139b156fd925,c05d310d04171604,C:\Users\Ashutosh Verma\OneDrive\Desktop\VET VISION AI\data\lsd\LumpySkinDisease_DataHub\LumpySkinDisease_DataHub\data-processed\lumpy_balanced\lumpy1\Normal406.png
Normal407.png,Normal407.png,Normal,False,256,256,3,RGB,1.0,133255,.png,c3cf9a1e3fa4f1711941019d3c0b5d2e9b6505187656277c0c6c7dcbc95160c7,39e99786c6663f5e,C:\Users\Ashutosh Verma\OneDrive\Desktop\VET VISION AI\data\lsd\LumpySkinDisease_DataHub\LumpySkinDisease_DataHub\data-processed\lumpy_balanced\lumpy1\Normal407.png
Normal408.png,Normal408.png,Normal,False,256,256,3,RGB,1.0,50874,.png,4466072e7cd6d336542bc4f527fc171627e309a20f510dbe9fea64a4367bddf8,052527161c56161e,C:\Users\Ashutosh Verma\OneDrive\Desktop\VET VISION AI\data\lsd\LumpySkinDisease_DataHub\LumpySkinDisease_DataHub\data-processed\lumpy_balanced\lumpy1\Normal408.png
Normal409.png,Normal409.png,Normal,False,256,256,3,RGB,1.0,177135,.png,17c95fea2551c56b316a80cc84a86cadf623ee5d8c7d81a79b1f558c0278b8b7,72b696ccc9637802,C:\Users\Ashutosh Verma\OneDrive\Desktop\VET VISION AI\data\lsd\LumpySkinDisease_DataHub\LumpySkinDisease_DataHub\data-processed\lumpy_balanced\lumpy1\Normal409.png
Normal41.png,Normal41.png,Normal,False,256,256,3,RGB,1.0,103002,.png,82278aa464872ed29e7f573136e9e8e7ad42838f1d4c4b54007808a4cba200b4,628e8ce469cc2c0e,C:\Users\Ashutosh Verma\OneDrive\Desktop\VET VISION AI\data\lsd\LumpySkinDisease_DataHub\LumpySkinDisease_DataHub\data-processed\lumpy_balanced\lumpy1\Normal41.png
Normal410.png,Normal410.png,Normal,False,256,256,3,RGB,1.0,153628,.png,611ef573c5047bf5fdd8130b503f09aa3550fe698834d0b7b2629654aa6fc701,869a9b9b92989898,C:\Users\Ashutosh Verma\OneDrive\Desktop\VET VISION AI\data\lsd\LumpySkinDisease_DataHub\LumpySkinDisease_DataHub\data-processed\lumpy_balanced\lumpy1\Normal410.png
Normal411.png,Normal411.png,Normal,False,256,256,3,RGB,1.0,179587,.png,280047046b8344935830b13621733b4d83679dcd7fa0b0533e591ae3be09e6da,0f6bdb63e6dcf0e0,C:\Users\Ashutosh Verma\OneDrive\Desktop\VET VISION AI\data\lsd\LumpySkinDisease_DataHub\LumpySkinDisease_DataHub\data-processed\lumpy_balanced\lumpy1\Normal411.png
Normal412.png,Normal412.png,Normal,False,256,256,3,RGB,1.0,174797,.png,96dbbc07a69c975724eb9427ab1ab5ff8ef6475023f65511e83e4784059fbf3c,d8f1b1582c2c1eae,C:\Users\Ashutosh Verma\OneDrive\Desktop\VET VISION AI\data\lsd\LumpySkinDisease_DataHub\LumpySkinDisease_DataHub\data-processed\lumpy_balanced\lumpy1\Normal412.png
Normal413.png,Normal413.png,Normal,False,256,256,3,RGB,1.0,188713,.png,454a7172657c470922a6eab55284bf3f05c43d8e229e81b71b6f3e4402b3d6cd,fdebd3b3e64ae208,C:\Users\Ashutosh Verma\OneDrive\Desktop\VET VISION AI\data\lsd\LumpySkinDisease_DataHub\LumpySkinDisease_DataHub\data-processed\lumpy_balanced\lumpy1\Normal413.png
Normal414.png,Normal414.png,Normal,False,256,256,3,RGB,1.0,170102,.png,5d8b5ed9517d6ef37a428b29f18943725019846595b4c109c1aa7e06936eac6a,777db6abebce4ec7,C:\Users\Ashutosh Verma\OneDrive\Desktop\VET VISION AI\data\lsd\LumpySkinDisease_DataHub\LumpySkinDisease_DataHub\data-processed\lumpy_balanced\lumpy1\Normal414.png
Normal415.png,Normal415.png,Normal,False,256,256,3,RGB,1.0,179342,.png,77baf1513cf4dfa49b86f318dcc5319fa8f67342c5584e74231d90fc41579b6a,36266ef3b3a337cf,C:\Users\Ashutosh Verma\OneDrive\Desktop\VET VISION AI\data\lsd\LumpySkinDisease_DataHub\LumpySkinDisease_DataHub\data-processed\lumpy_balanced\lumpy1\Normal415.png
Normal416.png,Normal416.png,Normal,False,256,256,3,RGB,1.0,179070,.png,e5aa0e98820a72599c5e424473823e765841cdc8f6def51f8d7a34d06e54aff5,637373f3b3c3c3c3,C:\Users\Ashutosh Verma\OneDrive\Desktop\VET VISION AI\data\lsd\LumpySkinDisease_DataHub\LumpySkinDisease_DataHub\data-processed\lumpy_balanced\lumpy1\Normal416.png
Normal417.png,Normal417.png,Normal,False,256,256,3,RGB,1.0,172905,.png,969466bbb03122974108e0832a418a55c1e0508897827d98ac5d8bc0496e7e07,d84aea81a18383c6,C:\Users\Ashutosh Verma\OneDrive\Desktop\VET VISION AI\data\lsd\LumpySkinDisease_DataHub\LumpySkinDisease_DataHub\data-processed\lumpy_balanced\lumpy1\Normal417.png
Normal418.png,Normal418.png,Normal,False,256,256,3,RGB,1.0,163030,.png,eb36a70ae2c850da3fe3d585bd58a2a03fff721f954754136b62a594dff1e0b5,68e8a86b2a2bccec,C:\Users\Ashutosh Verma\OneDrive\Desktop\VET VISION AI\data\lsd\LumpySkinDisease_DataHub\LumpySkinDisease_DataHub\data-processed\lumpy_balanced\lumpy1\Normal418.png
Normal419.png,Normal419.png,Normal,False,256,256,3,RGB,1.0,161899,.png,913a597cddcdbe5c3946a0295f4d7ed11dd41b7d18c39eb7562ecc3b87cea52a,ace0c4c4c4c4cc9a,C:\Users\Ashutosh Verma\OneDrive\Desktop\VET VISION AI\data\lsd\LumpySkinDisease_DataHub\LumpySkinDisease_DataHub\data-processed\lumpy_balanced\lumpy1\Normal419.png
Normal42.png,Normal42.png,Normal,False,256,256,3,RGB,1.0,169999,.png,92d51e48cf20348711894be778d7404e841a1c94825fae0237c5be0eafa4679e,d2a438b9456b22e6,C:\Users\Ashutosh Verma\OneDrive\Desktop\VET VISION AI\data\lsd\LumpySkinDisease_DataHub\LumpySkinDisease_DataHub\data-processed\lumpy_balanced\lumpy1\Normal42.png
Normal420.png,Normal420.png,Normal,False,256,256,3,RGB,1.0,173568,.png,3d5e66746f9ba9f190486748efb810b29e33d3fc46a4cdf2ded300933361441d,d45534a4a62626a6,C:\Users\Ashutosh Verma\OneDrive\Desktop\VET VISION AI\data\lsd\LumpySkinDisease_DataHub\LumpySkinDisease_DataHub\data-processed\lumpy_balanced\lumpy1\Normal420.png
Normal421.png,Normal421.png,Normal,False,256,256,3,RGB,1.0,162557,.png,ad1a2ebcb2309e31412de04ec9c4284f500ba928b88b4bc4709a575dc02023d2,c6e68c9e970bcb4e,C:\Users\Ashutosh Verma\OneDrive\Desktop\VET VISION AI\data\lsd\LumpySkinDisease_DataHub\LumpySkinDisease_DataHub\data-processed\lumpy_balanced\lumpy1\Normal421.png
Normal422.png,Normal422.png,Normal,False,256,256,3,RGB,1.0,115247,.png,1b84842ef30451ca1cdbc383282dc7e74739505682afa123044e58ffaed84add,9966660dbc3c7dbb,C:\Users\Ashutosh Verma\OneDrive\Desktop\VET VISION AI\data\lsd\LumpySkinDisease_DataHub\LumpySkinDisease_DataHub\data-processed\lumpy_balanced\lumpy1\Normal422.png
Normal423.png,Normal423.png,Normal,False,256,256,3,RGB,1.0,172971,.png,2fa9f6abd02ffc2bd56f6401e82329f07657bde2bf27e5f680b1728d255db6e9,fe1f1e1e26253973,C:\Users\Ashutosh Verma\OneDrive\Desktop\VET VISION AI\data\lsd\LumpySkinDisease_DataHub\LumpySkinDisease_DataHub\data-processed\lumpy_balanced\lumpy1\Normal423.png
Normal424.png,Normal424.png,Normal,False,256,256,3,RGB,1.0,161309,.png,e83d0aa9ad799f5d4a327b8166a8a414737b6139a639e282ee7182aed50ea0a9,ffffbf3718dae4c0,C:\Users\Ashutosh Verma\OneDrive\Desktop\VET VISION AI\data\lsd\LumpySkinDisease_DataHub\LumpySkinDisease_DataHub\data-processed\lumpy_balanced\lumpy1\Normal424.png
Normal425.png,Normal425.png,Normal,False,256,256,3,RGB,1.0,171943,.png,baafe3388aad953b8d666a2f781675b161ef710119e951f8cb512466d32048e0,81839b93930f2e92,C:\Users\Ashutosh Verma\OneDrive\Desktop\VET VISION AI\data\lsd\LumpySkinDisease_DataHub\LumpySkinDisease_DataHub\data-processed\lumpy_balanced\lumpy1\Normal425.png
Normal426.png,Normal426.png,Normal,False,256,256,3,RGB,1.0,168285,.png,728bceaf6a75c35cb258935eb698d9fadf5a33efa76823d6b2d348dea0f1212f,c807bcc8cc87a3f4,C:\Users\Ashutosh Verma\OneDrive\Desktop\VET VISION AI\data\lsd\LumpySkinDisease_DataHub\LumpySkinDisease_DataHub\data-processed\lumpy_balanced\lumpy1\Normal426.png
Normal427.png,Normal427.png,Normal,False,256,256,3,RGB,1.0,187295,.png,255055ee01751615bf7a369161a79f1fd64bb7ae5d420e237c5568d13dda0ed2,979a9e876c6c75c0,C:\Users\Ashutosh Verma\OneDrive\Desktop\VET VISION AI\data\lsd\LumpySkinDisease_DataHub\LumpySkinDisease_DataHub\data-processed\lumpy_balanced\lumpy1\Normal427.png
Normal428.png,Normal428.png,Normal,False,256,256,3,RGB,1.0,169041,.png,20275a33f93541ec4b1fdfca7aa4c00bbd41270ae9f812e576b6da4f48850680,777060212b3a301b,C:\Users\Ashutosh Verma\OneDrive\Desktop\VET VISION AI\data\lsd\LumpySkinDisease_DataHub\LumpySkinDisease_DataHub\data-processed\lumpy_balanced\lumpy1\Normal428.png
Normal429.png,Normal429.png,Normal,False,256,256,3,RGB,1.0,154751,.png,dcf8d1a60a2a8eb0240d6f2b8c54673a023ed621facfd71eb1c15cf6098910dd,d3e3955b4b61e6f2,C:\Users\Ashutosh Verma\OneDrive\Desktop\VET VISION AI\data\lsd\LumpySkinDisease_DataHub\LumpySkinDisease_DataHub\data-processed\lumpy_balanced\lumpy1\Normal429.png
Normal43.png,Normal43.png,Normal,False,256,256,3,RGB,1.0,144003,.png,60516e8185e0f722ab612a39ca1ad147f001e48d2a772b1c67d74e76e09bb8ac,eceea1a113c2cc4f,C:\Users\Ashutosh Verma\OneDrive\Desktop\VET VISION AI\data\lsd\LumpySkinDisease_DataHub\LumpySkinDisease_DataHub\data-processed\lumpy_balanced\lumpy1\Normal43.png
Normal430.png,Normal430.png,Normal,False,256,256,3,RGB,1.0,130078,.png,51bcb869d79dca093b658180cc678196f7fad4c094590a2038fe001acc22889a,6439a9a9a9a1a2e2,C:\Users\Ashutosh Verma\OneDrive\Desktop\VET VISION AI\data\lsd\LumpySkinDisease_DataHub\LumpySkinDisease_DataHub\data-processed\lumpy_balanced\lumpy1\Normal430.png
Normal431.png,Normal431.png,Normal,False,256,256,3,RGB,1.0,162604,.png,430bb5258e9dc7fef9d375af68135230f6fc0f9b13f8626e3b1d78dd6c4945d4,e4fc6c2a7777baee,C:\Users\Ashutosh Verma\OneDrive\Desktop\VET VISION AI\data\lsd\LumpySkinDisease_DataHub\LumpySkinDisease_DataHub\data-processed\lumpy_balanced\lumpy1\Normal431.png
Normal432.png,Normal432.png,Normal,False,256,256,3,RGB,1.0,176406,.png,4a193c7ea7f9bda4399555c44ba7fa01f30bc48b7e421baca1b945b08c9747a7,4c6442472d3878c2,C:\Users\Ashutosh Verma\OneDrive\Desktop\VET VISION AI\data\lsd\LumpySkinDisease_DataHub\LumpySkinDisease_DataHub\data-processed\lumpy_balanced\lumpy1\Normal432.png
Normal433.png,Normal433.png,Normal,False,256,256,3,RGB,1.0,179320,.png,00ba71aaf465f9df3255c275902734f554a62d2665753f3e2c04b4e53f42d979,f2b0649206226276,C:\Users\Ashutosh Verma\OneDrive\Desktop\VET VISION AI\data\lsd\LumpySkinDisease_DataHub\LumpySkinDisease_DataHub\data-processed\lumpy_balanced\lumpy1\Normal433.png
Normal434.png,Normal434.png,Normal,False,256,256,3,RGB,1.0,166865,.png,4ab097e32d99b6d3e728be61eba442086f845d222e1891677029651669e96961,9a9376c4ccd4445c,C:\Users\Ashutosh Verma\OneDrive\Desktop\VET VISION AI\data\lsd\LumpySkinDisease_DataHub\LumpySkinDisease_DataHub\data-processed\lumpy_balanced\lumpy1\Normal434.png
Normal435.png,Normal435.png,Normal,False,256,256,3,RGB,1.0,182833,.png,d29721c595c0bd0fe4a8d67930b661cef1be859be8675d0ad3bb3393926dff7f,d99898193a1ab150,C:\Users\Ashutosh Verma\OneDrive\Desktop\VET VISION AI\data\lsd\LumpySkinDisease_DataHub\LumpySkinDisease_DataHub\data-processed\lumpy_balanced\lumpy1\Normal435.png
Normal436.png,Normal436.png,Normal,False,256,256,3,RGB,1.0,156199,.png,df2f031e2c3560a8c83096fced5ac3ca12f935dee72a24f39c2f999b95d1aff9,f834841616363646,C:\Users\Ashutosh Verma\OneDrive\Desktop\VET VISION AI\data\lsd\LumpySkinDisease_DataHub\LumpySkinDisease_DataHub\data-processed\lumpy_balanced\lumpy1\Normal436.png
Normal437.png,Normal437.png,Normal,False,256,256,3,RGB,1.0,161551,.png,d571375dcf7500f656a08b405f3290b6f9bbeddd4295831a417511703684fd85,3036969797981809,C:\Users\Ashutosh Verma\OneDrive\Desktop\VET VISION AI\data\lsd\LumpySkinDisease_DataHub\LumpySkinDisease_DataHub\data-processed\lumpy_balanced\lumpy1\Normal437.png
Normal438.png,Normal438.png,Normal,False,256,256,3,RGB,1.0,153259,.png,2050e56d38e8ff3a472527a1087079b75b1f1ec4ee6f3e50d08e5382d78d7abc,3e3296666694347e,C:\Users\Ashutosh Verma\OneDrive\Desktop\VET VISION AI\data\lsd\LumpySkinDisease_DataHub\LumpySkinDisease_DataHub\data-processed\lumpy_balanced\lumpy1\Normal438.png
Normal439.png,Normal439.png,Normal,False,256,256,3,RGB,1.0,180339,.png,3388431d519d638b722c4e796d44bface9baad752e22102f75409b9d082ec6b5,bc2773763eddcd98,C:\Users\Ashutosh Verma\OneDrive\Desktop\VET VISION AI\data\lsd\LumpySkinDisease_DataHub\LumpySkinDisease_DataHub\data-processed\lumpy_balanced\lumpy1\Normal439.png
Normal44.png,Normal44.png,Normal,False,256,256,3,RGB,1.0,152513,.png,22e35557fb7d3b8cff5eed760fff8a3c7e8db761bb379fc718f4836372e66364,2e98ba62aa3de9e2,C:\Users\Ashutosh Verma\OneDrive\Desktop\VET VISION AI\data\lsd\LumpySkinDisease_DataHub\LumpySkinDisease_DataHub\data-processed\lumpy_balanced\lumpy1\Normal44.png
Normal440.png,Normal440.png,Normal,False,256,256,3,RGB,1.0,178720,.png,9494e0b533e8ff114b639596737f4cae7686be69cbaf5e7debabd5113540ac68,29b9f0a45c8ae2f0,C:\Users\Ashutosh Verma\OneDrive\Desktop\VET VISION AI\data\lsd\LumpySkinDisease_DataHub\LumpySkinDisease_DataHub\data-processed\lumpy_balanced\lumpy1\Normal440.png
Normal441.png,Normal441.png,Normal,False,256,256,3,RGB,1.0,171106,.png,4d7e35ae9a70323d3f74908edbb4f8bd8b9dd5e1b628293769c02ab53fbf39b8,9a9e736c6c667666,C:\Users\Ashutosh Verma\OneDrive\Desktop\VET VISION AI\data\lsd\LumpySkinDisease_DataHub\LumpySkinDisease_DataHub\data-processed\lumpy_balanced\lumpy1\Normal441.png
Normal442.png,Normal442.png,Normal,False,256,256,3,RGB,1.0,149387,.png,c760f9f200edb7c888621dd90052e8f78bba0c3d29957801d2ea4c1968dee057,5933f3727978f2eb,C:\Users\Ashutosh Verma\OneDrive\Desktop\VET VISION AI\data\lsd\LumpySkinDisease_DataHub\LumpySkinDisease_DataHub\data-processed\lumpy_balanced\lumpy1\Normal442.png
Normal443.png,Normal443.png,Normal,False,256,256,3,RGB,1.0,180250,.png,2fe618d76159b25ed3aee82fbf523e8df8f4a30cc5b9083c2c3b4004d4cf357d,4bf0b1b3a9ab0bae,C:\Users\Ashutosh Verma\OneDrive\Desktop\VET VISION AI\data\lsd\LumpySkinDisease_DataHub\LumpySkinDisease_DataHub\data-processed\lumpy_balanced\lumpy1\Normal443.png
Normal444.png,Normal444.png,Normal,False,256,256,3,RGB,1.0,177617,.png,61a47376345df9c6f0bbed50933d14bd7bab4a45b8cf2297ea8dd34a2f1e9a9c,2da9e92db6e7e3a3,C:\Users\Ashutosh Verma\OneDrive\Desktop\VET VISION AI\data\lsd\LumpySkinDisease_DataHub\LumpySkinDisease_DataHub\data-processed\lumpy_balanced\lumpy1\Normal444.png
Normal445.png,Normal445.png,Normal,False,256,256,3,RGB,1.0,174660,.png,4848bf3f4373c9a0edf3fd0b3b70b1297d3ed67de4175e3a6a8f95de59ac2409,afc7aab3b2b6a8ec,C:\Users\Ashutosh Verma\OneDrive\Desktop\VET VISION AI\data\lsd\LumpySkinDisease_DataHub\LumpySkinDisease_DataHub\data-processed\lumpy_balanced\lumpy1\Normal445.png
Normal446.png,Normal446.png,Normal,False,256,256,3,RGB,1.0,158520,.png,e653794d90509ca410a80fb529b4b501afa86c9cb131923a5d2a80aed93d78e3,6c348d1f27a72607,C:\Users\Ashutosh Verma\OneDrive\Desktop\VET VISION AI\data\lsd\LumpySkinDisease_DataHub\LumpySkinDisease_DataHub\data-processed\lumpy_balanced\lumpy1\Normal446.png
Normal447.png,Normal447.png,Normal,False,256,256,3,RGB,1.0,169939,.png,10c748dc03b931402aba86fac95fab91b03ccee9f6bf42cb04ef23175ff30fc8,57d58de8f0e9e829,C:\Users\Ashutosh Verma\OneDrive\Desktop\VET VISION AI\data\lsd\LumpySkinDisease_DataHub\LumpySkinDisease_DataHub\data-processed\lumpy_balanced\lumpy1\Normal447.png
Normal448.png,Normal448.png,Normal,False,256,256,3,RGB,1.0,175647,.png,ab00200e5159a1cc17e262af4f1a2e9c7e2fc75e1b9b41c5e953436dbfcb9cee,616c42c7cbb2f6e0,C:\Users\Ashutosh Verma\OneDrive\Desktop\VET VISION AI\data\lsd\LumpySkinDisease_DataHub\LumpySkinDisease_DataHub\data-processed\lumpy_balanced\lumpy1\Normal448.png
Normal449.png,Normal449.png,Normal,False,256,256,3,RGB,1.0,123903,.png,a6080d86d75b587823b84a2450fe423d4af240953e0f5249388c51510fad5cc4,4743a6963636b627,C:\Users\Ashutosh Verma\OneDrive\Desktop\VET VISION AI\data\lsd\LumpySkinDisease_DataHub\LumpySkinDisease_DataHub\data-processed\lumpy_balanced\lumpy1\Normal449.png
Normal45.png,Normal45.png,Normal,False,256,256,3,RGB,1.0,163006,.png,59d95aa89f3ff7a0f504c1b2d6e11605207d636d6e26f258f6b164e1ead58165,18492f3d2d61999e,C:\Users\Ashutosh Verma\OneDrive\Desktop\VET VISION AI\data\lsd\LumpySkinDisease_DataHub\LumpySkinDisease_DataHub\data-processed\lumpy_balanced\lumpy1\Normal45.png
Normal450.png,Normal450.png,Normal,False,256,256,3,RGB,1.0,182955,.png,cf0decc97e5f837e8fb407fc33383b47dc401e442fd6d13ef6ce401534072a2f,42666779332e2f4d,C:\Users\Ashutosh Verma\OneDrive\Desktop\VET VISION AI\data\lsd\LumpySkinDisease_DataHub\LumpySkinDisease_DataHub\data-processed\lumpy_balanced\lumpy1\Normal450.png
Normal451.png,Normal451.png,Normal,False,256,256,3,RGB,1.0,170011,.png,57164b357ba006d059efc418031242ae1ed73c3e133ace4102350d846d47e4cf,3ac16136365e5f1e,C:\Users\Ashutosh Verma\OneDrive\Desktop\VET VISION AI\data\lsd\LumpySkinDisease_DataHub\LumpySkinDisease_DataHub\data-processed\lumpy_balanced\lumpy1\Normal451.png
Normal452.png,Normal452.png,Normal,False,256,256,3,RGB,1.0,57936,.png,19f85a4970a92e43b61e9ada0a8f4e1a3f2762c8d5ac2dc194d48b15e16a172e,1143cbc686476427,C:\Users\Ashutosh Verma\OneDrive\Desktop\VET VISION AI\data\lsd\LumpySkinDisease_DataHub\LumpySkinDisease_DataHub\data-processed\lumpy_balanced\lumpy1\Normal452.png
Normal453.png,Normal453.png,Normal,False,256,256,3,RGB,1.0,151668,.png,0b0d425fc1ab55267bfe609556683f828d181af821b2d6fd79f844baa8d83943,f85ccc484c4b4b43,C:\Users\Ashutosh Verma\OneDrive\Desktop\VET VISION AI\data\lsd\LumpySkinDisease_DataHub\LumpySkinDisease_DataHub\data-processed\lumpy_balanced\lumpy1\Normal453.png
Normal454.png,Normal454.png,Normal,False,256,256,3,RGB,1.0,189163,.png,b9de06d7f50634922009f2503256356eb4be5f9d176ee2421127d345f956ef6b,a6a3eb9ccd6d6860,C:\Users\Ashutosh Verma\OneDrive\Desktop\VET VISION AI\data\lsd\LumpySkinDisease_DataHub\LumpySkinDisease_DataHub\data-processed\lumpy_balanced\lumpy1\Normal454.png
Normal455.png,Normal455.png,Normal,False,256,256,3,RGB,1.0,192836,.png,cebc4bac7bc10094a1804a5f6e2a732c7638703617816eef7c25e065f6bf0ef3,5ab2b292d4544c5c,C:\Users\Ashutosh Verma\OneDrive\Desktop\VET VISION AI\data\lsd\LumpySkinDisease_DataHub\LumpySkinDisease_DataHub\data-processed\lumpy_balanced\lumpy1\Normal455.png
Normal456.png,Normal456.png,Normal,False,256,256,3,RGB,1.0,186303,.png,e15b4588c960f64f28f58daffbd1cea84d375aeee2df3045c2a575300d741745,964e0e6e74b4849c,C:\Users\Ashutosh Verma\OneDrive\Desktop\VET VISION AI\data\lsd\LumpySkinDisease_DataHub\LumpySkinDisease_DataHub\data-processed\lumpy_balanced\lumpy1\Normal456.png
Normal457.png,Normal457.png,Normal,False,256,256,3,RGB,1.0,181364,.png,8a6b0ecd286ea87ba0e047cc37ae91e498ddd46a76ad88e5f11564f26b895bba,6b6bdc2467039967,C:\Users\Ashutosh Verma\OneDrive\Desktop\VET VISION AI\data\lsd\LumpySkinDisease_DataHub\LumpySkinDisease_DataHub\data-processed\lumpy_balanced\lumpy1\Normal457.png
Normal458.png,Normal458.png,Normal,False,256,256,3,RGB,1.0,176358,.png,0f3b93c1291f389f53cd6df69ec5d237cc5203cb9d4cb27bf9bdfa99d14dc556,cc3cf0b0e22f2f3c,C:\Users\Ashutosh Verma\OneDrive\Desktop\VET VISION AI\data\lsd\LumpySkinDisease_DataHub\LumpySkinDisease_DataHub\data-processed\lumpy_balanced\lumpy1\Normal458.png
Normal459.png,Normal459.png,Normal,False,256,256,3,RGB,1.0,156545,.png,e4185263afdab2c136f261e9fae14384245dbf25d58bd832977bd00862a1ca80,b4e2353133537353,C:\Users\Ashutosh Verma\OneDrive\Desktop\VET VISION AI\data\lsd\LumpySkinDisease_DataHub\LumpySkinDisease_DataHub\data-processed\lumpy_balanced\lumpy1\Normal459.png
Normal46.png,Normal46.png,Normal,False,256,256,3,RGB,1.0,75314,.png,e3765e230b4163ae52ce41661390b614adec122a1e47fc1707fff9cc7c467d8d,0b1b09491b535f59,C:\Users\Ashutosh Verma\OneDrive\Desktop\VET VISION AI\data\lsd\LumpySkinDisease_DataHub\LumpySkinDisease_DataHub\data-processed\lumpy_balanced\lumpy1\Normal46.png
Normal460.png,Normal460.png,Normal,False,256,256,3,RGB,1.0,172719,.png,934986588fcfd75f2029cf50fc166ad5633d871ab31dd0bc2b8f7023b32d3895,df7d2d66c799bbc4,C:\Users\Ashutosh Verma\OneDrive\Desktop\VET VISION AI\data\lsd\LumpySkinDisease_DataHub\LumpySkinDisease_DataHub\data-processed\lumpy_balanced\lumpy1\Normal460.png
Normal461.png,Normal461.png,Normal,False,256,256,3,RGB,1.0,140944,.png,b693c3e429186f427e469bf7318e05b2cd42a5fd84d6bcec2a5790310d1f2538,ec8e1737b13006c6,C:\Users\Ashutosh Verma\OneDrive\Desktop\VET VISION AI\data\lsd\LumpySkinDisease_DataHub\LumpySkinDisease_DataHub\data-processed\lumpy_balanced\lumpy1\Normal461.png
Normal462.png,Normal462.png,Normal,False,256,256,3,RGB,1.0,177013,.png,834396bbb1a2dc7bbdcf46eb18c98514346d9f4a68915c1a75e0c733ee9ee4d0,fbd9cdc4d4c4b627,C:\Users\Ashutosh Verma\OneDrive\Desktop\VET VISION AI\data\lsd\LumpySkinDisease_DataHub\LumpySkinDisease_DataHub\data-processed\lumpy_balanced\lumpy1\Normal462.png
Normal463.png,Normal463.png,Normal,False,256,256,3,RGB,1.0,165377,.png,cac1b08f48a64a375ac558c674b3df62335c5e36610f643d20d141d268272367,e4a0c9ccae24acc8,C:\Users\Ashutosh Verma\OneDrive\Desktop\VET VISION AI\data\lsd\LumpySkinDisease_DataHub\LumpySkinDisease_DataHub\data-processed\lumpy_balanced\lumpy1\Normal463.png
Normal464.png,Normal464.png,Normal,False,256,256,3,RGB,1.0,159504,.png,da72bbd3965010129e6b77f1f96edd7448a82d70f72014882bbbbe8f6b0708e3,ecc6ccd88eccd8cd,C:\Users\Ashutosh Verma\OneDrive\Desktop\VET VISION AI\data\lsd\LumpySkinDisease_DataHub\LumpySkinDisease_DataHub\data-processed\lumpy_balanced\lumpy1\Normal464.png
Normal465.png,Normal465.png,Normal,False,256,256,3,RGB,1.0,125102,.png,3e9a61394344260050d430976ec691d0290a85fa56ca445dd8cf2b6b8695edfb,2173c92127751999,C:\Users\Ashutosh Verma\OneDrive\Desktop\VET VISION AI\data\lsd\LumpySkinDisease_DataHub\LumpySkinDisease_DataHub\data-processed\lumpy_balanced\lumpy1\Normal465.png
Normal466.png,Normal466.png,Normal,False,256,256,3,RGB,1.0,174797,.png,96dbbc07a69c975724eb9427ab1ab5ff8ef6475023f65511e83e4784059fbf3c,d8f1b1582c2c1eae,C:\Users\Ashutosh Verma\OneDrive\Desktop\VET VISION AI\data\lsd\LumpySkinDisease_DataHub\LumpySkinDisease_DataHub\data-processed\lumpy_balanced\lumpy1\Normal466.png
Normal467.png,Normal467.png,Normal,False,256,256,3,RGB,1.0,170351,.png,667ff3059d6154718307adc9966e6d5e757b8944585bce665ddfd77afd9578a6,d2d02c36975b43cb,C:\Users\Ashutosh Verma\OneDrive\Desktop\VET VISION AI\data\lsd\LumpySkinDisease_DataHub\LumpySkinDisease_DataHub\data-processed\lumpy_balanced\lumpy1\Normal467.png
Normal468.png,Normal468.png,Normal,False,256,256,3,RGB,1.0,169041,.png,20275a33f93541ec4b1fdfca7aa4c00bbd41270ae9f812e576b6da4f48850680,777060212b3a301b,C:\Users\Ashutosh Verma\OneDrive\Desktop\VET VISION AI\data\lsd\LumpySkinDisease_DataHub\LumpySkinDisease_DataHub\data-processed\lumpy_balanced\lumpy1\Normal468.png
Normal469.png,Normal469.png,Normal,False,256,256,3,RGB,1.0,152253,.png,4fed50c460e66597166c9de87553d5a1c9c2a2267ab4d844fc1cf8c525689955,7c33177737377dae,C:\Users\Ashutosh Verma\OneDrive\Desktop\VET VISION AI\data\lsd\LumpySkinDisease_DataHub\LumpySkinDisease_DataHub\data-processed\lumpy_balanced\lumpy1\Normal469.png
Normal47.png,Normal47.png,Normal,False,256,256,3,RGB,1.0,177600,.png,928d39b0de21e81b666aa8df45d414bfb73ba39e8edfbb4370092928f52b9afd,6541ca71211901c5,C:\Users\Ashutosh Verma\OneDrive\Desktop\VET VISION AI\data\lsd\LumpySkinDisease_DataHub\LumpySkinDisease_DataHub\data-processed\lumpy_balanced\lumpy1\Normal47.png
Normal470.png,Normal470.png,Normal,False,256,256,3,RGB,1.0,160467,.png,c0249292085bfa90eec04bac9a2f00a0d6768409e93dd273590730364c0ce501,cda623378676228d,C:\Users\Ashutosh Verma\OneDrive\Desktop\VET VISION AI\data\lsd\LumpySkinDisease_DataHub\LumpySkinDisease_DataHub\data-processed\lumpy_balanced\lumpy1\Normal470.png
Normal471.png,Normal471.png,Normal,False,256,256,3,RGB,1.0,152303,.png,b2d4b5eb793b574437cb15f83b8f2bff1c9e1ac8c16764c8ca9571e9d8335449,9d55272787936359,C:\Users\Ashutosh Verma\OneDrive\Desktop\VET VISION AI\data\lsd\LumpySkinDisease_DataHub\LumpySkinDisease_DataHub\data-processed\lumpy_balanced\lumpy1\Normal471.png
Normal472.png,Normal472.png,Normal,False,256,256,3,RGB,1.0,148660,.png,dfae852228b5e67fe4f45674cc7091146552b0f13f87cf80122bb8f68598e237,c62e1e1e1f26262a,C:\Users\Ashutosh Verma\OneDrive\Desktop\VET VISION AI\data\lsd\LumpySkinDisease_DataHub\LumpySkinDisease_DataHub\data-processed\lumpy_balanced\lumpy1\Normal472.png
Normal473.png,Normal473.png,Normal,False,256,256,3,RGB,1.0,161991,.png,cef27c0919071ea5afbe0217851210581590dfb886b724c61c7da19a7ecfec94,f2b29395929a8c4c,C:\Users\Ashutosh Verma\OneDrive\Desktop\VET VISION AI\data\lsd\LumpySkinDisease_DataHub\LumpySkinDisease_DataHub\data-processed\lumpy_balanced\lumpy1\Normal473.png
Normal474.png,Normal474.png,Normal,False,256,256,3,RGB,1.0,168410,.png,121ba57c8214c0479c04e749a617283f7e8980d3a52cf173c86c422237323fbe,f0d032b2f0edcccc,C:\Users\Ashutosh Verma\OneDrive\Desktop\VET VISION AI\data\lsd\LumpySkinDisease_DataHub\LumpySkinDisease_DataHub\data-processed\lumpy_balanced\lumpy1\Normal474.png
Normal475.png,Normal475.png,Normal,False,256,256,3,RGB,1.0,163823,.png,5b033c2b154bdad240b273a1c1aba3491f222480626707ef21c830b8b6d8f190,a5573e4a24272fb0,C:\Users\Ashutosh Verma\OneDrive\Desktop\VET VISION AI\data\lsd\LumpySkinDisease_DataHub\LumpySkinDisease_DataHub\data-processed\lumpy_balanced\lumpy1\Normal475.png
Normal476.png,Normal476.png,Normal,False,256,256,3,RGB,1.0,39690,.png,b1a59236a369f2f912a3fae64438743307d23693379aa8fce4d4581a7b4463f6,33cc12170b4b4b4c,C:\Users\Ashutosh Verma\OneDrive\Desktop\VET VISION AI\data\lsd\LumpySkinDisease_DataHub\LumpySkinDisease_DataHub\data-processed\lumpy_balanced\lumpy1\Normal476.png
Normal477.png,Normal477.png,Normal,False,256,256,3,RGB,1.0,144212,.png,23237cce1700e2c53ac1697fd82be549c9b4e7dbd41303de8aebc757f643c9aa,f04d1f3a5a7b2fec,C:\Users\Ashutosh Verma\OneDrive\Desktop\VET VISION AI\data\lsd\LumpySkinDisease_DataHub\LumpySkinDisease_DataHub\data-processed\lumpy_balanced\lumpy1\Normal477.png
Normal478.png,Normal478.png,Normal,False,256,256,3,RGB,1.0,188405,.png,6664cfc15857ed363f4d338945245f9627022d602248ce59238c554b9f1e33ce,9fd98d8f8b09d933,C:\Users\Ashutosh Verma\OneDrive\Desktop\VET VISION AI\data\lsd\LumpySkinDisease_DataHub\LumpySkinDisease_DataHub\data-processed\lumpy_balanced\lumpy1\Normal478.png
Normal479.png,Normal479.png,Normal,False,256,256,3,RGB,1.0,184663,.png,812b2cd4cdfa39dffc38b0e7331680828a01cc84d2c4b861f5107b5101e5dbc0,a28df8f074e0e8da,C:\Users\Ashutosh Verma\OneDrive\Desktop\VET VISION AI\data\lsd\LumpySkinDisease_DataHub\LumpySkinDisease_DataHub\data-processed\lumpy_balanced\lumpy1\Normal479.png
Normal48.png,Normal48.png,Normal,False,256,256,3,RGB,1.0,130078,.png,51bcb869d79dca093b658180cc678196f7fad4c094590a2038fe001acc22889a,6439a9a9a9a1a2e2,C:\Users\Ashutosh Verma\OneDrive\Desktop\VET VISION AI\data\lsd\LumpySkinDisease_DataHub\LumpySkinDisease_DataHub\data-processed\lumpy_balanced\lumpy1\Normal48.png
Normal480.png,Normal480.png,Normal,False,256,256,3,RGB,1.0,147897,.png,28440d6a07de3e2a8ebcb98505490b17ae9749f168c8ac47320500edf8b92806,733078565a5ae6a7,C:\Users\Ashutosh Verma\OneDrive\Desktop\VET VISION AI\data\lsd\LumpySkinDisease_DataHub\LumpySkinDisease_DataHub\data-processed\lumpy_balanced\lumpy1\Normal480.png
Normal481.png,Normal481.png,Normal,False,256,256,3,RGB,1.0,178003,.png,07b3faa2eb45ecd5d825763d6e2f2013cda9c0cdeeb9bb1a39b04dda2e4b2394,84263cdc24262726,C:\Users\Ashutosh Verma\OneDrive\Desktop\VET VISION AI\data\lsd\LumpySkinDisease_DataHub\LumpySkinDisease_DataHub\data-processed\lumpy_balanced\lumpy1\Normal481.png
Normal482.png,Normal482.png,Normal,False,256,256,3,RGB,1.0,157487,.png,4039f9fabee1f85ad108d7a7fc1a56b0317b9fed0fd257cdd5c7aa9147f36812,f0ccc4a6e6c6868f,C:\Users\Ashutosh Verma\OneDrive\Desktop\VET VISION AI\data\lsd\LumpySkinDisease_DataHub\LumpySkinDisease_DataHub\data-processed\lumpy_balanced\lumpy1\Normal482.png
Normal483.png,Normal483.png,Normal,False,256,256,3,RGB,1.0,168241,.png,8fd05d81054d6760213b83ba7190e32abffb2201781ca114951a9384354970b2,a7ccd983939b4a42,C:\Users\Ashutosh Verma\OneDrive\Desktop\VET VISION AI\data\lsd\LumpySkinDisease_DataHub\LumpySkinDisease_DataHub\data-processed\lumpy_balanced\lumpy1\Normal483.png
Normal484.png,Normal484.png,Normal,False,256,256,3,RGB,1.0,160916,.png,a2ecf93a9475bff1461f6c5a5a044b54ef1579fcd26c631a5756d2627d247f29,64645c7074c6e6e1,C:\Users\Ashutosh Verma\OneDrive\Desktop\VET VISION AI\data\lsd\LumpySkinDisease_DataHub\LumpySkinDisease_DataHub\data-processed\lumpy_balanced\lumpy1\Normal484.png
Normal485.png,Normal485.png,Normal,False,256,256,3,RGB,1.0,183115,.png,29a68c14b07a1ed1b7916ce2f4364d165dd89da75404b74ff97fc787d8668b70,9896c703371c9e92,C:\Users\Ashutosh Verma\OneDrive\Desktop\VET VISION AI\data\lsd\LumpySkinDisease_DataHub\LumpySkinDisease_DataHub\data-processed\lumpy_balanced\lumpy1\Normal485.png
Normal486.png,Normal486.png,Normal,False,256,256,3,RGB,1.0,161743,.png,b63906276d6a5d0dafd5c1a6203c973c0c548a171bee00b9539ee9b2382b8068,9a1a3235353c30b0,C:\Users\Ashutosh Verma\OneDrive\Desktop\VET VISION AI\data\lsd\LumpySkinDisease_DataHub\LumpySkinDisease_DataHub\data-processed\lumpy_balanced\lumpy1\Normal486.png
Normal487.png,Normal487.png,Normal,False,256,256,3,RGB,1.0,150476,.png,9ff867e0ba380153e20012cc1c07d1bec5fd76e76c517d7fdf56d3973d1b3b33,c62739f3e34a9a43,C:\Users\Ashutosh Verma\OneDrive\Desktop\VET VISION AI\data\lsd\LumpySkinDisease_DataHub\LumpySkinDisease_DataHub\data-processed\lumpy_balanced\lumpy1\Normal487.png
Normal488.png,Normal488.png,Normal,False,256,256,3,RGB,1.0,178290,.png,178625b4008d224ac3bf10df1676cd86a8e08f5e3db8f44c921e833d1ed9e72f,89e96c0c8cec8d8c,C:\Users\Ashutosh Verma\OneDrive\Desktop\VET VISION AI\data\lsd\LumpySkinDisease_DataHub\LumpySkinDisease_DataHub\data-processed\lumpy_balanced\lumpy1\Normal488.png
Normal489.png,Normal489.png,Normal,False,256,256,3,RGB,1.0,166160,.png,e5c181eeed4b7551526de3ae733fcd66a1a122b641cee689e36351c5438ea49d,6ed471b0b3e33466,C:\Users\Ashutosh Verma\OneDrive\Desktop\VET VISION AI\data\lsd\LumpySkinDisease_DataHub\LumpySkinDisease_DataHub\data-processed\lumpy_balanced\lumpy1\Normal489.png
Normal49.png,Normal49.png,Normal,False,256,256,3,RGB,1.0,156497,.png,4022f37bc7c5b2a4aed32802273dd5d5d06e8c9d466aaa593b661e6c1d27b3d8,dcdccacec81a1a99,C:\Users\Ashutosh Verma\OneDrive\Desktop\VET VISION AI\data\lsd\LumpySkinDisease_DataHub\LumpySkinDisease_DataHub\data-processed\lumpy_balanced\lumpy1\Normal49.png
Normal490.png,Normal490.png,Normal,False,256,256,3,RGB,1.0,170011,.png,57164b357ba006d059efc418031242ae1ed73c3e133ace4102350d846d47e4cf,3ac16136365e5f1e,C:\Users\Ashutosh Verma\OneDrive\Desktop\VET VISION AI\data\lsd\LumpySkinDisease_DataHub\LumpySkinDisease_DataHub\data-processed\lumpy_balanced\lumpy1\Normal490.png
Normal491.png,Normal491.png,Normal,False,256,256,3,RGB,1.0,109006,.png,22199225c9748ba6e7d3516a656f7129d0cdd6d04800e6d3f9ec2ed4296b58f8,bffdbb73435553da,C:\Users\Ashutosh Verma\OneDrive\Desktop\VET VISION AI\data\lsd\LumpySkinDisease_DataHub\LumpySkinDisease_DataHub\data-processed\lumpy_balanced\lumpy1\Normal491.png
Normal492.png,Normal492.png,Normal,False,256,256,3,RGB,1.0,147642,.png,29b6b02f2eeb3e1a2a312db2438be3e28ab730726502961809b80cd3cd167784,0e99c4dacb6db5d3,C:\Users\Ashutosh Verma\OneDrive\Desktop\VET VISION AI\data\lsd\LumpySkinDisease_DataHub\LumpySkinDisease_DataHub\data-processed\lumpy_balanced\lumpy1\Normal492.png
Normal493.png,Normal493.png,Normal,False,256,256,4,RGBA,1.0,50091,.png,2f93fe0c0983f6f387a171b66297ad7b28c28c901e4c62599246a025e2c6c6c8,e10e0f7967666a50,C:\Users\Ashutosh Verma\OneDrive\Desktop\VET VISION AI\data\lsd\LumpySkinDisease_DataHub\LumpySkinDisease_DataHub\data-processed\lumpy_balanced\lumpy1\Normal493.png
Normal494.png,Normal494.png,Normal,False,256,256,3,RGB,1.0,138942,.png,3723a2b9f7402f845723b65a627f74be9014dc5ff664d129b91dff5c671c082c,7670c06376163a1a,C:\Users\Ashutosh Verma\OneDrive\Desktop\VET VISION AI\data\lsd\LumpySkinDisease_DataHub\LumpySkinDisease_DataHub\data-processed\lumpy_balanced\lumpy1\Normal494.png
Normal495.png,Normal495.png,Normal,False,256,256,3,RGB,1.0,187299,.png,3baea82d5b14aca04cb2c9bb950d2f8ad06c2e0a86e39d0660188a31c9523e29,ea68edc7c5cbcbcb,C:\Users\Ashutosh Verma\OneDrive\Desktop\VET VISION AI\data\lsd\LumpySkinDisease_DataHub\LumpySkinDisease_DataHub\data-processed\lumpy_balanced\lumpy1\Normal495.png
Normal496.png,Normal496.png,Normal,False,256,256,3,RGB,1.0,169933,.png,348ed6444a1b9851d6d86b752b1e39c3ad77c80b6d5b5e9a7ccb0f889bb1d978,8a8fbb33b3d3e7ce,C:\Users\Ashutosh Verma\OneDrive\Desktop\VET VISION AI\data\lsd\LumpySkinDisease_DataHub\LumpySkinDisease_DataHub\data-processed\lumpy_balanced\lumpy1\Normal496.png
Normal497.png,Normal497.png,Normal,False,256,256,3,RGB,1.0,187401,.png,befe936509089551fb1cf056614244e8e280172b567b058df078662d6d5cc2be,465127636377350b,C:\Users\Ashutosh Verma\OneDrive\Desktop\VET VISION AI\data\lsd\LumpySkinDisease_DataHub\LumpySkinDisease_DataHub\data-processed\lumpy_balanced\lumpy1\Normal497.png
Normal498.png,Normal498.png,Normal,False,256,256,3,RGB,1.0,158457,.png,bdfb5edfe23f81417eb7f7234bb3b2a607287c62e00fe3e199bc1bbd42a32651,dba337332684cc8c,C:\Users\Ashutosh Verma\OneDrive\Desktop\VET VISION AI\data\lsd\LumpySkinDisease_DataHub\LumpySkinDisease_DataHub\data-processed\lumpy_balanced\lumpy1\Normal498.png
Normal499.png,Normal499.png,Normal,False,256,256,3,RGB,1.0,167167,.png,e329ddd2cf448ead53793fe0f65fb2ddd575f906174c530f10d2730addd13ed3,d696155e494906e0,C:\Users\Ashutosh Verma\OneDrive\Desktop\VET VISION AI\data\lsd\LumpySkinDisease_DataHub\LumpySkinDisease_DataHub\data-processed\lumpy_balanced\lumpy1\Normal499.png
Normal5.png,Normal5.png,Normal,False,256,256,3,RGB,1.0,177848,.png,b6c3d819125464ef19d6a4d54a530f83ee2c4f30e72001c43e48662764610196,e6e9cbc8e6e7c9ec,C:\Users\Ashutosh Verma\OneDrive\Desktop\VET VISION AI\data\lsd\LumpySkinDisease_DataHub\LumpySkinDisease_DataHub\data-processed\lumpy_balanced\lumpy1\Normal5.png
Normal50.png,Normal50.png,Normal,False,256,256,3,RGB,1.0,159114,.png,b2925269842a56a2de9394c630e057181c50d01d50c4a273cf203eb7ab45802f,b296323332333119,C:\Users\Ashutosh Verma\OneDrive\Desktop\VET VISION AI\data\lsd\LumpySkinDisease_DataHub\LumpySkinDisease_DataHub\data-processed\lumpy_balanced\lumpy1\Normal50.png
Normal500.png,Normal500.png,Normal,False,256,256,3,RGB,1.0,147897,.png,28440d6a07de3e2a8ebcb98505490b17ae9749f168c8ac47320500edf8b92806,733078565a5ae6a7,C:\Users\Ashutosh Verma\OneDrive\Desktop\VET VISION AI\data\lsd\LumpySkinDisease_DataHub\LumpySkinDisease_DataHub\data-processed\lumpy_balanced\lumpy1\Normal500.png
Normal501.png,Normal501.png,Normal,False,256,256,3,RGB,1.0,179132,.png,985ce3054431588d6bc4cc4dbd7d58a1ae0bbd4c4d96d1bbbcdc20db2d6a53a3,fc90d2e4e5c5e866,C:\Users\Ashutosh Verma\OneDrive\Desktop\VET VISION AI\data\lsd\LumpySkinDisease_DataHub\LumpySkinDisease_DataHub\data-processed\lumpy_balanced\lumpy1\Normal501.png
Normal502.png,Normal502.png,Normal,False,256,256,3,RGB,1.0,172802,.png,fbead4df2f8a9c23d48d159ec179d9f561407e313a9e22b35266e675aea1fb0d,c931313111939292,C:\Users\Ashutosh Verma\OneDrive\Desktop\VET VISION AI\data\lsd\LumpySkinDisease_DataHub\LumpySkinDisease_DataHub\data-processed\lumpy_balanced\lumpy1\Normal502.png
Normal503.png,Normal503.png,Normal,False,256,256,3,RGB,1.0,177128,.png,dbdc01e4c253242a6fdd1c9f5eaba788935b7c72da7b14114bdcb850d4b03227,108884c86ef3f1c0,C:\Users\Ashutosh Verma\OneDrive\Desktop\VET VISION AI\data\lsd\LumpySkinDisease_DataHub\LumpySkinDisease_DataHub\data-processed\lumpy_balanced\lumpy1\Normal503.png
Normal504.png,Normal504.png,Normal,False,256,256,3,RGB,1.0,165568,.png,ddc1307267e3de8bf31a270086cd670a0c0fa5452f967c7bc110adf32428f520,6f9c31ebcd9d9785,C:\Users\Ashutosh Verma\OneDrive\Desktop\VET VISION AI\data\lsd\LumpySkinDisease_DataHub\LumpySkinDisease_DataHub\data-processed\lumpy_balanced\lumpy1\Normal504.png
Normal505.png,Normal505.png,Normal,False,256,256,3,RGB,1.0,176839,.png,b7fb84120b8530c901d5abbfb7c0a7184c6422beb576fe6101c47a602d98f256,523b2393ddd11878,C:\Users\Ashutosh Verma\OneDrive\Desktop\VET VISION AI\data\lsd\LumpySkinDisease_DataHub\LumpySkinDisease_DataHub\data-processed\lumpy_balanced\lumpy1\Normal505.png
Normal506.png,Normal506.png,Normal,False,256,256,3,RGB,1.0,162924,.png,fa21b90a0b35c991e311ccefac08972df4aaf0aed658e15b556aac3867d394b3,5a1f6959f3e39823,C:\Users\Ashutosh Verma\OneDrive\Desktop\VET VISION AI\data\lsd\LumpySkinDisease_DataHub\LumpySkinDisease_DataHub\data-processed\lumpy_balanced\lumpy1\Normal506.png
Normal507.png,Normal507.png,Normal,False,256,256,3,RGB,1.0,132935,.png,40108d70d3946cd9d256ed51bee22f9a8c3546d72f1e5e368f14e9ed79f9fba4,e0caecf170e8eccc,C:\Users\Ashutosh Verma\OneDrive\Desktop\VET VISION AI\data\lsd\LumpySkinDisease_DataHub\LumpySkinDisease_DataHub\data-processed\lumpy_balanced\lumpy1\Normal507.png
Normal508.png,Normal508.png,Normal,False,256,256,3,RGB,1.0,154616,.png,8c1e5660e6e0bdec162fa71d54925ae37e0d73f383ab17f2231c5f2f5ac2388c,f6b694b37332b0e8,C:\Users\Ashutosh Verma\OneDrive\Desktop\VET VISION AI\data\lsd\LumpySkinDisease_DataHub\LumpySkinDisease_DataHub\data-processed\lumpy_balanced\lumpy1\Normal508.png
Normal509.png,Normal509.png,Normal,False,256,256,3,RGB,1.0,187612,.png,c6582d85cff65d0e12d5338d0bf6f0e6d3c511486d3a83379080d49a96e746e0,a3757033a79193ea,C:\Users\Ashutosh Verma\OneDrive\Desktop\VET VISION AI\data\lsd\LumpySkinDisease_DataHub\LumpySkinDisease_DataHub\data-processed\lumpy_balanced\lumpy1\Normal509.png
Normal51.png,Normal51.png,Normal,False,256,256,3,RGB,1.0,47123,.png,c773112e5cc06c7758d8a89966facaa0568158c299756f09b5a9350d4afaf3a4,2200733b1b911300,C:\Users\Ashutosh Verma\OneDrive\Desktop\VET VISION AI\data\lsd\LumpySkinDisease_DataHub\LumpySkinDisease_DataHub\data-processed\lumpy_balanced\lumpy1\Normal51.png
Normal510.png,Normal510.png,Normal,False,256,256,3,RGB,1.0,169985,.png,f9606fbd16f93f8c5bc3925c91bf162f14780e8e943ce67eed7c475f1b68cc6e,a9b8bcd64b0f6d07,C:\Users\Ashutosh Verma\OneDrive\Desktop\VET VISION AI\data\lsd\LumpySkinDisease_DataHub\LumpySkinDisease_DataHub\data-processed\lumpy_balanced\lumpy1\Normal510.png
Normal511.png,Normal511.png,Normal,False,256,256,3,RGB,1.0,154199,.png,e95c484e5d8c9049ebed00effb5cad66393593067fb31cb702e9e956477f6e0b,78729d98980cd1a6,C:\Users\Ashutosh Verma\OneDrive\Desktop\VET VISION AI\data\lsd\LumpySkinDisease_DataHub\LumpySkinDisease_DataHub\data-processed\lumpy_balanced\lumpy1\Normal511.png
Normal512.png,Normal512.png,Normal,False,256,256,3,RGB,1.0,168976,.png,db9e23e7b1f773c3bd8130adb62069537492fda93271c136fe0b44141d460225,99d0c485c4c9ca03,C:\Users\Ashutosh Verma\OneDrive\Desktop\VET VISION AI\data\lsd\LumpySkinDisease_DataHub\LumpySkinDisease_DataHub\data-processed\lumpy_balanced\lumpy1\Normal512.png
Normal513.png,Normal513.png,Normal,False,256,256,3,RGB,1.0,179003,.png,9a1b028d6969e3a34cc311ee0d29e872bc8fdf39341285cf3a1969425e63f540,f3e3e5d8b134341a,C:\Users\Ashutosh Verma\OneDrive\Desktop\VET VISION AI\data\lsd\LumpySkinDisease_DataHub\LumpySkinDisease_DataHub\data-processed\lumpy_balanced\lumpy1\Normal513.png
Normal514.png,Normal514.png,Normal,False,256,256,3,RGB,1.0,13810,.png,6eb5fb2f75756cf1c1d01809db69996158cb623da04d8099b6701a070c8d0f99,0320030165656087,C:\Users\Ashutosh Verma\OneDrive\Desktop\VET VISION AI\data\lsd\LumpySkinDisease_DataHub\LumpySkinDisease_DataHub\data-processed\lumpy_balanced\lumpy1\Normal514.png
Normal515.png,Normal515.png,Normal,False,256,256,3,RGB,1.0,58631,.png,fdabe93869526cd27fbf7f3656839cf3022d43adcda4b865d2e2e86ff951dcf0,0c2f37179b1b1319,C:\Users\Ashutosh Verma\OneDrive\Desktop\VET VISION AI\data\lsd\LumpySkinDisease_DataHub\LumpySkinDisease_DataHub\data-processed\lumpy_balanced\lumpy1\Normal515.png
Normal516.png,Normal516.png,Normal,False,256,256,3,RGB,1.0,170102,.png,5d8b5ed9517d6ef37a428b29f18943725019846595b4c109c1aa7e06936eac6a,777db6abebce4ec7,C:\Users\Ashutosh Verma\OneDrive\Desktop\VET VISION AI\data\lsd\LumpySkinDisease_DataHub\LumpySkinDisease_DataHub\data-processed\lumpy_balanced\lumpy1\Normal516.png
Normal517.png,Normal517.png,Normal,False,256,256,3,RGB,1.0,181364,.png,8a6b0ecd286ea87ba0e047cc37ae91e498ddd46a76ad88e5f11564f26b895bba,6b6bdc2467039967,C:\Users\Ashutosh Verma\OneDrive\Desktop\VET VISION AI\data\lsd\LumpySkinDisease_DataHub\LumpySkinDisease_DataHub\data-processed\lumpy_balanced\lumpy1\Normal517.png
Normal518.png,Normal518.png,Normal,False,256,256,3,RGB,1.0,83317,.png,0a57e4d2c8a40155743d78f8d814db00b8a324d851d8b68e0b486318de434f78,4a0c5d270c0d1dad,C:\Users\Ashutosh Verma\OneDrive\Desktop\VET VISION AI\data\lsd\LumpySkinDisease_DataHub\LumpySkinDisease_DataHub\data-processed\lumpy_balanced\lumpy1\Normal518.png
Normal519.png,Normal519.png,Normal,False,256,256,3,RGB,1.0,168286,.png,470c0eec9068887fd1cff8ebe170f08a1e721be851ed6ebe721e1ccba2b249c2,b393919d6968da17,C:\Users\Ashutosh Verma\OneDrive\Desktop\VET VISION AI\data\lsd\LumpySkinDisease_DataHub\LumpySkinDisease_DataHub\data-processed\lumpy_balanced\lumpy1\Normal519.png
Normal52.png,Normal52.png,Normal,False,256,256,3,RGB,1.0,156597,.png,a2ea354bf5b8b0e76ed36ff2323ab8cffd0329065123f9c5f0605647da783f2f,204013476f273717,C:\Users\Ashutosh Verma\OneDrive\Desktop\VET VISION AI\data\lsd\LumpySkinDisease_DataHub\LumpySkinDisease_DataHub\data-processed\lumpy_balanced\lumpy1\Normal52.png
Normal520.png,Normal520.png,Normal,False,256,256,3,RGB,1.0,168032,.png,6daf87d52a988dc3dcc87a7911ac8bd7e3240188bfe4900469f1b8daa3b0ece9,6d6859d17054e752,C:\Users\Ashutosh Verma\OneDrive\Desktop\VET VISION AI\data\lsd\LumpySkinDisease_DataHub\LumpySkinDisease_DataHub\data-processed\lumpy_balanced\lumpy1\Normal520.png
Normal521.png,Normal521.png,Normal,False,256,256,3,RGB,1.0,169580,.png,e43fc589697d708f531a02d3e5accf50f1bd4eeba92b2e45da4126f08d6d7032,692981338e4ee8cc,C:\Users\Ashutosh Verma\OneDrive\Desktop\VET VISION AI\data\lsd\LumpySkinDisease_DataHub\LumpySkinDisease_DataHub\data-processed\lumpy_balanced\lumpy1\Normal521.png
Normal522.png,Normal522.png,Normal,False,256,256,3,RGB,1.0,150476,.png,9ff867e0ba380153e20012cc1c07d1bec5fd76e76c517d7fdf56d3973d1b3b33,c62739f3e34a9a43,C:\Users\Ashutosh Verma\OneDrive\Desktop\VET VISION AI\data\lsd\LumpySkinDisease_DataHub\LumpySkinDisease_DataHub\data-processed\lumpy_balanced\lumpy1\Normal522.png
Normal523.png,Normal523.png,Normal,False,256,256,3,RGB,1.0,156914,.png,3b34bbcbae823612358fc8988a17914b22dbba9572a581f359dded6594640c96,fafcfc99d5dddaac,C:\Users\Ashutosh Verma\OneDrive\Desktop\VET VISION AI\data\lsd\LumpySkinDisease_DataHub\LumpySkinDisease_DataHub\data-processed\lumpy_balanced\lumpy1\Normal523.png
Normal524.png,Normal524.png,Normal,False,256,256,3,RGB,1.0,148660,.png,dfae852228b5e67fe4f45674cc7091146552b0f13f87cf80122bb8f68598e237,c62e1e1e1f26262a,C:\Users\Ashutosh Verma\OneDrive\Desktop\VET VISION AI\data\lsd\LumpySkinDisease_DataHub\LumpySkinDisease_DataHub\data-processed\lumpy_balanced\lumpy1\Normal524.png
Normal525.png,Normal525.png,Normal,False,256,256,3,RGB,1.0,182225,.png,b0552a40ad1bf1330f33e55d2051b62ad5a9f57062c9c772eb79c17d604c3cda,99760b136365e186,C:\Users\Ashutosh Verma\OneDrive\Desktop\VET VISION AI\data\lsd\LumpySkinDisease_DataHub\LumpySkinDisease_DataHub\data-processed\lumpy_balanced\lumpy1\Normal525.png
Normal526.png,Normal526.png,Normal,False,256,256,3,RGB,1.0,176499,.png,780c1053770487dae9c7dee145bde83ba85a490174f215bbaf6f11cc055cb3fd,05240c44c8ccccdc,C:\Users\Ashutosh Verma\OneDrive\Desktop\VET VISION AI\data\lsd\LumpySkinDisease_DataHub\LumpySkinDisease_DataHub\data-processed\lumpy_balanced\lumpy1\Normal526.png
Normal527.png,Normal527.png,Normal,False,256,256,3,RGB,1.0,177600,.png,928d39b0de21e81b666aa8df45d414bfb73ba39e8edfbb4370092928f52b9afd,6541ca71211901c5,C:\Users\Ashutosh Verma\OneDrive\Desktop\VET VISION AI\data\lsd\LumpySkinDisease_DataHub\LumpySkinDisease_DataHub\data-processed\lumpy_balanced\lumpy1\Normal527.png
Normal528.png,Normal528.png,Normal,False,256,256,3,RGB,1.0,173532,.png,b770e31d77951a5fc7434de2c391b33be88763cb954966993c49fa827d81ae38,71e3333b3b3678c9,C:\Users\Ashutosh Verma\OneDrive\Desktop\VET VISION AI\data\lsd\LumpySkinDisease_DataHub\LumpySkinDisease_DataHub\data-processed\lumpy_balanced\lumpy1\Normal528.png
Normal529.png,Normal529.png,Normal,False,256,256,3,RGB,1.0,108774,.png,886a03c3cdb94af5e0d28651c516b2f4ab9f196e551fdf3604eeb7f16b88ccc0,2e0a9f8b8f8bc9c8,C:\Users\Ashutosh Verma\OneDrive\Desktop\VET VISION AI\data\lsd\LumpySkinDisease_DataHub\LumpySkinDisease_DataHub\data-processed\lumpy_balanced\lumpy1\Normal529.png
Normal53.png,Normal53.png,Normal,False,256,256,3,RGB,1.0,159114,.png,b2925269842a56a2de9394c630e057181c50d01d50c4a273cf203eb7ab45802f,b296323332333119,C:\Users\Ashutosh Verma\OneDrive\Desktop\VET VISION AI\data\lsd\LumpySkinDisease_DataHub\LumpySkinDisease_DataHub\data-processed\lumpy_balanced\lumpy1\Normal53.png
Normal530.png,Normal530.png,Normal,False,256,256,3,RGB,1.0,50874,.png,4466072e7cd6d336542bc4f527fc171627e309a20f510dbe9fea64a4367bddf8,052527161c56161e,C:\Users\Ashutosh Verma\OneDrive\Desktop\VET VISION AI\data\lsd\LumpySkinDisease_DataHub\LumpySkinDisease_DataHub\data-processed\lumpy_balanced\lumpy1\Normal530.png
Normal531.png,Normal531.png,Normal,False,256,256,3,RGB,1.0,163280,.png,0d32eb6ddcac6df2776df1e60dacb78868d1042739a15e2309cdbdb41459954a,9819650c9aa7d1f7,C:\Users\Ashutosh Verma\OneDrive\Desktop\VET VISION AI\data\lsd\LumpySkinDisease_DataHub\LumpySkinDisease_DataHub\data-processed\lumpy_balanced\lumpy1\Normal531.png
Normal532.png,Normal532.png,Normal,False,256,256,3,RGB,1.0,159156,.png,e4c31a5090d101eea46251835aa36f41c96b3b9aaee507d145e5416b6db60736,599db85edeb220da,C:\Users\Ashutosh Verma\OneDrive\Desktop\VET VISION AI\data\lsd\LumpySkinDisease_DataHub\LumpySkinDisease_DataHub\data-processed\lumpy_balanced\lumpy1\Normal532.png
Normal533.png,Normal533.png,Normal,False,256,256,3,RGB,1.0,154939,.png,2088779c469825d6de0d255e4e7dc9c07793dc64f621a6cda707be8d724c9537,1f8f8b83cbcb5b1b,C:\Users\Ashutosh Verma\OneDrive\Desktop\VET VISION AI\data\lsd\LumpySkinDisease_DataHub\LumpySkinDisease_DataHub\data-processed\lumpy_balanced\lumpy1\Normal533.png
Normal534.png,Normal534.png,Normal,False,256,256,3,RGB,1.0,163412,.png,764722b00634b7522250feda0f1cfdf2b66731ea1fa34d26cd971a314e83cedf,19db53c45cda92f6,C:\Users\Ashutosh Verma\OneDrive\Desktop\VET VISION AI\data\lsd\LumpySkinDisease_DataHub\LumpySkinDisease_DataHub\data-processed\lumpy_balanced\lumpy1\Normal534.png
Normal535.png,Normal535.png,Normal,False,256,256,3,RGB,1.0,77732,.png,37caa6e8cc2b42d08ac1b19408c702bc4e9caa83e3f099a303df626e6e469145,3a3a5ada989aa8f8,C:\Users\Ashutosh Verma\OneDrive\Desktop\VET VISION AI\data\lsd\LumpySkinDisease_DataHub\LumpySkinDisease_DataHub\data-processed\lumpy_balanced\lumpy1\Normal535.png
Normal536.png,Normal536.png,Normal,False,256,256,3,RGB,1.0,192836,.png,cebc4bac7bc10094a1804a5f6e2a732c7638703617816eef7c25e065f6bf0ef3,5ab2b292d4544c5c,C:\Users\Ashutosh Verma\OneDrive\Desktop\VET VISION AI\data\lsd\LumpySkinDisease_DataHub\LumpySkinDisease_DataHub\data-processed\lumpy_balanced\lumpy1\Normal536.png
Normal537.png,Normal537.png,Normal,False,256,256,3,RGB,1.0,127057,.png,4d215a0bc881434ac732a0a92512f8a33aa27247d8663a97900000ca35a5261f,22456937372723b3,C:\Users\Ashutosh Verma\OneDrive\Desktop\VET VISION AI\data\lsd\LumpySkinDisease_DataHub\LumpySkinDisease_DataHub\data-processed\lumpy_balanced\lumpy1\Normal537.png
Normal538.png,Normal538.png,Normal,False,256,256,3,RGB,1.0,166160,.png,e5c181eeed4b7551526de3ae733fcd66a1a122b641cee689e36351c5438ea49d,6ed471b0b3e33466,C:\Users\Ashutosh Verma\OneDrive\Desktop\VET VISION AI\data\lsd\LumpySkinDisease_DataHub\LumpySkinDisease_DataHub\data-processed\lumpy_balanced\lumpy1\Normal538.png
Normal539.png,Normal539.png,Normal,False,256,256,3,RGB,1.0,178692,.png,5cd227ec03d1617c0196a1aba6e3e4907bec1ac895da4c59da9e597c72560157,e4facb6363420bde,C:\Users\Ashutosh Verma\OneDrive\Desktop\VET VISION AI\data\lsd\LumpySkinDisease_DataHub\LumpySkinDisease_DataHub\data-processed\lumpy_balanced\lumpy1\Normal539.png
Normal54.png,Normal54.png,Normal,False,256,256,3,RGB,1.0,75777,.png,07d3f53b8f3ac6b90fcd444fdcb5b80529cfe68a0ec3da9644e3e42e9b4aab42,2b2b0b0353595951,C:\Users\Ashutosh Verma\OneDrive\Desktop\VET VISION AI\data\lsd\LumpySkinDisease_DataHub\LumpySkinDisease_DataHub\data-processed\lumpy_balanced\lumpy1\Normal54.png
Normal540.png,Normal540.png,Normal,False,256,256,4,RGBA,1.0,205133,.png,a6b531dddec8688e518d61fba1640fc450395451f97ddf1dea010e48cac03fb7,465127636377350b,C:\Users\Ashutosh Verma\OneDrive\Desktop\VET VISION AI\data\lsd\LumpySkinDisease_DataHub\LumpySkinDisease_DataHub\data-processed\lumpy_balanced\lumpy1\Normal540.png
Normal541.png,Normal541.png,Normal,False,256,256,3,RGB,1.0,171340,.png,263e640dfa9f61828ee930a8ec04ffa59ffd4b8b6c8dbbfdbc5d54c9b08d758d,4f7de2635a925737,C:\Users\Ashutosh Verma\OneDrive\Desktop\VET VISION AI\data\lsd\LumpySkinDisease_DataHub\LumpySkinDisease_DataHub\data-processed\lumpy_balanced\lumpy1\Normal541.png
Normal542.png,Normal542.png,Normal,False,256,256,3,RGB,1.0,160467,.png,c0249292085bfa90eec04bac9a2f00a0d6768409e93dd273590730364c0ce501,cda623378676228d,C:\Users\Ashutosh Verma\OneDrive\Desktop\VET VISION AI\data\lsd\LumpySkinDisease_DataHub\LumpySkinDisease_DataHub\data-processed\lumpy_balanced\lumpy1\Normal542.png
Normal543.png,Normal543.png,Normal,False,256,256,3,RGB,1.0,176533,.png,b181116e9bf60616d259b3a7a6104a0729f68d663952e3dcfb3ff2842172628a,2f6b9b63e6dcf0e0,C:\Users\Ashutosh Verma\OneDrive\Desktop\VET VISION AI\data\lsd\LumpySkinDisease_DataHub\LumpySkinDisease_DataHub\data-processed\lumpy_balanced\lumpy1\Normal543.png
Normal544.png,Normal544.png,Normal,False,256,256,3,RGB,1.0,155271,.png,c79690cdfa6ba66426d095d1a037a9b4992c45468ad981a4391451c5bfc2a9cd,023636331c3d2d2a,C:\Users\Ashutosh Verma\OneDrive\Desktop\VET VISION AI\data\lsd\LumpySkinDisease_DataHub\LumpySkinDisease_DataHub\data-processed\lumpy_balanced\lumpy1\Normal544.png
Normal545.png,Normal545.png,Normal,False,256,256,3,RGB,1.0,188672,.png,6cfbba7940f41a88d4054440c15ef139555fe83b73f624e64545f318195b23b7,19333636b8585024,C:\Users\Ashutosh Verma\OneDrive\Desktop\VET VISION AI\data\lsd\LumpySkinDisease_DataHub\LumpySkinDisease_DataHub\data-processed\lumpy_balanced\lumpy1\Normal545.png
Normal546.png,Normal546.png,Normal,False,256,256,3,RGB,1.0,175392,.png,786b405b1a1c63f35c45031871425207f0ee0e09a64536439e83be9a40f5313d,318eca4b878792c6,C:\Users\Ashutosh Verma\OneDrive\Desktop\VET VISION AI\data\lsd\LumpySkinDisease_DataHub\LumpySkinDisease_DataHub\data-processed\lumpy_balanced\lumpy1\Normal546.png
Normal547.png,Normal547.png,Normal,False,256,256,3,RGB,1.0,176654,.png,7816987f1b8bef9aff4fd5466915fa5215e072355dd7259d1b3d18e66f84500e,e864c2c9e3e3d9f9,C:\Users\Ashutosh Verma\OneDrive\Desktop\VET VISION AI\data\lsd\LumpySkinDisease_DataHub\LumpySkinDisease_DataHub\data-processed\lumpy_balanced\lumpy1\Normal547.png
Normal548.png,Normal548.png,Normal,False,256,256,3,RGB,1.0,161769,.png,c78ef2ac2e86a332de276772fbbad0f430c4824b3cb5dc817c9a40d30a390616,9c99242c68d97969,C:\Users\Ashutosh Verma\OneDrive\Desktop\VET VISION AI\data\lsd\LumpySkinDisease_DataHub\LumpySkinDisease_DataHub\data-processed\lumpy_balanced\lumpy1\Normal548.png
Normal549.png,Normal549.png,Normal,False,256,256,3,RGB,1.0,147322,.png,c0c2b5e909f15541f34d6ff91bdbd9a431ce8c1a0e2f14260aa5e91e77128afc,5b79399d95959992,C:\Users\Ashutosh Verma\OneDrive\Desktop\VET VISION AI\data\lsd\LumpySkinDisease_DataHub\LumpySkinDisease_DataHub\data-processed\lumpy_balanced\lumpy1\Normal549.png
Normal55.png,Normal55.png,Normal,False,256,256,3,RGB,1.0,155924,.png,ba76b54bebf5fde9e26f361df79aafdced3e2dbfc8d2bb7bdd64fdd9a47f6863,a1231317cdd1f858,C:\Users\Ashutosh Verma\OneDrive\Desktop\VET VISION AI\data\lsd\LumpySkinDisease_DataHub\LumpySkinDisease_DataHub\data-processed\lumpy_balanced\lumpy1\Normal55.png
Normal550.png,Normal550.png,Normal,False,256,256,3,RGB,1.0,161322,.png,9e859de51e6e3b0e98b1bca16a7d73554e129386dca8d4ec5acc5911c7187380,96cecdc7c7c78793,C:\Users\Ashutosh Verma\OneDrive\Desktop\VET VISION AI\data\lsd\LumpySkinDisease_DataHub\LumpySkinDisease_DataHub\data-processed\lumpy_balanced\lumpy1\Normal550.png
Normal551.png,Normal551.png,Normal,False,256,256,3,RGB,1.0,107992,.png,63c08458ab1786d679f011b23e699820e5fac4f8ab13491866455d71d11a54a8,00b8d45793838d00,C:\Users\Ashutosh Verma\OneDrive\Desktop\VET VISION AI\data\lsd\LumpySkinDisease_DataHub\LumpySkinDisease_DataHub\data-processed\lumpy_balanced\lumpy1\Normal551.png
Normal552.png,Normal552.png,Normal,False,256,256,3,RGB,1.0,168491,.png,887441454eba2af9ba0ffab90f09a42be9173154d48a507948f94ddf0d9f8bbf,cd4ca4968ca6341e,C:\Users\Ashutosh Verma\OneDrive\Desktop\VET VISION AI\data\lsd\LumpySkinDisease_DataHub\LumpySkinDisease_DataHub\data-processed\lumpy_balanced\lumpy1\Normal552.png
Normal553.png,Normal553.png,Normal,False,256,256,3,RGB,1.0,118531,.png,1466790c51d31b97a931db650be615229206261741ca17d602a862c7a9e5fb78,6665711b5f773506,C:\Users\Ashutosh Verma\OneDrive\Desktop\VET VISION AI\data\lsd\LumpySkinDisease_DataHub\LumpySkinDisease_DataHub\data-processed\lumpy_balanced\lumpy1\Normal553.png
Normal554.png,Normal554.png,Normal,False,256,256,3,RGB,1.0,75314,.png,e3765e230b4163ae52ce41661390b614adec122a1e47fc1707fff9cc7c467d8d,0b1b09491b535f59,C:\Users\Ashutosh Verma\OneDrive\Desktop\VET VISION AI\data\lsd\LumpySkinDisease_DataHub\LumpySkinDisease_DataHub\data-processed\lumpy_balanced\lumpy1\Normal554.png
Normal555.png,Normal555.png,Normal,False,256,256,3,RGB,1.0,177516,.png,244576f064a20440ba27870c094f01ee0e5923a4f2f1ecef501b45512ade0d9f,b9b192737636252d,C:\Users\Ashutosh Verma\OneDrive\Desktop\VET VISION AI\data\lsd\LumpySkinDisease_DataHub\LumpySkinDisease_DataHub\data-processed\lumpy_balanced\lumpy1\Normal555.png
Normal556.png,Normal556.png,Normal,False,256,256,3,RGB,1.0,128896,.png,2ec812803d4e2f2a80b0aa8a594d792263eeffc54e20aa3557e0692df8394b07,3e62d2dadcd696b5,C:\Users\Ashutosh Verma\OneDrive\Desktop\VET VISION AI\data\lsd\LumpySkinDisease_DataHub\LumpySkinDisease_DataHub\data-processed\lumpy_balanced\lumpy1\Normal556.png
Normal557.png,Normal557.png,Normal,False,256,256,3,RGB,1.0,173568,.png,3d5e66746f9ba9f190486748efb810b29e33d3fc46a4cdf2ded300933361441d,d45534a4a62626a6,C:\Users\Ashutosh Verma\OneDrive\Desktop\VET VISION AI\data\lsd\LumpySkinDisease_DataHub\LumpySkinDisease_DataHub\data-processed\lumpy_balanced\lumpy1\Normal557.png
Normal558.png,Normal558.png,Normal,False,256,256,3,RGB,1.0,168758,.png,c78c1c5e509f5051375793b6ca5e515ac56a22e3f5fe476966822ef718d51123,79d213b3d3533232,C:\Users\Ashutosh Verma\OneDrive\Desktop\VET VISION AI\data\lsd\LumpySkinDisease_DataHub\LumpySkinDisease_DataHub\data-processed\lumpy_balanced\lumpy1\Normal558.png
Normal559.png,Normal559.png,Normal,False,256,256,3,RGB,1.0,187612,.png,c6582d85cff65d0e12d5338d0bf6f0e6d3c511486d3a83379080d49a96e746e0,a3757033a79193ea,C:\Users\Ashutosh Verma\OneDrive\Desktop\VET VISION AI\data\lsd\LumpySkinDisease_DataHub\LumpySkinDisease_DataHub\data-processed\lumpy_balanced\lumpy1\Normal559.png
Normal56.png,Normal56.png,Normal,False,256,256,3,RGB,1.0,178055,.png,397e129906173040da32f20cab6baf939ced7e1f50dac58b7129a5aadaba3425,8c88a1a6a426b724,C:\Users\Ashutosh Verma\OneDrive\Desktop\VET VISION AI\data\lsd\LumpySkinDisease_DataHub\LumpySkinDisease_DataHub\data-processed\lumpy_balanced\lumpy1\Normal56.png
Normal560.png,Normal560.png,Normal,False,256,256,3,RGB,1.0,171066,.png,280c539ca70df0adc3d63be017e8426b174ff87b3d66e11ba41e1abc9ee6e09f,53cca893d374d733,C:\Users\Ashutosh Verma\OneDrive\Desktop\VET VISION AI\data\lsd\LumpySkinDisease_DataHub\LumpySkinDisease_DataHub\data-processed\lumpy_balanced\lumpy1\Normal560.png
Normal561.png,Normal561.png,Normal,False,256,256,3,RGB,1.0,171713,.png,7d90794575e5d3d26f5811e1b8ea0fe6214afdd1888a0fb806b74b08178ebc08,56692b364c4c4a5a,C:\Users\Ashutosh Verma\OneDrive\Desktop\VET VISION AI\data\lsd\LumpySkinDisease_DataHub\LumpySkinDisease_DataHub\data-processed\lumpy_balanced\lumpy1\Normal561.png
Normal562.png,Normal562.png,Normal,False,256,256,3,RGB,1.0,161824,.png,ac9085c0356e43d860bb5d7ae2ce15f2e75e55775eecb309e34e76619f4e99f2,f994b0a0eee4846c,C:\Users\Ashutosh Verma\OneDrive\Desktop\VET VISION AI\data\lsd\LumpySkinDisease_DataHub\LumpySkinDisease_DataHub\data-processed\lumpy_balanced\lumpy1\Normal562.png
Normal563.png,Normal563.png,Normal,False,256,256,3,RGB,1.0,173532,.png,b770e31d77951a5fc7434de2c391b33be88763cb954966993c49fa827d81ae38,71e3333b3b3678c9,C:\Users\Ashutosh Verma\OneDrive\Desktop\VET VISION AI\data\lsd\LumpySkinDisease_DataHub\LumpySkinDisease_DataHub\data-processed\lumpy_balanced\lumpy1\Normal563.png
Normal564.png,Normal564.png,Normal,False,256,256,3,RGB,1.0,192836,.png,cebc4bac7bc10094a1804a5f6e2a732c7638703617816eef7c25e065f6bf0ef3,5ab2b292d4544c5c,C:\Users\Ashutosh Verma\OneDrive\Desktop\VET VISION AI\data\lsd\LumpySkinDisease_DataHub\LumpySkinDisease_DataHub\data-processed\lumpy_balanced\lumpy1\Normal564.png
Normal565.png,Normal565.png,Normal,False,256,256,3,RGB,1.0,127057,.png,4d215a0bc881434ac732a0a92512f8a33aa27247d8663a97900000ca35a5261f,22456937372723b3,C:\Users\Ashutosh Verma\OneDrive\Desktop\VET VISION AI\data\lsd\LumpySkinDisease_DataHub\LumpySkinDisease_DataHub\data-processed\lumpy_balanced\lumpy1\Normal565.png
Normal566.png,Normal566.png,Normal,False,256,256,3,RGB,1.0,140503,.png,6eb6da3180240573464ce5bc8c894063ea2880a86c4b6fd846d428dbc88aaa72,048c90c8c4d18ffc,C:\Users\Ashutosh Verma\OneDrive\Desktop\VET VISION AI\data\lsd\LumpySkinDisease_DataHub\LumpySkinDisease_DataHub\data-processed\lumpy_balanced\lumpy1\Normal566.png
Normal567.png,Normal567.png,Normal,False,256,256,3,RGB,1.0,130078,.png,51bcb869d79dca093b658180cc678196f7fad4c094590a2038fe001acc22889a,6439a9a9a9a1a2e2,C:\Users\Ashutosh Verma\OneDrive\Desktop\VET VISION AI\data\lsd\LumpySkinDisease_DataHub\LumpySkinDisease_DataHub\data-processed\lumpy_balanced\lumpy1\Normal567.png
Normal568.png,Normal568.png,Normal,False,256,256,3,RGB,1.0,178933,.png,0906624913cb89647ebef7fa854f648d15069d149a0bc309abb485c0f8dbf156,344c8cecec642666,C:\Users\Ashutosh Verma\OneDrive\Desktop\VET VISION AI\data\lsd\LumpySkinDisease_DataHub\LumpySkinDisease_DataHub\data-processed\lumpy_balanced\lumpy1\Normal568.png
Normal569.png,Normal569.png,Normal,False,256,256,4,RGBA,1.0,183697,.png,2e1cd6898f45138e82fb8860b4664791a000f25944a396556c9d57e042521d66,d45534a4a62626a6,C:\Users\Ashutosh Verma\OneDrive\Desktop\VET VISION AI\data\lsd\LumpySkinDisease_DataHub\LumpySkinDisease_DataHub\data-processed\lumpy_balanced\lumpy1\Normal569.png
Normal57.png,Normal57.png,Normal,False,256,256,3,RGB,1.0,176062,.png,52fd242fcccd900ec5a4587db35cc92fb69ede3d15013bb688d4b56abb40e79b,7c7c39f9e9a5e4e4,C:\Users\Ashutosh Verma\OneDrive\Desktop\VET VISION AI\data\lsd\LumpySkinDisease_DataHub\LumpySkinDisease_DataHub\data-processed\lumpy_balanced\lumpy1\Normal57.png
Normal570.png,Normal570.png,Normal,False,256,256,3,RGB,1.0,27755,.png,d0b1697595699c06df765ece97e9781ba28b041b008498a78335ad031cac6075,0630261696a61232,C:\Users\Ashutosh Verma\OneDrive\Desktop\VET VISION AI\data\lsd\LumpySkinDisease_DataHub\LumpySkinDisease_DataHub\data-processed\lumpy_balanced\lumpy1\Normal570.png
Normal571.png,Normal571.png,Normal,False,256,256,3,RGB,1.0,161766,.png,d6b0df07619e64878d4bf77bc63155e9ecbaacae58ebbfdcb393bf7fd7327cfb,c3d3d1c4c5c8e8ab,C:\Users\Ashutosh Verma\OneDrive\Desktop\VET VISION AI\data\lsd\LumpySkinDisease_DataHub\LumpySkinDisease_DataHub\data-processed\lumpy_balanced\lumpy1\Normal571.png
Normal572.png,Normal572.png,Normal,False,256,256,3,RGB,1.0,173785,.png,078e5e7b2ec31dbafe91ff2fa438f792170cb2c6db516b12d4be1b6f2bb72da3,d22ba98c56b388a9,C:\Users\Ashutosh Verma\OneDrive\Desktop\VET VISION AI\data\lsd\LumpySkinDisease_DataHub\LumpySkinDisease_DataHub\data-processed\lumpy_balanced\lumpy1\Normal572.png
Normal573.png,Normal573.png,Normal,False,256,256,3,RGB,1.0,155230,.png,6df85ac93dda00071682b1cfa32685771e276c989155805443a93ff1b983538c,30c8e1e4656eebeb,C:\Users\Ashutosh Verma\OneDrive\Desktop\VET VISION AI\data\lsd\LumpySkinDisease_DataHub\LumpySkinDisease_DataHub\data-processed\lumpy_balanced\lumpy1\Normal573.png
Normal574.png,Normal574.png,Normal,False,256,256,3,RGB,1.0,148660,.png,dfae852228b5e67fe4f45674cc7091146552b0f13f87cf80122bb8f68598e237,c62e1e1e1f26262a,C:\Users\Ashutosh Verma\OneDrive\Desktop\VET VISION AI\data\lsd\LumpySkinDisease_DataHub\LumpySkinDisease_DataHub\data-processed\lumpy_balanced\lumpy1\Normal574.png
Normal575.png,Normal575.png,Normal,False,256,256,3,RGB,1.0,174887,.png,dc2a77db1df3ea39b25a3665e7e694e1630048436b8c2aa42992567f7102d458,74c4c1e47988cc92,C:\Users\Ashutosh Verma\OneDrive\Desktop\VET VISION AI\data\lsd\LumpySkinDisease_DataHub\LumpySkinDisease_DataHub\data-processed\lumpy_balanced\lumpy1\Normal575.png
Normal576.png,Normal576.png,Normal,False,256,256,3,RGB,1.0,153031,.png,92a6f952f0bf39d59ca2e64783dcbf4d8b230b79c5295cb7e077b3c99541674c,6cdad2d0986468f0,C:\Users\Ashutosh Verma\OneDrive\Desktop\VET VISION AI\data\lsd\LumpySkinDisease_DataHub\LumpySkinDisease_DataHub\data-processed\lumpy_balanced\lumpy1\Normal576.png
Normal577.png,Normal577.png,Normal,False,256,256,3,RGB,1.0,172042,.png,077d9882356e7fd61398d45b3d786e7f70726851a6a80972cd3525a4b97b2274,1c3232b1939c6010,C:\Users\Ashutosh Verma\OneDrive\Desktop\VET VISION AI\data\lsd\LumpySkinDisease_DataHub\LumpySkinDisease_DataHub\data-processed\lumpy_balanced\lumpy1\Normal577.png
Normal578.png,Normal578.png,Normal,False,256,256,3,RGB,1.0,172905,.png,969466bbb03122974108e0832a418a55c1e0508897827d98ac5d8bc0496e7e07,d84aea81a18383c6,C:\Users\Ashutosh Verma\OneDrive\Desktop\VET VISION AI\data\lsd\LumpySkinDisease_DataHub\LumpySkinDisease_DataHub\data-processed\lumpy_balanced\lumpy1\Normal578.png
Normal579.png,Normal579.png,Normal,False,256,256,3,RGB,1.0,133255,.png,c3cf9a1e3fa4f1711941019d3c0b5d2e9b6505187656277c0c6c7dcbc95160c7,39e99786c6663f5e,C:\Users\Ashutosh Verma\OneDrive\Desktop\VET VISION AI\data\lsd\LumpySkinDisease_DataHub\LumpySkinDisease_DataHub\data-processed\lumpy_balanced\lumpy1\Normal579.png
Normal58.png,Normal58.png,Normal,False,256,256,3,RGB,1.0,175613,.png,bea90a32717970074834706f12761a72a2c6a7d1992f67ed48409e407f03b41a,e27a79596a3fded7,C:\Users\Ashutosh Verma\OneDrive\Desktop\VET VISION AI\data\lsd\LumpySkinDisease_DataHub\LumpySkinDisease_DataHub\data-processed\lumpy_balanced\lumpy1\Normal58.png
Normal580.png,Normal580.png,Normal,False,256,256,3,RGB,1.0,120099,.png,29e118081e4712286acad4763f2d701337ce05cdfdcd6338d106c432a14fe796,232627a7a3b3b3b3,C:\Users\Ashutosh Verma\OneDrive\Desktop\VET VISION AI\data\lsd\LumpySkinDisease_DataHub\LumpySkinDisease_DataHub\data-processed\lumpy_balanced\lumpy1\Normal580.png
Normal581.png,Normal581.png,Normal,False,256,256,3,RGB,1.0,181630,.png,3766f50add22091cb6ef1610900a718e0c4c013aa0ef552a97e57196ed808374,2d89cfce4c5c4e91,C:\Users\Ashutosh Verma\OneDrive\Desktop\VET VISION AI\data\lsd\LumpySkinDisease_DataHub\LumpySkinDisease_DataHub\data-processed\lumpy_balanced\lumpy1\Normal581.png
Normal582.png,Normal582.png,Normal,False,256,256,3,RGB,1.0,57936,.png,19f85a4970a92e43b61e9ada0a8f4e1a3f2762c8d5ac2dc194d48b15e16a172e,1143cbc686476427,C:\Users\Ashutosh Verma\OneDrive\Desktop\VET VISION AI\data\lsd\LumpySkinDisease_DataHub\LumpySkinDisease_DataHub\data-processed\lumpy_balanced\lumpy1\Normal582.png
Normal583.png,Normal583.png,Normal,False,256,256,3,RGB,1.0,162924,.png,fa21b90a0b35c991e311ccefac08972df4aaf0aed658e15b556aac3867d394b3,5a1f6959f3e39823,C:\Users\Ashutosh Verma\OneDrive\Desktop\VET VISION AI\data\lsd\LumpySkinDisease_DataHub\LumpySkinDisease_DataHub\data-processed\lumpy_balanced\lumpy1\Normal583.png
Normal584.png,Normal584.png,Normal,False,256,256,3,RGB,1.0,159330,.png,959c7f3e6612770f9f785fab9cb7f4f2e4ca088b2bb97b5b28211870d6f8232b,58d2ccd81860c838,C:\Users\Ashutosh Verma\OneDrive\Desktop\VET VISION AI\data\lsd\LumpySkinDisease_DataHub\LumpySkinDisease_DataHub\data-processed\lumpy_balanced\lumpy1\Normal584.png
Normal585.png,Normal585.png,Normal,False,256,256,3,RGB,1.0,187299,.png,3baea82d5b14aca04cb2c9bb950d2f8ad06c2e0a86e39d0660188a31c9523e29,ea68edc7c5cbcbcb,C:\Users\Ashutosh Verma\OneDrive\Desktop\VET VISION AI\data\lsd\LumpySkinDisease_DataHub\LumpySkinDisease_DataHub\data-processed\lumpy_balanced\lumpy1\Normal585.png
Normal586.png,Normal586.png,Normal,False,256,256,3,RGB,1.0,155702,.png,b5f75263d25db4c5cee15bff67f7e7ad65d4b86b3862ba99fb0024eb227b9d16,d8e170eda9b34763,C:\Users\Ashutosh Verma\OneDrive\Desktop\VET VISION AI\data\lsd\LumpySkinDisease_DataHub\LumpySkinDisease_DataHub\data-processed\lumpy_balanced\lumpy1\Normal586.png
Normal587.png,Normal587.png,Normal,False,256,256,3,RGB,1.0,169958,.png,5b3f216131ea911e5edd1c1b1489d68494b30fa4938a2716f2e571e3bba04bfc,10b0b232b1317292,C:\Users\Ashutosh Verma\OneDrive\Desktop\VET VISION AI\data\lsd\LumpySkinDisease_DataHub\LumpySkinDisease_DataHub\data-processed\lumpy_balanced\lumpy1\Normal587.png
Normal588.png,Normal588.png,Normal,False,256,256,3,RGB,1.0,147737,.png,c9603004ca1d922f353f6872b1e4d944e411367bc69d309e4129b39f7c21fd6d,07e4392bd294583f,C:\Users\Ashutosh Verma\OneDrive\Desktop\VET VISION AI\data\lsd\LumpySkinDisease_DataHub\LumpySkinDisease_DataHub\data-processed\lumpy_balanced\lumpy1\Normal588.png
Normal589.png,Normal589.png,Normal,False,256,256,3,RGB,1.0,172971,.png,2fa9f6abd02ffc2bd56f6401e82329f07657bde2bf27e5f680b1728d255db6e9,fe1f1e1e26253973,C:\Users\Ashutosh Verma\OneDrive\Desktop\VET VISION AI\data\lsd\LumpySkinDisease_DataHub\LumpySkinDisease_DataHub\data-processed\lumpy_balanced\lumpy1\Normal589.png
Normal59.png,Normal59.png,Normal,False,256,256,3,RGB,1.0,188672,.png,6cfbba7940f41a88d4054440c15ef139555fe83b73f624e64545f318195b23b7,19333636b8585024,C:\Users\Ashutosh Verma\OneDrive\Desktop\VET VISION AI\data\lsd\LumpySkinDisease_DataHub\LumpySkinDisease_DataHub\data-processed\lumpy_balanced\lumpy1\Normal59.png
Normal590.png,Normal590.png,Normal,False,256,256,3,RGB,1.0,132898,.png,261fa8dd8b0f1f75af5d09ed975c3e37e63911b137f741d11b292819d5a42153,c663632618596962,C:\Users\Ashutosh Verma\OneDrive\Desktop\VET VISION AI\data\lsd\LumpySkinDisease_DataHub\LumpySkinDisease_DataHub\data-processed\lumpy_balanced\lumpy1\Normal590.png
Normal591.png,Normal591.png,Normal,False,256,256,3,RGB,1.0,187583,.png,129feed73b232c15419d6688c8a37b7138926bf0bf166136100ae41fabb07a5e,4343d3dbcbcfcd8d,C:\Users\Ashutosh Verma\OneDrive\Desktop\VET VISION AI\data\lsd\LumpySkinDisease_DataHub\LumpySkinDisease_DataHub\data-processed\lumpy_balanced\lumpy1\Normal591.png
Normal592.png,Normal592.png,Normal,False,256,256,3,RGB,1.0,179518,.png,ca568391f4493bdeea351993b1b07676537a53f1d5a39fd71c6a783854e8ed38,b1b2b1f4d4c8d0f0,C:\Users\Ashutosh Verma\OneDrive\Desktop\VET VISION AI\data\lsd\LumpySkinDisease_DataHub\LumpySkinDisease_DataHub\data-processed\lumpy_balanced\lumpy1\Normal592.png
Normal593.png,Normal593.png,Normal,False,256,256,3,RGB,1.0,175739,.png,a245d3f0148648ec8b187617cea7aaae362d03cb1a10040eeb4ba60a20ce8949,e864c2c9e3e3d9f9,C:\Users\Ashutosh Verma\OneDrive\Desktop\VET VISION AI\data\lsd\LumpySkinDisease_DataHub\LumpySkinDisease_DataHub\data-processed\lumpy_balanced\lumpy1\Normal593.png
Normal594.png,Normal594.png,Normal,False,256,256,3,RGB,1.0,145980,.png,76ade7c66cd4979f066348133c457676a187da6b2ba70006abda1c9fba782845,76323200387cfcf0,C:\Users\Ashutosh Verma\OneDrive\Desktop\VET VISION AI\data\lsd\LumpySkinDisease_DataHub\LumpySkinDisease_DataHub\data-processed\lumpy_balanced\lumpy1\Normal594.png
Normal595.png,Normal595.png,Normal,False,256,256,3,RGB,1.0,163819,.png,0901813795aff609a68f21374f009c7f634520ad27972bcc82fac4824552b48c,361c9c9c9e2c34d8,C:\Users\Ashutosh Verma\OneDrive\Desktop\VET VISION AI\data\lsd\LumpySkinDisease_DataHub\LumpySkinDisease_DataHub\data-processed\lumpy_balanced\lumpy1\Normal595.png
Normal596.png,Normal596.png,Normal,False,256,256,3,RGB,1.0,133255,.png,c3cf9a1e3fa4f1711941019d3c0b5d2e9b6505187656277c0c6c7dcbc95160c7,39e99786c6663f5e,C:\Users\Ashutosh Verma\OneDrive\Desktop\VET VISION AI\data\lsd\LumpySkinDisease_DataHub\LumpySkinDisease_DataHub\data-processed\lumpy_balanced\lumpy1\Normal596.png
Normal597.png,Normal597.png,Normal,False,256,256,3,RGB,1.0,176358,.png,0f3b93c1291f389f53cd6df69ec5d237cc5203cb9d4cb27bf9bdfa99d14dc556,cc3cf0b0e22f2f3c,C:\Users\Ashutosh Verma\OneDrive\Desktop\VET VISION AI\data\lsd\LumpySkinDisease_DataHub\LumpySkinDisease_DataHub\data-processed\lumpy_balanced\lumpy1\Normal597.png
Normal598.png,Normal598.png,Normal,False,256,256,3,RGB,1.0,157487,.png,4039f9fabee1f85ad108d7a7fc1a56b0317b9fed0fd257cdd5c7aa9147f36812,f0ccc4a6e6c6868f,C:\Users\Ashutosh Verma\OneDrive\Desktop\VET VISION AI\data\lsd\LumpySkinDisease_DataHub\LumpySkinDisease_DataHub\data-processed\lumpy_balanced\lumpy1\Normal598.png
Normal599.png,Normal599.png,Normal,False,256,256,3,RGB,1.0,175432,.png,0bdeddcddcdfd1b9ee91c17a82a671d57075ee1c158c95667eb80740cacbf398,e198e2c2cc8dc78c,C:\Users\Ashutosh Verma\OneDrive\Desktop\VET VISION AI\data\lsd\LumpySkinDisease_DataHub\LumpySkinDisease_DataHub\data-processed\lumpy_balanced\lumpy1\Normal599.png
Normal6.png,Normal6.png,Normal,False,256,256,3,RGB,1.0,158590,.png,c7d0343d2970f81a2e5389b70edb49c14bae743a78448963614597be66db5822,84716929274e4c0a,C:\Users\Ashutosh Verma\OneDrive\Desktop\VET VISION AI\data\lsd\LumpySkinDisease_DataHub\LumpySkinDisease_DataHub\data-processed\lumpy_balanced\lumpy1\Normal6.png
Normal60.png,Normal60.png,Normal,False,256,256,3,RGB,1.0,170899,.png,d7d62be90e9d9f8fcdb322295384cc8d6edcc09dd774e17dc901416a2bc46b01,b4981999b9bd9949,C:\Users\Ashutosh Verma\OneDrive\Desktop\VET VISION AI\data\lsd\LumpySkinDisease_DataHub\LumpySkinDisease_DataHub\data-processed\lumpy_balanced\lumpy1\Normal60.png
Normal600.png,Normal600.png,Normal,False,256,256,3,RGB,1.0,127401,.png,a8b07411e2fa677d4e62dfa9d7d9e7406f3ea1bcfd19a6be19c03bd2e164f0cc,8cb2964c46c7c7e9,C:\Users\Ashutosh Verma\OneDrive\Desktop\VET VISION AI\data\lsd\LumpySkinDisease_DataHub\LumpySkinDisease_DataHub\data-processed\lumpy_balanced\lumpy1\Normal600.png
Normal601.png,Normal601.png,Normal,False,256,256,3,RGB,1.0,159520,.png,c544649e4492ab5e6752a4a986def037850c42d8ab9f21786f2c652aad8fab11,279c6d64f2d0d408,C:\Users\Ashutosh Verma\OneDrive\Desktop\VET VISION AI\data\lsd\LumpySkinDisease_DataHub\LumpySkinDisease_DataHub\data-processed\lumpy_balanced\lumpy1\Normal601.png
Normal602.png,Normal602.png,Normal,False,256,256,3,RGB,1.0,164872,.png,b0122f8954bd4902f1c44dece677816d811f55646acf94e234b18447fe16fb6d,0b4bd39a36340564,C:\Users\Ashutosh Verma\OneDrive\Desktop\VET VISION AI\data\lsd\LumpySkinDisease_DataHub\LumpySkinDisease_DataHub\data-processed\lumpy_balanced\lumpy1\Normal602.png
Normal603.png,Normal603.png,Normal,False,256,256,3,RGB,1.0,155414,.png,ecec8653594c7e4b24eddac99e66177d8f54f1f4a77dbf6f30d77bfa796dc179,c8a2b6b5656d5df4,C:\Users\Ashutosh Verma\OneDrive\Desktop\VET VISION AI\data\lsd\LumpySkinDisease_DataHub\LumpySkinDisease_DataHub\data-processed\lumpy_balanced\lumpy1\Normal603.png
Normal604.png,Normal604.png,Normal,False,256,256,3,RGB,1.0,135084,.png,4e75bd6214e0cafc037fb7adc77b7149cd9cc45a54830420f1bb2929bd7c9e8c,cccccc96a7ebf35b,C:\Users\Ashutosh Verma\OneDrive\Desktop\VET VISION AI\data\lsd\LumpySkinDisease_DataHub\LumpySkinDisease_DataHub\data-processed\lumpy_balanced\lumpy1\Normal604.png
Normal605.png,Normal605.png,Normal,False,256,256,3,RGB,1.0,154735,.png,b6d775dce58281bf307fce3944afbd8db5f26992d709f085773669072a1cd59d,a9a8cca6125ac4e8,C:\Users\Ashutosh Verma\OneDrive\Desktop\VET VISION AI\data\lsd\LumpySkinDisease_DataHub\LumpySkinDisease_DataHub\data-processed\lumpy_balanced\lumpy1\Normal605.png
Normal606.png,Normal606.png,Normal,False,256,256,3,RGB,1.0,148034,.png,91af4e5133c2bae5d0562944c82ce9c6469c7bab1dbb9291665d2043aa089d6a,fe3939961eacc8f4,C:\Users\Ashutosh Verma\OneDrive\Desktop\VET VISION AI\data\lsd\LumpySkinDisease_DataHub\LumpySkinDisease_DataHub\data-processed\lumpy_balanced\lumpy1\Normal606.png
Normal607.png,Normal607.png,Normal,False,256,256,3,RGB,1.0,156956,.png,010359fe3412840e42296444338440de247a3a1cc75a87f85992e06c9a402aad,183c7071d1515979,C:\Users\Ashutosh Verma\OneDrive\Desktop\VET VISION AI\data\lsd\LumpySkinDisease_DataHub\LumpySkinDisease_DataHub\data-processed\lumpy_balanced\lumpy1\Normal607.png
Normal608.png,Normal608.png,Normal,False,256,256,3,RGB,1.0,170209,.png,5fe3120cac7413f26bcaf8900099b534f27f48e3e0dc308e4f2a4f26334027cd,ea48952df8b51c34,C:\Users\Ashutosh Verma\OneDrive\Desktop\VET VISION AI\data\lsd\LumpySkinDisease_DataHub\LumpySkinDisease_DataHub\data-processed\lumpy_balanced\lumpy1\Normal608.png
Normal609.png,Normal609.png,Normal,False,256,256,3,RGB,1.0,44888,.png,c153d7e2523a4b06279f66892d9d3fe02e4d74323a57299538e2f57fcc8dce6c,406071f1b1f08407,C:\Users\Ashutosh Verma\OneDrive\Desktop\VET VISION AI\data\lsd\LumpySkinDisease_DataHub\LumpySkinDisease_DataHub\data-processed\lumpy_balanced\lumpy1\Normal609.png
Normal61.png,Normal61.png,Normal,False,256,256,3,RGB,1.0,126979,.png,cdb4407c4b24697ab78c8dcd82f89194c37018eca35f6afb04af6d1f23affa84,cccce97173fb9be4,C:\Users\Ashutosh Verma\OneDrive\Desktop\VET VISION AI\data\lsd\LumpySkinDisease_DataHub\LumpySkinDisease_DataHub\data-processed\lumpy_balanced\lumpy1\Normal61.png
Normal610.png,Normal610.png,Normal,False,256,256,3,RGB,1.0,116842,.png,30bf6b552dc0c5ee533dbcc70999340fdff8c66845ed567c8a28ee77bd5641af,8166662d2d6c6c6c,C:\Users\Ashutosh Verma\OneDrive\Desktop\VET VISION AI\data\lsd\LumpySkinDisease_DataHub\LumpySkinDisease_DataHub\data-processed\lumpy_balanced\lumpy1\Normal610.png
Normal611.png,Normal611.png,Normal,False,256,256,3,RGB,1.0,164872,.png,b0122f8954bd4902f1c44dece677816d811f55646acf94e234b18447fe16fb6d,0b4bd39a36340564,C:\Users\Ashutosh Verma\OneDrive\Desktop\VET VISION AI\data\lsd\LumpySkinDisease_DataHub\LumpySkinDisease_DataHub\data-processed\lumpy_balanced\lumpy1\Normal611.png
Normal612.png,Normal612.png,Normal,False,256,256,3,RGB,1.0,153564,.png,11b3d3794df84ea4fc22a1fb078fbaf35a2731259529fe8c6a287e59574efa6c,fb37863a9c8ca868,C:\Users\Ashutosh Verma\OneDrive\Desktop\VET VISION AI\data\lsd\LumpySkinDisease_DataHub\LumpySkinDisease_DataHub\data-processed\lumpy_balanced\lumpy1\Normal612.png
Normal613.png,Normal613.png,Normal,False,256,256,3,RGB,1.0,169985,.png,f9606fbd16f93f8c5bc3925c91bf162f14780e8e943ce67eed7c475f1b68cc6e,a9b8bcd64b0f6d07,C:\Users\Ashutosh Verma\OneDrive\Desktop\VET VISION AI\data\lsd\LumpySkinDisease_DataHub\LumpySkinDisease_DataHub\data-processed\lumpy_balanced\lumpy1\Normal613.png
Normal614.png,Normal614.png,Normal,False,256,256,3,RGB,1.0,158590,.png,c7d0343d2970f81a2e5389b70edb49c14bae743a78448963614597be66db5822,84716929274e4c0a,C:\Users\Ashutosh Verma\OneDrive\Desktop\VET VISION AI\data\lsd\LumpySkinDisease_DataHub\LumpySkinDisease_DataHub\data-processed\lumpy_balanced\lumpy1\Normal614.png
Normal615.png,Normal615.png,Normal,False,256,256,3,RGB,1.0,164842,.png,68f6e508e388b0e562dfd526ed88af3b1035569bdcc01e885f7fb5be2645a522,fc989b32722616dd,C:\Users\Ashutosh Verma\OneDrive\Desktop\VET VISION AI\data\lsd\LumpySkinDisease_DataHub\LumpySkinDisease_DataHub\data-processed\lumpy_balanced\lumpy1\Normal615.png
Normal616.png,Normal616.png,Normal,False,256,256,3,RGB,1.0,157777,.png,e76fa52f24defee1a689f17fd95da00292e6f6a9ae1edc0432a963ea8c427162,ecc696c6c4d6d666,C:\Users\Ashutosh Verma\OneDrive\Desktop\VET VISION AI\data\lsd\LumpySkinDisease_DataHub\LumpySkinDisease_DataHub\data-processed\lumpy_balanced\lumpy1\Normal616.png
Normal617.png,Normal617.png,Normal,False,256,256,3,RGB,1.0,155004,.png,23e957f624a6ba7191e10203656080b42d67ad09c081c1ab699f7954cd99d3b2,4165bb930bcdc30a,C:\Users\Ashutosh Verma\OneDrive\Desktop\VET VISION AI\data\lsd\LumpySkinDisease_DataHub\LumpySkinDisease_DataHub\data-processed\lumpy_balanced\lumpy1\Normal617.png
Normal618.png,Normal618.png,Normal,False,256,256,3,RGB,1.0,173597,.png,5b4a47babc57341478b9c0545e160c4e6f112b5bc6f5bc37877a210cd38d7964,8ecdc5e5c5a5e5e1,C:\Users\Ashutosh Verma\OneDrive\Desktop\VET VISION AI\data\lsd\LumpySkinDisease_DataHub\LumpySkinDisease_DataHub\data-processed\lumpy_balanced\lumpy1\Normal618.png
Normal619.png,Normal619.png,Normal,False,256,256,3,RGB,1.0,182497,.png,c5b9f3cbc179bdefe8935917880bf6c87e9ed11c1f84171555393870d18731c3,344c8cec6c642666,C:\Users\Ashutosh Verma\OneDrive\Desktop\VET VISION AI\data\lsd\LumpySkinDisease_DataHub\LumpySkinDisease_DataHub\data-processed\lumpy_balanced\lumpy1\Normal619.png
Normal62.png,Normal62.png,Normal,False,256,256,3,RGB,1.0,126979,.png,cdb4407c4b24697ab78c8dcd82f89194c37018eca35f6afb04af6d1f23affa84,cccce97173fb9be4,C:\Users\Ashutosh Verma\OneDrive\Desktop\VET VISION AI\data\lsd\LumpySkinDisease_DataHub\LumpySkinDisease_DataHub\data-processed\lumpy_balanced\lumpy1\Normal62.png
Normal620.png,Normal620.png,Normal,False,256,256,3,RGB,1.0,133255,.png,c3cf9a1e3fa4f1711941019d3c0b5d2e9b6505187656277c0c6c7dcbc95160c7,39e99786c6663f5e,C:\Users\Ashutosh Verma\OneDrive\Desktop\VET VISION AI\data\lsd\LumpySkinDisease_DataHub\LumpySkinDisease_DataHub\data-processed\lumpy_balanced\lumpy1\Normal620.png
Normal621.png,Normal621.png,Normal,False,256,256,3,RGB,1.0,175434,.png,1e9cbea608ee8bd5de0a5a25a03e95b34aa7689a4569906de98ee3d32bed669f,93139bcbc78d098a,C:\Users\Ashutosh Verma\OneDrive\Desktop\VET VISION AI\data\lsd\LumpySkinDisease_DataHub\LumpySkinDisease_DataHub\data-processed\lumpy_balanced\lumpy1\Normal621.png
Normal622.png,Normal622.png,Normal,False,256,256,3,RGB,1.0,157435,.png,fea4edfa0c730844b79bb363674ad73d2f6b50e517ab1111816baf1ace951412,81880e221644fc1c,C:\Users\Ashutosh Verma\OneDrive\Desktop\VET VISION AI\data\lsd\LumpySkinDisease_DataHub\LumpySkinDisease_DataHub\data-processed\lumpy_balanced\lumpy1\Normal622.png
Normal623.png,Normal623.png,Normal,False,256,256,3,RGB,1.0,163594,.png,a4f588f581d7e350c6139559fe5ddb0485ec92a62d60e1cf4764a2c3172eee09,c8511a2c2cb9b9b9,C:\Users\Ashutosh Verma\OneDrive\Desktop\VET VISION AI\data\lsd\LumpySkinDisease_DataHub\LumpySkinDisease_DataHub\data-processed\lumpy_balanced\lumpy1\Normal623.png
Normal624.png,Normal624.png,Normal,False,256,256,3,RGB,1.0,75162,.png,51c73395d9f49efd6e7bab5c8d06066ad848464dcbd04e2ef6e55d0dca582601,0b9909491bd35f59,C:\Users\Ashutosh Verma\OneDrive\Desktop\VET VISION AI\data\lsd\LumpySkinDisease_DataHub\LumpySkinDisease_DataHub\data-processed\lumpy_balanced\lumpy1\Normal624.png
Normal625.png,Normal625.png,Normal,False,256,256,3,RGB,1.0,162982,.png,3d3383a0c145a7a84d4d1917a74e91d6b2ca507db0c6c75aef587490cad7b762,26c91b339294a648,C:\Users\Ashutosh Verma\OneDrive\Desktop\VET VISION AI\data\lsd\LumpySkinDisease_DataHub\LumpySkinDisease_DataHub\data-processed\lumpy_balanced\lumpy1\Normal625.png
Normal626.png,Normal626.png,Normal,False,256,256,3,RGB,1.0,161766,.png,d6b0df07619e64878d4bf77bc63155e9ecbaacae58ebbfdcb393bf7fd7327cfb,c3d3d1c4c5c8e8ab,C:\Users\Ashutosh Verma\OneDrive\Desktop\VET VISION AI\data\lsd\LumpySkinDisease_DataHub\LumpySkinDisease_DataHub\data-processed\lumpy_balanced\lumpy1\Normal626.png
Normal627.png,Normal627.png,Normal,False,256,256,3,RGB,1.0,180949,.png,1bbdffaf7f435c2db7d4ff896295af9d932e0f33ae555d6c673eaabf5893eadd,3faf21319286b399,C:\Users\Ashutosh Verma\OneDrive\Desktop\VET VISION AI\data\lsd\LumpySkinDisease_DataHub\LumpySkinDisease_DataHub\data-processed\lumpy_balanced\lumpy1\Normal627.png
Normal628.png,Normal628.png,Normal,False,256,256,3,RGB,1.0,141501,.png,84e9c3e66e222f185641c4d8a0fabf5063d2ecf466f74929eaae9da7a27ba716,ecd01c669a99c4b4,C:\Users\Ashutosh Verma\OneDrive\Desktop\VET VISION AI\data\lsd\LumpySkinDisease_DataHub\LumpySkinDisease_DataHub\data-processed\lumpy_balanced\lumpy1\Normal628.png
Normal629.png,Normal629.png,Normal,False,256,256,3,RGB,1.0,171189,.png,3cebae2e1ab63125d8bdbdd00b3d9673978da3281b37d87d2d2af622d661d47d,203035b5e76666f3,C:\Users\Ashutosh Verma\OneDrive\Desktop\VET VISION AI\data\lsd\LumpySkinDisease_DataHub\LumpySkinDisease_DataHub\data-processed\lumpy_balanced\lumpy1\Normal629.png
Normal63.png,Normal63.png,Normal,False,256,256,3,RGB,1.0,138942,.png,3723a2b9f7402f845723b65a627f74be9014dc5ff664d129b91dff5c671c082c,7670c06376163a1a,C:\Users\Ashutosh Verma\OneDrive\Desktop\VET VISION AI\data\lsd\LumpySkinDisease_DataHub\LumpySkinDisease_DataHub\data-processed\lumpy_balanced\lumpy1\Normal63.png
Normal630.png,Normal630.png,Normal,False,256,256,3,RGB,1.0,125627,.png,b0f09093e1420a8f91181a93fc26796470ecc072d0984f55169987bb0a2bfd37,f4e195b7999994e8,C:\Users\Ashutosh Verma\OneDrive\Desktop\VET VISION AI\data\lsd\LumpySkinDisease_DataHub\LumpySkinDisease_DataHub\data-processed\lumpy_balanced\lumpy1\Normal630.png
Normal631.png,Normal631.png,Normal,False,256,256,3,RGB,1.0,176811,.png,8db10831b951c74b236f832697c903025c37b807fbe36d036160634382a08c68,292f07d3ca8b9b13,C:\Users\Ashutosh Verma\OneDrive\Desktop\VET VISION AI\data\lsd\LumpySkinDisease_DataHub\LumpySkinDisease_DataHub\data-processed\lumpy_balanced\lumpy1\Normal631.png
Normal632.png,Normal632.png,Normal,False,256,256,3,RGB,1.0,149058,.png,e5cadcec1f27d4ddf2263a050b95db610ddb1cbba0f4a2739a2c7657206312b0,5d8cb6b434140d1a,C:\Users\Ashutosh Verma\OneDrive\Desktop\VET VISION AI\data\lsd\LumpySkinDisease_DataHub\LumpySkinDisease_DataHub\data-processed\lumpy_balanced\lumpy1\Normal632.png
Normal633.png,Normal633.png,Normal,False,256,256,3,RGB,1.0,103901,.png,4781a49fec81c39a3d0931541e6a824c56b885040e507ef172a487c043879731,d2a5bb52522c2190,C:\Users\Ashutosh Verma\OneDrive\Desktop\VET VISION AI\data\lsd\LumpySkinDisease_DataHub\LumpySkinDisease_DataHub\data-processed\lumpy_balanced\lumpy1\Normal633.png
Normal634.png,Normal634.png,Normal,False,256,256,3,RGB,1.0,162677,.png,8f136b1629b6fe0312d159b000cba6077e97239b655c783d07300948aeee4c53,449431329bd24a04,C:\Users\Ashutosh Verma\OneDrive\Desktop\VET VISION AI\data\lsd\LumpySkinDisease_DataHub\LumpySkinDisease_DataHub\data-processed\lumpy_balanced\lumpy1\Normal634.png
Normal635.png,Normal635.png,Normal,False,256,256,3,RGB,1.0,176406,.png,4a193c7ea7f9bda4399555c44ba7fa01f30bc48b7e421baca1b945b08c9747a7,4c6442472d3878c2,C:\Users\Ashutosh Verma\OneDrive\Desktop\VET VISION AI\data\lsd\LumpySkinDisease_DataHub\LumpySkinDisease_DataHub\data-processed\lumpy_balanced\lumpy1\Normal635.png
Normal636.png,Normal636.png,Normal,False,256,256,3,RGB,1.0,142711,.png,161884a0114da3a66e2f3dab3fc8baa9887ca81d6a45d42c8e5dc616016818a3,4d35373b0b0b6379,C:\Users\Ashutosh Verma\OneDrive\Desktop\VET VISION AI\data\lsd\LumpySkinDisease_DataHub\LumpySkinDisease_DataHub\data-processed\lumpy_balanced\lumpy1\Normal636.png
Normal637.png,Normal637.png,Normal,False,256,256,3,RGB,1.0,155883,.png,1004b8a9f7c1d795bf21c729e60b1b35d87081bd046ef1657b87cf13b4b5f550,ac5353766692d3ed,C:\Users\Ashutosh Verma\OneDrive\Desktop\VET VISION AI\data\lsd\LumpySkinDisease_DataHub\LumpySkinDisease_DataHub\data-processed\lumpy_balanced\lumpy1\Normal637.png
Normal638.png,Normal638.png,Normal,False,256,256,3,RGB,1.0,180477,.png,947710924cc22a4b6b932765288a03b3c526023eb36ddcb16e0e7947ceffb31f,c3d3aa26965565f6,C:\Users\Ashutosh Verma\OneDrive\Desktop\VET VISION AI\data\lsd\LumpySkinDisease_DataHub\LumpySkinDisease_DataHub\data-processed\lumpy_balanced\lumpy1\Normal638.png
Normal639.png,Normal639.png,Normal,False,256,256,3,RGB,1.0,179342,.png,77baf1513cf4dfa49b86f318dcc5319fa8f67342c5584e74231d90fc41579b6a,36266ef3b3a337cf,C:\Users\Ashutosh Verma\OneDrive\Desktop\VET VISION AI\data\lsd\LumpySkinDisease_DataHub\LumpySkinDisease_DataHub\data-processed\lumpy_balanced\lumpy1\Normal639.png
Normal64.png,Normal64.png,Normal,False,256,256,3,RGB,1.0,182465,.png,9f15c640f0b83fa9e31932600ca115f823ab8e0223e7af395b341f351c8cf88f,8e1a24293b599987,C:\Users\Ashutosh Verma\OneDrive\Desktop\VET VISION AI\data\lsd\LumpySkinDisease_DataHub\LumpySkinDisease_DataHub\data-processed\lumpy_balanced\lumpy1\Normal64.png
Normal640.png,Normal640.png,Normal,False,256,256,3,RGB,1.0,50435,.png,055da06a972fe706b95cc7a4e4e91f06ac1b762ba0e8db961e075681fa31b3e8,66982b3b8f8f330c,C:\Users\Ashutosh Verma\OneDrive\Desktop\VET VISION AI\data\lsd\LumpySkinDisease_DataHub\LumpySkinDisease_DataHub\data-processed\lumpy_balanced\lumpy1\Normal640.png
Normal641.png,Normal641.png,Normal,False,256,256,3,RGB,1.0,28983,.png,9ad0d84d13fc773af0415ae34154e5c5956c4553ac570d0d8718139b156fd925,c05d310d04171604,C:\Users\Ashutosh Verma\OneDrive\Desktop\VET VISION AI\data\lsd\LumpySkinDisease_DataHub\LumpySkinDisease_DataHub\data-processed\lumpy_balanced\lumpy1\Normal641.png
Normal642.png,Normal642.png,Normal,False,256,256,3,RGB,1.0,169933,.png,348ed6444a1b9851d6d86b752b1e39c3ad77c80b6d5b5e9a7ccb0f889bb1d978,8a8fbb33b3d3e7ce,C:\Users\Ashutosh Verma\OneDrive\Desktop\VET VISION AI\data\lsd\LumpySkinDisease_DataHub\LumpySkinDisease_DataHub\data-processed\lumpy_balanced\lumpy1\Normal642.png
Normal643.png,Normal643.png,Normal,False,256,256,3,RGB,1.0,165470,.png,67ba9369503cfb4cc63c4d6727c1238769fe32e07d0fd0f9af630b7cd571a084,9b9b4a4a484d4cd0,C:\Users\Ashutosh Verma\OneDrive\Desktop\VET VISION AI\data\lsd\LumpySkinDisease_DataHub\LumpySkinDisease_DataHub\data-processed\lumpy_balanced\lumpy1\Normal643.png
Normal644.png,Normal644.png,Normal,False,256,256,3,RGB,1.0,171065,.png,f1d24a2f57ce288a00bba569bbb92d073b611d11bff40e70c9cd4050498cb656,dd6b3ae26872fa68,C:\Users\Ashutosh Verma\OneDrive\Desktop\VET VISION AI\data\lsd\LumpySkinDisease_DataHub\LumpySkinDisease_DataHub\data-processed\lumpy_balanced\lumpy1\Normal644.png
Normal645.png,Normal645.png,Normal,False,256,256,3,RGB,1.0,176839,.png,b7fb84120b8530c901d5abbfb7c0a7184c6422beb576fe6101c47a602d98f256,523b2393ddd11878,C:\Users\Ashutosh Verma\OneDrive\Desktop\VET VISION AI\data\lsd\LumpySkinDisease_DataHub\LumpySkinDisease_DataHub\data-processed\lumpy_balanced\lumpy1\Normal645.png
Normal646.png,Normal646.png,Normal,False,256,256,3,RGB,1.0,159235,.png,2c2ad5e6c29c78bd4d4d49e0ed32aefc94782db108c65a336fc4dcacccbe9de2,c1880e221644fc1c,C:\Users\Ashutosh Verma\OneDrive\Desktop\VET VISION AI\data\lsd\LumpySkinDisease_DataHub\LumpySkinDisease_DataHub\data-processed\lumpy_balanced\lumpy1\Normal646.png
Normal647.png,Normal647.png,Normal,False,256,256,3,RGB,1.0,160053,.png,f9e6dd3b61f968194b825fffa97a995a4dd85489baa2c58bd2c313bc908bb690,ed4d49b438b0b4f8,C:\Users\Ashutosh Verma\OneDrive\Desktop\VET VISION AI\data\lsd\LumpySkinDisease_DataHub\LumpySkinDisease_DataHub\data-processed\lumpy_balanced\lumpy1\Normal647.png
Normal648.png,Normal648.png,Normal,False,256,256,3,RGB,1.0,90699,.png,cefa895d036fc4930e2c7decb9768f34db19da620ef2616149225b687ffc4c7d,0000418bccc4e672,C:\Users\Ashutosh Verma\OneDrive\Desktop\VET VISION AI\data\lsd\LumpySkinDisease_DataHub\LumpySkinDisease_DataHub\data-processed\lumpy_balanced\lumpy1\Normal648.png
Normal649.png,Normal649.png,Normal,False,256,256,3,RGB,1.0,171165,.png,c868bb0bea42db217dd1025199c2daf88b4d1f77505208e62e61386846b63460,81b190d1510bf053,C:\Users\Ashutosh Verma\OneDrive\Desktop\VET VISION AI\data\lsd\LumpySkinDisease_DataHub\LumpySkinDisease_DataHub\data-processed\lumpy_balanced\lumpy1\Normal649.png
Normal65.png,Normal65.png,Normal,False,256,256,3,RGB,1.0,167167,.png,e329ddd2cf448ead53793fe0f65fb2ddd575f906174c530f10d2730addd13ed3,d696155e494906e0,C:\Users\Ashutosh Verma\OneDrive\Desktop\VET VISION AI\data\lsd\LumpySkinDisease_DataHub\LumpySkinDisease_DataHub\data-processed\lumpy_balanced\lumpy1\Normal65.png
Normal650.png,Normal650.png,Normal,False,256,256,3,RGB,1.0,170213,.png,331d775ccb3838c14d8c0317b94aebfcaa13e319a5c1df38407406c2572529f0,ff67dc4d65d5110b,C:\Users\Ashutosh Verma\OneDrive\Desktop\VET VISION AI\data\lsd\LumpySkinDisease_DataHub\LumpySkinDisease_DataHub\data-processed\lumpy_balanced\lumpy1\Normal650.png
Normal651.png,Normal651.png,Normal,False,256,256,3,RGB,1.0,177516,.png,244576f064a20440ba27870c094f01ee0e5923a4f2f1ecef501b45512ade0d9f,b9b192737636252d,C:\Users\Ashutosh Verma\OneDrive\Desktop\VET VISION AI\data\lsd\LumpySkinDisease_DataHub\LumpySkinDisease_DataHub\data-processed\lumpy_balanced\lumpy1\Normal651.png
Normal652.png,Normal652.png,Normal,False,256,256,3,RGB,1.0,147322,.png,c0c2b5e909f15541f34d6ff91bdbd9a431ce8c1a0e2f14260aa5e91e77128afc,5b79399d95959992,C:\Users\Ashutosh Verma\OneDrive\Desktop\VET VISION AI\data\lsd\LumpySkinDisease_DataHub\LumpySkinDisease_DataHub\data-processed\lumpy_balanced\lumpy1\Normal652.png
Normal653.png,Normal653.png,Normal,False,256,256,3,RGB,1.0,132688,.png,3829bab31b59c93ad88fe81b7c5ac7aa7e0e6a3d408cd0a2e60a2ed44696b9fa,76070f3736961ce0,C:\Users\Ashutosh Verma\OneDrive\Desktop\VET VISION AI\data\lsd\LumpySkinDisease_DataHub\LumpySkinDisease_DataHub\data-processed\lumpy_balanced\lumpy1\Normal653.png
Normal654.png,Normal654.png,Normal,False,256,256,3,RGB,1.0,106823,.png,9487a52e256e48084e65d544c1bd95c9351bc0870e7c45982ba5840f0d07de47,d085469397e6e6a2,C:\Users\Ashutosh Verma\OneDrive\Desktop\VET VISION AI\data\lsd\LumpySkinDisease_DataHub\LumpySkinDisease_DataHub\data-processed\lumpy_balanced\lumpy1\Normal654.png
Normal655.png,Normal655.png,Normal,False,256,256,3,RGB,1.0,146751,.png,7816935d844a6217d91e661598299f2db7c745724f9e6c9a31bafa0c1490b97e,8ccdec706ca66cf0,C:\Users\Ashutosh Verma\OneDrive\Desktop\VET VISION AI\data\lsd\LumpySkinDisease_DataHub\LumpySkinDisease_DataHub\data-processed\lumpy_balanced\lumpy1\Normal655.png
Normal656.png,Normal656.png,Normal,False,256,256,3,RGB,1.0,177135,.png,17c95fea2551c56b316a80cc84a86cadf623ee5d8c7d81a79b1f558c0278b8b7,72b696ccc9637802,C:\Users\Ashutosh Verma\OneDrive\Desktop\VET VISION AI\data\lsd\LumpySkinDisease_DataHub\LumpySkinDisease_DataHub\data-processed\lumpy_balanced\lumpy1\Normal656.png
Normal657.png,Normal657.png,Normal,False,256,256,3,RGB,1.0,173785,.png,078e5e7b2ec31dbafe91ff2fa438f792170cb2c6db516b12d4be1b6f2bb72da3,d22ba98c56b388a9,C:\Users\Ashutosh Verma\OneDrive\Desktop\VET VISION AI\data\lsd\LumpySkinDisease_DataHub\LumpySkinDisease_DataHub\data-processed\lumpy_balanced\lumpy1\Normal657.png
Normal658.png,Normal658.png,Normal,False,256,256,4,RGBA,1.0,204638,.png,c4b449b1fdc17706e0eac898580069b558b49cfdafeeaf7c438737486c88673b,c4c4c4c54a929393,C:\Users\Ashutosh Verma\OneDrive\Desktop\VET VISION AI\data\lsd\LumpySkinDisease_DataHub\LumpySkinDisease_DataHub\data-processed\lumpy_balanced\lumpy1\Normal658.png
Normal659.png,Normal659.png,Normal,False,256,256,3,RGB,1.0,142903,.png,7218be3d91f5810b903beb241c726abd23ca865b45bacb6e64bf8daa8f5ec521,17ace8333707666a,C:\Users\Ashutosh Verma\OneDrive\Desktop\VET VISION AI\data\lsd\LumpySkinDisease_DataHub\LumpySkinDisease_DataHub\data-processed\lumpy_balanced\lumpy1\Normal659.png
Normal66.png,Normal66.png,Normal,False,256,256,3,RGB,1.0,137618,.png,5b782f1c54cb41e805f973447660c7303624aff5785446c1449aa9669ac60148,981e3633fbc34f46,C:\Users\Ashutosh Verma\OneDrive\Desktop\VET VISION AI\data\lsd\LumpySkinDisease_DataHub\LumpySkinDisease_DataHub\data-processed\lumpy_balanced\lumpy1\Normal66.png
Normal660.png,Normal660.png,Normal,False,256,256,3,RGB,1.0,174660,.png,4848bf3f4373c9a0edf3fd0b3b70b1297d3ed67de4175e3a6a8f95de59ac2409,afc7aab3b2b6a8ec,C:\Users\Ashutosh Verma\OneDrive\Desktop\VET VISION AI\data\lsd\LumpySkinDisease_DataHub\LumpySkinDisease_DataHub\data-processed\lumpy_balanced\lumpy1\Normal660.png
Normal661.png,Normal661.png,Normal,False,256,256,3,RGB,1.0,130078,.png,51bcb869d79dca093b658180cc678196f7fad4c094590a2038fe001acc22889a,6439a9a9a9a1a2e2,C:\Users\Ashutosh Verma\OneDrive\Desktop\VET VISION AI\data\lsd\LumpySkinDisease_DataHub\LumpySkinDisease_DataHub\data-processed\lumpy_balanced\lumpy1\Normal661.png
Normal662.png,Normal662.png,Normal,False,256,256,3,RGB,1.0,173844,.png,36279d6aa54ac173c70e102656beead2d59e99116e7b7b0fac036ae83951b8a1,5b98bcf4525bfc71,C:\Users\Ashutosh Verma\OneDrive\Desktop\VET VISION AI\data\lsd\LumpySkinDisease_DataHub\LumpySkinDisease_DataHub\data-processed\lumpy_balanced\lumpy1\Normal662.png
Normal663.png,Normal663.png,Normal,False,256,256,3,RGB,1.0,145514,.png,62ec753649a5f214c66fa9c9dcce061575cee4bd06d4d129fb9176f1916884d1,69f29613a8bcdde5,C:\Users\Ashutosh Verma\OneDrive\Desktop\VET VISION AI\data\lsd\LumpySkinDisease_DataHub\LumpySkinDisease_DataHub\data-processed\lumpy_balanced\lumpy1\Normal663.png
Normal664.png,Normal664.png,Normal,False,256,256,3,RGB,1.0,177128,.png,dbdc01e4c253242a6fdd1c9f5eaba788935b7c72da7b14114bdcb850d4b03227,108884c86ef3f1c0,C:\Users\Ashutosh Verma\OneDrive\Desktop\VET VISION AI\data\lsd\LumpySkinDisease_DataHub\LumpySkinDisease_DataHub\data-processed\lumpy_balanced\lumpy1\Normal664.png
Normal665.png,Normal665.png,Normal,False,256,256,3,RGB,1.0,133784,.png,64e809d2995a29bfb5afbec737c684f28b946f45acf072d0fb558c29a040724f,31c34bc9c92dcb61,C:\Users\Ashutosh Verma\OneDrive\Desktop\VET VISION AI\data\lsd\LumpySkinDisease_DataHub\LumpySkinDisease_DataHub\data-processed\lumpy_balanced\lumpy1\Normal665.png
Normal666.png,Normal666.png,Normal,False,256,256,3,RGB,1.0,166668,.png,d864162572f77adb13f804fcdda4b24031dce1648a136f6c376e1804b7857139,c0b0918ccec6d63c,C:\Users\Ashutosh Verma\OneDrive\Desktop\VET VISION AI\data\lsd\LumpySkinDisease_DataHub\LumpySkinDisease_DataHub\data-processed\lumpy_balanced\lumpy1\Normal666.png
Normal667.png,Normal667.png,Normal,False,256,256,3,RGB,1.0,94185,.png,9433e14d54461f577ea5fbfbfd39c65d61e16fa4bb8e15e44aa59767e0ceb607,24d4f0d9d8e82c36,C:\Users\Ashutosh Verma\OneDrive\Desktop\VET VISION AI\data\lsd\LumpySkinDisease_DataHub\LumpySkinDisease_DataHub\data-processed\lumpy_balanced\lumpy1\Normal667.png
Normal668.png,Normal668.png,Normal,False,256,256,3,RGB,1.0,90699,.png,cefa895d036fc4930e2c7decb9768f34db19da620ef2616149225b687ffc4c7d,0000418bccc4e672,C:\Users\Ashutosh Verma\OneDrive\Desktop\VET VISION AI\data\lsd\LumpySkinDisease_DataHub\LumpySkinDisease_DataHub\data-processed\lumpy_balanced\lumpy1\Normal668.png
Normal669.png,Normal669.png,Normal,False,256,256,3,RGB,1.0,145987,.png,8c630c2ff22884afd791588bd044b400dcc708a9b4c0d5ecf7113db422027883,31c34bc9c96dcb61,C:\Users\Ashutosh Verma\OneDrive\Desktop\VET VISION AI\data\lsd\LumpySkinDisease_DataHub\LumpySkinDisease_DataHub\data-processed\lumpy_balanced\lumpy1\Normal669.png
Normal67.png,Normal67.png,Normal,False,256,256,3,RGB,1.0,146920,.png,b7a6fe463e7180e2116888b515110795d65e41764b472f7e67fef6cb489b6018,1366785c5835b41e,C:\Users\Ashutosh Verma\OneDrive\Desktop\VET VISION AI\data\lsd\LumpySkinDisease_DataHub\LumpySkinDisease_DataHub\data-processed\lumpy_balanced\lumpy1\Normal67.png
Normal670.png,Normal670.png,Normal,False,256,256,3,RGB,1.0,135938,.png,c14f425f5048f19012a1ec01fbf215bb6f0135e1c9513a3aa1d65720ee6a530d,f0eee1a153c6cc47,C:\Users\Ashutosh Verma\OneDrive\Desktop\VET VISION AI\data\lsd\LumpySkinDisease_DataHub\LumpySkinDisease_DataHub\data-processed\lumpy_balanced\lumpy1\Normal670.png
Normal671.png,Normal671.png,Normal,False,256,256,3,RGB,1.0,161766,.png,d6b0df07619e64878d4bf77bc63155e9ecbaacae58ebbfdcb393bf7fd7327cfb,c3d3d1c4c5c8e8ab,C:\Users\Ashutosh Verma\OneDrive\Desktop\VET VISION AI\data\lsd\LumpySkinDisease_DataHub\LumpySkinDisease_DataHub\data-processed\lumpy_balanced\lumpy1\Normal671.png
Normal672.png,Normal672.png,Normal,False,256,256,3,RGB,1.0,153564,.png,11b3d3794df84ea4fc22a1fb078fbaf35a2731259529fe8c6a287e59574efa6c,fb37863a9c8ca868,C:\Users\Ashutosh Verma\OneDrive\Desktop\VET VISION AI\data\lsd\LumpySkinDisease_DataHub\LumpySkinDisease_DataHub\data-processed\lumpy_balanced\lumpy1\Normal672.png
Normal673.png,Normal673.png,Normal,False,256,256,3,RGB,1.0,147768,.png,5c3934189de53a039a2e7a320d4e165f0e52b4dbfad58cde4c2143447a1f9cac,512b2b2b2faf0e0c,C:\Users\Ashutosh Verma\OneDrive\Desktop\VET VISION AI\data\lsd\LumpySkinDisease_DataHub\LumpySkinDisease_DataHub\data-processed\lumpy_balanced\lumpy1\Normal673.png
Normal674.png,Normal674.png,Normal,False,256,256,3,RGB,1.0,179644,.png,369e4c44699862c623a8dc935c36310ef1727f6315d05fc98e92019e9da1a4ce,7a7a9b8b8fdb878f,C:\Users\Ashutosh Verma\OneDrive\Desktop\VET VISION AI\data\lsd\LumpySkinDisease_DataHub\LumpySkinDisease_DataHub\data-processed\lumpy_balanced\lumpy1\Normal674.png
Normal675.png,Normal675.png,Normal,False,256,256,3,RGB,1.0,151756,.png,4678bd66d14e1342a9fe55800ce3d4c60a5e60cab9a9952c7a0e88f1ff14a2ce,6466c64426493ca4,C:\Users\Ashutosh Verma\OneDrive\Desktop\VET VISION AI\data\lsd\LumpySkinDisease_DataHub\LumpySkinDisease_DataHub\data-processed\lumpy_balanced\lumpy1\Normal675.png
Normal676.png,Normal676.png,Normal,False,256,256,3,RGB,1.0,175392,.png,786b405b1a1c63f35c45031871425207f0ee0e09a64536439e83be9a40f5313d,318eca4b878792c6,C:\Users\Ashutosh Verma\OneDrive\Desktop\VET VISION AI\data\lsd\LumpySkinDisease_DataHub\LumpySkinDisease_DataHub\data-processed\lumpy_balanced\lumpy1\Normal676.png
Normal677.png,Normal677.png,Normal,False,256,256,3,RGB,1.0,162879,.png,25b3c0284f902b3f3d2adbb38ef21a83b03363d33dc0f3c083e72dc243d2a92a,0d105812baa05959,C:\Users\Ashutosh Verma\OneDrive\Desktop\VET VISION AI\data\lsd\LumpySkinDisease_DataHub\LumpySkinDisease_DataHub\data-processed\lumpy_balanced\lumpy1\Normal677.png
Normal678.png,Normal678.png,Normal,False,256,256,3,RGB,1.0,153365,.png,82c1cf3e21349e3dec22e932a2e0e26f4339e2ce7e03dfc09dfb82f11ca383ce,9c8ccc0c6ccccee9,C:\Users\Ashutosh Verma\OneDrive\Desktop\VET VISION AI\data\lsd\LumpySkinDisease_DataHub\LumpySkinDisease_DataHub\data-processed\lumpy_balanced\lumpy1\Normal678.png
Normal679.png,Normal679.png,Normal,False,256,256,3,RGB,1.0,171410,.png,1a555d96e85ac52ca44c3e40173c6a62bc20cbba87794c45c56e79e330f5c435,4b9b0c2a19d8ea78,C:\Users\Ashutosh Verma\OneDrive\Desktop\VET VISION AI\data\lsd\LumpySkinDisease_DataHub\LumpySkinDisease_DataHub\data-processed\lumpy_balanced\lumpy1\Normal679.png
Normal68.png,Normal68.png,Normal,False,256,256,3,RGB,1.0,159639,.png,ea1cd0b9bcd0d124b519d4c6a5e906e2e663fc81f7c51c7c1ee454a5778a5348,197237c76665606e,C:\Users\Ashutosh Verma\OneDrive\Desktop\VET VISION AI\data\lsd\LumpySkinDisease_DataHub\LumpySkinDisease_DataHub\data-processed\lumpy_balanced\lumpy1\Normal68.png
Normal680.png,Normal680.png,Normal,False,256,256,3,RGB,1.0,161906,.png,a835edf8d22ae03101e480dc9f88c97c3ade119a53414264192097ecc542795c,dd6b3ae26872fa68,C:\Users\Ashutosh Verma\OneDrive\Desktop\VET VISION AI\data\lsd\LumpySkinDisease_DataHub\LumpySkinDisease_DataHub\data-processed\lumpy_balanced\lumpy1\Normal680.png
Normal681.png,Normal681.png,Normal,False,256,256,3,RGB,1.0,179656,.png,b6a2987f8cc64270903908a241cd37daf155f0f8371fcf3e18506b7be66c6558,c7f0eaa386a6a5dc,C:\Users\Ashutosh Verma\OneDrive\Desktop\VET VISION AI\data\lsd\LumpySkinDisease_DataHub\LumpySkinDisease_DataHub\data-processed\lumpy_balanced\lumpy1\Normal681.png
Normal682.png,Normal682.png,Normal,False,256,256,3,RGB,1.0,180365,.png,c2a7040a70cac356d7bb8346955793ccf7a1b1b89db41fc727659ddfe98a3deb,525dd529b939a727,C:\Users\Ashutosh Verma\OneDrive\Desktop\VET VISION AI\data\lsd\LumpySkinDisease_DataHub\LumpySkinDisease_DataHub\data-processed\lumpy_balanced\lumpy1\Normal682.png
Normal683.png,Normal683.png,Normal,False,256,256,3,RGB,1.0,173207,.png,4ccb775572fe4aa4bcb8282f68b1159933aa0075c29f89176e495fd1b3dc7be0,3f9bd0ba9a696d8b,C:\Users\Ashutosh Verma\OneDrive\Desktop\VET VISION AI\data\lsd\LumpySkinDisease_DataHub\LumpySkinDisease_DataHub\data-processed\lumpy_balanced\lumpy1\Normal683.png
Normal684.png,Normal684.png,Normal,False,256,256,3,RGB,1.0,28983,.png,9ad0d84d13fc773af0415ae34154e5c5956c4553ac570d0d8718139b156fd925,c05d310d04171604,C:\Users\Ashutosh Verma\OneDrive\Desktop\VET VISION AI\data\lsd\LumpySkinDisease_DataHub\LumpySkinDisease_DataHub\data-processed\lumpy_balanced\lumpy1\Normal684.png
Normal685.png,Normal685.png,Normal,False,256,256,3,RGB,1.0,189027,.png,c1c30cccaa29f262ff9b5c7f29193917b50374222029941c094a161d525bb316,a6a3eb9ccd6d6860,C:\Users\Ashutosh Verma\OneDrive\Desktop\VET VISION AI\data\lsd\LumpySkinDisease_DataHub\LumpySkinDisease_DataHub\data-processed\lumpy_balanced\lumpy1\Normal685.png
Normal686.png,Normal686.png,Normal,False,256,256,3,RGB,1.0,171031,.png,0e2a202cd05511635f5b2c27606fe6101766e45490f84194c6b19a95f34c08a0,cde297c7d286878f,C:\Users\Ashutosh Verma\OneDrive\Desktop\VET VISION AI\data\lsd\LumpySkinDisease_DataHub\LumpySkinDisease_DataHub\data-processed\lumpy_balanced\lumpy1\Normal686.png
Normal687.png,Normal687.png,Normal,False,256,256,3,RGB,1.0,129074,.png,f66ee9477b84e181471ebce9b5dd8ce2531a88775da69e6ed4004c61bf65e8b5,01306861e0c28696,C:\Users\Ashutosh Verma\OneDrive\Desktop\VET VISION AI\data\lsd\LumpySkinDisease_DataHub\LumpySkinDisease_DataHub\data-processed\lumpy_balanced\lumpy1\Normal687.png
Normal688.png,Normal688.png,Normal,False,256,256,3,RGB,1.0,145989,.png,c4c2285de75f3330ee5f7cb6baabc0ebc140925f266bdc4ae56ecc51d0ab871f,3f9fffdfed2d9bb7,C:\Users\Ashutosh Verma\OneDrive\Desktop\VET VISION AI\data\lsd\LumpySkinDisease_DataHub\LumpySkinDisease_DataHub\data-processed\lumpy_balanced\lumpy1\Normal688.png
Normal689.png,Normal689.png,Normal,False,256,256,3,RGB,1.0,155271,.png,c79690cdfa6ba66426d095d1a037a9b4992c45468ad981a4391451c5bfc2a9cd,023636331c3d2d2a,C:\Users\Ashutosh Verma\OneDrive\Desktop\VET VISION AI\data\lsd\LumpySkinDisease_DataHub\LumpySkinDisease_DataHub\data-processed\lumpy_balanced\lumpy1\Normal689.png
Normal69.png,Normal69.png,Normal,False,256,256,3,RGB,1.0,176654,.png,7816987f1b8bef9aff4fd5466915fa5215e072355dd7259d1b3d18e66f84500e,e864c2c9e3e3d9f9,C:\Users\Ashutosh Verma\OneDrive\Desktop\VET VISION AI\data\lsd\LumpySkinDisease_DataHub\LumpySkinDisease_DataHub\data-processed\lumpy_balanced\lumpy1\Normal69.png
Normal690.png,Normal690.png,Normal,False,256,256,3,RGB,1.0,146510,.png,1da15518b1fb71704258dac89fb3a91278ab2a28b10808aa6696d13fc0ad36cf,2767610335350127,C:\Users\Ashutosh Verma\OneDrive\Desktop\VET VISION AI\data\lsd\LumpySkinDisease_DataHub\LumpySkinDisease_DataHub\data-processed\lumpy_balanced\lumpy1\Normal690.png
Normal691.png,Normal691.png,Normal,False,256,256,3,RGB,1.0,166073,.png,2510e6bab04a4cde47d93ad63241a7f0a4a7bfcea6c85f8fb4c7043f1fbe22c4,f8f8808aeee0a362,C:\Users\Ashutosh Verma\OneDrive\Desktop\VET VISION AI\data\lsd\LumpySkinDisease_DataHub\LumpySkinDisease_DataHub\data-processed\lumpy_balanced\lumpy1\Normal691.png
Normal692.png,Normal692.png,Normal,False,256,256,3,RGB,1.0,168311,.png,43fac957667df3b68a4269f5b3b373a8984514a20022e8e28e8b55bcc8a3e9e7,2e525889a94dcc9a,C:\Users\Ashutosh Verma\OneDrive\Desktop\VET VISION AI\data\lsd\LumpySkinDisease_DataHub\LumpySkinDisease_DataHub\data-processed\lumpy_balanced\lumpy1\Normal692.png
Normal693.png,Normal693.png,Normal,False,256,256,3,RGB,1.0,141540,.png,3a82e025d5331713dd7b6402a265270e189af9560e90208f4e5d969abeaa6f48,de66e2e12162c7d3,C:\Users\Ashutosh Verma\OneDrive\Desktop\VET VISION AI\data\lsd\LumpySkinDisease_DataHub\LumpySkinDisease_DataHub\data-processed\lumpy_balanced\lumpy1\Normal693.png
Normal694.png,Normal694.png,Normal,False,256,256,3,RGB,1.0,176406,.png,4a193c7ea7f9bda4399555c44ba7fa01f30bc48b7e421baca1b945b08c9747a7,4c6442472d3878c2,C:\Users\Ashutosh Verma\OneDrive\Desktop\VET VISION AI\data\lsd\LumpySkinDisease_DataHub\LumpySkinDisease_DataHub\data-processed\lumpy_balanced\lumpy1\Normal694.png
Normal695.png,Normal695.png,Normal,False,256,256,3,RGB,1.0,170213,.png,331d775ccb3838c14d8c0317b94aebfcaa13e319a5c1df38407406c2572529f0,ff67dc4d65d5110b,C:\Users\Ashutosh Verma\OneDrive\Desktop\VET VISION AI\data\lsd\LumpySkinDisease_DataHub\LumpySkinDisease_DataHub\data-processed\lumpy_balanced\lumpy1\Normal695.png
Normal696.png,Normal696.png,Normal,False,256,256,3,RGB,1.0,72943,.png,2b8d4234d6bded3feb0bad8417b38cf16a7c0019b297ecd577aec0f3070e3d9d,03230b4b23332733,C:\Users\Ashutosh Verma\OneDrive\Desktop\VET VISION AI\data\lsd\LumpySkinDisease_DataHub\LumpySkinDisease_DataHub\data-processed\lumpy_balanced\lumpy1\Normal696.png
Normal697.png,Normal697.png,Normal,False,256,256,3,RGB,1.0,170351,.png,667ff3059d6154718307adc9966e6d5e757b8944585bce665ddfd77afd9578a6,d2d02c36975b43cb,C:\Users\Ashutosh Verma\OneDrive\Desktop\VET VISION AI\data\lsd\LumpySkinDisease_DataHub\LumpySkinDisease_DataHub\data-processed\lumpy_balanced\lumpy1\Normal697.png
Normal7.png,Normal7.png,Normal,False,256,256,3,RGB,1.0,164196,.png,1933cef5e01ad896d301f00703b69ee599f237885f2358c2bdcc698abee1e75d,33c1d7333b4f1a8a,C:\Users\Ashutosh Verma\OneDrive\Desktop\VET VISION AI\data\lsd\LumpySkinDisease_DataHub\LumpySkinDisease_DataHub\data-processed\lumpy_balanced\lumpy1\Normal7.png
Normal70.png,Normal70.png,Normal,False,256,256,3,RGB,1.0,146671,.png,773db6b775e992e61b53f16147c7f87f626ec7b5ce878634879a940dfa22611f,03a0aca9b1b4b6e3,C:\Users\Ashutosh Verma\OneDrive\Desktop\VET VISION AI\data\lsd\LumpySkinDisease_DataHub\LumpySkinDisease_DataHub\data-processed\lumpy_balanced\lumpy1\Normal70.png
Normal71.png,Normal71.png,Normal,False,256,256,3,RGB,1.0,183308,.png,e7a26884294c49e5810c70e46c85bc2ece5725be5f973651713198460cacac19,7d593b6c6a4f3737,C:\Users\Ashutosh Verma\OneDrive\Desktop\VET VISION AI\data\lsd\LumpySkinDisease_DataHub\LumpySkinDisease_DataHub\data-processed\lumpy_balanced\lumpy1\Normal71.png
Normal72.png,Normal72.png,Normal,False,256,256,3,RGB,1.0,161257,.png,7ff2c6556020d859a64d4600705496f27434d7f7df40ecbf3d17756f8cb85b56,05cbaf999b8884f0,C:\Users\Ashutosh Verma\OneDrive\Desktop\VET VISION AI\data\lsd\LumpySkinDisease_DataHub\LumpySkinDisease_DataHub\data-processed\lumpy_balanced\lumpy1\Normal72.png
Normal73.png,Normal73.png,Normal,False,256,256,3,RGB,1.0,162972,.png,906fa8c9bf2c1161d78efbaab76e95b0d0e34938378102a0f12c1d486fa80514,b4b692992cbef0dc,C:\Users\Ashutosh Verma\OneDrive\Desktop\VET VISION AI\data\lsd\LumpySkinDisease_DataHub\LumpySkinDisease_DataHub\data-processed\lumpy_balanced\lumpy1\Normal73.png
Normal74.png,Normal74.png,Normal,False,256,256,3,RGB,1.0,164339,.png,aeb851f956c289c32d4e40a2fcfdb56e7ce79cb1ae4e360653020745ac631ce3,2d6dafac3cb82d36,C:\Users\Ashutosh Verma\OneDrive\Desktop\VET VISION AI\data\lsd\LumpySkinDisease_DataHub\LumpySkinDisease_DataHub\data-processed\lumpy_balanced\lumpy1\Normal74.png
Normal75.png,Normal75.png,Normal,False,256,256,3,RGB,1.0,103901,.png,4781a49fec81c39a3d0931541e6a824c56b885040e507ef172a487c043879731,d2a5bb52522c2190,C:\Users\Ashutosh Verma\OneDrive\Desktop\VET VISION AI\data\lsd\LumpySkinDisease_DataHub\LumpySkinDisease_DataHub\data-processed\lumpy_balanced\lumpy1\Normal75.png
Normal76.png,Normal76.png,Normal,False,256,256,3,RGB,1.0,169135,.png,c55569656b76816e3e49f091e855f60dc76eb9dc4754a6d517102e72b31afe67,6791b59697d3b9d1,C:\Users\Ashutosh Verma\OneDrive\Desktop\VET VISION AI\data\lsd\LumpySkinDisease_DataHub\LumpySkinDisease_DataHub\data-processed\lumpy_balanced\lumpy1\Normal76.png
Normal77.png,Normal77.png,Normal,False,256,256,3,RGB,1.0,172419,.png,364ff56d5f1acd61ff7ac74c07ba7b93e7b898a82ec93f0cba62ed26bdd5f997,f5a1db83a3ab69e1,C:\Users\Ashutosh Verma\OneDrive\Desktop\VET VISION AI\data\lsd\LumpySkinDisease_DataHub\LumpySkinDisease_DataHub\data-processed\lumpy_balanced\lumpy1\Normal77.png
Normal78.png,Normal78.png,Normal,False,256,256,3,RGB,1.0,156545,.png,e4185263afdab2c136f261e9fae14384245dbf25d58bd832977bd00862a1ca80,b4e2353133537353,C:\Users\Ashutosh Verma\OneDrive\Desktop\VET VISION AI\data\lsd\LumpySkinDisease_DataHub\LumpySkinDisease_DataHub\data-processed\lumpy_balanced\lumpy1\Normal78.png
Normal79.png,Normal79.png,Normal,False,256,256,3,RGB,1.0,134961,.png,a922f136db121847ecfdca01e420997a135211dafc7f15856994952c73a9df65,e1b392181e0e0cc6,C:\Users\Ashutosh Verma\OneDrive\Desktop\VET VISION AI\data\lsd\LumpySkinDisease_DataHub\LumpySkinDisease_DataHub\data-processed\lumpy_balanced\lumpy1\Normal79.png
Normal8.png,Normal8.png,Normal,False,256,256,4,RGBA,1.0,204638,.png,c4b449b1fdc17706e0eac898580069b558b49cfdafeeaf7c438737486c88673b,c4c4c4c54a929393,C:\Users\Ashutosh Verma\OneDrive\Desktop\VET VISION AI\data\lsd\LumpySkinDisease_DataHub\LumpySkinDisease_DataHub\data-processed\lumpy_balanced\lumpy1\Normal8.png
Normal80.png,Normal80.png,Normal,False,256,256,3,RGB,1.0,175647,.png,ab00200e5159a1cc17e262af4f1a2e9c7e2fc75e1b9b41c5e953436dbfcb9cee,616c42c7cbb2f6e0,C:\Users\Ashutosh Verma\OneDrive\Desktop\VET VISION AI\data\lsd\LumpySkinDisease_DataHub\LumpySkinDisease_DataHub\data-processed\lumpy_balanced\lumpy1\Normal80.png
Normal81.png,Normal81.png,Normal,False,256,256,3,RGB,1.0,177013,.png,834396bbb1a2dc7bbdcf46eb18c98514346d9f4a68915c1a75e0c733ee9ee4d0,fbd9cdc4d4c4b627,C:\Users\Ashutosh Verma\OneDrive\Desktop\VET VISION AI\data\lsd\LumpySkinDisease_DataHub\LumpySkinDisease_DataHub\data-processed\lumpy_balanced\lumpy1\Normal81.png
Normal82.png,Normal82.png,Normal,False,256,256,3,RGB,1.0,182520,.png,80e1cea4db69eda913fb6e402993d9417bc69e2d2828a10c238df4552af2fc73,6145b3a32325292d,C:\Users\Ashutosh Verma\OneDrive\Desktop\VET VISION AI\data\lsd\LumpySkinDisease_DataHub\LumpySkinDisease_DataHub\data-processed\lumpy_balanced\lumpy1\Normal82.png
Normal83.png,Normal83.png,Normal,False,256,256,3,RGB,1.0,171959,.png,bebc7d2895a5e99335a9c7ff5255e03ab3bfebede08484eb0595383ece1e0a31,d8f1b1582c2c1eae,C:\Users\Ashutosh Verma\OneDrive\Desktop\VET VISION AI\data\lsd\LumpySkinDisease_DataHub\LumpySkinDisease_DataHub\data-processed\lumpy_balanced\lumpy1\Normal83.png
Normal84.png,Normal84.png,Normal,False,256,256,3,RGB,1.0,119546,.png,85fa762667d866cc604b568ac5932d9b3084f4425723d3066fccf8fa4e8d8230,f4dd7dbeeeeee7a7,C:\Users\Ashutosh Verma\OneDrive\Desktop\VET VISION AI\data\lsd\LumpySkinDisease_DataHub\LumpySkinDisease_DataHub\data-processed\lumpy_balanced\lumpy1\Normal84.png
Normal85.png,Normal85.png,Normal,False,256,256,3,RGB,1.0,149058,.png,e5cadcec1f27d4ddf2263a050b95db610ddb1cbba0f4a2739a2c7657206312b0,5d8cb6b434140d1a,C:\Users\Ashutosh Verma\OneDrive\Desktop\VET VISION AI\data\lsd\LumpySkinDisease_DataHub\LumpySkinDisease_DataHub\data-processed\lumpy_balanced\lumpy1\Normal85.png
Normal86.png,Normal86.png,Normal,False,256,256,3,RGB,1.0,153703,.png,13b778d698fabf46858a78d3915f5039138de39b7cbaf359e62a863daea370d5,94793b363e36766e,C:\Users\Ashutosh Verma\OneDrive\Desktop\VET VISION AI\data\lsd\LumpySkinDisease_DataHub\LumpySkinDisease_DataHub\data-processed\lumpy_balanced\lumpy1\Normal86.png
Normal87.png,Normal87.png,Normal,False,256,256,3,RGB,1.0,188890,.png,51ec3b643f9694e0701e4e1bc82226d9584946bda27ac005a000d2fcad9d31e6,e397b7c34a0e3ce4,C:\Users\Ashutosh Verma\OneDrive\Desktop\VET VISION AI\data\lsd\LumpySkinDisease_DataHub\LumpySkinDisease_DataHub\data-processed\lumpy_balanced\lumpy1\Normal87.png
Normal88.png,Normal88.png,Normal,False,256,256,3,RGB,1.0,137399,.png,86ddc920d9d59077f98649a27e3e01a4ed49623c9d19f218529cffe571784ef8,327239310715595b,C:\Users\Ashutosh Verma\OneDrive\Desktop\VET VISION AI\data\lsd\LumpySkinDisease_DataHub\LumpySkinDisease_DataHub\data-processed\lumpy_balanced\lumpy1\Normal88.png
Normal89.png,Normal89.png,Normal,False,256,256,3,RGB,1.0,124593,.png,4add7a2c7e1ef8967e3ed812718ea5cbc1a70422dfd325fdc1f34fc25492d279,37273b2b23230307,C:\Users\Ashutosh Verma\OneDrive\Desktop\VET VISION AI\data\lsd\LumpySkinDisease_DataHub\LumpySkinDisease_DataHub\data-processed\lumpy_balanced\lumpy1\Normal89.png
Normal9.png,Normal9.png,Normal,False,256,256,3,RGB,1.0,131258,.png,6f85d9003f3480f00be3afd4972845cdfd8ec06afe6f74bc1360037cf8e98380,d22d259a08985852,C:\Users\Ashutosh Verma\OneDrive\Desktop\VET VISION AI\data\lsd\LumpySkinDisease_DataHub\LumpySkinDisease_DataHub\data-processed\lumpy_balanced\lumpy1\Normal9.png
Normal90.png,Normal90.png,Normal,False,256,256,3,RGB,1.0,159260,.png,927811aa983fdb19cadf4fb600c4140c061b0bb07f077b0a5a61caef63f60e94,c4aca8c828a99c40,C:\Users\Ashutosh Verma\OneDrive\Desktop\VET VISION AI\data\lsd\LumpySkinDisease_DataHub\LumpySkinDisease_DataHub\data-processed\lumpy_balanced\lumpy1\Normal90.png
Normal91.png,Normal91.png,Normal,False,256,256,3,RGB,1.0,75314,.png,e3765e230b4163ae52ce41661390b614adec122a1e47fc1707fff9cc7c467d8d,0b1b09491b535f59,C:\Users\Ashutosh Verma\OneDrive\Desktop\VET VISION AI\data\lsd\LumpySkinDisease_DataHub\LumpySkinDisease_DataHub\data-processed\lumpy_balanced\lumpy1\Normal91.png
Normal92.png,Normal92.png,Normal,False,256,256,3,RGB,1.0,165847,.png,32dba820bcdcaa762b9608150c007d58d55178fd0c6f0f87f19f444b8291f539,c887bcc8cc87a3f4,C:\Users\Ashutosh Verma\OneDrive\Desktop\VET VISION AI\data\lsd\LumpySkinDisease_DataHub\LumpySkinDisease_DataHub\data-processed\lumpy_balanced\lumpy1\Normal92.png
Normal93.png,Normal93.png,Normal,False,256,256,3,RGB,1.0,188621,.png,554e4a905a0bb1dd73a70b5d281939b6654c0ecbc14a063626eca8e98358c760,7434747169e969b9,C:\Users\Ashutosh Verma\OneDrive\Desktop\VET VISION AI\data\lsd\LumpySkinDisease_DataHub\LumpySkinDisease_DataHub\data-processed\lumpy_balanced\lumpy1\Normal93.png
Normal94.png,Normal94.png,Normal,False,256,256,3,RGB,1.0,171649,.png,00ed3d5aef38e5ba0366bfb26415528a71c3542d6654fcb313272772fb99eecb,663919327b5afc37,C:\Users\Ashutosh Verma\OneDrive\Desktop\VET VISION AI\data\lsd\LumpySkinDisease_DataHub\LumpySkinDisease_DataHub\data-processed\lumpy_balanced\lumpy1\Normal94.png
Normal95.png,Normal95.png,Normal,False,256,256,3,RGB,1.0,157487,.png,4039f9fabee1f85ad108d7a7fc1a56b0317b9fed0fd257cdd5c7aa9147f36812,f0ccc4a6e6c6868f,C:\Users\Ashutosh Verma\OneDrive\Desktop\VET VISION AI\data\lsd\LumpySkinDisease_DataHub\LumpySkinDisease_DataHub\data-processed\lumpy_balanced\lumpy1\Normal95.png
Normal96.png,Normal96.png,Normal,False,256,256,3,RGB,1.0,170641,.png,52c2b9e7dd3297d09043147ca183c7573950c087e98311b145f81df8ac55614e,3433376773f3939b,C:\Users\Ashutosh Verma\OneDrive\Desktop\VET VISION AI\data\lsd\LumpySkinDisease_DataHub\LumpySkinDisease_DataHub\data-processed\lumpy_balanced\lumpy1\Normal96.png
Normal97.png,Normal97.png,Normal,False,256,256,3,RGB,1.0,176406,.png,4a193c7ea7f9bda4399555c44ba7fa01f30bc48b7e421baca1b945b08c9747a7,4c6442472d3878c2,C:\Users\Ashutosh Verma\OneDrive\Desktop\VET VISION AI\data\lsd\LumpySkinDisease_DataHub\LumpySkinDisease_DataHub\data-processed\lumpy_balanced\lumpy1\Normal97.png
Normal98.png,Normal98.png,Normal,False,256,256,3,RGB,1.0,178077,.png,fca025ba61978e239ca03aa5088b9dbf8dd7cc344f75798bc1b1af4816dbc1ee,65f1d1cdcac7c7b0,C:\Users\Ashutosh Verma\OneDrive\Desktop\VET VISION AI\data\lsd\LumpySkinDisease_DataHub\LumpySkinDisease_DataHub\data-processed\lumpy_balanced\lumpy1\Normal98.png
Normal99.png,Normal99.png,Normal,False,256,256,3,RGB,1.0,118002,.png,b434b6b0017ecafd9c4f496d8556ab53323f13a5aa95b45daabb95e966d4ff29,cc5dbe0f3b9f9b9b,C:\Users\Ashutosh Verma\OneDrive\Desktop\VET VISION AI\data\lsd\LumpySkinDisease_DataHub\LumpySkinDisease_DataHub\data-processed\lumpy_balanced\lumpy1\Normal99.png
Severe1395.png,Severe1395.png,Severe,False,256,256,3,RGB,1.0,182072,.png,2998e8ce33b7806dcf294f17870162c66e7522d08881550bf5b10b6e4572bc98,c6d796bd1bdb7939,C:\Users\Ashutosh Verma\OneDrive\Desktop\VET VISION AI\data\lsd\LumpySkinDisease_DataHub\LumpySkinDisease_DataHub\data-processed\lumpy_balanced\lumpy1\Severe1395.png
Severe1396.png,Severe1396.png,Severe,False,256,256,3,RGB,1.0,175130,.png,0919d184bbbb281a7ef23d5e947b9b9a9920346a710fe72510e34914229bdda4,f2b2649a06226276,C:\Users\Ashutosh Verma\OneDrive\Desktop\VET VISION AI\data\lsd\LumpySkinDisease_DataHub\LumpySkinDisease_DataHub\data-processed\lumpy_balanced\lumpy1\Severe1396.png
Severe1397.png,Severe1397.png,Severe,False,256,256,3,RGB,1.0,187054,.png,a5535192241abf0c8e19fa2f0ca153c68caa757315959bfdff8dc84d406b5d02,377761d543e3cd8d,C:\Users\Ashutosh Verma\OneDrive\Desktop\VET VISION AI\data\lsd\LumpySkinDisease_DataHub\LumpySkinDisease_DataHub\data-processed\lumpy_balanced\lumpy1\Severe1397.png
Severe1398.png,Severe1398.png,Severe,False,256,256,3,RGB,1.0,184533,.png,88ca04fe128aac9f354b40d7977711ee1c78e19b2299fe81975b91671620c214,2d22b3a363674d0d,C:\Users\Ashutosh Verma\OneDrive\Desktop\VET VISION AI\data\lsd\LumpySkinDisease_DataHub\LumpySkinDisease_DataHub\data-processed\lumpy_balanced\lumpy1\Severe1398.png
Severe1399.png,Severe1399.png,Severe,False,256,256,3,RGB,1.0,167900,.png,c01a16667bd74d5d9fcaf519488b2904ae256d284ed8a44383b031b03f746595,bcb86a60b052e4b4,C:\Users\Ashutosh Verma\OneDrive\Desktop\VET VISION AI\data\lsd\LumpySkinDisease_DataHub\LumpySkinDisease_DataHub\data-processed\lumpy_balanced\lumpy1\Severe1399.png
Severe1400.png,Severe1400.png,Severe,False,256,256,3,RGB,1.0,155252,.png,258b89f8497f6314ae34bccbaa57ee6e4fc8a12b54276414a9413236d5cc615d,fe9f5e747071980c,C:\Users\Ashutosh Verma\OneDrive\Desktop\VET VISION AI\data\lsd\LumpySkinDisease_DataHub\LumpySkinDisease_DataHub\data-processed\lumpy_balanced\lumpy1\Severe1400.png
Severe1401.png,Severe1401.png,Severe,False,256,256,3,RGB,1.0,182399,.png,3f1eaf9badb441619d60c360d1e914d172ba2efea2adfb29347eade322617bff,91d5454d6f393999,C:\Users\Ashutosh Verma\OneDrive\Desktop\VET VISION AI\data\lsd\LumpySkinDisease_DataHub\LumpySkinDisease_DataHub\data-processed\lumpy_balanced\lumpy1\Severe1401.png
Severe1402.png,Severe1402.png,Severe,False,256,256,3,RGB,1.0,185191,.png,e6691f3e459c889264ba02d09048e46f10d5890a3b6cb171f2bcbc353a4e1f91,26201c1c2c0c263a,C:\Users\Ashutosh Verma\OneDrive\Desktop\VET VISION AI\data\lsd\LumpySkinDisease_DataHub\LumpySkinDisease_DataHub\data-processed\lumpy_balanced\lumpy1\Severe1402.png
Severe1403.png,Severe1403.png,Severe,False,256,256,3,RGB,1.0,173740,.png,4b03194035f2ffad4b478a4cf37a19edd122238c89060deeb9fe34d4e613853d,909026246866264d,C:\Users\Ashutosh Verma\OneDrive\Desktop\VET VISION AI\data\lsd\LumpySkinDisease_DataHub\LumpySkinDisease_DataHub\data-processed\lumpy_balanced\lumpy1\Severe1403.png
Severe1404.png,Severe1404.png,Severe,False,256,256,3,RGB,1.0,182399,.png,3f1eaf9badb441619d60c360d1e914d172ba2efea2adfb29347eade322617bff,91d5454d6f393999,C:\Users\Ashutosh Verma\OneDrive\Desktop\VET VISION AI\data\lsd\LumpySkinDisease_DataHub\LumpySkinDisease_DataHub\data-processed\lumpy_balanced\lumpy1\Severe1404.png
Severe1405.png,Severe1405.png,Severe,False,256,256,3,RGB,1.0,182072,.png,2998e8ce33b7806dcf294f17870162c66e7522d08881550bf5b10b6e4572bc98,c6d796bd1bdb7939,C:\Users\Ashutosh Verma\OneDrive\Desktop\VET VISION AI\data\lsd\LumpySkinDisease_DataHub\LumpySkinDisease_DataHub\data-processed\lumpy_balanced\lumpy1\Severe1405.png
Severe1406.png,Severe1406.png,Severe,False,256,256,3,RGB,1.0,187054,.png,a5535192241abf0c8e19fa2f0ca153c68caa757315959bfdff8dc84d406b5d02,377761d543e3cd8d,C:\Users\Ashutosh Verma\OneDrive\Desktop\VET VISION AI\data\lsd\LumpySkinDisease_DataHub\LumpySkinDisease_DataHub\data-processed\lumpy_balanced\lumpy1\Severe1406.png
Severe1407.png,Severe1407.png,Severe,False,256,256,3,RGB,1.0,182751,.png,83852ec7520d975e4cc82e022c928a96da56373b77f7e092b6dc15123770500f,d6f2aaaecbeba3a7,C:\Users\Ashutosh Verma\OneDrive\Desktop\VET VISION AI\data\lsd\LumpySkinDisease_DataHub\LumpySkinDisease_DataHub\data-processed\lumpy_balanced\lumpy1\Severe1407.png
Severe1408.png,Severe1408.png,Severe,False,256,256,3,RGB,1.0,150206,.png,1bcabbbe7361fd60b9b3669c05e8f76472fa982d4ca585a2e4620dee030bce9a,1c8c22387ece9a9a,C:\Users\Ashutosh Verma\OneDrive\Desktop\VET VISION AI\data\lsd\LumpySkinDisease_DataHub\LumpySkinDisease_DataHub\data-processed\lumpy_balanced\lumpy1\Severe1408.png
Severe1409.png,Severe1409.png,Severe,False,256,256,3,RGB,1.0,174948,.png,312864e0ee900aac48c5c53f2fd45295ca490d2497038682010a1802f5353b8f,ee7ededfe6123ede,C:\Users\Ashutosh Verma\OneDrive\Desktop\VET VISION AI\data\lsd\LumpySkinDisease_DataHub\LumpySkinDisease_DataHub\data-processed\lumpy_balanced\lumpy1\Severe1409.png
Severe1410.png,Severe1410.png,Severe,False,256,256,3,RGB,1.0,166397,.png,d82b4b4b5ee5d137952cee04678882270bd7f30a9e33a3926799be39a14b70b6,96bcb862e09046a4,C:\Users\Ashutosh Verma\OneDrive\Desktop\VET VISION AI\data\lsd\LumpySkinDisease_DataHub\LumpySkinDisease_DataHub\data-processed\lumpy_balanced\lumpy1\Severe1410.png
Severe1411.png,Severe1411.png,Severe,False,256,256,3,RGB,1.0,186835,.png,a582309a4cb871f95b9e8dbf4cdb6046352bef5211fdc237288a67b9d5a1426b,424d27b6979a1626,C:\Users\Ashutosh Verma\OneDrive\Desktop\VET VISION AI\data\lsd\LumpySkinDisease_DataHub\LumpySkinDisease_DataHub\data-processed\lumpy_balanced\lumpy1\Severe1411.png
Severe1412.png,Severe1412.png,Severe,False,256,256,3,RGB,1.0,181695,.png,7676ce77874616e4977249cbf3627a7cae7ceabb562d5c57072f714a061f0af7,0dad6d6d2bdb89cd,C:\Users\Ashutosh Verma\OneDrive\Desktop\VET VISION AI\data\lsd\LumpySkinDisease_DataHub\LumpySkinDisease_DataHub\data-processed\lumpy_balanced\lumpy1\Severe1412.png
Severe1413.png,Severe1413.png,Severe,False,256,256,3,RGB,1.0,185440,.png,9c5fb8eb78c9d8e5b4a290c50ba5bd4acf92b3458aafae02b53b9037c78353b2,dbf3cbafb7cd6d21,C:\Users\Ashutosh Verma\OneDrive\Desktop\VET VISION AI\data\lsd\LumpySkinDisease_DataHub\LumpySkinDisease_DataHub\data-processed\lumpy_balanced\lumpy1\Severe1413.png
Severe1414.png,Severe1414.png,Severe,False,256,256,3,RGB,1.0,167900,.png,c01a16667bd74d5d9fcaf519488b2904ae256d284ed8a44383b031b03f746595,bcb86a60b052e4b4,C:\Users\Ashutosh Verma\OneDrive\Desktop\VET VISION AI\data\lsd\LumpySkinDisease_DataHub\LumpySkinDisease_DataHub\data-processed\lumpy_balanced\lumpy1\Severe1414.png
Severe1415.png,Severe1415.png,Severe,False,256,256,3,RGB,1.0,186096,.png,7f1479c3a34e26aabe35d504de2ea3c40d4e1eaa99b7e3bbb5f97e8ea535cdc7,6f9f6ebc7c5c8e47,C:\Users\Ashutosh Verma\OneDrive\Desktop\VET VISION AI\data\lsd\LumpySkinDisease_DataHub\LumpySkinDisease_DataHub\data-processed\lumpy_balanced\lumpy1\Severe1415.png
Severe1416.png,Severe1416.png,Severe,False,256,256,3,RGB,1.0,186835,.png,a582309a4cb871f95b9e8dbf4cdb6046352bef5211fdc237288a67b9d5a1426b,424d27b6979a1626,C:\Users\Ashutosh Verma\OneDrive\Desktop\VET VISION AI\data\lsd\LumpySkinDisease_DataHub\LumpySkinDisease_DataHub\data-processed\lumpy_balanced\lumpy1\Severe1416.png
Severe1417.png,Severe1417.png,Severe,False,256,256,3,RGB,1.0,160608,.png,3d4afd3aa610737c6bbad420168cae69c0201262088bd658cb99d4b728777ad0,cf8fdfdfd9d0dc4c,C:\Users\Ashutosh Verma\OneDrive\Desktop\VET VISION AI\data\lsd\LumpySkinDisease_DataHub\LumpySkinDisease_DataHub\data-processed\lumpy_balanced\lumpy1\Severe1417.png
Severe1418.png,Severe1418.png,Severe,False,256,256,3,RGB,1.0,184615,.png,208c85193f8ce3b21c69164efff304c59b4e9ab474125ea9a2fc629aab36337c,adaed2f0f0e1c7d6,C:\Users\Ashutosh Verma\OneDrive\Desktop\VET VISION AI\data\lsd\LumpySkinDisease_DataHub\LumpySkinDisease_DataHub\data-processed\lumpy_balanced\lumpy1\Severe1418.png
Severe1419.png,Severe1419.png,Severe,False,256,256,3,RGB,1.0,193300,.png,bc4101533c713be0fec225337e8ee2d0cf7f9e7fa2b942efe3cd567a6ebb2e7a,1cd2a92b93979983,C:\Users\Ashutosh Verma\OneDrive\Desktop\VET VISION AI\data\lsd\LumpySkinDisease_DataHub\LumpySkinDisease_DataHub\data-processed\lumpy_balanced\lumpy1\Severe1419.png
Severe1420.png,Severe1420.png,Severe,False,256,256,3,RGB,1.0,184548,.png,8b80d03826231d2de081204c769b82afd1e79b1ae07c87b9a6dd915f222d591b,5252028a8e9ab272,C:\Users\Ashutosh Verma\OneDrive\Desktop\VET VISION AI\data\lsd\LumpySkinDisease_DataHub\LumpySkinDisease_DataHub\data-processed\lumpy_balanced\lumpy1\Severe1420.png
Severe1421.png,Severe1421.png,Severe,False,256,256,4,RGBA,1.0,193112,.png,21e2fcb47169ab523db29c8289c38e31e7a5cf3aa8f83dae2e22a1a44a716151,1d9b132ba97bf7be,C:\Users\Ashutosh Verma\OneDrive\Desktop\VET VISION AI\data\lsd\LumpySkinDisease_DataHub\LumpySkinDisease_DataHub\data-processed\lumpy_balanced\lumpy1\Severe1421.png
Severe1422.png,Severe1422.png,Severe,False,256,256,3,RGB,1.0,179136,.png,cce1cd1bf44c1ea87336c265db3fa6764d7b4bf1212a472b3edb7f0e6a2f018d,316f746cc13010f7,C:\Users\Ashutosh Verma\OneDrive\Desktop\VET VISION AI\data\lsd\LumpySkinDisease_DataHub\LumpySkinDisease_DataHub\data-processed\lumpy_balanced\lumpy1\Severe1422.png
Severe1423.png,Severe1423.png,Severe,False,256,256,3,RGB,1.0,145673,.png,86e6d77f458da344ea0a76b9f2c50b8acfc65d20369c0661c2a3940471f08d5a,f9f0b684c0441cd8,C:\Users\Ashutosh Verma\OneDrive\Desktop\VET VISION AI\data\lsd\LumpySkinDisease_DataHub\LumpySkinDisease_DataHub\data-processed\lumpy_balanced\lumpy1\Severe1423.png
Severe1424.png,Severe1424.png,Severe,False,256,256,3,RGB,1.0,161685,.png,50c848323f01547d9a002d153fbd4238ff3f5a6c6e2ba78e8824a20cac3e5ca3,bcb86a60b052e4b4,C:\Users\Ashutosh Verma\OneDrive\Desktop\VET VISION AI\data\lsd\LumpySkinDisease_DataHub\LumpySkinDisease_DataHub\data-processed\lumpy_balanced\lumpy1\Severe1424.png
Severe1425.png,Severe1425.png,Severe,False,256,256,3,RGB,1.0,188403,.png,3f1832463299b8d4c12059e74886e46dacfe93727c7cb4a64cafbaaa2a3ef7ff,377761d543c3cd8d,C:\Users\Ashutosh Verma\OneDrive\Desktop\VET VISION AI\data\lsd\LumpySkinDisease_DataHub\LumpySkinDisease_DataHub\data-processed\lumpy_balanced\lumpy1\Severe1425.png
Severe1426.png,Severe1426.png,Severe,False,256,256,3,RGB,1.0,185440,.png,9c5fb8eb78c9d8e5b4a290c50ba5bd4acf92b3458aafae02b53b9037c78353b2,dbf3cbafb7cd6d21,C:\Users\Ashutosh Verma\OneDrive\Desktop\VET VISION AI\data\lsd\LumpySkinDisease_DataHub\LumpySkinDisease_DataHub\data-processed\lumpy_balanced\lumpy1\Severe1426.png
Severe1427.png,Severe1427.png,Severe,False,256,256,3,RGB,1.0,160156,.png,435eb111d8ec8f38e1a4e70d006123485daf2ef3819e46b9cf14187d76293505,656d0901191372b6,C:\Users\Ashutosh Verma\OneDrive\Desktop\VET VISION AI\data\lsd\LumpySkinDisease_DataHub\LumpySkinDisease_DataHub\data-processed\lumpy_balanced\lumpy1\Severe1427.png
Severe1428.png,Severe1428.png,Severe,False,256,256,3,RGB,1.0,173514,.png,75a4cdcf0aa89f4f4333ffb072ac9f96f015c6e9a67b62814d6f5afa56a2eb75,90b6c6c4c1d1313a,C:\Users\Ashutosh Verma\OneDrive\Desktop\VET VISION AI\data\lsd\LumpySkinDisease_DataHub\LumpySkinDisease_DataHub\data-processed\lumpy_balanced\lumpy1\Severe1428.png
Severe1429.png,Severe1429.png,Severe,False,256,256,3,RGB,1.0,186159,.png,ff0942d6bb4e87c2497577610b52f6e1256f41f9ba0ff212ffe2257c84d61944,c6445c4e287c10b0,C:\Users\Ashutosh Verma\OneDrive\Desktop\VET VISION AI\data\lsd\LumpySkinDisease_DataHub\LumpySkinDisease_DataHub\data-processed\lumpy_balanced\lumpy1\Severe1429.png
Severe1430.png,Severe1430.png,Severe,False,256,256,3,RGB,1.0,170004,.png,befe3c7ce2185656ab8a2f55afac457c2e9a8763ea7488ac9fd82a0372d975e0,2527171717178f9b,C:\Users\Ashutosh Verma\OneDrive\Desktop\VET VISION AI\data\lsd\LumpySkinDisease_DataHub\LumpySkinDisease_DataHub\data-processed\lumpy_balanced\lumpy1\Severe1430.png
Severe1431.png,Severe1431.png,Severe,False,256,256,3,RGB,1.0,111990,.png,d788fde4fa7da4d7e2cddb0bb519a64e0303d0046b6683ea27a9f13d371c1639,79796e5c6473797d,C:\Users\Ashutosh Verma\OneDrive\Desktop\VET VISION AI\data\lsd\LumpySkinDisease_DataHub\LumpySkinDisease_DataHub\data-processed\lumpy_balanced\lumpy1\Severe1431.png
Severe1432.png,Severe1432.png,Severe,False,256,256,3,RGB,1.0,149750,.png,255613e4506751ccc6309fc95790d90d119901d2703d8dc2b53dc0e1b21fc9b2,981898b123664c9a,C:\Users\Ashutosh Verma\OneDrive\Desktop\VET VISION AI\data\lsd\LumpySkinDisease_DataHub\LumpySkinDisease_DataHub\data-processed\lumpy_balanced\lumpy1\Severe1432.png
Severe1433.png,Severe1433.png,Severe,False,256,256,3,RGB,1.0,178723,.png,a96fd3d847f1c188cf96db2e3399c4eb2a9bad58384d8caed53661faf6f14172,0d6185997edee636,C:\Users\Ashutosh Verma\OneDrive\Desktop\VET VISION AI\data\lsd\LumpySkinDisease_DataHub\LumpySkinDisease_DataHub\data-processed\lumpy_balanced\lumpy1\Severe1433.png
Severe1434.png,Severe1434.png,Severe,False,256,256,3,RGB,1.0,175519,.png,c5fae5773b3bb0504b40d39f69b26d49887823943152f91bd91d0b91183096ed,c9e7666424e0e5e5,C:\Users\Ashutosh Verma\OneDrive\Desktop\VET VISION AI\data\lsd\LumpySkinDisease_DataHub\LumpySkinDisease_DataHub\data-processed\lumpy_balanced\lumpy1\Severe1434.png
Severe1435.png,Severe1435.png,Severe,False,256,256,3,RGB,1.0,185571,.png,d03bd5aae4ec1e810d92c7cf7d8676b96d94ed0226842cacf6796c4e634c96eb,adacdad0f0f1e7c7,C:\Users\Ashutosh Verma\OneDrive\Desktop\VET VISION AI\data\lsd\LumpySkinDisease_DataHub\LumpySkinDisease_DataHub\data-processed\lumpy_balanced\lumpy1\Severe1435.png
Severe1436.png,Severe1436.png,Severe,False,256,256,3,RGB,1.0,154102,.png,c986737d1eee1ce9e3b48995c60be3279c444d86a4f438608b9011ade92a9b2a,92260b0f09094d4d,C:\Users\Ashutosh Verma\OneDrive\Desktop\VET VISION AI\data\lsd\LumpySkinDisease_DataHub\LumpySkinDisease_DataHub\data-processed\lumpy_balanced\lumpy1\Severe1436.png
Severe1437.png,Severe1437.png,Severe,False,256,256,3,RGB,1.0,172135,.png,b63a71e32e254254412d6ed15346b6617c060bb9948e91f55be207f98358a999,fb79b2c21b1a3931,C:\Users\Ashutosh Verma\OneDrive\Desktop\VET VISION AI\data\lsd\LumpySkinDisease_DataHub\LumpySkinDisease_DataHub\data-processed\lumpy_balanced\lumpy1\Severe1437.png
Severe1438.png,Severe1438.png,Severe,False,256,256,3,RGB,1.0,171592,.png,6b53b0f6a99553051e7f5f618326301788825c6afbc503a8d5595ac8b2357d42,e46c9e9b654b4bc8,C:\Users\Ashutosh Verma\OneDrive\Desktop\VET VISION AI\data\lsd\LumpySkinDisease_DataHub\LumpySkinDisease_DataHub\data-processed\lumpy_balanced\lumpy1\Severe1438.png
Severe1439.png,Severe1439.png,Severe,False,256,256,3,RGB,1.0,170627,.png,77c890b54e8fc8addc7f05484f1470d4fd0953ea371dcd1883a1bcc4a185dc07,d37df4f0f2735f72,C:\Users\Ashutosh Verma\OneDrive\Desktop\VET VISION AI\data\lsd\LumpySkinDisease_DataHub\LumpySkinDisease_DataHub\data-processed\lumpy_balanced\lumpy1\Severe1439.png
Severe1440.png,Severe1440.png,Severe,False,256,256,3,RGB,1.0,174686,.png,04ddb9e06e343ce4315d89fad2efd2e26ff6393dc1851cccadd70c082be9331c,4d6b2f3f99393938,C:\Users\Ashutosh Verma\OneDrive\Desktop\VET VISION AI\data\lsd\LumpySkinDisease_DataHub\LumpySkinDisease_DataHub\data-processed\lumpy_balanced\lumpy1\Severe1440.png
Severe1441.png,Severe1441.png,Severe,False,256,256,3,RGB,1.0,183030,.png,821822f03229032c7a623ed0be4c9f78ad2e246924d024722cef738ca62441e7,dddbc5edc3f576fe,C:\Users\Ashutosh Verma\OneDrive\Desktop\VET VISION AI\data\lsd\LumpySkinDisease_DataHub\LumpySkinDisease_DataHub\data-processed\lumpy_balanced\lumpy1\Severe1441.png
Severe1442.png,Severe1442.png,Severe,False,256,256,3,RGB,1.0,175570,.png,ae48828d131be574247cee70715c97c59c6fd8a5538441b1bc13a1244f73f3b5,b1237330929a2b0a,C:\Users\Ashutosh Verma\OneDrive\Desktop\VET VISION AI\data\lsd\LumpySkinDisease_DataHub\LumpySkinDisease_DataHub\data-processed\lumpy_balanced\lumpy1\Severe1442.png
Severe1443.png,Severe1443.png,Severe,False,256,256,3,RGB,1.0,182441,.png,f7d535d4e53af1fb374820adb2395cc232126ce5a7b9648ddc3bcff62c7d6bdf,ad7ed1f4f0e5c7d6,C:\Users\Ashutosh Verma\OneDrive\Desktop\VET VISION AI\data\lsd\LumpySkinDisease_DataHub\LumpySkinDisease_DataHub\data-processed\lumpy_balanced\lumpy1\Severe1443.png
Severe1444.png,Severe1444.png,Severe,False,256,256,3,RGB,1.0,170004,.png,befe3c7ce2185656ab8a2f55afac457c2e9a8763ea7488ac9fd82a0372d975e0,2527171717178f9b,C:\Users\Ashutosh Verma\OneDrive\Desktop\VET VISION AI\data\lsd\LumpySkinDisease_DataHub\LumpySkinDisease_DataHub\data-processed\lumpy_balanced\lumpy1\Severe1444.png
Severe1445.png,Severe1445.png,Severe,False,256,256,3,RGB,1.0,179854,.png,a2f3bfe404a40600e95c679b8b548abc1af56caba7e208669e1ff6c72cd1d894,1e162647474f9abe,C:\Users\Ashutosh Verma\OneDrive\Desktop\VET VISION AI\data\lsd\LumpySkinDisease_DataHub\LumpySkinDisease_DataHub\data-processed\lumpy_balanced\lumpy1\Severe1445.png
Severe1446.png,Severe1446.png,Severe,False,256,256,3,RGB,1.0,166397,.png,d82b4b4b5ee5d137952cee04678882270bd7f30a9e33a3926799be39a14b70b6,96bcb862e09046a4,C:\Users\Ashutosh Verma\OneDrive\Desktop\VET VISION AI\data\lsd\LumpySkinDisease_DataHub\LumpySkinDisease_DataHub\data-processed\lumpy_balanced\lumpy1\Severe1446.png
Severe1447.png,Severe1447.png,Severe,False,256,256,3,RGB,1.0,155252,.png,258b89f8497f6314ae34bccbaa57ee6e4fc8a12b54276414a9413236d5cc615d,fe9f5e747071980c,C:\Users\Ashutosh Verma\OneDrive\Desktop\VET VISION AI\data\lsd\LumpySkinDisease_DataHub\LumpySkinDisease_DataHub\data-processed\lumpy_balanced\lumpy1\Severe1447.png
Severe1448.png,Severe1448.png,Severe,False,256,256,3,RGB,1.0,175408,.png,58c46875c985963ead96a19b1196156dcda8e66dc97df28aa83673b240bf21a0,048c495b3317c2c2,C:\Users\Ashutosh Verma\OneDrive\Desktop\VET VISION AI\data\lsd\LumpySkinDisease_DataHub\LumpySkinDisease_DataHub\data-processed\lumpy_balanced\lumpy1\Severe1448.png
Severe1449.png,Severe1449.png,Severe,False,256,256,3,RGB,1.0,185440,.png,9c5fb8eb78c9d8e5b4a290c50ba5bd4acf92b3458aafae02b53b9037c78353b2,dbf3cbafb7cd6d21,C:\Users\Ashutosh Verma\OneDrive\Desktop\VET VISION AI\data\lsd\LumpySkinDisease_DataHub\LumpySkinDisease_DataHub\data-processed\lumpy_balanced\lumpy1\Severe1449.png
Severe1450.png,Severe1450.png,Severe,False,256,256,3,RGB,1.0,170409,.png,3c4d85a310627aa2e4bcc70f6f9dd5c5e9fa05269362e4896e479fb92ce70c14,316f746cc13010f5,C:\Users\Ashutosh Verma\OneDrive\Desktop\VET VISION AI\data\lsd\LumpySkinDisease_DataHub\LumpySkinDisease_DataHub\data-processed\lumpy_balanced\lumpy1\Severe1450.png
Severe1451.png,Severe1451.png,Severe,False,256,256,3,RGB,1.0,146013,.png,4106a92a60453d98249b33046f52755acbae9c58cb9ab962c42ad71f3f3f7ece,b7767a5333b1b1bb,C:\Users\Ashutosh Verma\OneDrive\Desktop\VET VISION AI\data\lsd\LumpySkinDisease_DataHub\LumpySkinDisease_DataHub\data-processed\lumpy_balanced\lumpy1\Severe1451.png
Severe1452.png,Severe1452.png,Severe,False,256,256,3,RGB,1.0,187799,.png,66985ca01cb0d760275a20faac3f96676842a5d699494a2fe1aa2a5972933fc0,a797e577317367e3,C:\Users\Ashutosh Verma\OneDrive\Desktop\VET VISION AI\data\lsd\LumpySkinDisease_DataHub\LumpySkinDisease_DataHub\data-processed\lumpy_balanced\lumpy1\Severe1452.png
Severe1453.png,Severe1453.png,Severe,False,256,256,3,RGB,1.0,184548,.png,8b80d03826231d2de081204c769b82afd1e79b1ae07c87b9a6dd915f222d591b,5252028a8e9ab272,C:\Users\Ashutosh Verma\OneDrive\Desktop\VET VISION AI\data\lsd\LumpySkinDisease_DataHub\LumpySkinDisease_DataHub\data-processed\lumpy_balanced\lumpy1\Severe1453.png
Severe1454.png,Severe1454.png,Severe,False,256,256,3,RGB,1.0,168142,.png,656815567938847a8a3711aa1fc280110ef57142fff0128ff2ad3a44bb03141a,4ca43031a92c4447,C:\Users\Ashutosh Verma\OneDrive\Desktop\VET VISION AI\data\lsd\LumpySkinDisease_DataHub\LumpySkinDisease_DataHub\data-processed\lumpy_balanced\lumpy1\Severe1454.png
Severe1455.png,Severe1455.png,Severe,False,256,256,3,RGB,1.0,173740,.png,4b03194035f2ffad4b478a4cf37a19edd122238c89060deeb9fe34d4e613853d,909026246866264d,C:\Users\Ashutosh Verma\OneDrive\Desktop\VET VISION AI\data\lsd\LumpySkinDisease_DataHub\LumpySkinDisease_DataHub\data-processed\lumpy_balanced\lumpy1\Severe1455.png
Severe1456.png,Severe1456.png,Severe,False,256,256,3,RGB,1.0,178723,.png,a96fd3d847f1c188cf96db2e3399c4eb2a9bad58384d8caed53661faf6f14172,0d6185997edee636,C:\Users\Ashutosh Verma\OneDrive\Desktop\VET VISION AI\data\lsd\LumpySkinDisease_DataHub\LumpySkinDisease_DataHub\data-processed\lumpy_balanced\lumpy1\Severe1456.png
Severe1457.png,Severe1457.png,Severe,False,256,256,3,RGB,1.0,193300,.png,bc4101533c713be0fec225337e8ee2d0cf7f9e7fa2b942efe3cd567a6ebb2e7a,1cd2a92b93979983,C:\Users\Ashutosh Verma\OneDrive\Desktop\VET VISION AI\data\lsd\LumpySkinDisease_DataHub\LumpySkinDisease_DataHub\data-processed\lumpy_balanced\lumpy1\Severe1457.png
Severe1458.png,Severe1458.png,Severe,False,256,256,3,RGB,1.0,168142,.png,656815567938847a8a3711aa1fc280110ef57142fff0128ff2ad3a44bb03141a,4ca43031a92c4447,C:\Users\Ashutosh Verma\OneDrive\Desktop\VET VISION AI\data\lsd\LumpySkinDisease_DataHub\LumpySkinDisease_DataHub\data-processed\lumpy_balanced\lumpy1\Severe1458.png
Severe1459.png,Severe1459.png,Severe,False,256,256,3,RGB,1.0,149750,.png,255613e4506751ccc6309fc95790d90d119901d2703d8dc2b53dc0e1b21fc9b2,981898b123664c9a,C:\Users\Ashutosh Verma\OneDrive\Desktop\VET VISION AI\data\lsd\LumpySkinDisease_DataHub\LumpySkinDisease_DataHub\data-processed\lumpy_balanced\lumpy1\Severe1459.png
Severe1460.png,Severe1460.png,Severe,False,256,256,3,RGB,1.0,170627,.png,77c890b54e8fc8addc7f05484f1470d4fd0953ea371dcd1883a1bcc4a185dc07,d37df4f0f2735f72,C:\Users\Ashutosh Verma\OneDrive\Desktop\VET VISION AI\data\lsd\LumpySkinDisease_DataHub\LumpySkinDisease_DataHub\data-processed\lumpy_balanced\lumpy1\Severe1460.png
Severe1461.png,Severe1461.png,Severe,False,256,256,3,RGB,1.0,179854,.png,a2f3bfe404a40600e95c679b8b548abc1af56caba7e208669e1ff6c72cd1d894,1e162647474f9abe,C:\Users\Ashutosh Verma\OneDrive\Desktop\VET VISION AI\data\lsd\LumpySkinDisease_DataHub\LumpySkinDisease_DataHub\data-processed\lumpy_balanced\lumpy1\Severe1461.png
Severe1462.png,Severe1462.png,Severe,False,256,256,3,RGB,1.0,184615,.png,208c85193f8ce3b21c69164efff304c59b4e9ab474125ea9a2fc629aab36337c,adaed2f0f0e1c7d6,C:\Users\Ashutosh Verma\OneDrive\Desktop\VET VISION AI\data\lsd\LumpySkinDisease_DataHub\LumpySkinDisease_DataHub\data-processed\lumpy_balanced\lumpy1\Severe1462.png
Severe1463.png,Severe1463.png,Severe,False,256,256,3,RGB,1.0,111990,.png,d788fde4fa7da4d7e2cddb0bb519a64e0303d0046b6683ea27a9f13d371c1639,79796e5c6473797d,C:\Users\Ashutosh Verma\OneDrive\Desktop\VET VISION AI\data\lsd\LumpySkinDisease_DataHub\LumpySkinDisease_DataHub\data-processed\lumpy_balanced\lumpy1\Severe1463.png
Severe1464.png,Severe1464.png,Severe,False,256,256,3,RGB,1.0,170627,.png,77c890b54e8fc8addc7f05484f1470d4fd0953ea371dcd1883a1bcc4a185dc07,d37df4f0f2735f72,C:\Users\Ashutosh Verma\OneDrive\Desktop\VET VISION AI\data\lsd\LumpySkinDisease_DataHub\LumpySkinDisease_DataHub\data-processed\lumpy_balanced\lumpy1\Severe1464.png
Severe1465.png,Severe1465.png,Severe,False,256,256,3,RGB,1.0,184224,.png,9d31b6948117d958db0ccaa3d8d52e959507c6af63b958f5e07d7fdbe21622fe,7363095339971ac6,C:\Users\Ashutosh Verma\OneDrive\Desktop\VET VISION AI\data\lsd\LumpySkinDisease_DataHub\LumpySkinDisease_DataHub\data-processed\lumpy_balanced\lumpy1\Severe1465.png
Severe1466.png,Severe1466.png,Severe,False,256,256,3,RGB,1.0,169771,.png,5f972ae50057523fdc4e763e061b159d46603de6a6161f11c94b375a81a79022,c8e8c0c060108080,C:\Users\Ashutosh Verma\OneDrive\Desktop\VET VISION AI\data\lsd\LumpySkinDisease_DataHub\LumpySkinDisease_DataHub\data-processed\lumpy_balanced\lumpy1\Severe1466.png
Severe1467.png,Severe1467.png,Severe,False,256,256,3,RGB,1.0,179854,.png,a2f3bfe404a40600e95c679b8b548abc1af56caba7e208669e1ff6c72cd1d894,1e162647474f9abe,C:\Users\Ashutosh Verma\OneDrive\Desktop\VET VISION AI\data\lsd\LumpySkinDisease_DataHub\LumpySkinDisease_DataHub\data-processed\lumpy_balanced\lumpy1\Severe1467.png
Severe1468.png,Severe1468.png,Severe,False,256,256,3,RGB,1.0,175130,.png,0919d184bbbb281a7ef23d5e947b9b9a9920346a710fe72510e34914229bdda4,f2b2649a06226276,C:\Users\Ashutosh Verma\OneDrive\Desktop\VET VISION AI\data\lsd\LumpySkinDisease_DataHub\LumpySkinDisease_DataHub\data-processed\lumpy_balanced\lumpy1\Severe1468.png
Severe1469.png,Severe1469.png,Severe,False,256,256,3,RGB,1.0,175130,.png,0919d184bbbb281a7ef23d5e947b9b9a9920346a710fe72510e34914229bdda4,f2b2649a06226276,C:\Users\Ashutosh Verma\OneDrive\Desktop\VET VISION AI\data\lsd\LumpySkinDisease_DataHub\LumpySkinDisease_DataHub\data-processed\lumpy_balanced\lumpy1\Severe1469.png
Severe1470.png,Severe1470.png,Severe,False,256,256,3,RGB,1.0,166397,.png,d82b4b4b5ee5d137952cee04678882270bd7f30a9e33a3926799be39a14b70b6,96bcb862e09046a4,C:\Users\Ashutosh Verma\OneDrive\Desktop\VET VISION AI\data\lsd\LumpySkinDisease_DataHub\LumpySkinDisease_DataHub\data-processed\lumpy_balanced\lumpy1\Severe1470.png
Severe1471.png,Severe1471.png,Severe,False,256,256,3,RGB,1.0,176448,.png,f49741f1ca3bfce3600ad81ef86d0eb572ee72459c3d55d790d8b3b3ad97162b,322323e18d8d1fb9,C:\Users\Ashutosh Verma\OneDrive\Desktop\VET VISION AI\data\lsd\LumpySkinDisease_DataHub\LumpySkinDisease_DataHub\data-processed\lumpy_balanced\lumpy1\Severe1471.png
Severe1472.png,Severe1472.png,Severe,False,256,256,3,RGB,1.0,175519,.png,c5fae5773b3bb0504b40d39f69b26d49887823943152f91bd91d0b91183096ed,c9e7666424e0e5e5,C:\Users\Ashutosh Verma\OneDrive\Desktop\VET VISION AI\data\lsd\LumpySkinDisease_DataHub\LumpySkinDisease_DataHub\data-processed\lumpy_balanced\lumpy1\Severe1472.png
Severe1473.png,Severe1473.png,Severe,False,256,256,3,RGB,1.0,174948,.png,312864e0ee900aac48c5c53f2fd45295ca490d2497038682010a1802f5353b8f,ee7ededfe6123ede,C:\Users\Ashutosh Verma\OneDrive\Desktop\VET VISION AI\data\lsd\LumpySkinDisease_DataHub\LumpySkinDisease_DataHub\data-processed\lumpy_balanced\lumpy1\Severe1473.png
Severe1474.png,Severe1474.png,Severe,False,256,256,3,RGB,1.0,174948,.png,312864e0ee900aac48c5c53f2fd45295ca490d2497038682010a1802f5353b8f,ee7ededfe6123ede,C:\Users\Ashutosh Verma\OneDrive\Desktop\VET VISION AI\data\lsd\LumpySkinDisease_DataHub\LumpySkinDisease_DataHub\data-processed\lumpy_balanced\lumpy1\Severe1474.png
Severe1475.png,Severe1475.png,Severe,False,256,256,3,RGB,1.0,176448,.png,f49741f1ca3bfce3600ad81ef86d0eb572ee72459c3d55d790d8b3b3ad97162b,322323e18d8d1fb9,C:\Users\Ashutosh Verma\OneDrive\Desktop\VET VISION AI\data\lsd\LumpySkinDisease_DataHub\LumpySkinDisease_DataHub\data-processed\lumpy_balanced\lumpy1\Severe1475.png
Severe1476.png,Severe1476.png,Severe,False,256,256,3,RGB,1.0,167900,.png,c01a16667bd74d5d9fcaf519488b2904ae256d284ed8a44383b031b03f746595,bcb86a60b052e4b4,C:\Users\Ashutosh Verma\OneDrive\Desktop\VET VISION AI\data\lsd\LumpySkinDisease_DataHub\LumpySkinDisease_DataHub\data-processed\lumpy_balanced\lumpy1\Severe1476.png
Severe1477.png,Severe1477.png,Severe,False,256,256,3,RGB,1.0,163947,.png,ec7cb138314c129a0af50f370631ef217d3676f0f36268f4b499919ea00778c2,c8e0c0c060100080,C:\Users\Ashutosh Verma\OneDrive\Desktop\VET VISION AI\data\lsd\LumpySkinDisease_DataHub\LumpySkinDisease_DataHub\data-processed\lumpy_balanced\lumpy1\Severe1477.png
Severe1478.png,Severe1478.png,Severe,False,256,256,3,RGB,1.0,181153,.png,04eb32a9a6fa26d0a1da33938a03780094dc55e1c88de48a00ffadfeb25ab514,266624323a5e9b7b,C:\Users\Ashutosh Verma\OneDrive\Desktop\VET VISION AI\data\lsd\LumpySkinDisease_DataHub\LumpySkinDisease_DataHub\data-processed\lumpy_balanced\lumpy1\Severe1478.png
Severe1479.png,Severe1479.png,Severe,False,256,256,3,RGB,1.0,181153,.png,04eb32a9a6fa26d0a1da33938a03780094dc55e1c88de48a00ffadfeb25ab514,266624323a5e9b7b,C:\Users\Ashutosh Verma\OneDrive\Desktop\VET VISION AI\data\lsd\LumpySkinDisease_DataHub\LumpySkinDisease_DataHub\data-processed\lumpy_balanced\lumpy1\Severe1479.png
Severe1480.png,Severe1480.png,Severe,False,256,256,3,RGB,1.0,160608,.png,3d4afd3aa610737c6bbad420168cae69c0201262088bd658cb99d4b728777ad0,cf8fdfdfd9d0dc4c,C:\Users\Ashutosh Verma\OneDrive\Desktop\VET VISION AI\data\lsd\LumpySkinDisease_DataHub\LumpySkinDisease_DataHub\data-processed\lumpy_balanced\lumpy1\Severe1480.png
Severe1481.png,Severe1481.png,Severe,False,256,256,3,RGB,1.0,170627,.png,77c890b54e8fc8addc7f05484f1470d4fd0953ea371dcd1883a1bcc4a185dc07,d37df4f0f2735f72,C:\Users\Ashutosh Verma\OneDrive\Desktop\VET VISION AI\data\lsd\LumpySkinDisease_DataHub\LumpySkinDisease_DataHub\data-processed\lumpy_balanced\lumpy1\Severe1481.png
Severe1482.png,Severe1482.png,Severe,False,256,256,3,RGB,1.0,138257,.png,ee53adcb5ae859417d4bb4b4dbd3698fcd83a34a353e61ce7d8aebef7c67f7c9,337f74ecc17091f7,C:\Users\Ashutosh Verma\OneDrive\Desktop\VET VISION AI\data\lsd\LumpySkinDisease_DataHub\LumpySkinDisease_DataHub\data-processed\lumpy_balanced\lumpy1\Severe1482.png
Severe1483.png,Severe1483.png,Severe,False,256,256,3,RGB,1.0,185646,.png,21ebe9f8fb194c816a3477d2016ee9e2c6e5487ee06dbc555fa94716400e0bd9,7363095339971bc6,C:\Users\Ashutosh Verma\OneDrive\Desktop\VET VISION AI\data\lsd\LumpySkinDisease_DataHub\LumpySkinDisease_DataHub\data-processed\lumpy_balanced\lumpy1\Severe1483.png
Severe1484.png,Severe1484.png,Severe,False,256,256,3,RGB,1.0,170409,.png,3c4d85a310627aa2e4bcc70f6f9dd5c5e9fa05269362e4896e479fb92ce70c14,316f746cc13010f5,C:\Users\Ashutosh Verma\OneDrive\Desktop\VET VISION AI\data\lsd\LumpySkinDisease_DataHub\LumpySkinDisease_DataHub\data-processed\lumpy_balanced\lumpy1\Severe1484.png
Severe1485.png,Severe1485.png,Severe,False,256,256,3,RGB,1.0,170409,.png,3c4d85a310627aa2e4bcc70f6f9dd5c5e9fa05269362e4896e479fb92ce70c14,316f746cc13010f5,C:\Users\Ashutosh Verma\OneDrive\Desktop\VET VISION AI\data\lsd\LumpySkinDisease_DataHub\LumpySkinDisease_DataHub\data-processed\lumpy_balanced\lumpy1\Severe1485.png
Severe1486.png,Severe1486.png,Severe,False,256,256,3,RGB,1.0,175408,.png,58c46875c985963ead96a19b1196156dcda8e66dc97df28aa83673b240bf21a0,048c495b3317c2c2,C:\Users\Ashutosh Verma\OneDrive\Desktop\VET VISION AI\data\lsd\LumpySkinDisease_DataHub\LumpySkinDisease_DataHub\data-processed\lumpy_balanced\lumpy1\Severe1486.png
Severe1487.png,Severe1487.png,Severe,False,256,256,3,RGB,1.0,35426,.png,8f066c43e3b6e995dc00968f3bd1d0f5a37b210ebb269d4364f1c44ddd9ecc4f,04592937395d5b47,C:\Users\Ashutosh Verma\OneDrive\Desktop\VET VISION AI\data\lsd\LumpySkinDisease_DataHub\LumpySkinDisease_DataHub\data-processed\lumpy_balanced\lumpy1\Severe1487.png
Severe1488.png,Severe1488.png,Severe,False,256,256,3,RGB,1.0,185191,.png,e6691f3e459c889264ba02d09048e46f10d5890a3b6cb171f2bcbc353a4e1f91,26201c1c2c0c263a,C:\Users\Ashutosh Verma\OneDrive\Desktop\VET VISION AI\data\lsd\LumpySkinDisease_DataHub\LumpySkinDisease_DataHub\data-processed\lumpy_balanced\lumpy1\Severe1488.png
Severe1489.png,Severe1489.png,Severe,False,256,256,3,RGB,1.0,178723,.png,a96fd3d847f1c188cf96db2e3399c4eb2a9bad58384d8caed53661faf6f14172,0d6185997edee636,C:\Users\Ashutosh Verma\OneDrive\Desktop\VET VISION AI\data\lsd\LumpySkinDisease_DataHub\LumpySkinDisease_DataHub\data-processed\lumpy_balanced\lumpy1\Severe1489.png
Severe1490.png,Severe1490.png,Severe,False,256,256,3,RGB,1.0,175408,.png,58c46875c985963ead96a19b1196156dcda8e66dc97df28aa83673b240bf21a0,048c495b3317c2c2,C:\Users\Ashutosh Verma\OneDrive\Desktop\VET VISION AI\data\lsd\LumpySkinDisease_DataHub\LumpySkinDisease_DataHub\data-processed\lumpy_balanced\lumpy1\Severe1490.png
Severe1491.png,Severe1491.png,Severe,False,256,256,3,RGB,1.0,184860,.png,3730d25b8f5f2e89bccfb661a2c3c3842f28a236d1ce983ed7bfc14847d2c82b,eb4b81556f2b1919,C:\Users\Ashutosh Verma\OneDrive\Desktop\VET VISION AI\data\lsd\LumpySkinDisease_DataHub\LumpySkinDisease_DataHub\data-processed\lumpy_balanced\lumpy1\Severe1491.png
Severe1492.png,Severe1492.png,Severe,False,256,256,3,RGB,1.0,181695,.png,7676ce77874616e4977249cbf3627a7cae7ceabb562d5c57072f714a061f0af7,0dad6d6d2bdb89cd,C:\Users\Ashutosh Verma\OneDrive\Desktop\VET VISION AI\data\lsd\LumpySkinDisease_DataHub\LumpySkinDisease_DataHub\data-processed\lumpy_balanced\lumpy1\Severe1492.png
Severe1493.png,Severe1493.png,Severe,False,256,256,3,RGB,1.0,170627,.png,77c890b54e8fc8addc7f05484f1470d4fd0953ea371dcd1883a1bcc4a185dc07,d37df4f0f2735f72,C:\Users\Ashutosh Verma\OneDrive\Desktop\VET VISION AI\data\lsd\LumpySkinDisease_DataHub\LumpySkinDisease_DataHub\data-processed\lumpy_balanced\lumpy1\Severe1493.png
Severe1494.png,Severe1494.png,Severe,False,256,256,3,RGB,1.0,178723,.png,a96fd3d847f1c188cf96db2e3399c4eb2a9bad58384d8caed53661faf6f14172,0d6185997edee636,C:\Users\Ashutosh Verma\OneDrive\Desktop\VET VISION AI\data\lsd\LumpySkinDisease_DataHub\LumpySkinDisease_DataHub\data-processed\lumpy_balanced\lumpy1\Severe1494.png
Severe1495.png,Severe1495.png,Severe,False,256,256,3,RGB,1.0,174686,.png,04ddb9e06e343ce4315d89fad2efd2e26ff6393dc1851cccadd70c082be9331c,4d6b2f3f99393938,C:\Users\Ashutosh Verma\OneDrive\Desktop\VET VISION AI\data\lsd\LumpySkinDisease_DataHub\LumpySkinDisease_DataHub\data-processed\lumpy_balanced\lumpy1\Severe1495.png
Severe1496.png,Severe1496.png,Severe,False,256,256,3,RGB,1.0,186096,.png,7f1479c3a34e26aabe35d504de2ea3c40d4e1eaa99b7e3bbb5f97e8ea535cdc7,6f9f6ebc7c5c8e47,C:\Users\Ashutosh Verma\OneDrive\Desktop\VET VISION AI\data\lsd\LumpySkinDisease_DataHub\LumpySkinDisease_DataHub\data-processed\lumpy_balanced\lumpy1\Severe1496.png
Severe1497.png,Severe1497.png,Severe,False,256,256,3,RGB,1.0,167900,.png,c01a16667bd74d5d9fcaf519488b2904ae256d284ed8a44383b031b03f746595,bcb86a60b052e4b4,C:\Users\Ashutosh Verma\OneDrive\Desktop\VET VISION AI\data\lsd\LumpySkinDisease_DataHub\LumpySkinDisease_DataHub\data-processed\lumpy_balanced\lumpy1\Severe1497.png
Severe1498.png,Severe1498.png,Severe,False,256,256,3,RGB,1.0,171151,.png,7d0575cc2d71021238adc73e1ec64c32871790c161bab7bc06a8cab84c0e96a8,44cc497b135bc2e2,C:\Users\Ashutosh Verma\OneDrive\Desktop\VET VISION AI\data\lsd\LumpySkinDisease_DataHub\LumpySkinDisease_DataHub\data-processed\lumpy_balanced\lumpy1\Severe1498.png
Severe1499.png,Severe1499.png,Severe,False,256,256,3,RGB,1.0,170004,.png,befe3c7ce2185656ab8a2f55afac457c2e9a8763ea7488ac9fd82a0372d975e0,2527171717178f9b,C:\Users\Ashutosh Verma\OneDrive\Desktop\VET VISION AI\data\lsd\LumpySkinDisease_DataHub\LumpySkinDisease_DataHub\data-processed\lumpy_balanced\lumpy1\Severe1499.png
Severe1500.png,Severe1500.png,Severe,False,256,256,3,RGB,1.0,182399,.png,3f1eaf9badb441619d60c360d1e914d172ba2efea2adfb29347eade322617bff,91d5454d6f393999,C:\Users\Ashutosh Verma\OneDrive\Desktop\VET VISION AI\data\lsd\LumpySkinDisease_DataHub\LumpySkinDisease_DataHub\data-processed\lumpy_balanced\lumpy1\Severe1500.png
Severe1501.png,Severe1501.png,Severe,False,256,256,3,RGB,1.0,180167,.png,424919f221d0d5d6814ea6d7751a55764b031e91a5a1aada82c62246d4a47436,dddbc5edc3f576fe,C:\Users\Ashutosh Verma\OneDrive\Desktop\VET VISION AI\data\lsd\LumpySkinDisease_DataHub\LumpySkinDisease_DataHub\data-processed\lumpy_balanced\lumpy1\Severe1501.png
Severe1502.png,Severe1502.png,Severe,False,256,256,3,RGB,1.0,149764,.png,bbc4727ab6ccad1c325f80338d8b8866bd574e9581f3318d9f777d53c3f6e2b7,d8fb2e5b4b686b4b,C:\Users\Ashutosh Verma\OneDrive\Desktop\VET VISION AI\data\lsd\LumpySkinDisease_DataHub\LumpySkinDisease_DataHub\data-processed\lumpy_balanced\lumpy1\Severe1502.png
Severe1503.png,Severe1503.png,Severe,False,256,256,3,RGB,1.0,154102,.png,c986737d1eee1ce9e3b48995c60be3279c444d86a4f438608b9011ade92a9b2a,92260b0f09094d4d,C:\Users\Ashutosh Verma\OneDrive\Desktop\VET VISION AI\data\lsd\LumpySkinDisease_DataHub\LumpySkinDisease_DataHub\data-processed\lumpy_balanced\lumpy1\Severe1503.png
Severe1504.png,Severe1504.png,Severe,False,256,256,3,RGB,1.0,184548,.png,8b80d03826231d2de081204c769b82afd1e79b1ae07c87b9a6dd915f222d591b,5252028a8e9ab272,C:\Users\Ashutosh Verma\OneDrive\Desktop\VET VISION AI\data\lsd\LumpySkinDisease_DataHub\LumpySkinDisease_DataHub\data-processed\lumpy_balanced\lumpy1\Severe1504.png
Severe1505.png,Severe1505.png,Severe,False,256,256,3,RGB,1.0,182072,.png,2998e8ce33b7806dcf294f17870162c66e7522d08881550bf5b10b6e4572bc98,c6d796bd1bdb7939,C:\Users\Ashutosh Verma\OneDrive\Desktop\VET VISION AI\data\lsd\LumpySkinDisease_DataHub\LumpySkinDisease_DataHub\data-processed\lumpy_balanced\lumpy1\Severe1505.png
Severe1506.png,Severe1506.png,Severe,False,256,256,3,RGB,1.0,167900,.png,c01a16667bd74d5d9fcaf519488b2904ae256d284ed8a44383b031b03f746595,bcb86a60b052e4b4,C:\Users\Ashutosh Verma\OneDrive\Desktop\VET VISION AI\data\lsd\LumpySkinDisease_DataHub\LumpySkinDisease_DataHub\data-processed\lumpy_balanced\lumpy1\Severe1506.png
Severe1507.png,Severe1507.png,Severe,False,256,256,3,RGB,1.0,163947,.png,ec7cb138314c129a0af50f370631ef217d3676f0f36268f4b499919ea00778c2,c8e0c0c060100080,C:\Users\Ashutosh Verma\OneDrive\Desktop\VET VISION AI\data\lsd\LumpySkinDisease_DataHub\LumpySkinDisease_DataHub\data-processed\lumpy_balanced\lumpy1\Severe1507.png
Severe1508.png,Severe1508.png,Severe,False,256,256,3,RGB,1.0,183839,.png,e4af2d46cf21e00f3f853694a0181bda2182bbbf21dbde34b372f1cab3c31ff0,390f4d5767643693,C:\Users\Ashutosh Verma\OneDrive\Desktop\VET VISION AI\data\lsd\LumpySkinDisease_DataHub\LumpySkinDisease_DataHub\data-processed\lumpy_balanced\lumpy1\Severe1508.png
Severe1509.png,Severe1509.png,Severe,False,256,256,3,RGB,1.0,184533,.png,88ca04fe128aac9f354b40d7977711ee1c78e19b2299fe81975b91671620c214,2d22b3a363674d0d,C:\Users\Ashutosh Verma\OneDrive\Desktop\VET VISION AI\data\lsd\LumpySkinDisease_DataHub\LumpySkinDisease_DataHub\data-processed\lumpy_balanced\lumpy1\Severe1509.png
Severe1510.png,Severe1510.png,Severe,False,256,256,3,RGB,1.0,154102,.png,c986737d1eee1ce9e3b48995c60be3279c444d86a4f438608b9011ade92a9b2a,92260b0f09094d4d,C:\Users\Ashutosh Verma\OneDrive\Desktop\VET VISION AI\data\lsd\LumpySkinDisease_DataHub\LumpySkinDisease_DataHub\data-processed\lumpy_balanced\lumpy1\Severe1510.png
Severe1511.png,Severe1511.png,Severe,False,256,256,3,RGB,1.0,170004,.png,befe3c7ce2185656ab8a2f55afac457c2e9a8763ea7488ac9fd82a0372d975e0,2527171717178f9b,C:\Users\Ashutosh Verma\OneDrive\Desktop\VET VISION AI\data\lsd\LumpySkinDisease_DataHub\LumpySkinDisease_DataHub\data-processed\lumpy_balanced\lumpy1\Severe1511.png
Severe1512.png,Severe1512.png,Severe,False,256,256,3,RGB,1.0,160608,.png,3d4afd3aa610737c6bbad420168cae69c0201262088bd658cb99d4b728777ad0,cf8fdfdfd9d0dc4c,C:\Users\Ashutosh Verma\OneDrive\Desktop\VET VISION AI\data\lsd\LumpySkinDisease_DataHub\LumpySkinDisease_DataHub\data-processed\lumpy_balanced\lumpy1\Severe1512.png
Severe1513.png,Severe1513.png,Severe,False,256,256,4,RGBA,1.0,211551,.png,957e1cb5f063a85a6bd4054a3d0f8b8c29596386042057d3b2908a52b20481dd,1cf3ab92998b19e5,C:\Users\Ashutosh Verma\OneDrive\Desktop\VET VISION AI\data\lsd\LumpySkinDisease_DataHub\LumpySkinDisease_DataHub\data-processed\lumpy_balanced\lumpy1\Severe1513.png
Severe1514.png,Severe1514.png,Severe,False,256,256,3,RGB,1.0,154241,.png,de809056cab31215a33435201d3bcc35b28c33e7b73ed0d18d8976bade2fd99f,301c4d5b191d3070,C:\Users\Ashutosh Verma\OneDrive\Desktop\VET VISION AI\data\lsd\LumpySkinDisease_DataHub\LumpySkinDisease_DataHub\data-processed\lumpy_balanced\lumpy1\Severe1514.png
Severe1515.png,Severe1515.png,Severe,False,256,256,3,RGB,1.0,185571,.png,d03bd5aae4ec1e810d92c7cf7d8676b96d94ed0226842cacf6796c4e634c96eb,adacdad0f0f1e7c7,C:\Users\Ashutosh Verma\OneDrive\Desktop\VET VISION AI\data\lsd\LumpySkinDisease_DataHub\LumpySkinDisease_DataHub\data-processed\lumpy_balanced\lumpy1\Severe1515.png
Severe1516.png,Severe1516.png,Severe,False,256,256,3,RGB,1.0,185646,.png,21ebe9f8fb194c816a3477d2016ee9e2c6e5487ee06dbc555fa94716400e0bd9,7363095339971bc6,C:\Users\Ashutosh Verma\OneDrive\Desktop\VET VISION AI\data\lsd\LumpySkinDisease_DataHub\LumpySkinDisease_DataHub\data-processed\lumpy_balanced\lumpy1\Severe1516.png
Severe1517.png,Severe1517.png,Severe,False,256,256,3,RGB,1.0,173514,.png,75a4cdcf0aa89f4f4333ffb072ac9f96f015c6e9a67b62814d6f5afa56a2eb75,90b6c6c4c1d1313a,C:\Users\Ashutosh Verma\OneDrive\Desktop\VET VISION AI\data\lsd\LumpySkinDisease_DataHub\LumpySkinDisease_DataHub\data-processed\lumpy_balanced\lumpy1\Severe1517.png
Severe1518.png,Severe1518.png,Severe,False,256,256,4,RGBA,1.0,211551,.png,957e1cb5f063a85a6bd4054a3d0f8b8c29596386042057d3b2908a52b20481dd,1cf3ab92998b19e5,C:\Users\Ashutosh Verma\OneDrive\Desktop\VET VISION AI\data\lsd\LumpySkinDisease_DataHub\LumpySkinDisease_DataHub\data-processed\lumpy_balanced\lumpy1\Severe1518.png
Severe1519.png,Severe1519.png,Severe,False,256,256,3,RGB,1.0,175408,.png,58c46875c985963ead96a19b1196156dcda8e66dc97df28aa83673b240bf21a0,048c495b3317c2c2,C:\Users\Ashutosh Verma\OneDrive\Desktop\VET VISION AI\data\lsd\LumpySkinDisease_DataHub\LumpySkinDisease_DataHub\data-processed\lumpy_balanced\lumpy1\Severe1519.png
Severe1520.png,Severe1520.png,Severe,False,256,256,3,RGB,1.0,184533,.png,88ca04fe128aac9f354b40d7977711ee1c78e19b2299fe81975b91671620c214,2d22b3a363674d0d,C:\Users\Ashutosh Verma\OneDrive\Desktop\VET VISION AI\data\lsd\LumpySkinDisease_DataHub\LumpySkinDisease_DataHub\data-processed\lumpy_balanced\lumpy1\Severe1520.png
Severe1521.png,Severe1521.png,Severe,False,256,256,3,RGB,1.0,184548,.png,8b80d03826231d2de081204c769b82afd1e79b1ae07c87b9a6dd915f222d591b,5252028a8e9ab272,C:\Users\Ashutosh Verma\OneDrive\Desktop\VET VISION AI\data\lsd\LumpySkinDisease_DataHub\LumpySkinDisease_DataHub\data-processed\lumpy_balanced\lumpy1\Severe1521.png
Severe1522.png,Severe1522.png,Severe,False,256,256,3,RGB,1.0,180167,.png,424919f221d0d5d6814ea6d7751a55764b031e91a5a1aada82c62246d4a47436,dddbc5edc3f576fe,C:\Users\Ashutosh Verma\OneDrive\Desktop\VET VISION AI\data\lsd\LumpySkinDisease_DataHub\LumpySkinDisease_DataHub\data-processed\lumpy_balanced\lumpy1\Severe1522.png
Severe1523.png,Severe1523.png,Severe,False,256,256,3,RGB,1.0,174948,.png,312864e0ee900aac48c5c53f2fd45295ca490d2497038682010a1802f5353b8f,ee7ededfe6123ede,C:\Users\Ashutosh Verma\OneDrive\Desktop\VET VISION AI\data\lsd\LumpySkinDisease_DataHub\LumpySkinDisease_DataHub\data-processed\lumpy_balanced\lumpy1\Severe1523.png
Severe1524.png,Severe1524.png,Severe,False,256,256,3,RGB,1.0,173514,.png,75a4cdcf0aa89f4f4333ffb072ac9f96f015c6e9a67b62814d6f5afa56a2eb75,90b6c6c4c1d1313a,C:\Users\Ashutosh Verma\OneDrive\Desktop\VET VISION AI\data\lsd\LumpySkinDisease_DataHub\LumpySkinDisease_DataHub\data-processed\lumpy_balanced\lumpy1\Severe1524.png
Severe1525.png,Severe1525.png,Severe,False,256,256,3,RGB,1.0,149750,.png,255613e4506751ccc6309fc95790d90d119901d2703d8dc2b53dc0e1b21fc9b2,981898b123664c9a,C:\Users\Ashutosh Verma\OneDrive\Desktop\VET VISION AI\data\lsd\LumpySkinDisease_DataHub\LumpySkinDisease_DataHub\data-processed\lumpy_balanced\lumpy1\Severe1525.png
Severe1526.png,Severe1526.png,Severe,False,256,256,3,RGB,1.0,149764,.png,bbc4727ab6ccad1c325f80338d8b8866bd574e9581f3318d9f777d53c3f6e2b7,d8fb2e5b4b686b4b,C:\Users\Ashutosh Verma\OneDrive\Desktop\VET VISION AI\data\lsd\LumpySkinDisease_DataHub\LumpySkinDisease_DataHub\data-processed\lumpy_balanced\lumpy1\Severe1526.png
Severe1527.png,Severe1527.png,Severe,False,256,256,3,RGB,1.0,171151,.png,7d0575cc2d71021238adc73e1ec64c32871790c161bab7bc06a8cab84c0e96a8,44cc497b135bc2e2,C:\Users\Ashutosh Verma\OneDrive\Desktop\VET VISION AI\data\lsd\LumpySkinDisease_DataHub\LumpySkinDisease_DataHub\data-processed\lumpy_balanced\lumpy1\Severe1527.png
Severe1528.png,Severe1528.png,Severe,False,256,256,3,RGB,1.0,187768,.png,f86858ad5dd2f6931211ed7fad0162123dc3efc24e7b8098108afc0d73168484,8322a7a533617086,C:\Users\Ashutosh Verma\OneDrive\Desktop\VET VISION AI\data\lsd\LumpySkinDisease_DataHub\LumpySkinDisease_DataHub\data-processed\lumpy_balanced\lumpy1\Severe1528.png
Severe1529.png,Severe1529.png,Severe,False,256,256,3,RGB,1.0,186120,.png,45fc143092173eaaac0e7e88895f381a75dc7922a9b9bb02dd6558239571170f,6b61d5d757c3c3cf,C:\Users\Ashutosh Verma\OneDrive\Desktop\VET VISION AI\data\lsd\LumpySkinDisease_DataHub\LumpySkinDisease_DataHub\data-processed\lumpy_balanced\lumpy1\Severe1529.png
Severe1530.png,Severe1530.png,Severe,False,256,256,3,RGB,1.0,153542,.png,f66ccbbec79a45ecddcd0f7d248b8a7cae9f76a1f04c6b266b14628099c0339b,d8fb2e5b4b686b4b,C:\Users\Ashutosh Verma\OneDrive\Desktop\VET VISION AI\data\lsd\LumpySkinDisease_DataHub\LumpySkinDisease_DataHub\data-processed\lumpy_balanced\lumpy1\Severe1530.png
Severe1531.png,Severe1531.png,Severe,False,256,256,3,RGB,1.0,184548,.png,8b80d03826231d2de081204c769b82afd1e79b1ae07c87b9a6dd915f222d591b,5252028a8e9ab272,C:\Users\Ashutosh Verma\OneDrive\Desktop\VET VISION AI\data\lsd\LumpySkinDisease_DataHub\LumpySkinDisease_DataHub\data-processed\lumpy_balanced\lumpy1\Severe1531.png
Severe1532.png,Severe1532.png,Severe,False,256,256,3,RGB,1.0,175570,.png,ae48828d131be574247cee70715c97c59c6fd8a5538441b1bc13a1244f73f3b5,b1237330929a2b0a,C:\Users\Ashutosh Verma\OneDrive\Desktop\VET VISION AI\data\lsd\LumpySkinDisease_DataHub\LumpySkinDisease_DataHub\data-processed\lumpy_balanced\lumpy1\Severe1532.png
Severe1533.png,Severe1533.png,Severe,False,256,256,3,RGB,1.0,170409,.png,3c4d85a310627aa2e4bcc70f6f9dd5c5e9fa05269362e4896e479fb92ce70c14,316f746cc13010f5,C:\Users\Ashutosh Verma\OneDrive\Desktop\VET VISION AI\data\lsd\LumpySkinDisease_DataHub\LumpySkinDisease_DataHub\data-processed\lumpy_balanced\lumpy1\Severe1533.png
Severe1534.png,Severe1534.png,Severe,False,256,256,3,RGB,1.0,173514,.png,75a4cdcf0aa89f4f4333ffb072ac9f96f015c6e9a67b62814d6f5afa56a2eb75,90b6c6c4c1d1313a,C:\Users\Ashutosh Verma\OneDrive\Desktop\VET VISION AI\data\lsd\LumpySkinDisease_DataHub\LumpySkinDisease_DataHub\data-processed\lumpy_balanced\lumpy1\Severe1534.png
Severe1535.png,Severe1535.png,Severe,False,256,256,3,RGB,1.0,185421,.png,75eda04f0d7d46bb8ffa62a1b91f6ac75d5f23e6a76cd545503b0ea89a9e5026,61f0322329a3b190,C:\Users\Ashutosh Verma\OneDrive\Desktop\VET VISION AI\data\lsd\LumpySkinDisease_DataHub\LumpySkinDisease_DataHub\data-processed\lumpy_balanced\lumpy1\Severe1535.png
Severe1536.png,Severe1536.png,Severe,False,256,256,3,RGB,1.0,171151,.png,7d0575cc2d71021238adc73e1ec64c32871790c161bab7bc06a8cab84c0e96a8,44cc497b135bc2e2,C:\Users\Ashutosh Verma\OneDrive\Desktop\VET VISION AI\data\lsd\LumpySkinDisease_DataHub\LumpySkinDisease_DataHub\data-processed\lumpy_balanced\lumpy1\Severe1536.png
Severe1537.png,Severe1537.png,Severe,False,256,256,3,RGB,1.0,157331,.png,1438662b7c834ed4179967c61cbb507e0f1fda088106c2988b8925f123c07e15,f8b8b8f9b9bcee68,C:\Users\Ashutosh Verma\OneDrive\Desktop\VET VISION AI\data\lsd\LumpySkinDisease_DataHub\LumpySkinDisease_DataHub\data-processed\lumpy_balanced\lumpy1\Severe1537.png
Severe1538.png,Severe1538.png,Severe,False,256,256,3,RGB,1.0,170004,.png,befe3c7ce2185656ab8a2f55afac457c2e9a8763ea7488ac9fd82a0372d975e0,2527171717178f9b,C:\Users\Ashutosh Verma\OneDrive\Desktop\VET VISION AI\data\lsd\LumpySkinDisease_DataHub\LumpySkinDisease_DataHub\data-processed\lumpy_balanced\lumpy1\Severe1538.png
Severe1539.png,Severe1539.png,Severe,False,256,256,3,RGB,1.0,186159,.png,ff0942d6bb4e87c2497577610b52f6e1256f41f9ba0ff212ffe2257c84d61944,c6445c4e287c10b0,C:\Users\Ashutosh Verma\OneDrive\Desktop\VET VISION AI\data\lsd\LumpySkinDisease_DataHub\LumpySkinDisease_DataHub\data-processed\lumpy_balanced\lumpy1\Severe1539.png
Severe1540.png,Severe1540.png,Severe,False,256,256,3,RGB,1.0,193300,.png,bc4101533c713be0fec225337e8ee2d0cf7f9e7fa2b942efe3cd567a6ebb2e7a,1cd2a92b93979983,C:\Users\Ashutosh Verma\OneDrive\Desktop\VET VISION AI\data\lsd\LumpySkinDisease_DataHub\LumpySkinDisease_DataHub\data-processed\lumpy_balanced\lumpy1\Severe1540.png
Severe1541.png,Severe1541.png,Severe,False,256,256,3,RGB,1.0,182072,.png,2998e8ce33b7806dcf294f17870162c66e7522d08881550bf5b10b6e4572bc98,c6d796bd1bdb7939,C:\Users\Ashutosh Verma\OneDrive\Desktop\VET VISION AI\data\lsd\LumpySkinDisease_DataHub\LumpySkinDisease_DataHub\data-processed\lumpy_balanced\lumpy1\Severe1541.png
Severe1542.png,Severe1542.png,Severe,False,256,256,3,RGB,1.0,163050,.png,89c9802b2a0aa8e0e509e48ed4e14cbabdb1b58cfa38f6be775de123bc66ee87,f8b8b8f9b9bcee68,C:\Users\Ashutosh Verma\OneDrive\Desktop\VET VISION AI\data\lsd\LumpySkinDisease_DataHub\LumpySkinDisease_DataHub\data-processed\lumpy_balanced\lumpy1\Severe1542.png
Severe1543.png,Severe1543.png,Severe,False,256,256,3,RGB,1.0,186159,.png,ff0942d6bb4e87c2497577610b52f6e1256f41f9ba0ff212ffe2257c84d61944,c6445c4e287c10b0,C:\Users\Ashutosh Verma\OneDrive\Desktop\VET VISION AI\data\lsd\LumpySkinDisease_DataHub\LumpySkinDisease_DataHub\data-processed\lumpy_balanced\lumpy1\Severe1543.png
Severe1544.png,Severe1544.png,Severe,False,256,256,3,RGB,1.0,186159,.png,ff0942d6bb4e87c2497577610b52f6e1256f41f9ba0ff212ffe2257c84d61944,c6445c4e287c10b0,C:\Users\Ashutosh Verma\OneDrive\Desktop\VET VISION AI\data\lsd\LumpySkinDisease_DataHub\LumpySkinDisease_DataHub\data-processed\lumpy_balanced\lumpy1\Severe1544.png
Severe1545.png,Severe1545.png,Severe,False,256,256,4,RGBA,1.0,193112,.png,21e2fcb47169ab523db29c8289c38e31e7a5cf3aa8f83dae2e22a1a44a716151,1d9b132ba97bf7be,C:\Users\Ashutosh Verma\OneDrive\Desktop\VET VISION AI\data\lsd\LumpySkinDisease_DataHub\LumpySkinDisease_DataHub\data-processed\lumpy_balanced\lumpy1\Severe1545.png
Severe1546.png,Severe1546.png,Severe,False,256,256,3,RGB,1.0,165351,.png,ed52e3ae8fdb6dcaca7661974376de5b70f4d938205570577936f003ce1dd721,46de9424394e4272,C:\Users\Ashutosh Verma\OneDrive\Desktop\VET VISION AI\data\lsd\LumpySkinDisease_DataHub\LumpySkinDisease_DataHub\data-processed\lumpy_balanced\lumpy1\Severe1546.png
Severe1547.png,Severe1547.png,Severe,False,256,256,3,RGB,1.0,163947,.png,ec7cb138314c129a0af50f370631ef217d3676f0f36268f4b499919ea00778c2,c8e0c0c060100080,C:\Users\Ashutosh Verma\OneDrive\Desktop\VET VISION AI\data\lsd\LumpySkinDisease_DataHub\LumpySkinDisease_DataHub\data-processed\lumpy_balanced\lumpy1\Severe1547.png
Severe1548.png,Severe1548.png,Severe,False,256,256,3,RGB,1.0,182072,.png,2998e8ce33b7806dcf294f17870162c66e7522d08881550bf5b10b6e4572bc98,c6d796bd1bdb7939,C:\Users\Ashutosh Verma\OneDrive\Desktop\VET VISION AI\data\lsd\LumpySkinDisease_DataHub\LumpySkinDisease_DataHub\data-processed\lumpy_balanced\lumpy1\Severe1548.png
Severe1549.png,Severe1549.png,Severe,False,256,256,3,RGB,1.0,145673,.png,86e6d77f458da344ea0a76b9f2c50b8acfc65d20369c0661c2a3940471f08d5a,f9f0b684c0441cd8,C:\Users\Ashutosh Verma\OneDrive\Desktop\VET VISION AI\data\lsd\LumpySkinDisease_DataHub\LumpySkinDisease_DataHub\data-processed\lumpy_balanced\lumpy1\Severe1549.png
Severe1550.png,Severe1550.png,Severe,False,256,256,3,RGB,1.0,175130,.png,0919d184bbbb281a7ef23d5e947b9b9a9920346a710fe72510e34914229bdda4,f2b2649a06226276,C:\Users\Ashutosh Verma\OneDrive\Desktop\VET VISION AI\data\lsd\LumpySkinDisease_DataHub\LumpySkinDisease_DataHub\data-processed\lumpy_balanced\lumpy1\Severe1550.png
Severe1551.png,Severe1551.png,Severe,False,256,256,3,RGB,1.0,186159,.png,ff0942d6bb4e87c2497577610b52f6e1256f41f9ba0ff212ffe2257c84d61944,c6445c4e287c10b0,C:\Users\Ashutosh Verma\OneDrive\Desktop\VET VISION AI\data\lsd\LumpySkinDisease_DataHub\LumpySkinDisease_DataHub\data-processed\lumpy_balanced\lumpy1\Severe1551.png
Severe1552.png,Severe1552.png,Severe,False,256,256,3,RGB,1.0,186120,.png,45fc143092173eaaac0e7e88895f381a75dc7922a9b9bb02dd6558239571170f,6b61d5d757c3c3cf,C:\Users\Ashutosh Verma\OneDrive\Desktop\VET VISION AI\data\lsd\LumpySkinDisease_DataHub\LumpySkinDisease_DataHub\data-processed\lumpy_balanced\lumpy1\Severe1552.png
Severe1553.png,Severe1553.png,Severe,False,256,256,3,RGB,1.0,182488,.png,3911b84b9b3f2c7fc9da05b94878af3e860bc59b274a9a1933e9c93231b70922,eb4b81556f2b1919,C:\Users\Ashutosh Verma\OneDrive\Desktop\VET VISION AI\data\lsd\LumpySkinDisease_DataHub\LumpySkinDisease_DataHub\data-processed\lumpy_balanced\lumpy1\Severe1553.png
Severe1554.png,Severe1554.png,Severe,False,256,256,3,RGB,1.0,178301,.png,4c3e22d952aaa7a0de113ef84561471fa25ab097492251955077732534d8bac2,909026246866264d,C:\Users\Ashutosh Verma\OneDrive\Desktop\VET VISION AI\data\lsd\LumpySkinDisease_DataHub\LumpySkinDisease_DataHub\data-processed\lumpy_balanced\lumpy1\Severe1554.png
Severe1555.png,Severe1555.png,Severe,False,256,256,3,RGB,1.0,173514,.png,75a4cdcf0aa89f4f4333ffb072ac9f96f015c6e9a67b62814d6f5afa56a2eb75,90b6c6c4c1d1313a,C:\Users\Ashutosh Verma\OneDrive\Desktop\VET VISION AI\data\lsd\LumpySkinDisease_DataHub\LumpySkinDisease_DataHub\data-processed\lumpy_balanced\lumpy1\Severe1555.png
Severe1556.png,Severe1556.png,Severe,False,256,256,3,RGB,1.0,160510,.png,1208ba333e24d97cf943d36730cc475e01731b8351204d55426dfaa102add27b,18180c3c3c333323,C:\Users\Ashutosh Verma\OneDrive\Desktop\VET VISION AI\data\lsd\LumpySkinDisease_DataHub\LumpySkinDisease_DataHub\data-processed\lumpy_balanced\lumpy1\Severe1556.png
Severe1557.png,Severe1557.png,Severe,False,256,256,3,RGB,1.0,153542,.png,f66ccbbec79a45ecddcd0f7d248b8a7cae9f76a1f04c6b266b14628099c0339b,d8fb2e5b4b686b4b,C:\Users\Ashutosh Verma\OneDrive\Desktop\VET VISION AI\data\lsd\LumpySkinDisease_DataHub\LumpySkinDisease_DataHub\data-processed\lumpy_balanced\lumpy1\Severe1557.png
Severe1558.png,Severe1558.png,Severe,False,256,256,3,RGB,1.0,175519,.png,c5fae5773b3bb0504b40d39f69b26d49887823943152f91bd91d0b91183096ed,c9e7666424e0e5e5,C:\Users\Ashutosh Verma\OneDrive\Desktop\VET VISION AI\data\lsd\LumpySkinDisease_DataHub\LumpySkinDisease_DataHub\data-processed\lumpy_balanced\lumpy1\Severe1558.png
Severe1559.png,Severe1559.png,Severe,False,256,256,3,RGB,1.0,173740,.png,4b03194035f2ffad4b478a4cf37a19edd122238c89060deeb9fe34d4e613853d,909026246866264d,C:\Users\Ashutosh Verma\OneDrive\Desktop\VET VISION AI\data\lsd\LumpySkinDisease_DataHub\LumpySkinDisease_DataHub\data-processed\lumpy_balanced\lumpy1\Severe1559.png
Severe1560.png,Severe1560.png,Severe,False,256,256,3,RGB,1.0,185571,.png,d03bd5aae4ec1e810d92c7cf7d8676b96d94ed0226842cacf6796c4e634c96eb,adacdad0f0f1e7c7,C:\Users\Ashutosh Verma\OneDrive\Desktop\VET VISION AI\data\lsd\LumpySkinDisease_DataHub\LumpySkinDisease_DataHub\data-processed\lumpy_balanced\lumpy1\Severe1560.png
Severe1561.png,Severe1561.png,Severe,False,256,256,3,RGB,1.0,159775,.png,a7835f8cbea03606fdd5bc01376a48c0540b0d849e657cc559124a7bbfa87f9a,82c451b9e62d18b6,C:\Users\Ashutosh Verma\OneDrive\Desktop\VET VISION AI\data\lsd\LumpySkinDisease_DataHub\LumpySkinDisease_DataHub\data-processed\lumpy_balanced\lumpy1\Severe1561.png
Severe1562.png,Severe1562.png,Severe,False,256,256,3,RGB,1.0,154241,.png,de809056cab31215a33435201d3bcc35b28c33e7b73ed0d18d8976bade2fd99f,301c4d5b191d3070,C:\Users\Ashutosh Verma\OneDrive\Desktop\VET VISION AI\data\lsd\LumpySkinDisease_DataHub\LumpySkinDisease_DataHub\data-processed\lumpy_balanced\lumpy1\Severe1562.png
Severe1563.png,Severe1563.png,Severe,False,256,256,3,RGB,1.0,187054,.png,a5535192241abf0c8e19fa2f0ca153c68caa757315959bfdff8dc84d406b5d02,377761d543e3cd8d,C:\Users\Ashutosh Verma\OneDrive\Desktop\VET VISION AI\data\lsd\LumpySkinDisease_DataHub\LumpySkinDisease_DataHub\data-processed\lumpy_balanced\lumpy1\Severe1563.png
Severe1564.png,Severe1564.png,Severe,False,256,256,3,RGB,1.0,182488,.png,3911b84b9b3f2c7fc9da05b94878af3e860bc59b274a9a1933e9c93231b70922,eb4b81556f2b1919,C:\Users\Ashutosh Verma\OneDrive\Desktop\VET VISION AI\data\lsd\LumpySkinDisease_DataHub\LumpySkinDisease_DataHub\data-processed\lumpy_balanced\lumpy1\Severe1564.png
Severe1565.png,Severe1565.png,Severe,False,256,256,3,RGB,1.0,157331,.png,1438662b7c834ed4179967c61cbb507e0f1fda088106c2988b8925f123c07e15,f8b8b8f9b9bcee68,C:\Users\Ashutosh Verma\OneDrive\Desktop\VET VISION AI\data\lsd\LumpySkinDisease_DataHub\LumpySkinDisease_DataHub\data-processed\lumpy_balanced\lumpy1\Severe1565.png
Severe1566.png,Severe1566.png,Severe,False,256,256,3,RGB,1.0,186120,.png,45fc143092173eaaac0e7e88895f381a75dc7922a9b9bb02dd6558239571170f,6b61d5d757c3c3cf,C:\Users\Ashutosh Verma\OneDrive\Desktop\VET VISION AI\data\lsd\LumpySkinDisease_DataHub\LumpySkinDisease_DataHub\data-processed\lumpy_balanced\lumpy1\Severe1566.png
Severe1567.png,Severe1567.png,Severe,False,256,256,3,RGB,1.0,178723,.png,a96fd3d847f1c188cf96db2e3399c4eb2a9bad58384d8caed53661faf6f14172,0d6185997edee636,C:\Users\Ashutosh Verma\OneDrive\Desktop\VET VISION AI\data\lsd\LumpySkinDisease_DataHub\LumpySkinDisease_DataHub\data-processed\lumpy_balanced\lumpy1\Severe1567.png
Severe1568.png,Severe1568.png,Severe,False,256,256,3,RGB,1.0,185440,.png,9c5fb8eb78c9d8e5b4a290c50ba5bd4acf92b3458aafae02b53b9037c78353b2,dbf3cbafb7cd6d21,C:\Users\Ashutosh Verma\OneDrive\Desktop\VET VISION AI\data\lsd\LumpySkinDisease_DataHub\LumpySkinDisease_DataHub\data-processed\lumpy_balanced\lumpy1\Severe1568.png
Severe1569.png,Severe1569.png,Severe,False,256,256,3,RGB,1.0,175519,.png,c5fae5773b3bb0504b40d39f69b26d49887823943152f91bd91d0b91183096ed,c9e7666424e0e5e5,C:\Users\Ashutosh Verma\OneDrive\Desktop\VET VISION AI\data\lsd\LumpySkinDisease_DataHub\LumpySkinDisease_DataHub\data-processed\lumpy_balanced\lumpy1\Severe1569.png
Severe1570.png,Severe1570.png,Severe,False,256,256,3,RGB,1.0,173740,.png,4b03194035f2ffad4b478a4cf37a19edd122238c89060deeb9fe34d4e613853d,909026246866264d,C:\Users\Ashutosh Verma\OneDrive\Desktop\VET VISION AI\data\lsd\LumpySkinDisease_DataHub\LumpySkinDisease_DataHub\data-processed\lumpy_balanced\lumpy1\Severe1570.png
Severe1571.png,Severe1571.png,Severe,False,256,256,3,RGB,1.0,181695,.png,7676ce77874616e4977249cbf3627a7cae7ceabb562d5c57072f714a061f0af7,0dad6d6d2bdb89cd,C:\Users\Ashutosh Verma\OneDrive\Desktop\VET VISION AI\data\lsd\LumpySkinDisease_DataHub\LumpySkinDisease_DataHub\data-processed\lumpy_balanced\lumpy1\Severe1571.png
Severe1572.png,Severe1572.png,Severe,False,256,256,3,RGB,1.0,182441,.png,f7d535d4e53af1fb374820adb2395cc232126ce5a7b9648ddc3bcff62c7d6bdf,ad7ed1f4f0e5c7d6,C:\Users\Ashutosh Verma\OneDrive\Desktop\VET VISION AI\data\lsd\LumpySkinDisease_DataHub\LumpySkinDisease_DataHub\data-processed\lumpy_balanced\lumpy1\Severe1572.png
Severe1573.png,Severe1573.png,Severe,False,256,256,3,RGB,1.0,166397,.png,d82b4b4b5ee5d137952cee04678882270bd7f30a9e33a3926799be39a14b70b6,96bcb862e09046a4,C:\Users\Ashutosh Verma\OneDrive\Desktop\VET VISION AI\data\lsd\LumpySkinDisease_DataHub\LumpySkinDisease_DataHub\data-processed\lumpy_balanced\lumpy1\Severe1573.png
Severe1574.png,Severe1574.png,Severe,False,256,256,3,RGB,1.0,144094,.png,57fb7674ea79f9676ee45244a54c780c480a0e5ae5c06f215ace11e68e285ffb,563c7a6160134624,C:\Users\Ashutosh Verma\OneDrive\Desktop\VET VISION AI\data\lsd\LumpySkinDisease_DataHub\LumpySkinDisease_DataHub\data-processed\lumpy_balanced\lumpy1\Severe1574.png
Severe1575.png,Severe1575.png,Severe,False,256,256,3,RGB,1.0,178301,.png,4c3e22d952aaa7a0de113ef84561471fa25ab097492251955077732534d8bac2,909026246866264d,C:\Users\Ashutosh Verma\OneDrive\Desktop\VET VISION AI\data\lsd\LumpySkinDisease_DataHub\LumpySkinDisease_DataHub\data-processed\lumpy_balanced\lumpy1\Severe1575.png
Severe1576.png,Severe1576.png,Severe,False,256,256,3,RGB,1.0,159775,.png,a7835f8cbea03606fdd5bc01376a48c0540b0d849e657cc559124a7bbfa87f9a,82c451b9e62d18b6,C:\Users\Ashutosh Verma\OneDrive\Desktop\VET VISION AI\data\lsd\LumpySkinDisease_DataHub\LumpySkinDisease_DataHub\data-processed\lumpy_balanced\lumpy1\Severe1576.png
Severe1577.png,Severe1577.png,Severe,False,256,256,3,RGB,1.0,185421,.png,75eda04f0d7d46bb8ffa62a1b91f6ac75d5f23e6a76cd545503b0ea89a9e5026,61f0322329a3b190,C:\Users\Ashutosh Verma\OneDrive\Desktop\VET VISION AI\data\lsd\LumpySkinDisease_DataHub\LumpySkinDisease_DataHub\data-processed\lumpy_balanced\lumpy1\Severe1577.png
Severe1578.png,Severe1578.png,Severe,False,256,256,3,RGB,1.0,170409,.png,3c4d85a310627aa2e4bcc70f6f9dd5c5e9fa05269362e4896e479fb92ce70c14,316f746cc13010f5,C:\Users\Ashutosh Verma\OneDrive\Desktop\VET VISION AI\data\lsd\LumpySkinDisease_DataHub\LumpySkinDisease_DataHub\data-processed\lumpy_balanced\lumpy1\Severe1578.png
Severe1579.png,Severe1579.png,Severe,False,256,256,3,RGB,1.0,187768,.png,f86858ad5dd2f6931211ed7fad0162123dc3efc24e7b8098108afc0d73168484,8322a7a533617086,C:\Users\Ashutosh Verma\OneDrive\Desktop\VET VISION AI\data\lsd\LumpySkinDisease_DataHub\LumpySkinDisease_DataHub\data-processed\lumpy_balanced\lumpy1\Severe1579.png
Severe1580.png,Severe1580.png,Severe,False,256,256,3,RGB,1.0,186096,.png,7f1479c3a34e26aabe35d504de2ea3c40d4e1eaa99b7e3bbb5f97e8ea535cdc7,6f9f6ebc7c5c8e47,C:\Users\Ashutosh Verma\OneDrive\Desktop\VET VISION AI\data\lsd\LumpySkinDisease_DataHub\LumpySkinDisease_DataHub\data-processed\lumpy_balanced\lumpy1\Severe1580.png
Severe1581.png,Severe1581.png,Severe,False,256,256,3,RGB,1.0,173740,.png,4b03194035f2ffad4b478a4cf37a19edd122238c89060deeb9fe34d4e613853d,909026246866264d,C:\Users\Ashutosh Verma\OneDrive\Desktop\VET VISION AI\data\lsd\LumpySkinDisease_DataHub\LumpySkinDisease_DataHub\data-processed\lumpy_balanced\lumpy1\Severe1581.png
Severe1582.png,Severe1582.png,Severe,False,256,256,3,RGB,1.0,179854,.png,a2f3bfe404a40600e95c679b8b548abc1af56caba7e208669e1ff6c72cd1d894,1e162647474f9abe,C:\Users\Ashutosh Verma\OneDrive\Desktop\VET VISION AI\data\lsd\LumpySkinDisease_DataHub\LumpySkinDisease_DataHub\data-processed\lumpy_balanced\lumpy1\Severe1582.png
Severe1583.png,Severe1583.png,Severe,False,256,256,3,RGB,1.0,174948,.png,312864e0ee900aac48c5c53f2fd45295ca490d2497038682010a1802f5353b8f,ee7ededfe6123ede,C:\Users\Ashutosh Verma\OneDrive\Desktop\VET VISION AI\data\lsd\LumpySkinDisease_DataHub\LumpySkinDisease_DataHub\data-processed\lumpy_balanced\lumpy1\Severe1583.png
Severe1584.png,Severe1584.png,Severe,False,256,256,3,RGB,1.0,174686,.png,04ddb9e06e343ce4315d89fad2efd2e26ff6393dc1851cccadd70c082be9331c,4d6b2f3f99393938,C:\Users\Ashutosh Verma\OneDrive\Desktop\VET VISION AI\data\lsd\LumpySkinDisease_DataHub\LumpySkinDisease_DataHub\data-processed\lumpy_balanced\lumpy1\Severe1584.png
Severe1585.png,Severe1585.png,Severe,False,256,256,3,RGB,1.0,175570,.png,ae48828d131be574247cee70715c97c59c6fd8a5538441b1bc13a1244f73f3b5,b1237330929a2b0a,C:\Users\Ashutosh Verma\OneDrive\Desktop\VET VISION AI\data\lsd\LumpySkinDisease_DataHub\LumpySkinDisease_DataHub\data-processed\lumpy_balanced\lumpy1\Severe1585.png
Severe1586.png,Severe1586.png,Severe,False,256,256,3,RGB,1.0,163050,.png,89c9802b2a0aa8e0e509e48ed4e14cbabdb1b58cfa38f6be775de123bc66ee87,f8b8b8f9b9bcee68,C:\Users\Ashutosh Verma\OneDrive\Desktop\VET VISION AI\data\lsd\LumpySkinDisease_DataHub\LumpySkinDisease_DataHub\data-processed\lumpy_balanced\lumpy1\Severe1586.png
Severe1587.png,Severe1587.png,Severe,False,256,256,3,RGB,1.0,186159,.png,ff0942d6bb4e87c2497577610b52f6e1256f41f9ba0ff212ffe2257c84d61944,c6445c4e287c10b0,C:\Users\Ashutosh Verma\OneDrive\Desktop\VET VISION AI\data\lsd\LumpySkinDisease_DataHub\LumpySkinDisease_DataHub\data-processed\lumpy_balanced\lumpy1\Severe1587.png
Severe1588.png,Severe1588.png,Severe,False,256,256,3,RGB,1.0,144094,.png,57fb7674ea79f9676ee45244a54c780c480a0e5ae5c06f215ace11e68e285ffb,563c7a6160134624,C:\Users\Ashutosh Verma\OneDrive\Desktop\VET VISION AI\data\lsd\LumpySkinDisease_DataHub\LumpySkinDisease_DataHub\data-processed\lumpy_balanced\lumpy1\Severe1588.png
Severe1589.png,Severe1589.png,Severe,False,256,256,3,RGB,1.0,178301,.png,4c3e22d952aaa7a0de113ef84561471fa25ab097492251955077732534d8bac2,909026246866264d,C:\Users\Ashutosh Verma\OneDrive\Desktop\VET VISION AI\data\lsd\LumpySkinDisease_DataHub\LumpySkinDisease_DataHub\data-processed\lumpy_balanced\lumpy1\Severe1589.png
Severe1590.png,Severe1590.png,Severe,False,256,256,3,RGB,1.0,179136,.png,cce1cd1bf44c1ea87336c265db3fa6764d7b4bf1212a472b3edb7f0e6a2f018d,316f746cc13010f7,C:\Users\Ashutosh Verma\OneDrive\Desktop\VET VISION AI\data\lsd\LumpySkinDisease_DataHub\LumpySkinDisease_DataHub\data-processed\lumpy_balanced\lumpy1\Severe1590.png
Severe1591.png,Severe1591.png,Severe,False,256,256,3,RGB,1.0,111990,.png,d788fde4fa7da4d7e2cddb0bb519a64e0303d0046b6683ea27a9f13d371c1639,79796e5c6473797d,C:\Users\Ashutosh Verma\OneDrive\Desktop\VET VISION AI\data\lsd\LumpySkinDisease_DataHub\LumpySkinDisease_DataHub\data-processed\lumpy_balanced\lumpy1\Severe1591.png
Severe1592.png,Severe1592.png,Severe,False,256,256,3,RGB,1.0,172724,.png,9938ad1a44d282371ba5bd1fe28c2f973a3fb2245f4841cbb266f6a8a0cb1b1c,1d9b132ba97bf7be,C:\Users\Ashutosh Verma\OneDrive\Desktop\VET VISION AI\data\lsd\LumpySkinDisease_DataHub\LumpySkinDisease_DataHub\data-processed\lumpy_balanced\lumpy1\Severe1592.png
Severe1593.png,Severe1593.png,Severe,False,256,256,3,RGB,1.0,184224,.png,9d31b6948117d958db0ccaa3d8d52e959507c6af63b958f5e07d7fdbe21622fe,7363095339971ac6,C:\Users\Ashutosh Verma\OneDrive\Desktop\VET VISION AI\data\lsd\LumpySkinDisease_DataHub\LumpySkinDisease_DataHub\data-processed\lumpy_balanced\lumpy1\Severe1593.png
Severe1594.png,Severe1594.png,Severe,False,256,256,3,RGB,1.0,145213,.png,d81e0f93c596c62710cd8db1534f4e90eb32b9c7cfc83e3b8a65eb99b76b68ac,fe9f5e747071980c,C:\Users\Ashutosh Verma\OneDrive\Desktop\VET VISION AI\data\lsd\LumpySkinDisease_DataHub\LumpySkinDisease_DataHub\data-processed\lumpy_balanced\lumpy1\Severe1594.png
Severe1595.png,Severe1595.png,Severe,False,256,256,3,RGB,1.0,170409,.png,3c4d85a310627aa2e4bcc70f6f9dd5c5e9fa05269362e4896e479fb92ce70c14,316f746cc13010f5,C:\Users\Ashutosh Verma\OneDrive\Desktop\VET VISION AI\data\lsd\LumpySkinDisease_DataHub\LumpySkinDisease_DataHub\data-processed\lumpy_balanced\lumpy1\Severe1595.png
Severe1596.png,Severe1596.png,Severe,False,256,256,3,RGB,1.0,186096,.png,7f1479c3a34e26aabe35d504de2ea3c40d4e1eaa99b7e3bbb5f97e8ea535cdc7,6f9f6ebc7c5c8e47,C:\Users\Ashutosh Verma\OneDrive\Desktop\VET VISION AI\data\lsd\LumpySkinDisease_DataHub\LumpySkinDisease_DataHub\data-processed\lumpy_balanced\lumpy1\Severe1596.png
Severe1597.png,Severe1597.png,Severe,False,256,256,3,RGB,1.0,174686,.png,04ddb9e06e343ce4315d89fad2efd2e26ff6393dc1851cccadd70c082be9331c,4d6b2f3f99393938,C:\Users\Ashutosh Verma\OneDrive\Desktop\VET VISION AI\data\lsd\LumpySkinDisease_DataHub\LumpySkinDisease_DataHub\data-processed\lumpy_balanced\lumpy1\Severe1597.png
Severe1598.png,Severe1598.png,Severe,False,256,256,3,RGB,1.0,179136,.png,cce1cd1bf44c1ea87336c265db3fa6764d7b4bf1212a472b3edb7f0e6a2f018d,316f746cc13010f7,C:\Users\Ashutosh Verma\OneDrive\Desktop\VET VISION AI\data\lsd\LumpySkinDisease_DataHub\LumpySkinDisease_DataHub\data-processed\lumpy_balanced\lumpy1\Severe1598.png
Severe1599.png,Severe1599.png,Severe,False,256,256,3,RGB,1.0,182751,.png,83852ec7520d975e4cc82e022c928a96da56373b77f7e092b6dc15123770500f,d6f2aaaecbeba3a7,C:\Users\Ashutosh Verma\OneDrive\Desktop\VET VISION AI\data\lsd\LumpySkinDisease_DataHub\LumpySkinDisease_DataHub\data-processed\lumpy_balanced\lumpy1\Severe1599.png
Severe1600.png,Severe1600.png,Severe,False,256,256,3,RGB,1.0,184548,.png,8b80d03826231d2de081204c769b82afd1e79b1ae07c87b9a6dd915f222d591b,5252028a8e9ab272,C:\Users\Ashutosh Verma\OneDrive\Desktop\VET VISION AI\data\lsd\LumpySkinDisease_DataHub\LumpySkinDisease_DataHub\data-processed\lumpy_balanced\lumpy1\Severe1600.png
Severe1601.png,Severe1601.png,Severe,False,256,256,3,RGB,1.0,185646,.png,21ebe9f8fb194c816a3477d2016ee9e2c6e5487ee06dbc555fa94716400e0bd9,7363095339971bc6,C:\Users\Ashutosh Verma\OneDrive\Desktop\VET VISION AI\data\lsd\LumpySkinDisease_DataHub\LumpySkinDisease_DataHub\data-processed\lumpy_balanced\lumpy1\Severe1601.png
Severe1602.png,Severe1602.png,Severe,False,256,256,3,RGB,1.0,158497,.png,9db8d6690e6cd3a2d10ddbe3deab8127f5a5c6de0d8f64bda49fb4f2ff0663a3,93bea5e031d13313,C:\Users\Ashutosh Verma\OneDrive\Desktop\VET VISION AI\data\lsd\LumpySkinDisease_DataHub\LumpySkinDisease_DataHub\data-processed\lumpy_balanced\lumpy1\Severe1602.png
Severe1603.png,Severe1603.png,Severe,False,256,256,3,RGB,1.0,145673,.png,86e6d77f458da344ea0a76b9f2c50b8acfc65d20369c0661c2a3940471f08d5a,f9f0b684c0441cd8,C:\Users\Ashutosh Verma\OneDrive\Desktop\VET VISION AI\data\lsd\LumpySkinDisease_DataHub\LumpySkinDisease_DataHub\data-processed\lumpy_balanced\lumpy1\Severe1603.png
Severe1604.png,Severe1604.png,Severe,False,256,256,3,RGB,1.0,155252,.png,258b89f8497f6314ae34bccbaa57ee6e4fc8a12b54276414a9413236d5cc615d,fe9f5e747071980c,C:\Users\Ashutosh Verma\OneDrive\Desktop\VET VISION AI\data\lsd\LumpySkinDisease_DataHub\LumpySkinDisease_DataHub\data-processed\lumpy_balanced\lumpy1\Severe1604.png
Severe1605.png,Severe1605.png,Severe,False,256,256,3,RGB,1.0,175570,.png,ae48828d131be574247cee70715c97c59c6fd8a5538441b1bc13a1244f73f3b5,b1237330929a2b0a,C:\Users\Ashutosh Verma\OneDrive\Desktop\VET VISION AI\data\lsd\LumpySkinDisease_DataHub\LumpySkinDisease_DataHub\data-processed\lumpy_balanced\lumpy1\Severe1605.png
Severe1606.png,Severe1606.png,Severe,False,256,256,3,RGB,1.0,187054,.png,a5535192241abf0c8e19fa2f0ca153c68caa757315959bfdff8dc84d406b5d02,377761d543e3cd8d,C:\Users\Ashutosh Verma\OneDrive\Desktop\VET VISION AI\data\lsd\LumpySkinDisease_DataHub\LumpySkinDisease_DataHub\data-processed\lumpy_balanced\lumpy1\Severe1606.png
Severe1607.png,Severe1607.png,Severe,False,256,256,3,RGB,1.0,155252,.png,258b89f8497f6314ae34bccbaa57ee6e4fc8a12b54276414a9413236d5cc615d,fe9f5e747071980c,C:\Users\Ashutosh Verma\OneDrive\Desktop\VET VISION AI\data\lsd\LumpySkinDisease_DataHub\LumpySkinDisease_DataHub\data-processed\lumpy_balanced\lumpy1\Severe1607.png
Severe1608.png,Severe1608.png,Severe,False,256,256,3,RGB,1.0,174948,.png,312864e0ee900aac48c5c53f2fd45295ca490d2497038682010a1802f5353b8f,ee7ededfe6123ede,C:\Users\Ashutosh Verma\OneDrive\Desktop\VET VISION AI\data\lsd\LumpySkinDisease_DataHub\LumpySkinDisease_DataHub\data-processed\lumpy_balanced\lumpy1\Severe1608.png
Severe1609.png,Severe1609.png,Severe,False,256,256,3,RGB,1.0,160510,.png,1208ba333e24d97cf943d36730cc475e01731b8351204d55426dfaa102add27b,18180c3c3c333323,C:\Users\Ashutosh Verma\OneDrive\Desktop\VET VISION AI\data\lsd\LumpySkinDisease_DataHub\LumpySkinDisease_DataHub\data-processed\lumpy_balanced\lumpy1\Severe1609.png
Severe1610.png,Severe1610.png,Severe,False,256,256,3,RGB,1.0,157331,.png,1438662b7c834ed4179967c61cbb507e0f1fda088106c2988b8925f123c07e15,f8b8b8f9b9bcee68,C:\Users\Ashutosh Verma\OneDrive\Desktop\VET VISION AI\data\lsd\LumpySkinDisease_DataHub\LumpySkinDisease_DataHub\data-processed\lumpy_balanced\lumpy1\Severe1610.png
Severe1611.png,Severe1611.png,Severe,False,256,256,3,RGB,1.0,185191,.png,e6691f3e459c889264ba02d09048e46f10d5890a3b6cb171f2bcbc353a4e1f91,26201c1c2c0c263a,C:\Users\Ashutosh Verma\OneDrive\Desktop\VET VISION AI\data\lsd\LumpySkinDisease_DataHub\LumpySkinDisease_DataHub\data-processed\lumpy_balanced\lumpy1\Severe1611.png
Severe1612.png,Severe1612.png,Severe,False,256,256,3,RGB,1.0,187054,.png,a5535192241abf0c8e19fa2f0ca153c68caa757315959bfdff8dc84d406b5d02,377761d543e3cd8d,C:\Users\Ashutosh Verma\OneDrive\Desktop\VET VISION AI\data\lsd\LumpySkinDisease_DataHub\LumpySkinDisease_DataHub\data-processed\lumpy_balanced\lumpy1\Severe1612.png
Severe1613.png,Severe1613.png,Severe,False,256,256,3,RGB,1.0,166397,.png,d82b4b4b5ee5d137952cee04678882270bd7f30a9e33a3926799be39a14b70b6,96bcb862e09046a4,C:\Users\Ashutosh Verma\OneDrive\Desktop\VET VISION AI\data\lsd\LumpySkinDisease_DataHub\LumpySkinDisease_DataHub\data-processed\lumpy_balanced\lumpy1\Severe1613.png
Severe1614.png,Severe1614.png,Severe,False,256,256,3,RGB,1.0,175130,.png,0919d184bbbb281a7ef23d5e947b9b9a9920346a710fe72510e34914229bdda4,f2b2649a06226276,C:\Users\Ashutosh Verma\OneDrive\Desktop\VET VISION AI\data\lsd\LumpySkinDisease_DataHub\LumpySkinDisease_DataHub\data-processed\lumpy_balanced\lumpy1\Severe1614.png
Severe1615.png,Severe1615.png,Severe,False,256,256,3,RGB,1.0,178301,.png,4c3e22d952aaa7a0de113ef84561471fa25ab097492251955077732534d8bac2,909026246866264d,C:\Users\Ashutosh Verma\OneDrive\Desktop\VET VISION AI\data\lsd\LumpySkinDisease_DataHub\LumpySkinDisease_DataHub\data-processed\lumpy_balanced\lumpy1\Severe1615.png
Severe1616.png,Severe1616.png,Severe,False,256,256,3,RGB,1.0,181153,.png,04eb32a9a6fa26d0a1da33938a03780094dc55e1c88de48a00ffadfeb25ab514,266624323a5e9b7b,C:\Users\Ashutosh Verma\OneDrive\Desktop\VET VISION AI\data\lsd\LumpySkinDisease_DataHub\LumpySkinDisease_DataHub\data-processed\lumpy_balanced\lumpy1\Severe1616.png
Severe1617.png,Severe1617.png,Severe,False,256,256,3,RGB,1.0,186120,.png,45fc143092173eaaac0e7e88895f381a75dc7922a9b9bb02dd6558239571170f,6b61d5d757c3c3cf,C:\Users\Ashutosh Verma\OneDrive\Desktop\VET VISION AI\data\lsd\LumpySkinDisease_DataHub\LumpySkinDisease_DataHub\data-processed\lumpy_balanced\lumpy1\Severe1617.png
Severe1618.png,Severe1618.png,Severe,False,256,256,3,RGB,1.0,184224,.png,9d31b6948117d958db0ccaa3d8d52e959507c6af63b958f5e07d7fdbe21622fe,7363095339971ac6,C:\Users\Ashutosh Verma\OneDrive\Desktop\VET VISION AI\data\lsd\LumpySkinDisease_DataHub\LumpySkinDisease_DataHub\data-processed\lumpy_balanced\lumpy1\Severe1618.png
Severe1619.png,Severe1619.png,Severe,False,256,256,3,RGB,1.0,169771,.png,5f972ae50057523fdc4e763e061b159d46603de6a6161f11c94b375a81a79022,c8e8c0c060108080,C:\Users\Ashutosh Verma\OneDrive\Desktop\VET VISION AI\data\lsd\LumpySkinDisease_DataHub\LumpySkinDisease_DataHub\data-processed\lumpy_balanced\lumpy1\Severe1619.png
Severe1620.png,Severe1620.png,Severe,False,256,256,3,RGB,1.0,170409,.png,3c4d85a310627aa2e4bcc70f6f9dd5c5e9fa05269362e4896e479fb92ce70c14,316f746cc13010f5,C:\Users\Ashutosh Verma\OneDrive\Desktop\VET VISION AI\data\lsd\LumpySkinDisease_DataHub\LumpySkinDisease_DataHub\data-processed\lumpy_balanced\lumpy1\Severe1620.png
Severe1621.png,Severe1621.png,Severe,False,256,256,3,RGB,1.0,149750,.png,255613e4506751ccc6309fc95790d90d119901d2703d8dc2b53dc0e1b21fc9b2,981898b123664c9a,C:\Users\Ashutosh Verma\OneDrive\Desktop\VET VISION AI\data\lsd\LumpySkinDisease_DataHub\LumpySkinDisease_DataHub\data-processed\lumpy_balanced\lumpy1\Severe1621.png
Severe1622.png,Severe1622.png,Severe,False,256,256,3,RGB,1.0,163050,.png,89c9802b2a0aa8e0e509e48ed4e14cbabdb1b58cfa38f6be775de123bc66ee87,f8b8b8f9b9bcee68,C:\Users\Ashutosh Verma\OneDrive\Desktop\VET VISION AI\data\lsd\LumpySkinDisease_DataHub\LumpySkinDisease_DataHub\data-processed\lumpy_balanced\lumpy1\Severe1622.png
Severe1623.png,Severe1623.png,Severe,False,256,256,3,RGB,1.0,153542,.png,f66ccbbec79a45ecddcd0f7d248b8a7cae9f76a1f04c6b266b14628099c0339b,d8fb2e5b4b686b4b,C:\Users\Ashutosh Verma\OneDrive\Desktop\VET VISION AI\data\lsd\LumpySkinDisease_DataHub\LumpySkinDisease_DataHub\data-processed\lumpy_balanced\lumpy1\Severe1623.png
Severe1624.png,Severe1624.png,Severe,False,256,256,3,RGB,1.0,175570,.png,ae48828d131be574247cee70715c97c59c6fd8a5538441b1bc13a1244f73f3b5,b1237330929a2b0a,C:\Users\Ashutosh Verma\OneDrive\Desktop\VET VISION AI\data\lsd\LumpySkinDisease_DataHub\LumpySkinDisease_DataHub\data-processed\lumpy_balanced\lumpy1\Severe1624.png
Severe1625.png,Severe1625.png,Severe,False,256,256,3,RGB,1.0,154241,.png,de809056cab31215a33435201d3bcc35b28c33e7b73ed0d18d8976bade2fd99f,301c4d5b191d3070,C:\Users\Ashutosh Verma\OneDrive\Desktop\VET VISION AI\data\lsd\LumpySkinDisease_DataHub\LumpySkinDisease_DataHub\data-processed\lumpy_balanced\lumpy1\Severe1625.png
Severe1626.png,Severe1626.png,Severe,False,256,256,3,RGB,1.0,144094,.png,57fb7674ea79f9676ee45244a54c780c480a0e5ae5c06f215ace11e68e285ffb,563c7a6160134624,C:\Users\Ashutosh Verma\OneDrive\Desktop\VET VISION AI\data\lsd\LumpySkinDisease_DataHub\LumpySkinDisease_DataHub\data-processed\lumpy_balanced\lumpy1\Severe1626.png
Severe1627.png,Severe1627.png,Severe,False,256,256,3,RGB,1.0,186835,.png,a582309a4cb871f95b9e8dbf4cdb6046352bef5211fdc237288a67b9d5a1426b,424d27b6979a1626,C:\Users\Ashutosh Verma\OneDrive\Desktop\VET VISION AI\data\lsd\LumpySkinDisease_DataHub\LumpySkinDisease_DataHub\data-processed\lumpy_balanced\lumpy1\Severe1627.png
Severe1628.png,Severe1628.png,Severe,False,256,256,3,RGB,1.0,170004,.png,befe3c7ce2185656ab8a2f55afac457c2e9a8763ea7488ac9fd82a0372d975e0,2527171717178f9b,C:\Users\Ashutosh Verma\OneDrive\Desktop\VET VISION AI\data\lsd\LumpySkinDisease_DataHub\LumpySkinDisease_DataHub\data-processed\lumpy_balanced\lumpy1\Severe1628.png
Severe1629.png,Severe1629.png,Severe,False,256,256,3,RGB,1.0,184548,.png,8b80d03826231d2de081204c769b82afd1e79b1ae07c87b9a6dd915f222d591b,5252028a8e9ab272,C:\Users\Ashutosh Verma\OneDrive\Desktop\VET VISION AI\data\lsd\LumpySkinDisease_DataHub\LumpySkinDisease_DataHub\data-processed\lumpy_balanced\lumpy1\Severe1629.png
Severe1630.png,Severe1630.png,Severe,False,256,256,3,RGB,1.0,160156,.png,435eb111d8ec8f38e1a4e70d006123485daf2ef3819e46b9cf14187d76293505,656d0901191372b6,C:\Users\Ashutosh Verma\OneDrive\Desktop\VET VISION AI\data\lsd\LumpySkinDisease_DataHub\LumpySkinDisease_DataHub\data-processed\lumpy_balanced\lumpy1\Severe1630.png
Severe1631.png,Severe1631.png,Severe,False,256,256,3,RGB,1.0,185191,.png,e6691f3e459c889264ba02d09048e46f10d5890a3b6cb171f2bcbc353a4e1f91,26201c1c2c0c263a,C:\Users\Ashutosh Verma\OneDrive\Desktop\VET VISION AI\data\lsd\LumpySkinDisease_DataHub\LumpySkinDisease_DataHub\data-processed\lumpy_balanced\lumpy1\Severe1631.png
Severe1632.png,Severe1632.png,Severe,False,256,256,4,RGBA,1.0,211551,.png,957e1cb5f063a85a6bd4054a3d0f8b8c29596386042057d3b2908a52b20481dd,1cf3ab92998b19e5,C:\Users\Ashutosh Verma\OneDrive\Desktop\VET VISION AI\data\lsd\LumpySkinDisease_DataHub\LumpySkinDisease_DataHub\data-processed\lumpy_balanced\lumpy1\Severe1632.png
Severe1633.png,Severe1633.png,Severe,False,256,256,3,RGB,1.0,180344,.png,a07bb1cbb494eea13aff30ef89bb6cf2289f8cfed4575d9d459ed2d66fee05cd,524298b020212226,C:\Users\Ashutosh Verma\OneDrive\Desktop\VET VISION AI\data\lsd\LumpySkinDisease_DataHub\LumpySkinDisease_DataHub\data-processed\lumpy_balanced\lumpy1\Severe1633.png
Severe1634.png,Severe1634.png,Severe,False,256,256,3,RGB,1.0,145213,.png,d81e0f93c596c62710cd8db1534f4e90eb32b9c7cfc83e3b8a65eb99b76b68ac,fe9f5e747071980c,C:\Users\Ashutosh Verma\OneDrive\Desktop\VET VISION AI\data\lsd\LumpySkinDisease_DataHub\LumpySkinDisease_DataHub\data-processed\lumpy_balanced\lumpy1\Severe1634.png
Severe1635.png,Severe1635.png,Severe,False,256,256,3,RGB,1.0,174537,.png,d230e1550ad7da104e6291215290b9183fedd13be24c2e81d0920f48d83642e3,e36de5f075f75f34,C:\Users\Ashutosh Verma\OneDrive\Desktop\VET VISION AI\data\lsd\LumpySkinDisease_DataHub\LumpySkinDisease_DataHub\data-processed\lumpy_balanced\lumpy1\Severe1635.png
Severe1636.png,Severe1636.png,Severe,False,256,256,3,RGB,1.0,178995,.png,bb799b218b7a8e744be3fa0406deab171728c40baa80e19922872b901c1c7874,b3b3da1bc3e3f3e1,C:\Users\Ashutosh Verma\OneDrive\Desktop\VET VISION AI\data\lsd\LumpySkinDisease_DataHub\LumpySkinDisease_DataHub\data-processed\lumpy_balanced\lumpy1\Severe1636.png
Severe1637.png,Severe1637.png,Severe,False,256,256,3,RGB,1.0,170004,.png,befe3c7ce2185656ab8a2f55afac457c2e9a8763ea7488ac9fd82a0372d975e0,2527171717178f9b,C:\Users\Ashutosh Verma\OneDrive\Desktop\VET VISION AI\data\lsd\LumpySkinDisease_DataHub\LumpySkinDisease_DataHub\data-processed\lumpy_balanced\lumpy1\Severe1637.png
Severe1638.png,Severe1638.png,Severe,False,256,256,3,RGB,1.0,144094,.png,57fb7674ea79f9676ee45244a54c780c480a0e5ae5c06f215ace11e68e285ffb,563c7a6160134624,C:\Users\Ashutosh Verma\OneDrive\Desktop\VET VISION AI\data\lsd\LumpySkinDisease_DataHub\LumpySkinDisease_DataHub\data-processed\lumpy_balanced\lumpy1\Severe1638.png
Severe1639.png,Severe1639.png,Severe,False,256,256,3,RGB,1.0,175408,.png,58c46875c985963ead96a19b1196156dcda8e66dc97df28aa83673b240bf21a0,048c495b3317c2c2,C:\Users\Ashutosh Verma\OneDrive\Desktop\VET VISION AI\data\lsd\LumpySkinDisease_DataHub\LumpySkinDisease_DataHub\data-processed\lumpy_balanced\lumpy1\Severe1639.png
Severe1640.png,Severe1640.png,Severe,False,256,256,3,RGB,1.0,170627,.png,77c890b54e8fc8addc7f05484f1470d4fd0953ea371dcd1883a1bcc4a185dc07,d37df4f0f2735f72,C:\Users\Ashutosh Verma\OneDrive\Desktop\VET VISION AI\data\lsd\LumpySkinDisease_DataHub\LumpySkinDisease_DataHub\data-processed\lumpy_balanced\lumpy1\Severe1640.png
Severe1641.png,Severe1641.png,Severe,False,256,256,3,RGB,1.0,186607,.png,d2a1f18f3c05c50005dddaccfbd2fc0cdfe93b0e650f4c9272870e020610305d,1913d3cb09093960,C:\Users\Ashutosh Verma\OneDrive\Desktop\VET VISION AI\data\lsd\LumpySkinDisease_DataHub\LumpySkinDisease_DataHub\data-processed\lumpy_balanced\lumpy1\Severe1641.png
Severe1642.png,Severe1642.png,Severe,False,256,256,3,RGB,1.0,160608,.png,3d4afd3aa610737c6bbad420168cae69c0201262088bd658cb99d4b728777ad0,cf8fdfdfd9d0dc4c,C:\Users\Ashutosh Verma\OneDrive\Desktop\VET VISION AI\data\lsd\LumpySkinDisease_DataHub\LumpySkinDisease_DataHub\data-processed\lumpy_balanced\lumpy1\Severe1642.png
Severe1643.png,Severe1643.png,Severe,False,256,256,3,RGB,1.0,145673,.png,86e6d77f458da344ea0a76b9f2c50b8acfc65d20369c0661c2a3940471f08d5a,f9f0b684c0441cd8,C:\Users\Ashutosh Verma\OneDrive\Desktop\VET VISION AI\data\lsd\LumpySkinDisease_DataHub\LumpySkinDisease_DataHub\data-processed\lumpy_balanced\lumpy1\Severe1643.png
Severe1644.png,Severe1644.png,Severe,False,256,256,3,RGB,1.0,184533,.png,88ca04fe128aac9f354b40d7977711ee1c78e19b2299fe81975b91671620c214,2d22b3a363674d0d,C:\Users\Ashutosh Verma\OneDrive\Desktop\VET VISION AI\data\lsd\LumpySkinDisease_DataHub\LumpySkinDisease_DataHub\data-processed\lumpy_balanced\lumpy1\Severe1644.png
Severe1645.png,Severe1645.png,Severe,False,256,256,3,RGB,1.0,184860,.png,3730d25b8f5f2e89bccfb661a2c3c3842f28a236d1ce983ed7bfc14847d2c82b,eb4b81556f2b1919,C:\Users\Ashutosh Verma\OneDrive\Desktop\VET VISION AI\data\lsd\LumpySkinDisease_DataHub\LumpySkinDisease_DataHub\data-processed\lumpy_balanced\lumpy1\Severe1645.png
Severe1646.png,Severe1646.png,Severe,False,256,256,3,RGB,1.0,111990,.png,d788fde4fa7da4d7e2cddb0bb519a64e0303d0046b6683ea27a9f13d371c1639,79796e5c6473797d,C:\Users\Ashutosh Verma\OneDrive\Desktop\VET VISION AI\data\lsd\LumpySkinDisease_DataHub\LumpySkinDisease_DataHub\data-processed\lumpy_balanced\lumpy1\Severe1646.png
Severe1647.png,Severe1647.png,Severe,False,256,256,3,RGB,1.0,168142,.png,656815567938847a8a3711aa1fc280110ef57142fff0128ff2ad3a44bb03141a,4ca43031a92c4447,C:\Users\Ashutosh Verma\OneDrive\Desktop\VET VISION AI\data\lsd\LumpySkinDisease_DataHub\LumpySkinDisease_DataHub\data-processed\lumpy_balanced\lumpy1\Severe1647.png
Severe1648.png,Severe1648.png,Severe,False,256,256,3,RGB,1.0,160156,.png,435eb111d8ec8f38e1a4e70d006123485daf2ef3819e46b9cf14187d76293505,656d0901191372b6,C:\Users\Ashutosh Verma\OneDrive\Desktop\VET VISION AI\data\lsd\LumpySkinDisease_DataHub\LumpySkinDisease_DataHub\data-processed\lumpy_balanced\lumpy1\Severe1648.png
Severe1649.png,Severe1649.png,Severe,False,256,256,3,RGB,1.0,174686,.png,04ddb9e06e343ce4315d89fad2efd2e26ff6393dc1851cccadd70c082be9331c,4d6b2f3f99393938,C:\Users\Ashutosh Verma\OneDrive\Desktop\VET VISION AI\data\lsd\LumpySkinDisease_DataHub\LumpySkinDisease_DataHub\data-processed\lumpy_balanced\lumpy1\Severe1649.png
Severe1650.png,Severe1650.png,Severe,False,256,256,3,RGB,1.0,193300,.png,bc4101533c713be0fec225337e8ee2d0cf7f9e7fa2b942efe3cd567a6ebb2e7a,1cd2a92b93979983,C:\Users\Ashutosh Verma\OneDrive\Desktop\VET VISION AI\data\lsd\LumpySkinDisease_DataHub\LumpySkinDisease_DataHub\data-processed\lumpy_balanced\lumpy1\Severe1650.png
Severe1651.png,Severe1651.png,Severe,False,256,256,4,RGBA,1.0,193112,.png,21e2fcb47169ab523db29c8289c38e31e7a5cf3aa8f83dae2e22a1a44a716151,1d9b132ba97bf7be,C:\Users\Ashutosh Verma\OneDrive\Desktop\VET VISION AI\data\lsd\LumpySkinDisease_DataHub\LumpySkinDisease_DataHub\data-processed\lumpy_balanced\lumpy1\Severe1651.png
Severe1652.png,Severe1652.png,Severe,False,256,256,3,RGB,1.0,193300,.png,bc4101533c713be0fec225337e8ee2d0cf7f9e7fa2b942efe3cd567a6ebb2e7a,1cd2a92b93979983,C:\Users\Ashutosh Verma\OneDrive\Desktop\VET VISION AI\data\lsd\LumpySkinDisease_DataHub\LumpySkinDisease_DataHub\data-processed\lumpy_balanced\lumpy1\Severe1652.png
Severe1653.png,Severe1653.png,Severe,False,256,256,3,RGB,1.0,184224,.png,9d31b6948117d958db0ccaa3d8d52e959507c6af63b958f5e07d7fdbe21622fe,7363095339971ac6,C:\Users\Ashutosh Verma\OneDrive\Desktop\VET VISION AI\data\lsd\LumpySkinDisease_DataHub\LumpySkinDisease_DataHub\data-processed\lumpy_balanced\lumpy1\Severe1653.png
Severe1654.png,Severe1654.png,Severe,False,256,256,3,RGB,1.0,182072,.png,2998e8ce33b7806dcf294f17870162c66e7522d08881550bf5b10b6e4572bc98,c6d796bd1bdb7939,C:\Users\Ashutosh Verma\OneDrive\Desktop\VET VISION AI\data\lsd\LumpySkinDisease_DataHub\LumpySkinDisease_DataHub\data-processed\lumpy_balanced\lumpy1\Severe1654.png
Severe1655.png,Severe1655.png,Severe,False,256,256,3,RGB,1.0,145213,.png,d81e0f93c596c62710cd8db1534f4e90eb32b9c7cfc83e3b8a65eb99b76b68ac,fe9f5e747071980c,C:\Users\Ashutosh Verma\OneDrive\Desktop\VET VISION AI\data\lsd\LumpySkinDisease_DataHub\LumpySkinDisease_DataHub\data-processed\lumpy_balanced\lumpy1\Severe1655.png
Severe1656.png,Severe1656.png,Severe,False,256,256,3,RGB,1.0,171592,.png,6b53b0f6a99553051e7f5f618326301788825c6afbc503a8d5595ac8b2357d42,e46c9e9b654b4bc8,C:\Users\Ashutosh Verma\OneDrive\Desktop\VET VISION AI\data\lsd\LumpySkinDisease_DataHub\LumpySkinDisease_DataHub\data-processed\lumpy_balanced\lumpy1\Severe1656.png
Severe1657.png,Severe1657.png,Severe,False,256,256,3,RGB,1.0,179854,.png,a2f3bfe404a40600e95c679b8b548abc1af56caba7e208669e1ff6c72cd1d894,1e162647474f9abe,C:\Users\Ashutosh Verma\OneDrive\Desktop\VET VISION AI\data\lsd\LumpySkinDisease_DataHub\LumpySkinDisease_DataHub\data-processed\lumpy_balanced\lumpy1\Severe1657.png
Severe1658.png,Severe1658.png,Severe,False,256,256,3,RGB,1.0,175408,.png,58c46875c985963ead96a19b1196156dcda8e66dc97df28aa83673b240bf21a0,048c495b3317c2c2,C:\Users\Ashutosh Verma\OneDrive\Desktop\VET VISION AI\data\lsd\LumpySkinDisease_DataHub\LumpySkinDisease_DataHub\data-processed\lumpy_balanced\lumpy1\Severe1658.png
Severe1659.png,Severe1659.png,Severe,False,256,256,3,RGB,1.0,166397,.png,d82b4b4b5ee5d137952cee04678882270bd7f30a9e33a3926799be39a14b70b6,96bcb862e09046a4,C:\Users\Ashutosh Verma\OneDrive\Desktop\VET VISION AI\data\lsd\LumpySkinDisease_DataHub\LumpySkinDisease_DataHub\data-processed\lumpy_balanced\lumpy1\Severe1659.png
Severe1660.png,Severe1660.png,Severe,False,256,256,3,RGB,1.0,176448,.png,f49741f1ca3bfce3600ad81ef86d0eb572ee72459c3d55d790d8b3b3ad97162b,322323e18d8d1fb9,C:\Users\Ashutosh Verma\OneDrive\Desktop\VET VISION AI\data\lsd\LumpySkinDisease_DataHub\LumpySkinDisease_DataHub\data-processed\lumpy_balanced\lumpy1\Severe1660.png
Severe1661.png,Severe1661.png,Severe,False,256,256,3,RGB,1.0,182441,.png,f7d535d4e53af1fb374820adb2395cc232126ce5a7b9648ddc3bcff62c7d6bdf,ad7ed1f4f0e5c7d6,C:\Users\Ashutosh Verma\OneDrive\Desktop\VET VISION AI\data\lsd\LumpySkinDisease_DataHub\LumpySkinDisease_DataHub\data-processed\lumpy_balanced\lumpy1\Severe1661.png
Severe1662.png,Severe1662.png,Severe,False,256,256,3,RGB,1.0,149764,.png,bbc4727ab6ccad1c325f80338d8b8866bd574e9581f3318d9f777d53c3f6e2b7,d8fb2e5b4b686b4b,C:\Users\Ashutosh Verma\OneDrive\Desktop\VET VISION AI\data\lsd\LumpySkinDisease_DataHub\LumpySkinDisease_DataHub\data-processed\lumpy_balanced\lumpy1\Severe1662.png
Severe1663.png,Severe1663.png,Severe,False,256,256,3,RGB,1.0,180344,.png,a07bb1cbb494eea13aff30ef89bb6cf2289f8cfed4575d9d459ed2d66fee05cd,524298b020212226,C:\Users\Ashutosh Verma\OneDrive\Desktop\VET VISION AI\data\lsd\LumpySkinDisease_DataHub\LumpySkinDisease_DataHub\data-processed\lumpy_balanced\lumpy1\Severe1663.png
Severe1664.png,Severe1664.png,Severe,False,256,256,3,RGB,1.0,154241,.png,de809056cab31215a33435201d3bcc35b28c33e7b73ed0d18d8976bade2fd99f,301c4d5b191d3070,C:\Users\Ashutosh Verma\OneDrive\Desktop\VET VISION AI\data\lsd\LumpySkinDisease_DataHub\LumpySkinDisease_DataHub\data-processed\lumpy_balanced\lumpy1\Severe1664.png
Severe1665.png,Severe1665.png,Severe,False,256,256,3,RGB,1.0,160510,.png,1208ba333e24d97cf943d36730cc475e01731b8351204d55426dfaa102add27b,18180c3c3c333323,C:\Users\Ashutosh Verma\OneDrive\Desktop\VET VISION AI\data\lsd\LumpySkinDisease_DataHub\LumpySkinDisease_DataHub\data-processed\lumpy_balanced\lumpy1\Severe1665.png
Severe1666.png,Severe1666.png,Severe,False,256,256,3,RGB,1.0,178301,.png,4c3e22d952aaa7a0de113ef84561471fa25ab097492251955077732534d8bac2,909026246866264d,C:\Users\Ashutosh Verma\OneDrive\Desktop\VET VISION AI\data\lsd\LumpySkinDisease_DataHub\LumpySkinDisease_DataHub\data-processed\lumpy_balanced\lumpy1\Severe1666.png
Severe1667.png,Severe1667.png,Severe,False,256,256,3,RGB,1.0,188403,.png,3f1832463299b8d4c12059e74886e46dacfe93727c7cb4a64cafbaaa2a3ef7ff,377761d543c3cd8d,C:\Users\Ashutosh Verma\OneDrive\Desktop\VET VISION AI\data\lsd\LumpySkinDisease_DataHub\LumpySkinDisease_DataHub\data-processed\lumpy_balanced\lumpy1\Severe1667.png
Severe1668.png,Severe1668.png,Severe,False,256,256,3,RGB,1.0,182751,.png,83852ec7520d975e4cc82e022c928a96da56373b77f7e092b6dc15123770500f,d6f2aaaecbeba3a7,C:\Users\Ashutosh Verma\OneDrive\Desktop\VET VISION AI\data\lsd\LumpySkinDisease_DataHub\LumpySkinDisease_DataHub\data-processed\lumpy_balanced\lumpy1\Severe1668.png
Severe1669.png,Severe1669.png,Severe,False,256,256,3,RGB,1.0,175570,.png,ae48828d131be574247cee70715c97c59c6fd8a5538441b1bc13a1244f73f3b5,b1237330929a2b0a,C:\Users\Ashutosh Verma\OneDrive\Desktop\VET VISION AI\data\lsd\LumpySkinDisease_DataHub\LumpySkinDisease_DataHub\data-processed\lumpy_balanced\lumpy1\Severe1669.png
Severe1670.png,Severe1670.png,Severe,False,256,256,3,RGB,1.0,149764,.png,bbc4727ab6ccad1c325f80338d8b8866bd574e9581f3318d9f777d53c3f6e2b7,d8fb2e5b4b686b4b,C:\Users\Ashutosh Verma\OneDrive\Desktop\VET VISION AI\data\lsd\LumpySkinDisease_DataHub\LumpySkinDisease_DataHub\data-processed\lumpy_balanced\lumpy1\Severe1670.png
Severe1671.png,Severe1671.png,Severe,False,256,256,3,RGB,1.0,181695,.png,7676ce77874616e4977249cbf3627a7cae7ceabb562d5c57072f714a061f0af7,0dad6d6d2bdb89cd,C:\Users\Ashutosh Verma\OneDrive\Desktop\VET VISION AI\data\lsd\LumpySkinDisease_DataHub\LumpySkinDisease_DataHub\data-processed\lumpy_balanced\lumpy1\Severe1671.png
Severe1672.png,Severe1672.png,Severe,False,256,256,3,RGB,1.0,175519,.png,c5fae5773b3bb0504b40d39f69b26d49887823943152f91bd91d0b91183096ed,c9e7666424e0e5e5,C:\Users\Ashutosh Verma\OneDrive\Desktop\VET VISION AI\data\lsd\LumpySkinDisease_DataHub\LumpySkinDisease_DataHub\data-processed\lumpy_balanced\lumpy1\Severe1672.png
Severe1673.png,Severe1673.png,Severe,False,256,256,3,RGB,1.0,172724,.png,9938ad1a44d282371ba5bd1fe28c2f973a3fb2245f4841cbb266f6a8a0cb1b1c,1d9b132ba97bf7be,C:\Users\Ashutosh Verma\OneDrive\Desktop\VET VISION AI\data\lsd\LumpySkinDisease_DataHub\LumpySkinDisease_DataHub\data-processed\lumpy_balanced\lumpy1\Severe1673.png
Severe1674.png,Severe1674.png,Severe,False,256,256,3,RGB,1.0,175519,.png,c5fae5773b3bb0504b40d39f69b26d49887823943152f91bd91d0b91183096ed,c9e7666424e0e5e5,C:\Users\Ashutosh Verma\OneDrive\Desktop\VET VISION AI\data\lsd\LumpySkinDisease_DataHub\LumpySkinDisease_DataHub\data-processed\lumpy_balanced\lumpy1\Severe1674.png
Severe1675.png,Severe1675.png,Severe,False,256,256,3,RGB,1.0,145213,.png,d81e0f93c596c62710cd8db1534f4e90eb32b9c7cfc83e3b8a65eb99b76b68ac,fe9f5e747071980c,C:\Users\Ashutosh Verma\OneDrive\Desktop\VET VISION AI\data\lsd\LumpySkinDisease_DataHub\LumpySkinDisease_DataHub\data-processed\lumpy_balanced\lumpy1\Severe1675.png
Severe1676.png,Severe1676.png,Severe,False,256,256,3,RGB,1.0,175570,.png,ae48828d131be574247cee70715c97c59c6fd8a5538441b1bc13a1244f73f3b5,b1237330929a2b0a,C:\Users\Ashutosh Verma\OneDrive\Desktop\VET VISION AI\data\lsd\LumpySkinDisease_DataHub\LumpySkinDisease_DataHub\data-processed\lumpy_balanced\lumpy1\Severe1676.png
Severe1677.png,Severe1677.png,Severe,False,256,256,3,RGB,1.0,179136,.png,cce1cd1bf44c1ea87336c265db3fa6764d7b4bf1212a472b3edb7f0e6a2f018d,316f746cc13010f7,C:\Users\Ashutosh Verma\OneDrive\Desktop\VET VISION AI\data\lsd\LumpySkinDisease_DataHub\LumpySkinDisease_DataHub\data-processed\lumpy_balanced\lumpy1\Severe1677.png
Severe1678.png,Severe1678.png,Severe,False,256,256,3,RGB,1.0,180344,.png,a07bb1cbb494eea13aff30ef89bb6cf2289f8cfed4575d9d459ed2d66fee05cd,524298b020212226,C:\Users\Ashutosh Verma\OneDrive\Desktop\VET VISION AI\data\lsd\LumpySkinDisease_DataHub\LumpySkinDisease_DataHub\data-processed\lumpy_balanced\lumpy1\Severe1678.png
Severe1679.png,Severe1679.png,Severe,False,256,256,3,RGB,1.0,35426,.png,8f066c43e3b6e995dc00968f3bd1d0f5a37b210ebb269d4364f1c44ddd9ecc4f,04592937395d5b47,C:\Users\Ashutosh Verma\OneDrive\Desktop\VET VISION AI\data\lsd\LumpySkinDisease_DataHub\LumpySkinDisease_DataHub\data-processed\lumpy_balanced\lumpy1\Severe1679.png
Severe1680.png,Severe1680.png,Severe,False,256,256,3,RGB,1.0,193300,.png,bc4101533c713be0fec225337e8ee2d0cf7f9e7fa2b942efe3cd567a6ebb2e7a,1cd2a92b93979983,C:\Users\Ashutosh Verma\OneDrive\Desktop\VET VISION AI\data\lsd\LumpySkinDisease_DataHub\LumpySkinDisease_DataHub\data-processed\lumpy_balanced\lumpy1\Severe1680.png
Severe1681.png,Severe1681.png,Severe,False,256,256,3,RGB,1.0,171592,.png,6b53b0f6a99553051e7f5f618326301788825c6afbc503a8d5595ac8b2357d42,e46c9e9b654b4bc8,C:\Users\Ashutosh Verma\OneDrive\Desktop\VET VISION AI\data\lsd\LumpySkinDisease_DataHub\LumpySkinDisease_DataHub\data-processed\lumpy_balanced\lumpy1\Severe1681.png
Severe1682.png,Severe1682.png,Severe,False,256,256,3,RGB,1.0,163947,.png,ec7cb138314c129a0af50f370631ef217d3676f0f36268f4b499919ea00778c2,c8e0c0c060100080,C:\Users\Ashutosh Verma\OneDrive\Desktop\VET VISION AI\data\lsd\LumpySkinDisease_DataHub\LumpySkinDisease_DataHub\data-processed\lumpy_balanced\lumpy1\Severe1682.png
Severe1683.png,Severe1683.png,Severe,False,256,256,3,RGB,1.0,193300,.png,bc4101533c713be0fec225337e8ee2d0cf7f9e7fa2b942efe3cd567a6ebb2e7a,1cd2a92b93979983,C:\Users\Ashutosh Verma\OneDrive\Desktop\VET VISION AI\data\lsd\LumpySkinDisease_DataHub\LumpySkinDisease_DataHub\data-processed\lumpy_balanced\lumpy1\Severe1683.png
Severe1684.png,Severe1684.png,Severe,False,256,256,3,RGB,1.0,172135,.png,b63a71e32e254254412d6ed15346b6617c060bb9948e91f55be207f98358a999,fb79b2c21b1a3931,C:\Users\Ashutosh Verma\OneDrive\Desktop\VET VISION AI\data\lsd\LumpySkinDisease_DataHub\LumpySkinDisease_DataHub\data-processed\lumpy_balanced\lumpy1\Severe1684.png
Severe1685.png,Severe1685.png,Severe,False,256,256,3,RGB,1.0,176448,.png,f49741f1ca3bfce3600ad81ef86d0eb572ee72459c3d55d790d8b3b3ad97162b,322323e18d8d1fb9,C:\Users\Ashutosh Verma\OneDrive\Desktop\VET VISION AI\data\lsd\LumpySkinDisease_DataHub\LumpySkinDisease_DataHub\data-processed\lumpy_balanced\lumpy1\Severe1685.png
Severe1686.png,Severe1686.png,Severe,False,256,256,3,RGB,1.0,144094,.png,57fb7674ea79f9676ee45244a54c780c480a0e5ae5c06f215ace11e68e285ffb,563c7a6160134624,C:\Users\Ashutosh Verma\OneDrive\Desktop\VET VISION AI\data\lsd\LumpySkinDisease_DataHub\LumpySkinDisease_DataHub\data-processed\lumpy_balanced\lumpy1\Severe1686.png
Severe1687.png,Severe1687.png,Severe,False,256,256,3,RGB,1.0,182488,.png,3911b84b9b3f2c7fc9da05b94878af3e860bc59b274a9a1933e9c93231b70922,eb4b81556f2b1919,C:\Users\Ashutosh Verma\OneDrive\Desktop\VET VISION AI\data\lsd\LumpySkinDisease_DataHub\LumpySkinDisease_DataHub\data-processed\lumpy_balanced\lumpy1\Severe1687.png
Severe1688.png,Severe1688.png,Severe,False,256,256,3,RGB,1.0,160510,.png,1208ba333e24d97cf943d36730cc475e01731b8351204d55426dfaa102add27b,18180c3c3c333323,C:\Users\Ashutosh Verma\OneDrive\Desktop\VET VISION AI\data\lsd\LumpySkinDisease_DataHub\LumpySkinDisease_DataHub\data-processed\lumpy_balanced\lumpy1\Severe1688.png
Severe1689.png,Severe1689.png,Severe,False,256,256,4,RGBA,1.0,211551,.png,957e1cb5f063a85a6bd4054a3d0f8b8c29596386042057d3b2908a52b20481dd,1cf3ab92998b19e5,C:\Users\Ashutosh Verma\OneDrive\Desktop\VET VISION AI\data\lsd\LumpySkinDisease_DataHub\LumpySkinDisease_DataHub\data-processed\lumpy_balanced\lumpy1\Severe1689.png
Severe1690.png,Severe1690.png,Severe,False,256,256,3,RGB,1.0,150206,.png,1bcabbbe7361fd60b9b3669c05e8f76472fa982d4ca585a2e4620dee030bce9a,1c8c22387ece9a9a,C:\Users\Ashutosh Verma\OneDrive\Desktop\VET VISION AI\data\lsd\LumpySkinDisease_DataHub\LumpySkinDisease_DataHub\data-processed\lumpy_balanced\lumpy1\Severe1690.png
Severe1691.png,Severe1691.png,Severe,False,256,256,3,RGB,1.0,186096,.png,7f1479c3a34e26aabe35d504de2ea3c40d4e1eaa99b7e3bbb5f97e8ea535cdc7,6f9f6ebc7c5c8e47,C:\Users\Ashutosh Verma\OneDrive\Desktop\VET VISION AI\data\lsd\LumpySkinDisease_DataHub\LumpySkinDisease_DataHub\data-processed\lumpy_balanced\lumpy1\Severe1691.png
Severe1692.png,Severe1692.png,Severe,False,256,256,3,RGB,1.0,180601,.png,f5d1a1a1f59bf8849b8d412b294bec0d41367184abbfdd02f62678f0b853d051,b1237330b29a2b0a,C:\Users\Ashutosh Verma\OneDrive\Desktop\VET VISION AI\data\lsd\LumpySkinDisease_DataHub\LumpySkinDisease_DataHub\data-processed\lumpy_balanced\lumpy1\Severe1692.png
Severe1693.png,Severe1693.png,Severe,False,256,256,3,RGB,1.0,171126,.png,966c4b332aff408cba3b1b73f6524492c006b81801a36f35bbd16ffae4dcd227,ee7ededfe6123ede,C:\Users\Ashutosh Verma\OneDrive\Desktop\VET VISION AI\data\lsd\LumpySkinDisease_DataHub\LumpySkinDisease_DataHub\data-processed\lumpy_balanced\lumpy1\Severe1693.png
Severe1694.png,Severe1694.png,Severe,False,256,256,3,RGB,1.0,186159,.png,ff0942d6bb4e87c2497577610b52f6e1256f41f9ba0ff212ffe2257c84d61944,c6445c4e287c10b0,C:\Users\Ashutosh Verma\OneDrive\Desktop\VET VISION AI\data\lsd\LumpySkinDisease_DataHub\LumpySkinDisease_DataHub\data-processed\lumpy_balanced\lumpy1\Severe1694.png
Severe1695.png,Severe1695.png,Severe,False,256,256,3,RGB,1.0,188403,.png,3f1832463299b8d4c12059e74886e46dacfe93727c7cb4a64cafbaaa2a3ef7ff,377761d543c3cd8d,C:\Users\Ashutosh Verma\OneDrive\Desktop\VET VISION AI\data\lsd\LumpySkinDisease_DataHub\LumpySkinDisease_DataHub\data-processed\lumpy_balanced\lumpy1\Severe1695.png
Severe1696.png,Severe1696.png,Severe,False,256,256,3,RGB,1.0,169771,.png,5f972ae50057523fdc4e763e061b159d46603de6a6161f11c94b375a81a79022,c8e8c0c060108080,C:\Users\Ashutosh Verma\OneDrive\Desktop\VET VISION AI\data\lsd\LumpySkinDisease_DataHub\LumpySkinDisease_DataHub\data-processed\lumpy_balanced\lumpy1\Severe1696.png
Severe1697.png,Severe1697.png,Severe,False,256,256,3,RGB,1.0,168142,.png,656815567938847a8a3711aa1fc280110ef57142fff0128ff2ad3a44bb03141a,4ca43031a92c4447,C:\Users\Ashutosh Verma\OneDrive\Desktop\VET VISION AI\data\lsd\LumpySkinDisease_DataHub\LumpySkinDisease_DataHub\data-processed\lumpy_balanced\lumpy1\Severe1697.png
Severe1698.png,Severe1698.png,Severe,False,256,256,3,RGB,1.0,187768,.png,f86858ad5dd2f6931211ed7fad0162123dc3efc24e7b8098108afc0d73168484,8322a7a533617086,C:\Users\Ashutosh Verma\OneDrive\Desktop\VET VISION AI\data\lsd\LumpySkinDisease_DataHub\LumpySkinDisease_DataHub\data-processed\lumpy_balanced\lumpy1\Severe1698.png
Severe1699.png,Severe1699.png,Severe,False,256,256,3,RGB,1.0,184224,.png,9d31b6948117d958db0ccaa3d8d52e959507c6af63b958f5e07d7fdbe21622fe,7363095339971ac6,C:\Users\Ashutosh Verma\OneDrive\Desktop\VET VISION AI\data\lsd\LumpySkinDisease_DataHub\LumpySkinDisease_DataHub\data-processed\lumpy_balanced\lumpy1\Severe1699.png
Severe1700.png,Severe1700.png,Severe,False,256,256,4,RGBA,1.0,193112,.png,21e2fcb47169ab523db29c8289c38e31e7a5cf3aa8f83dae2e22a1a44a716151,1d9b132ba97bf7be,C:\Users\Ashutosh Verma\OneDrive\Desktop\VET VISION AI\data\lsd\LumpySkinDisease_DataHub\LumpySkinDisease_DataHub\data-processed\lumpy_balanced\lumpy1\Severe1700.png
Severe1701.png,Severe1701.png,Severe,False,256,256,3,RGB,1.0,181153,.png,04eb32a9a6fa26d0a1da33938a03780094dc55e1c88de48a00ffadfeb25ab514,266624323a5e9b7b,C:\Users\Ashutosh Verma\OneDrive\Desktop\VET VISION AI\data\lsd\LumpySkinDisease_DataHub\LumpySkinDisease_DataHub\data-processed\lumpy_balanced\lumpy1\Severe1701.png
Severe1702.png,Severe1702.png,Severe,False,256,256,3,RGB,1.0,184615,.png,208c85193f8ce3b21c69164efff304c59b4e9ab474125ea9a2fc629aab36337c,adaed2f0f0e1c7d6,C:\Users\Ashutosh Verma\OneDrive\Desktop\VET VISION AI\data\lsd\LumpySkinDisease_DataHub\LumpySkinDisease_DataHub\data-processed\lumpy_balanced\lumpy1\Severe1702.png
Severe1703.png,Severe1703.png,Severe,False,256,256,3,RGB,1.0,181153,.png,04eb32a9a6fa26d0a1da33938a03780094dc55e1c88de48a00ffadfeb25ab514,266624323a5e9b7b,C:\Users\Ashutosh Verma\OneDrive\Desktop\VET VISION AI\data\lsd\LumpySkinDisease_DataHub\LumpySkinDisease_DataHub\data-processed\lumpy_balanced\lumpy1\Severe1703.png
Severe1704.png,Severe1704.png,Severe,False,256,256,3,RGB,1.0,153542,.png,f66ccbbec79a45ecddcd0f7d248b8a7cae9f76a1f04c6b266b14628099c0339b,d8fb2e5b4b686b4b,C:\Users\Ashutosh Verma\OneDrive\Desktop\VET VISION AI\data\lsd\LumpySkinDisease_DataHub\LumpySkinDisease_DataHub\data-processed\lumpy_balanced\lumpy1\Severe1704.png
Severe1705.png,Severe1705.png,Severe,False,256,256,3,RGB,1.0,145673,.png,86e6d77f458da344ea0a76b9f2c50b8acfc65d20369c0661c2a3940471f08d5a,f9f0b684c0441cd8,C:\Users\Ashutosh Verma\OneDrive\Desktop\VET VISION AI\data\lsd\LumpySkinDisease_DataHub\LumpySkinDisease_DataHub\data-processed\lumpy_balanced\lumpy1\Severe1705.png
Severe1706.png,Severe1706.png,Severe,False,256,256,3,RGB,1.0,185646,.png,21ebe9f8fb194c816a3477d2016ee9e2c6e5487ee06dbc555fa94716400e0bd9,7363095339971bc6,C:\Users\Ashutosh Verma\OneDrive\Desktop\VET VISION AI\data\lsd\LumpySkinDisease_DataHub\LumpySkinDisease_DataHub\data-processed\lumpy_balanced\lumpy1\Severe1706.png
Severe1707.png,Severe1707.png,Severe,False,256,256,3,RGB,1.0,178995,.png,bb799b218b7a8e744be3fa0406deab171728c40baa80e19922872b901c1c7874,b3b3da1bc3e3f3e1,C:\Users\Ashutosh Verma\OneDrive\Desktop\VET VISION AI\data\lsd\LumpySkinDisease_DataHub\LumpySkinDisease_DataHub\data-processed\lumpy_balanced\lumpy1\Severe1707.png
Severe1708.png,Severe1708.png,Severe,False,256,256,3,RGB,1.0,173740,.png,4b03194035f2ffad4b478a4cf37a19edd122238c89060deeb9fe34d4e613853d,909026246866264d,C:\Users\Ashutosh Verma\OneDrive\Desktop\VET VISION AI\data\lsd\LumpySkinDisease_DataHub\LumpySkinDisease_DataHub\data-processed\lumpy_balanced\lumpy1\Severe1708.png
Severe1709.png,Severe1709.png,Severe,False,256,256,3,RGB,1.0,171628,.png,436313467fdd9112e34217ccca9525c1fa6891b20f974c26d6ad5936ba4226c1,44cc497b135bc2e2,C:\Users\Ashutosh Verma\OneDrive\Desktop\VET VISION AI\data\lsd\LumpySkinDisease_DataHub\LumpySkinDisease_DataHub\data-processed\lumpy_balanced\lumpy1\Severe1709.png
Severe1710.png,Severe1710.png,Severe,False,256,256,3,RGB,1.0,174686,.png,04ddb9e06e343ce4315d89fad2efd2e26ff6393dc1851cccadd70c082be9331c,4d6b2f3f99393938,C:\Users\Ashutosh Verma\OneDrive\Desktop\VET VISION AI\data\lsd\LumpySkinDisease_DataHub\LumpySkinDisease_DataHub\data-processed\lumpy_balanced\lumpy1\Severe1710.png
Severe1711.png,Severe1711.png,Severe,False,256,256,3,RGB,1.0,186835,.png,a582309a4cb871f95b9e8dbf4cdb6046352bef5211fdc237288a67b9d5a1426b,424d27b6979a1626,C:\Users\Ashutosh Verma\OneDrive\Desktop\VET VISION AI\data\lsd\LumpySkinDisease_DataHub\LumpySkinDisease_DataHub\data-processed\lumpy_balanced\lumpy1\Severe1711.png
Severe1712.png,Severe1712.png,Severe,False,256,256,3,RGB,1.0,175130,.png,0919d184bbbb281a7ef23d5e947b9b9a9920346a710fe72510e34914229bdda4,f2b2649a06226276,C:\Users\Ashutosh Verma\OneDrive\Desktop\VET VISION AI\data\lsd\LumpySkinDisease_DataHub\LumpySkinDisease_DataHub\data-processed\lumpy_balanced\lumpy1\Severe1712.png
Severe1713.png,Severe1713.png,Severe,False,256,256,3,RGB,1.0,172135,.png,b63a71e32e254254412d6ed15346b6617c060bb9948e91f55be207f98358a999,fb79b2c21b1a3931,C:\Users\Ashutosh Verma\OneDrive\Desktop\VET VISION AI\data\lsd\LumpySkinDisease_DataHub\LumpySkinDisease_DataHub\data-processed\lumpy_balanced\lumpy1\Severe1713.png
Severe1714.png,Severe1714.png,Severe,False,256,256,3,RGB,1.0,179136,.png,cce1cd1bf44c1ea87336c265db3fa6764d7b4bf1212a472b3edb7f0e6a2f018d,316f746cc13010f7,C:\Users\Ashutosh Verma\OneDrive\Desktop\VET VISION AI\data\lsd\LumpySkinDisease_DataHub\LumpySkinDisease_DataHub\data-processed\lumpy_balanced\lumpy1\Severe1714.png
Severe1715.png,Severe1715.png,Severe,False,256,256,3,RGB,1.0,175570,.png,ae48828d131be574247cee70715c97c59c6fd8a5538441b1bc13a1244f73f3b5,b1237330929a2b0a,C:\Users\Ashutosh Verma\OneDrive\Desktop\VET VISION AI\data\lsd\LumpySkinDisease_DataHub\LumpySkinDisease_DataHub\data-processed\lumpy_balanced\lumpy1\Severe1715.png
Severe1716.png,Severe1716.png,Severe,False,256,256,3,RGB,1.0,150206,.png,1bcabbbe7361fd60b9b3669c05e8f76472fa982d4ca585a2e4620dee030bce9a,1c8c22387ece9a9a,C:\Users\Ashutosh Verma\OneDrive\Desktop\VET VISION AI\data\lsd\LumpySkinDisease_DataHub\LumpySkinDisease_DataHub\data-processed\lumpy_balanced\lumpy1\Severe1716.png
Severe1717.png,Severe1717.png,Severe,False,256,256,3,RGB,1.0,154102,.png,c986737d1eee1ce9e3b48995c60be3279c444d86a4f438608b9011ade92a9b2a,92260b0f09094d4d,C:\Users\Ashutosh Verma\OneDrive\Desktop\VET VISION AI\data\lsd\LumpySkinDisease_DataHub\LumpySkinDisease_DataHub\data-processed\lumpy_balanced\lumpy1\Severe1717.png
Severe1718.png,Severe1718.png,Severe,False,256,256,3,RGB,1.0,185571,.png,d03bd5aae4ec1e810d92c7cf7d8676b96d94ed0226842cacf6796c4e634c96eb,adacdad0f0f1e7c7,C:\Users\Ashutosh Verma\OneDrive\Desktop\VET VISION AI\data\lsd\LumpySkinDisease_DataHub\LumpySkinDisease_DataHub\data-processed\lumpy_balanced\lumpy1\Severe1718.png
Severe1719.png,Severe1719.png,Severe,False,256,256,3,RGB,1.0,150206,.png,1bcabbbe7361fd60b9b3669c05e8f76472fa982d4ca585a2e4620dee030bce9a,1c8c22387ece9a9a,C:\Users\Ashutosh Verma\OneDrive\Desktop\VET VISION AI\data\lsd\LumpySkinDisease_DataHub\LumpySkinDisease_DataHub\data-processed\lumpy_balanced\lumpy1\Severe1719.png
Severe1720.png,Severe1720.png,Severe,False,256,256,3,RGB,1.0,178723,.png,a96fd3d847f1c188cf96db2e3399c4eb2a9bad58384d8caed53661faf6f14172,0d6185997edee636,C:\Users\Ashutosh Verma\OneDrive\Desktop\VET VISION AI\data\lsd\LumpySkinDisease_DataHub\LumpySkinDisease_DataHub\data-processed\lumpy_balanced\lumpy1\Severe1720.png
Severe1721.png,Severe1721.png,Severe,False,256,256,3,RGB,1.0,186835,.png,a582309a4cb871f95b9e8dbf4cdb6046352bef5211fdc237288a67b9d5a1426b,424d27b6979a1626,C:\Users\Ashutosh Verma\OneDrive\Desktop\VET VISION AI\data\lsd\LumpySkinDisease_DataHub\LumpySkinDisease_DataHub\data-processed\lumpy_balanced\lumpy1\Severe1721.png
Severe1722.png,Severe1722.png,Severe,False,256,256,3,RGB,1.0,185571,.png,d03bd5aae4ec1e810d92c7cf7d8676b96d94ed0226842cacf6796c4e634c96eb,adacdad0f0f1e7c7,C:\Users\Ashutosh Verma\OneDrive\Desktop\VET VISION AI\data\lsd\LumpySkinDisease_DataHub\LumpySkinDisease_DataHub\data-processed\lumpy_balanced\lumpy1\Severe1722.png
Severe1723.png,Severe1723.png,Severe,False,256,256,3,RGB,1.0,181235,.png,f3c87f14b0f762bdc8156a57c2055e532e46db8aac46f2061db7e9036862a071,90b6c6c4c1d1313a,C:\Users\Ashutosh Verma\OneDrive\Desktop\VET VISION AI\data\lsd\LumpySkinDisease_DataHub\LumpySkinDisease_DataHub\data-processed\lumpy_balanced\lumpy1\Severe1723.png
Severe1724.png,Severe1724.png,Severe,False,256,256,3,RGB,1.0,181153,.png,04eb32a9a6fa26d0a1da33938a03780094dc55e1c88de48a00ffadfeb25ab514,266624323a5e9b7b,C:\Users\Ashutosh Verma\OneDrive\Desktop\VET VISION AI\data\lsd\LumpySkinDisease_DataHub\LumpySkinDisease_DataHub\data-processed\lumpy_balanced\lumpy1\Severe1724.png
Severe1725.png,Severe1725.png,Severe,False,256,256,3,RGB,1.0,182399,.png,3f1eaf9badb441619d60c360d1e914d172ba2efea2adfb29347eade322617bff,91d5454d6f393999,C:\Users\Ashutosh Verma\OneDrive\Desktop\VET VISION AI\data\lsd\LumpySkinDisease_DataHub\LumpySkinDisease_DataHub\data-processed\lumpy_balanced\lumpy1\Severe1725.png
Severe1726.png,Severe1726.png,Severe,False,256,256,3,RGB,1.0,153542,.png,f66ccbbec79a45ecddcd0f7d248b8a7cae9f76a1f04c6b266b14628099c0339b,d8fb2e5b4b686b4b,C:\Users\Ashutosh Verma\OneDrive\Desktop\VET VISION AI\data\lsd\LumpySkinDisease_DataHub\LumpySkinDisease_DataHub\data-processed\lumpy_balanced\lumpy1\Severe1726.png
Severe1727.png,Severe1727.png,Severe,False,256,256,3,RGB,1.0,171628,.png,436313467fdd9112e34217ccca9525c1fa6891b20f974c26d6ad5936ba4226c1,44cc497b135bc2e2,C:\Users\Ashutosh Verma\OneDrive\Desktop\VET VISION AI\data\lsd\LumpySkinDisease_DataHub\LumpySkinDisease_DataHub\data-processed\lumpy_balanced\lumpy1\Severe1727.png
Severe1728.png,Severe1728.png,Severe,False,256,256,3,RGB,1.0,180601,.png,f5d1a1a1f59bf8849b8d412b294bec0d41367184abbfdd02f62678f0b853d051,b1237330b29a2b0a,C:\Users\Ashutosh Verma\OneDrive\Desktop\VET VISION AI\data\lsd\LumpySkinDisease_DataHub\LumpySkinDisease_DataHub\data-processed\lumpy_balanced\lumpy1\Severe1728.png
Severe1729.png,Severe1729.png,Severe,False,256,256,3,RGB,1.0,184533,.png,88ca04fe128aac9f354b40d7977711ee1c78e19b2299fe81975b91671620c214,2d22b3a363674d0d,C:\Users\Ashutosh Verma\OneDrive\Desktop\VET VISION AI\data\lsd\LumpySkinDisease_DataHub\LumpySkinDisease_DataHub\data-processed\lumpy_balanced\lumpy1\Severe1729.png
Severe1730.png,Severe1730.png,Severe,False,256,256,3,RGB,1.0,35426,.png,8f066c43e3b6e995dc00968f3bd1d0f5a37b210ebb269d4364f1c44ddd9ecc4f,04592937395d5b47,C:\Users\Ashutosh Verma\OneDrive\Desktop\VET VISION AI\data\lsd\LumpySkinDisease_DataHub\LumpySkinDisease_DataHub\data-processed\lumpy_balanced\lumpy1\Severe1730.png
Severe1731.png,Severe1731.png,Severe,False,256,256,3,RGB,1.0,150206,.png,1bcabbbe7361fd60b9b3669c05e8f76472fa982d4ca585a2e4620dee030bce9a,1c8c22387ece9a9a,C:\Users\Ashutosh Verma\OneDrive\Desktop\VET VISION AI\data\lsd\LumpySkinDisease_DataHub\LumpySkinDisease_DataHub\data-processed\lumpy_balanced\lumpy1\Severe1731.png
Severe1732.png,Severe1732.png,Severe,False,256,256,3,RGB,1.0,172724,.png,9938ad1a44d282371ba5bd1fe28c2f973a3fb2245f4841cbb266f6a8a0cb1b1c,1d9b132ba97bf7be,C:\Users\Ashutosh Verma\OneDrive\Desktop\VET VISION AI\data\lsd\LumpySkinDisease_DataHub\LumpySkinDisease_DataHub\data-processed\lumpy_balanced\lumpy1\Severe1732.png
Severe1733.png,Severe1733.png,Severe,False,256,256,3,RGB,1.0,172724,.png,9938ad1a44d282371ba5bd1fe28c2f973a3fb2245f4841cbb266f6a8a0cb1b1c,1d9b132ba97bf7be,C:\Users\Ashutosh Verma\OneDrive\Desktop\VET VISION AI\data\lsd\LumpySkinDisease_DataHub\LumpySkinDisease_DataHub\data-processed\lumpy_balanced\lumpy1\Severe1733.png
Severe1734.png,Severe1734.png,Severe,False,256,256,3,RGB,1.0,179136,.png,cce1cd1bf44c1ea87336c265db3fa6764d7b4bf1212a472b3edb7f0e6a2f018d,316f746cc13010f7,C:\Users\Ashutosh Verma\OneDrive\Desktop\VET VISION AI\data\lsd\LumpySkinDisease_DataHub\LumpySkinDisease_DataHub\data-processed\lumpy_balanced\lumpy1\Severe1734.png
Severe1735.png,Severe1735.png,Severe,False,256,256,3,RGB,1.0,163947,.png,ec7cb138314c129a0af50f370631ef217d3676f0f36268f4b499919ea00778c2,c8e0c0c060100080,C:\Users\Ashutosh Verma\OneDrive\Desktop\VET VISION AI\data\lsd\LumpySkinDisease_DataHub\LumpySkinDisease_DataHub\data-processed\lumpy_balanced\lumpy1\Severe1735.png
Severe1736.png,Severe1736.png,Severe,False,256,256,3,RGB,1.0,163050,.png,89c9802b2a0aa8e0e509e48ed4e14cbabdb1b58cfa38f6be775de123bc66ee87,f8b8b8f9b9bcee68,C:\Users\Ashutosh Verma\OneDrive\Desktop\VET VISION AI\data\lsd\LumpySkinDisease_DataHub\LumpySkinDisease_DataHub\data-processed\lumpy_balanced\lumpy1\Severe1736.png
Severe1737.png,Severe1737.png,Severe,False,256,256,3,RGB,1.0,175570,.png,ae48828d131be574247cee70715c97c59c6fd8a5538441b1bc13a1244f73f3b5,b1237330929a2b0a,C:\Users\Ashutosh Verma\OneDrive\Desktop\VET VISION AI\data\lsd\LumpySkinDisease_DataHub\LumpySkinDisease_DataHub\data-processed\lumpy_balanced\lumpy1\Severe1737.png
Severe1738.png,Severe1738.png,Severe,False,256,256,3,RGB,1.0,160608,.png,3d4afd3aa610737c6bbad420168cae69c0201262088bd658cb99d4b728777ad0,cf8fdfdfd9d0dc4c,C:\Users\Ashutosh Verma\OneDrive\Desktop\VET VISION AI\data\lsd\LumpySkinDisease_DataHub\LumpySkinDisease_DataHub\data-processed\lumpy_balanced\lumpy1\Severe1738.png
Severe1739.png,Severe1739.png,Severe,False,256,256,3,RGB,1.0,178723,.png,a96fd3d847f1c188cf96db2e3399c4eb2a9bad58384d8caed53661faf6f14172,0d6185997edee636,C:\Users\Ashutosh Verma\OneDrive\Desktop\VET VISION AI\data\lsd\LumpySkinDisease_DataHub\LumpySkinDisease_DataHub\data-processed\lumpy_balanced\lumpy1\Severe1739.png
Severe1740.png,Severe1740.png,Severe,False,256,256,3,RGB,1.0,150206,.png,1bcabbbe7361fd60b9b3669c05e8f76472fa982d4ca585a2e4620dee030bce9a,1c8c22387ece9a9a,C:\Users\Ashutosh Verma\OneDrive\Desktop\VET VISION AI\data\lsd\LumpySkinDisease_DataHub\LumpySkinDisease_DataHub\data-processed\lumpy_balanced\lumpy1\Severe1740.png
Severe1741.png,Severe1741.png,Severe,False,256,256,3,RGB,1.0,163947,.png,ec7cb138314c129a0af50f370631ef217d3676f0f36268f4b499919ea00778c2,c8e0c0c060100080,C:\Users\Ashutosh Verma\OneDrive\Desktop\VET VISION AI\data\lsd\LumpySkinDisease_DataHub\LumpySkinDisease_DataHub\data-processed\lumpy_balanced\lumpy1\Severe1741.png
Severe1742.png,Severe1742.png,Severe,False,256,256,3,RGB,1.0,174948,.png,312864e0ee900aac48c5c53f2fd45295ca490d2497038682010a1802f5353b8f,ee7ededfe6123ede,C:\Users\Ashutosh Verma\OneDrive\Desktop\VET VISION AI\data\lsd\LumpySkinDisease_DataHub\LumpySkinDisease_DataHub\data-processed\lumpy_balanced\lumpy1\Severe1742.png
Severe1743.png,Severe1743.png,Severe,False,256,256,3,RGB,1.0,179136,.png,cce1cd1bf44c1ea87336c265db3fa6764d7b4bf1212a472b3edb7f0e6a2f018d,316f746cc13010f7,C:\Users\Ashutosh Verma\OneDrive\Desktop\VET VISION AI\data\lsd\LumpySkinDisease_DataHub\LumpySkinDisease_DataHub\data-processed\lumpy_balanced\lumpy1\Severe1743.png
Severe1744.png,Severe1744.png,Severe,False,256,256,3,RGB,1.0,183839,.png,e4af2d46cf21e00f3f853694a0181bda2182bbbf21dbde34b372f1cab3c31ff0,390f4d5767643693,C:\Users\Ashutosh Verma\OneDrive\Desktop\VET VISION AI\data\lsd\LumpySkinDisease_DataHub\LumpySkinDisease_DataHub\data-processed\lumpy_balanced\lumpy1\Severe1744.png
Severe1745.png,Severe1745.png,Severe,False,256,256,3,RGB,1.0,185571,.png,d03bd5aae4ec1e810d92c7cf7d8676b96d94ed0226842cacf6796c4e634c96eb,adacdad0f0f1e7c7,C:\Users\Ashutosh Verma\OneDrive\Desktop\VET VISION AI\data\lsd\LumpySkinDisease_DataHub\LumpySkinDisease_DataHub\data-processed\lumpy_balanced\lumpy1\Severe1745.png
Severe1746.png,Severe1746.png,Severe,False,256,256,3,RGB,1.0,181695,.png,7676ce77874616e4977249cbf3627a7cae7ceabb562d5c57072f714a061f0af7,0dad6d6d2bdb89cd,C:\Users\Ashutosh Verma\OneDrive\Desktop\VET VISION AI\data\lsd\LumpySkinDisease_DataHub\LumpySkinDisease_DataHub\data-processed\lumpy_balanced\lumpy1\Severe1746.png
Severe1747.png,Severe1747.png,Severe,False,256,256,3,RGB,1.0,186096,.png,7f1479c3a34e26aabe35d504de2ea3c40d4e1eaa99b7e3bbb5f97e8ea535cdc7,6f9f6ebc7c5c8e47,C:\Users\Ashutosh Verma\OneDrive\Desktop\VET VISION AI\data\lsd\LumpySkinDisease_DataHub\LumpySkinDisease_DataHub\data-processed\lumpy_balanced\lumpy1\Severe1747.png
Severe1748.png,Severe1748.png,Severe,False,256,256,3,RGB,1.0,160156,.png,435eb111d8ec8f38e1a4e70d006123485daf2ef3819e46b9cf14187d76293505,656d0901191372b6,C:\Users\Ashutosh Verma\OneDrive\Desktop\VET VISION AI\data\lsd\LumpySkinDisease_DataHub\LumpySkinDisease_DataHub\data-processed\lumpy_balanced\lumpy1\Severe1748.png
Severe1749.png,Severe1749.png,Severe,False,256,256,3,RGB,1.0,186835,.png,a582309a4cb871f95b9e8dbf4cdb6046352bef5211fdc237288a67b9d5a1426b,424d27b6979a1626,C:\Users\Ashutosh Verma\OneDrive\Desktop\VET VISION AI\data\lsd\LumpySkinDisease_DataHub\LumpySkinDisease_DataHub\data-processed\lumpy_balanced\lumpy1\Severe1749.png
Severe1750.png,Severe1750.png,Severe,False,256,256,3,RGB,1.0,145673,.png,86e6d77f458da344ea0a76b9f2c50b8acfc65d20369c0661c2a3940471f08d5a,f9f0b684c0441cd8,C:\Users\Ashutosh Verma\OneDrive\Desktop\VET VISION AI\data\lsd\LumpySkinDisease_DataHub\LumpySkinDisease_DataHub\data-processed\lumpy_balanced\lumpy1\Severe1750.png
Severe1751.png,Severe1751.png,Severe,False,256,256,3,RGB,1.0,182072,.png,2998e8ce33b7806dcf294f17870162c66e7522d08881550bf5b10b6e4572bc98,c6d796bd1bdb7939,C:\Users\Ashutosh Verma\OneDrive\Desktop\VET VISION AI\data\lsd\LumpySkinDisease_DataHub\LumpySkinDisease_DataHub\data-processed\lumpy_balanced\lumpy1\Severe1751.png
Severe1752.png,Severe1752.png,Severe,False,256,256,3,RGB,1.0,184224,.png,9d31b6948117d958db0ccaa3d8d52e959507c6af63b958f5e07d7fdbe21622fe,7363095339971ac6,C:\Users\Ashutosh Verma\OneDrive\Desktop\VET VISION AI\data\lsd\LumpySkinDisease_DataHub\LumpySkinDisease_DataHub\data-processed\lumpy_balanced\lumpy1\Severe1752.png
Severe1753.png,Severe1753.png,Severe,False,256,256,3,RGB,1.0,168142,.png,656815567938847a8a3711aa1fc280110ef57142fff0128ff2ad3a44bb03141a,4ca43031a92c4447,C:\Users\Ashutosh Verma\OneDrive\Desktop\VET VISION AI\data\lsd\LumpySkinDisease_DataHub\LumpySkinDisease_DataHub\data-processed\lumpy_balanced\lumpy1\Severe1753.png
Severe1754.png,Severe1754.png,Severe,False,256,256,3,RGB,1.0,185440,.png,9c5fb8eb78c9d8e5b4a290c50ba5bd4acf92b3458aafae02b53b9037c78353b2,dbf3cbafb7cd6d21,C:\Users\Ashutosh Verma\OneDrive\Desktop\VET VISION AI\data\lsd\LumpySkinDisease_DataHub\LumpySkinDisease_DataHub\data-processed\lumpy_balanced\lumpy1\Severe1754.png
Severe1755.png,Severe1755.png,Severe,False,256,256,3,RGB,1.0,180167,.png,424919f221d0d5d6814ea6d7751a55764b031e91a5a1aada82c62246d4a47436,dddbc5edc3f576fe,C:\Users\Ashutosh Verma\OneDrive\Desktop\VET VISION AI\data\lsd\LumpySkinDisease_DataHub\LumpySkinDisease_DataHub\data-processed\lumpy_balanced\lumpy1\Severe1755.png
Severe1756.png,Severe1756.png,Severe,False,256,256,3,RGB,1.0,171628,.png,436313467fdd9112e34217ccca9525c1fa6891b20f974c26d6ad5936ba4226c1,44cc497b135bc2e2,C:\Users\Ashutosh Verma\OneDrive\Desktop\VET VISION AI\data\lsd\LumpySkinDisease_DataHub\LumpySkinDisease_DataHub\data-processed\lumpy_balanced\lumpy1\Severe1756.png
Severe1757.png,Severe1757.png,Severe,False,256,256,3,RGB,1.0,181235,.png,f3c87f14b0f762bdc8156a57c2055e532e46db8aac46f2061db7e9036862a071,90b6c6c4c1d1313a,C:\Users\Ashutosh Verma\OneDrive\Desktop\VET VISION AI\data\lsd\LumpySkinDisease_DataHub\LumpySkinDisease_DataHub\data-processed\lumpy_balanced\lumpy1\Severe1757.png
Severe1758.png,Severe1758.png,Severe,False,256,256,3,RGB,1.0,178723,.png,a96fd3d847f1c188cf96db2e3399c4eb2a9bad58384d8caed53661faf6f14172,0d6185997edee636,C:\Users\Ashutosh Verma\OneDrive\Desktop\VET VISION AI\data\lsd\LumpySkinDisease_DataHub\LumpySkinDisease_DataHub\data-processed\lumpy_balanced\lumpy1\Severe1758.png
Severe1759.png,Severe1759.png,Severe,False,256,256,3,RGB,1.0,183839,.png,e4af2d46cf21e00f3f853694a0181bda2182bbbf21dbde34b372f1cab3c31ff0,390f4d5767643693,C:\Users\Ashutosh Verma\OneDrive\Desktop\VET VISION AI\data\lsd\LumpySkinDisease_DataHub\LumpySkinDisease_DataHub\data-processed\lumpy_balanced\lumpy1\Severe1759.png
Severe1760.png,Severe1760.png,Severe,False,256,256,3,RGB,1.0,181153,.png,04eb32a9a6fa26d0a1da33938a03780094dc55e1c88de48a00ffadfeb25ab514,266624323a5e9b7b,C:\Users\Ashutosh Verma\OneDrive\Desktop\VET VISION AI\data\lsd\LumpySkinDisease_DataHub\LumpySkinDisease_DataHub\data-processed\lumpy_balanced\lumpy1\Severe1760.png
Severe1761.png,Severe1761.png,Severe,False,256,256,3,RGB,1.0,160156,.png,435eb111d8ec8f38e1a4e70d006123485daf2ef3819e46b9cf14187d76293505,656d0901191372b6,C:\Users\Ashutosh Verma\OneDrive\Desktop\VET VISION AI\data\lsd\LumpySkinDisease_DataHub\LumpySkinDisease_DataHub\data-processed\lumpy_balanced\lumpy1\Severe1761.png
Severe1762.png,Severe1762.png,Severe,False,256,256,3,RGB,1.0,178723,.png,a96fd3d847f1c188cf96db2e3399c4eb2a9bad58384d8caed53661faf6f14172,0d6185997edee636,C:\Users\Ashutosh Verma\OneDrive\Desktop\VET VISION AI\data\lsd\LumpySkinDisease_DataHub\LumpySkinDisease_DataHub\data-processed\lumpy_balanced\lumpy1\Severe1762.png
Severe1763.png,Severe1763.png,Severe,False,256,256,3,RGB,1.0,175570,.png,ae48828d131be574247cee70715c97c59c6fd8a5538441b1bc13a1244f73f3b5,b1237330929a2b0a,C:\Users\Ashutosh Verma\OneDrive\Desktop\VET VISION AI\data\lsd\LumpySkinDisease_DataHub\LumpySkinDisease_DataHub\data-processed\lumpy_balanced\lumpy1\Severe1763.png
Severe1764.png,Severe1764.png,Severe,False,256,256,3,RGB,1.0,186607,.png,d2a1f18f3c05c50005dddaccfbd2fc0cdfe93b0e650f4c9272870e020610305d,1913d3cb09093960,C:\Users\Ashutosh Verma\OneDrive\Desktop\VET VISION AI\data\lsd\LumpySkinDisease_DataHub\LumpySkinDisease_DataHub\data-processed\lumpy_balanced\lumpy1\Severe1764.png
Severe1765.png,Severe1765.png,Severe,False,256,256,3,RGB,1.0,175570,.png,ae48828d131be574247cee70715c97c59c6fd8a5538441b1bc13a1244f73f3b5,b1237330929a2b0a,C:\Users\Ashutosh Verma\OneDrive\Desktop\VET VISION AI\data\lsd\LumpySkinDisease_DataHub\LumpySkinDisease_DataHub\data-processed\lumpy_balanced\lumpy1\Severe1765.png
Severe1766.png,Severe1766.png,Severe,False,256,256,3,RGB,1.0,193300,.png,bc4101533c713be0fec225337e8ee2d0cf7f9e7fa2b942efe3cd567a6ebb2e7a,1cd2a92b93979983,C:\Users\Ashutosh Verma\OneDrive\Desktop\VET VISION AI\data\lsd\LumpySkinDisease_DataHub\LumpySkinDisease_DataHub\data-processed\lumpy_balanced\lumpy1\Severe1766.png
Severe1767.png,Severe1767.png,Severe,False,256,256,3,RGB,1.0,193300,.png,bc4101533c713be0fec225337e8ee2d0cf7f9e7fa2b942efe3cd567a6ebb2e7a,1cd2a92b93979983,C:\Users\Ashutosh Verma\OneDrive\Desktop\VET VISION AI\data\lsd\LumpySkinDisease_DataHub\LumpySkinDisease_DataHub\data-processed\lumpy_balanced\lumpy1\Severe1767.png
Severe1768.png,Severe1768.png,Severe,False,256,256,3,RGB,1.0,171126,.png,966c4b332aff408cba3b1b73f6524492c006b81801a36f35bbd16ffae4dcd227,ee7ededfe6123ede,C:\Users\Ashutosh Verma\OneDrive\Desktop\VET VISION AI\data\lsd\LumpySkinDisease_DataHub\LumpySkinDisease_DataHub\data-processed\lumpy_balanced\lumpy1\Severe1768.png
Severe1769.png,Severe1769.png,Severe,False,256,256,3,RGB,1.0,182441,.png,f7d535d4e53af1fb374820adb2395cc232126ce5a7b9648ddc3bcff62c7d6bdf,ad7ed1f4f0e5c7d6,C:\Users\Ashutosh Verma\OneDrive\Desktop\VET VISION AI\data\lsd\LumpySkinDisease_DataHub\LumpySkinDisease_DataHub\data-processed\lumpy_balanced\lumpy1\Severe1769.png
Severe1770.png,Severe1770.png,Severe,False,256,256,3,RGB,1.0,182399,.png,3f1eaf9badb441619d60c360d1e914d172ba2efea2adfb29347eade322617bff,91d5454d6f393999,C:\Users\Ashutosh Verma\OneDrive\Desktop\VET VISION AI\data\lsd\LumpySkinDisease_DataHub\LumpySkinDisease_DataHub\data-processed\lumpy_balanced\lumpy1\Severe1770.png
Severe1771.png,Severe1771.png,Severe,False,256,256,3,RGB,1.0,188403,.png,3f1832463299b8d4c12059e74886e46dacfe93727c7cb4a64cafbaaa2a3ef7ff,377761d543c3cd8d,C:\Users\Ashutosh Verma\OneDrive\Desktop\VET VISION AI\data\lsd\LumpySkinDisease_DataHub\LumpySkinDisease_DataHub\data-processed\lumpy_balanced\lumpy1\Severe1771.png
Severe1772.png,Severe1772.png,Severe,False,256,256,3,RGB,1.0,174537,.png,d230e1550ad7da104e6291215290b9183fedd13be24c2e81d0920f48d83642e3,e36de5f075f75f34,C:\Users\Ashutosh Verma\OneDrive\Desktop\VET VISION AI\data\lsd\LumpySkinDisease_DataHub\LumpySkinDisease_DataHub\data-processed\lumpy_balanced\lumpy1\Severe1772.png
Severe1773.png,Severe1773.png,Severe,False,256,256,3,RGB,1.0,175570,.png,ae48828d131be574247cee70715c97c59c6fd8a5538441b1bc13a1244f73f3b5,b1237330929a2b0a,C:\Users\Ashutosh Verma\OneDrive\Desktop\VET VISION AI\data\lsd\LumpySkinDisease_DataHub\LumpySkinDisease_DataHub\data-processed\lumpy_balanced\lumpy1\Severe1773.png
Severe1774.png,Severe1774.png,Severe,False,256,256,3,RGB,1.0,174948,.png,312864e0ee900aac48c5c53f2fd45295ca490d2497038682010a1802f5353b8f,ee7ededfe6123ede,C:\Users\Ashutosh Verma\OneDrive\Desktop\VET VISION AI\data\lsd\LumpySkinDisease_DataHub\LumpySkinDisease_DataHub\data-processed\lumpy_balanced\lumpy1\Severe1774.png
Severe1775.png,Severe1775.png,Severe,False,256,256,3,RGB,1.0,174537,.png,d230e1550ad7da104e6291215290b9183fedd13be24c2e81d0920f48d83642e3,e36de5f075f75f34,C:\Users\Ashutosh Verma\OneDrive\Desktop\VET VISION AI\data\lsd\LumpySkinDisease_DataHub\LumpySkinDisease_DataHub\data-processed\lumpy_balanced\lumpy1\Severe1775.png
Severe1776.png,Severe1776.png,Severe,False,256,256,3,RGB,1.0,185191,.png,e6691f3e459c889264ba02d09048e46f10d5890a3b6cb171f2bcbc353a4e1f91,26201c1c2c0c263a,C:\Users\Ashutosh Verma\OneDrive\Desktop\VET VISION AI\data\lsd\LumpySkinDisease_DataHub\LumpySkinDisease_DataHub\data-processed\lumpy_balanced\lumpy1\Severe1776.png
Severe1777.png,Severe1777.png,Severe,False,256,256,3,RGB,1.0,186096,.png,7f1479c3a34e26aabe35d504de2ea3c40d4e1eaa99b7e3bbb5f97e8ea535cdc7,6f9f6ebc7c5c8e47,C:\Users\Ashutosh Verma\OneDrive\Desktop\VET VISION AI\data\lsd\LumpySkinDisease_DataHub\LumpySkinDisease_DataHub\data-processed\lumpy_balanced\lumpy1\Severe1777.png
Severe1778.png,Severe1778.png,Severe,False,256,256,3,RGB,1.0,181235,.png,f3c87f14b0f762bdc8156a57c2055e532e46db8aac46f2061db7e9036862a071,90b6c6c4c1d1313a,C:\Users\Ashutosh Verma\OneDrive\Desktop\VET VISION AI\data\lsd\LumpySkinDisease_DataHub\LumpySkinDisease_DataHub\data-processed\lumpy_balanced\lumpy1\Severe1778.png
Severe1779.png,Severe1779.png,Severe,False,256,256,3,RGB,1.0,186835,.png,a582309a4cb871f95b9e8dbf4cdb6046352bef5211fdc237288a67b9d5a1426b,424d27b6979a1626,C:\Users\Ashutosh Verma\OneDrive\Desktop\VET VISION AI\data\lsd\LumpySkinDisease_DataHub\LumpySkinDisease_DataHub\data-processed\lumpy_balanced\lumpy1\Severe1779.png
Severe1780.png,Severe1780.png,Severe,False,256,256,3,RGB,1.0,184860,.png,3730d25b8f5f2e89bccfb661a2c3c3842f28a236d1ce983ed7bfc14847d2c82b,eb4b81556f2b1919,C:\Users\Ashutosh Verma\OneDrive\Desktop\VET VISION AI\data\lsd\LumpySkinDisease_DataHub\LumpySkinDisease_DataHub\data-processed\lumpy_balanced\lumpy1\Severe1780.png
Severe1781.png,Severe1781.png,Severe,False,256,256,3,RGB,1.0,181235,.png,f3c87f14b0f762bdc8156a57c2055e532e46db8aac46f2061db7e9036862a071,90b6c6c4c1d1313a,C:\Users\Ashutosh Verma\OneDrive\Desktop\VET VISION AI\data\lsd\LumpySkinDisease_DataHub\LumpySkinDisease_DataHub\data-processed\lumpy_balanced\lumpy1\Severe1781.png
Severe1782.png,Severe1782.png,Severe,False,256,256,3,RGB,1.0,160510,.png,1208ba333e24d97cf943d36730cc475e01731b8351204d55426dfaa102add27b,18180c3c3c333323,C:\Users\Ashutosh Verma\OneDrive\Desktop\VET VISION AI\data\lsd\LumpySkinDisease_DataHub\LumpySkinDisease_DataHub\data-processed\lumpy_balanced\lumpy1\Severe1782.png
Severe1783.png,Severe1783.png,Severe,False,256,256,3,RGB,1.0,181153,.png,04eb32a9a6fa26d0a1da33938a03780094dc55e1c88de48a00ffadfeb25ab514,266624323a5e9b7b,C:\Users\Ashutosh Verma\OneDrive\Desktop\VET VISION AI\data\lsd\LumpySkinDisease_DataHub\LumpySkinDisease_DataHub\data-processed\lumpy_balanced\lumpy1\Severe1783.png
Severe1784.png,Severe1784.png,Severe,False,256,256,3,RGB,1.0,184615,.png,208c85193f8ce3b21c69164efff304c59b4e9ab474125ea9a2fc629aab36337c,adaed2f0f0e1c7d6,C:\Users\Ashutosh Verma\OneDrive\Desktop\VET VISION AI\data\lsd\LumpySkinDisease_DataHub\LumpySkinDisease_DataHub\data-processed\lumpy_balanced\lumpy1\Severe1784.png
Severe1785.png,Severe1785.png,Severe,False,256,256,3,RGB,1.0,193300,.png,bc4101533c713be0fec225337e8ee2d0cf7f9e7fa2b942efe3cd567a6ebb2e7a,1cd2a92b93979983,C:\Users\Ashutosh Verma\OneDrive\Desktop\VET VISION AI\data\lsd\LumpySkinDisease_DataHub\LumpySkinDisease_DataHub\data-processed\lumpy_balanced\lumpy1\Severe1785.png
Severe1786.png,Severe1786.png,Severe,False,256,256,3,RGB,1.0,154102,.png,c986737d1eee1ce9e3b48995c60be3279c444d86a4f438608b9011ade92a9b2a,92260b0f09094d4d,C:\Users\Ashutosh Verma\OneDrive\Desktop\VET VISION AI\data\lsd\LumpySkinDisease_DataHub\LumpySkinDisease_DataHub\data-processed\lumpy_balanced\lumpy1\Severe1786.png
Severe1787.png,Severe1787.png,Severe,False,256,256,3,RGB,1.0,180344,.png,a07bb1cbb494eea13aff30ef89bb6cf2289f8cfed4575d9d459ed2d66fee05cd,524298b020212226,C:\Users\Ashutosh Verma\OneDrive\Desktop\VET VISION AI\data\lsd\LumpySkinDisease_DataHub\LumpySkinDisease_DataHub\data-processed\lumpy_balanced\lumpy1\Severe1787.png
Severe1788.png,Severe1788.png,Severe,False,256,256,3,RGB,1.0,185191,.png,e6691f3e459c889264ba02d09048e46f10d5890a3b6cb171f2bcbc353a4e1f91,26201c1c2c0c263a,C:\Users\Ashutosh Verma\OneDrive\Desktop\VET VISION AI\data\lsd\LumpySkinDisease_DataHub\LumpySkinDisease_DataHub\data-processed\lumpy_balanced\lumpy1\Severe1788.png
Severe1789.png,Severe1789.png,Severe,False,256,256,3,RGB,1.0,144094,.png,57fb7674ea79f9676ee45244a54c780c480a0e5ae5c06f215ace11e68e285ffb,563c7a6160134624,C:\Users\Ashutosh Verma\OneDrive\Desktop\VET VISION AI\data\lsd\LumpySkinDisease_DataHub\LumpySkinDisease_DataHub\data-processed\lumpy_balanced\lumpy1\Severe1789.png
Severe1790.png,Severe1790.png,Severe,False,256,256,3,RGB,1.0,183030,.png,821822f03229032c7a623ed0be4c9f78ad2e246924d024722cef738ca62441e7,dddbc5edc3f576fe,C:\Users\Ashutosh Verma\OneDrive\Desktop\VET VISION AI\data\lsd\LumpySkinDisease_DataHub\LumpySkinDisease_DataHub\data-processed\lumpy_balanced\lumpy1\Severe1790.png
Severe1791.png,Severe1791.png,Severe,False,256,256,3,RGB,1.0,184548,.png,8b80d03826231d2de081204c769b82afd1e79b1ae07c87b9a6dd915f222d591b,5252028a8e9ab272,C:\Users\Ashutosh Verma\OneDrive\Desktop\VET VISION AI\data\lsd\LumpySkinDisease_DataHub\LumpySkinDisease_DataHub\data-processed\lumpy_balanced\lumpy1\Severe1791.png
Severe1792.png,Severe1792.png,Severe,False,256,256,3,RGB,1.0,186096,.png,7f1479c3a34e26aabe35d504de2ea3c40d4e1eaa99b7e3bbb5f97e8ea535cdc7,6f9f6ebc7c5c8e47,C:\Users\Ashutosh Verma\OneDrive\Desktop\VET VISION AI\data\lsd\LumpySkinDisease_DataHub\LumpySkinDisease_DataHub\data-processed\lumpy_balanced\lumpy1\Severe1792.png
Severe1793.png,Severe1793.png,Severe,False,256,256,3,RGB,1.0,185191,.png,e6691f3e459c889264ba02d09048e46f10d5890a3b6cb171f2bcbc353a4e1f91,26201c1c2c0c263a,C:\Users\Ashutosh Verma\OneDrive\Desktop\VET VISION AI\data\lsd\LumpySkinDisease_DataHub\LumpySkinDisease_DataHub\data-processed\lumpy_balanced\lumpy1\Severe1793.png
Severe1794.png,Severe1794.png,Severe,False,256,256,3,RGB,1.0,182441,.png,f7d535d4e53af1fb374820adb2395cc232126ce5a7b9648ddc3bcff62c7d6bdf,ad7ed1f4f0e5c7d6,C:\Users\Ashutosh Verma\OneDrive\Desktop\VET VISION AI\data\lsd\LumpySkinDisease_DataHub\LumpySkinDisease_DataHub\data-processed\lumpy_balanced\lumpy1\Severe1794.png
Severe1795.png,Severe1795.png,Severe,False,256,256,3,RGB,1.0,145673,.png,86e6d77f458da344ea0a76b9f2c50b8acfc65d20369c0661c2a3940471f08d5a,f9f0b684c0441cd8,C:\Users\Ashutosh Verma\OneDrive\Desktop\VET VISION AI\data\lsd\LumpySkinDisease_DataHub\LumpySkinDisease_DataHub\data-processed\lumpy_balanced\lumpy1\Severe1795.png
Severe1796.png,Severe1796.png,Severe,False,256,256,3,RGB,1.0,167900,.png,c01a16667bd74d5d9fcaf519488b2904ae256d284ed8a44383b031b03f746595,bcb86a60b052e4b4,C:\Users\Ashutosh Verma\OneDrive\Desktop\VET VISION AI\data\lsd\LumpySkinDisease_DataHub\LumpySkinDisease_DataHub\data-processed\lumpy_balanced\lumpy1\Severe1796.png
Severe1797.png,Severe1797.png,Severe,False,256,256,3,RGB,1.0,171628,.png,436313467fdd9112e34217ccca9525c1fa6891b20f974c26d6ad5936ba4226c1,44cc497b135bc2e2,C:\Users\Ashutosh Verma\OneDrive\Desktop\VET VISION AI\data\lsd\LumpySkinDisease_DataHub\LumpySkinDisease_DataHub\data-processed\lumpy_balanced\lumpy1\Severe1797.png
Severe1798.png,Severe1798.png,Severe,False,256,256,3,RGB,1.0,166397,.png,d82b4b4b5ee5d137952cee04678882270bd7f30a9e33a3926799be39a14b70b6,96bcb862e09046a4,C:\Users\Ashutosh Verma\OneDrive\Desktop\VET VISION AI\data\lsd\LumpySkinDisease_DataHub\LumpySkinDisease_DataHub\data-processed\lumpy_balanced\lumpy1\Severe1798.png
Severe1799.png,Severe1799.png,Severe,False,256,256,3,RGB,1.0,187799,.png,66985ca01cb0d760275a20faac3f96676842a5d699494a2fe1aa2a5972933fc0,a797e577317367e3,C:\Users\Ashutosh Verma\OneDrive\Desktop\VET VISION AI\data\lsd\LumpySkinDisease_DataHub\LumpySkinDisease_DataHub\data-processed\lumpy_balanced\lumpy1\Severe1799.png
Severe1800.png,Severe1800.png,Severe,False,256,256,3,RGB,1.0,175570,.png,ae48828d131be574247cee70715c97c59c6fd8a5538441b1bc13a1244f73f3b5,b1237330929a2b0a,C:\Users\Ashutosh Verma\OneDrive\Desktop\VET VISION AI\data\lsd\LumpySkinDisease_DataHub\LumpySkinDisease_DataHub\data-processed\lumpy_balanced\lumpy1\Severe1800.png
Severe1801.png,Severe1801.png,Severe,False,256,256,4,RGBA,1.0,193112,.png,21e2fcb47169ab523db29c8289c38e31e7a5cf3aa8f83dae2e22a1a44a716151,1d9b132ba97bf7be,C:\Users\Ashutosh Verma\OneDrive\Desktop\VET VISION AI\data\lsd\LumpySkinDisease_DataHub\LumpySkinDisease_DataHub\data-processed\lumpy_balanced\lumpy1\Severe1801.png
Severe1802.png,Severe1802.png,Severe,False,256,256,3,RGB,1.0,171628,.png,436313467fdd9112e34217ccca9525c1fa6891b20f974c26d6ad5936ba4226c1,44cc497b135bc2e2,C:\Users\Ashutosh Verma\OneDrive\Desktop\VET VISION AI\data\lsd\LumpySkinDisease_DataHub\LumpySkinDisease_DataHub\data-processed\lumpy_balanced\lumpy1\Severe1802.png
Severe1803.png,Severe1803.png,Severe,False,256,256,3,RGB,1.0,180601,.png,f5d1a1a1f59bf8849b8d412b294bec0d41367184abbfdd02f62678f0b853d051,b1237330b29a2b0a,C:\Users\Ashutosh Verma\OneDrive\Desktop\VET VISION AI\data\lsd\LumpySkinDisease_DataHub\LumpySkinDisease_DataHub\data-processed\lumpy_balanced\lumpy1\Severe1803.png
Severe1804.png,Severe1804.png,Severe,False,256,256,3,RGB,1.0,184615,.png,208c85193f8ce3b21c69164efff304c59b4e9ab474125ea9a2fc629aab36337c,adaed2f0f0e1c7d6,C:\Users\Ashutosh Verma\OneDrive\Desktop\VET VISION AI\data\lsd\LumpySkinDisease_DataHub\LumpySkinDisease_DataHub\data-processed\lumpy_balanced\lumpy1\Severe1804.png
Severe1805.png,Severe1805.png,Severe,False,256,256,3,RGB,1.0,184615,.png,208c85193f8ce3b21c69164efff304c59b4e9ab474125ea9a2fc629aab36337c,adaed2f0f0e1c7d6,C:\Users\Ashutosh Verma\OneDrive\Desktop\VET VISION AI\data\lsd\LumpySkinDisease_DataHub\LumpySkinDisease_DataHub\data-processed\lumpy_balanced\lumpy1\Severe1805.png
Severe1806.png,Severe1806.png,Severe,False,256,256,3,RGB,1.0,185440,.png,9c5fb8eb78c9d8e5b4a290c50ba5bd4acf92b3458aafae02b53b9037c78353b2,dbf3cbafb7cd6d21,C:\Users\Ashutosh Verma\OneDrive\Desktop\VET VISION AI\data\lsd\LumpySkinDisease_DataHub\LumpySkinDisease_DataHub\data-processed\lumpy_balanced\lumpy1\Severe1806.png
Severe1807.png,Severe1807.png,Severe,False,256,256,3,RGB,1.0,181235,.png,f3c87f14b0f762bdc8156a57c2055e532e46db8aac46f2061db7e9036862a071,90b6c6c4c1d1313a,C:\Users\Ashutosh Verma\OneDrive\Desktop\VET VISION AI\data\lsd\LumpySkinDisease_DataHub\LumpySkinDisease_DataHub\data-processed\lumpy_balanced\lumpy1\Severe1807.png
Severe1808.png,Severe1808.png,Severe,False,256,256,3,RGB,1.0,193300,.png,bc4101533c713be0fec225337e8ee2d0cf7f9e7fa2b942efe3cd567a6ebb2e7a,1cd2a92b93979983,C:\Users\Ashutosh Verma\OneDrive\Desktop\VET VISION AI\data\lsd\LumpySkinDisease_DataHub\LumpySkinDisease_DataHub\data-processed\lumpy_balanced\lumpy1\Severe1808.png
Severe1809.png,Severe1809.png,Severe,False,256,256,3,RGB,1.0,159775,.png,a7835f8cbea03606fdd5bc01376a48c0540b0d849e657cc559124a7bbfa87f9a,82c451b9e62d18b6,C:\Users\Ashutosh Verma\OneDrive\Desktop\VET VISION AI\data\lsd\LumpySkinDisease_DataHub\LumpySkinDisease_DataHub\data-processed\lumpy_balanced\lumpy1\Severe1809.png
Severe1810.png,Severe1810.png,Severe,False,256,256,3,RGB,1.0,180167,.png,424919f221d0d5d6814ea6d7751a55764b031e91a5a1aada82c62246d4a47436,dddbc5edc3f576fe,C:\Users\Ashutosh Verma\OneDrive\Desktop\VET VISION AI\data\lsd\LumpySkinDisease_DataHub\LumpySkinDisease_DataHub\data-processed\lumpy_balanced\lumpy1\Severe1810.png
Severe1811.png,Severe1811.png,Severe,False,256,256,3,RGB,1.0,193300,.png,bc4101533c713be0fec225337e8ee2d0cf7f9e7fa2b942efe3cd567a6ebb2e7a,1cd2a92b93979983,C:\Users\Ashutosh Verma\OneDrive\Desktop\VET VISION AI\data\lsd\LumpySkinDisease_DataHub\LumpySkinDisease_DataHub\data-processed\lumpy_balanced\lumpy1\Severe1811.png
Severe1812.png,Severe1812.png,Severe,False,256,256,3,RGB,1.0,111990,.png,d788fde4fa7da4d7e2cddb0bb519a64e0303d0046b6683ea27a9f13d371c1639,79796e5c6473797d,C:\Users\Ashutosh Verma\OneDrive\Desktop\VET VISION AI\data\lsd\LumpySkinDisease_DataHub\LumpySkinDisease_DataHub\data-processed\lumpy_balanced\lumpy1\Severe1812.png
Severe1813.png,Severe1813.png,Severe,False,256,256,3,RGB,1.0,154102,.png,c986737d1eee1ce9e3b48995c60be3279c444d86a4f438608b9011ade92a9b2a,92260b0f09094d4d,C:\Users\Ashutosh Verma\OneDrive\Desktop\VET VISION AI\data\lsd\LumpySkinDisease_DataHub\LumpySkinDisease_DataHub\data-processed\lumpy_balanced\lumpy1\Severe1813.png
Severe1814.png,Severe1814.png,Severe,False,256,256,3,RGB,1.0,180344,.png,a07bb1cbb494eea13aff30ef89bb6cf2289f8cfed4575d9d459ed2d66fee05cd,524298b020212226,C:\Users\Ashutosh Verma\OneDrive\Desktop\VET VISION AI\data\lsd\LumpySkinDisease_DataHub\LumpySkinDisease_DataHub\data-processed\lumpy_balanced\lumpy1\Severe1814.png
Severe1815.png,Severe1815.png,Severe,False,256,256,3,RGB,1.0,179136,.png,cce1cd1bf44c1ea87336c265db3fa6764d7b4bf1212a472b3edb7f0e6a2f018d,316f746cc13010f7,C:\Users\Ashutosh Verma\OneDrive\Desktop\VET VISION AI\data\lsd\LumpySkinDisease_DataHub\LumpySkinDisease_DataHub\data-processed\lumpy_balanced\lumpy1\Severe1815.png
Severe1816.png,Severe1816.png,Severe,False,256,256,3,RGB,1.0,185440,.png,9c5fb8eb78c9d8e5b4a290c50ba5bd4acf92b3458aafae02b53b9037c78353b2,dbf3cbafb7cd6d21,C:\Users\Ashutosh Verma\OneDrive\Desktop\VET VISION AI\data\lsd\LumpySkinDisease_DataHub\LumpySkinDisease_DataHub\data-processed\lumpy_balanced\lumpy1\Severe1816.png
Severe1817.png,Severe1817.png,Severe,False,256,256,3,RGB,1.0,179136,.png,cce1cd1bf44c1ea87336c265db3fa6764d7b4bf1212a472b3edb7f0e6a2f018d,316f746cc13010f7,C:\Users\Ashutosh Verma\OneDrive\Desktop\VET VISION AI\data\lsd\LumpySkinDisease_DataHub\LumpySkinDisease_DataHub\data-processed\lumpy_balanced\lumpy1\Severe1817.png
Severe1818.png,Severe1818.png,Severe,False,256,256,3,RGB,1.0,159775,.png,a7835f8cbea03606fdd5bc01376a48c0540b0d849e657cc559124a7bbfa87f9a,82c451b9e62d18b6,C:\Users\Ashutosh Verma\OneDrive\Desktop\VET VISION AI\data\lsd\LumpySkinDisease_DataHub\LumpySkinDisease_DataHub\data-processed\lumpy_balanced\lumpy1\Severe1818.png
Severe1819.png,Severe1819.png,Severe,False,256,256,3,RGB,1.0,185440,.png,9c5fb8eb78c9d8e5b4a290c50ba5bd4acf92b3458aafae02b53b9037c78353b2,dbf3cbafb7cd6d21,C:\Users\Ashutosh Verma\OneDrive\Desktop\VET VISION AI\data\lsd\LumpySkinDisease_DataHub\LumpySkinDisease_DataHub\data-processed\lumpy_balanced\lumpy1\Severe1819.png
Severe1820.png,Severe1820.png,Severe,False,256,256,3,RGB,1.0,186835,.png,a582309a4cb871f95b9e8dbf4cdb6046352bef5211fdc237288a67b9d5a1426b,424d27b6979a1626,C:\Users\Ashutosh Verma\OneDrive\Desktop\VET VISION AI\data\lsd\LumpySkinDisease_DataHub\LumpySkinDisease_DataHub\data-processed\lumpy_balanced\lumpy1\Severe1820.png
Severe1821.png,Severe1821.png,Severe,False,256,256,3,RGB,1.0,171592,.png,6b53b0f6a99553051e7f5f618326301788825c6afbc503a8d5595ac8b2357d42,e46c9e9b654b4bc8,C:\Users\Ashutosh Verma\OneDrive\Desktop\VET VISION AI\data\lsd\LumpySkinDisease_DataHub\LumpySkinDisease_DataHub\data-processed\lumpy_balanced\lumpy1\Severe1821.png
Severe1822.png,Severe1822.png,Severe,False,256,256,3,RGB,1.0,178723,.png,a96fd3d847f1c188cf96db2e3399c4eb2a9bad58384d8caed53661faf6f14172,0d6185997edee636,C:\Users\Ashutosh Verma\OneDrive\Desktop\VET VISION AI\data\lsd\LumpySkinDisease_DataHub\LumpySkinDisease_DataHub\data-processed\lumpy_balanced\lumpy1\Severe1822.png
Severe1823.png,Severe1823.png,Severe,False,256,256,3,RGB,1.0,170627,.png,77c890b54e8fc8addc7f05484f1470d4fd0953ea371dcd1883a1bcc4a185dc07,d37df4f0f2735f72,C:\Users\Ashutosh Verma\OneDrive\Desktop\VET VISION AI\data\lsd\LumpySkinDisease_DataHub\LumpySkinDisease_DataHub\data-processed\lumpy_balanced\lumpy1\Severe1823.png
Severe1824.png,Severe1824.png,Severe,False,256,256,3,RGB,1.0,169771,.png,5f972ae50057523fdc4e763e061b159d46603de6a6161f11c94b375a81a79022,c8e8c0c060108080,C:\Users\Ashutosh Verma\OneDrive\Desktop\VET VISION AI\data\lsd\LumpySkinDisease_DataHub\LumpySkinDisease_DataHub\data-processed\lumpy_balanced\lumpy1\Severe1824.png
Severe1825.png,Severe1825.png,Severe,False,256,256,3,RGB,1.0,186120,.png,45fc143092173eaaac0e7e88895f381a75dc7922a9b9bb02dd6558239571170f,6b61d5d757c3c3cf,C:\Users\Ashutosh Verma\OneDrive\Desktop\VET VISION AI\data\lsd\LumpySkinDisease_DataHub\LumpySkinDisease_DataHub\data-processed\lumpy_balanced\lumpy1\Severe1825.png
Severe1826.png,Severe1826.png,Severe,False,256,256,3,RGB,1.0,179854,.png,a2f3bfe404a40600e95c679b8b548abc1af56caba7e208669e1ff6c72cd1d894,1e162647474f9abe,C:\Users\Ashutosh Verma\OneDrive\Desktop\VET VISION AI\data\lsd\LumpySkinDisease_DataHub\LumpySkinDisease_DataHub\data-processed\lumpy_balanced\lumpy1\Severe1826.png
Severe1827.png,Severe1827.png,Severe,False,256,256,3,RGB,1.0,146013,.png,4106a92a60453d98249b33046f52755acbae9c58cb9ab962c42ad71f3f3f7ece,b7767a5333b1b1bb,C:\Users\Ashutosh Verma\OneDrive\Desktop\VET VISION AI\data\lsd\LumpySkinDisease_DataHub\LumpySkinDisease_DataHub\data-processed\lumpy_balanced\lumpy1\Severe1827.png
Severe1828.png,Severe1828.png,Severe,False,256,256,3,RGB,1.0,184224,.png,9d31b6948117d958db0ccaa3d8d52e959507c6af63b958f5e07d7fdbe21622fe,7363095339971ac6,C:\Users\Ashutosh Verma\OneDrive\Desktop\VET VISION AI\data\lsd\LumpySkinDisease_DataHub\LumpySkinDisease_DataHub\data-processed\lumpy_balanced\lumpy1\Severe1828.png
Severe1829.png,Severe1829.png,Severe,False,256,256,3,RGB,1.0,155252,.png,258b89f8497f6314ae34bccbaa57ee6e4fc8a12b54276414a9413236d5cc615d,fe9f5e747071980c,C:\Users\Ashutosh Verma\OneDrive\Desktop\VET VISION AI\data\lsd\LumpySkinDisease_DataHub\LumpySkinDisease_DataHub\data-processed\lumpy_balanced\lumpy1\Severe1829.png
Severe1830.png,Severe1830.png,Severe,False,256,256,3,RGB,1.0,185191,.png,e6691f3e459c889264ba02d09048e46f10d5890a3b6cb171f2bcbc353a4e1f91,26201c1c2c0c263a,C:\Users\Ashutosh Verma\OneDrive\Desktop\VET VISION AI\data\lsd\LumpySkinDisease_DataHub\LumpySkinDisease_DataHub\data-processed\lumpy_balanced\lumpy1\Severe1830.png
Severe1831.png,Severe1831.png,Severe,False,256,256,3,RGB,1.0,150206,.png,1bcabbbe7361fd60b9b3669c05e8f76472fa982d4ca585a2e4620dee030bce9a,1c8c22387ece9a9a,C:\Users\Ashutosh Verma\OneDrive\Desktop\VET VISION AI\data\lsd\LumpySkinDisease_DataHub\LumpySkinDisease_DataHub\data-processed\lumpy_balanced\lumpy1\Severe1831.png
Severe1832.png,Severe1832.png,Severe,False,256,256,3,RGB,1.0,186120,.png,45fc143092173eaaac0e7e88895f381a75dc7922a9b9bb02dd6558239571170f,6b61d5d757c3c3cf,C:\Users\Ashutosh Verma\OneDrive\Desktop\VET VISION AI\data\lsd\LumpySkinDisease_DataHub\LumpySkinDisease_DataHub\data-processed\lumpy_balanced\lumpy1\Severe1832.png
Severe1833.png,Severe1833.png,Severe,False,256,256,3,RGB,1.0,186607,.png,d2a1f18f3c05c50005dddaccfbd2fc0cdfe93b0e650f4c9272870e020610305d,1913d3cb09093960,C:\Users\Ashutosh Verma\OneDrive\Desktop\VET VISION AI\data\lsd\LumpySkinDisease_DataHub\LumpySkinDisease_DataHub\data-processed\lumpy_balanced\lumpy1\Severe1833.png
Severe1834.png,Severe1834.png,Severe,False,256,256,3,RGB,1.0,182751,.png,83852ec7520d975e4cc82e022c928a96da56373b77f7e092b6dc15123770500f,d6f2aaaecbeba3a7,C:\Users\Ashutosh Verma\OneDrive\Desktop\VET VISION AI\data\lsd\LumpySkinDisease_DataHub\LumpySkinDisease_DataHub\data-processed\lumpy_balanced\lumpy1\Severe1834.png
Severe1835.png,Severe1835.png,Severe,False,256,256,3,RGB,1.0,144094,.png,57fb7674ea79f9676ee45244a54c780c480a0e5ae5c06f215ace11e68e285ffb,563c7a6160134624,C:\Users\Ashutosh Verma\OneDrive\Desktop\VET VISION AI\data\lsd\LumpySkinDisease_DataHub\LumpySkinDisease_DataHub\data-processed\lumpy_balanced\lumpy1\Severe1835.png
Severe1836.png,Severe1836.png,Severe,False,256,256,4,RGBA,1.0,211551,.png,957e1cb5f063a85a6bd4054a3d0f8b8c29596386042057d3b2908a52b20481dd,1cf3ab92998b19e5,C:\Users\Ashutosh Verma\OneDrive\Desktop\VET VISION AI\data\lsd\LumpySkinDisease_DataHub\LumpySkinDisease_DataHub\data-processed\lumpy_balanced\lumpy1\Severe1836.png
Severe1837.png,Severe1837.png,Severe,False,256,256,3,RGB,1.0,168142,.png,656815567938847a8a3711aa1fc280110ef57142fff0128ff2ad3a44bb03141a,4ca43031a92c4447,C:\Users\Ashutosh Verma\OneDrive\Desktop\VET VISION AI\data\lsd\LumpySkinDisease_DataHub\LumpySkinDisease_DataHub\data-processed\lumpy_balanced\lumpy1\Severe1837.png
Severe1838.png,Severe1838.png,Severe,False,256,256,3,RGB,1.0,111990,.png,d788fde4fa7da4d7e2cddb0bb519a64e0303d0046b6683ea27a9f13d371c1639,79796e5c6473797d,C:\Users\Ashutosh Verma\OneDrive\Desktop\VET VISION AI\data\lsd\LumpySkinDisease_DataHub\LumpySkinDisease_DataHub\data-processed\lumpy_balanced\lumpy1\Severe1838.png
Severe1839.png,Severe1839.png,Severe,False,256,256,3,RGB,1.0,163050,.png,89c9802b2a0aa8e0e509e48ed4e14cbabdb1b58cfa38f6be775de123bc66ee87,f8b8b8f9b9bcee68,C:\Users\Ashutosh Verma\OneDrive\Desktop\VET VISION AI\data\lsd\LumpySkinDisease_DataHub\LumpySkinDisease_DataHub\data-processed\lumpy_balanced\lumpy1\Severe1839.png
Severe1840.png,Severe1840.png,Severe,False,256,256,3,RGB,1.0,175130,.png,0919d184bbbb281a7ef23d5e947b9b9a9920346a710fe72510e34914229bdda4,f2b2649a06226276,C:\Users\Ashutosh Verma\OneDrive\Desktop\VET VISION AI\data\lsd\LumpySkinDisease_DataHub\LumpySkinDisease_DataHub\data-processed\lumpy_balanced\lumpy1\Severe1840.png
Severe1841.png,Severe1841.png,Severe,False,256,256,3,RGB,1.0,186096,.png,7f1479c3a34e26aabe35d504de2ea3c40d4e1eaa99b7e3bbb5f97e8ea535cdc7,6f9f6ebc7c5c8e47,C:\Users\Ashutosh Verma\OneDrive\Desktop\VET VISION AI\data\lsd\LumpySkinDisease_DataHub\LumpySkinDisease_DataHub\data-processed\lumpy_balanced\lumpy1\Severe1841.png
Severe1842.png,Severe1842.png,Severe,False,256,256,3,RGB,1.0,184224,.png,9d31b6948117d958db0ccaa3d8d52e959507c6af63b958f5e07d7fdbe21622fe,7363095339971ac6,C:\Users\Ashutosh Verma\OneDrive\Desktop\VET VISION AI\data\lsd\LumpySkinDisease_DataHub\LumpySkinDisease_DataHub\data-processed\lumpy_balanced\lumpy1\Severe1842.png
Severe1843.png,Severe1843.png,Severe,False,256,256,3,RGB,1.0,171126,.png,966c4b332aff408cba3b1b73f6524492c006b81801a36f35bbd16ffae4dcd227,ee7ededfe6123ede,C:\Users\Ashutosh Verma\OneDrive\Desktop\VET VISION AI\data\lsd\LumpySkinDisease_DataHub\LumpySkinDisease_DataHub\data-processed\lumpy_balanced\lumpy1\Severe1843.png
Severe1844.png,Severe1844.png,Severe,False,256,256,3,RGB,1.0,35426,.png,8f066c43e3b6e995dc00968f3bd1d0f5a37b210ebb269d4364f1c44ddd9ecc4f,04592937395d5b47,C:\Users\Ashutosh Verma\OneDrive\Desktop\VET VISION AI\data\lsd\LumpySkinDisease_DataHub\LumpySkinDisease_DataHub\data-processed\lumpy_balanced\lumpy1\Severe1844.png
Severe1845.png,Severe1845.png,Severe,False,256,256,3,RGB,1.0,170004,.png,befe3c7ce2185656ab8a2f55afac457c2e9a8763ea7488ac9fd82a0372d975e0,2527171717178f9b,C:\Users\Ashutosh Verma\OneDrive\Desktop\VET VISION AI\data\lsd\LumpySkinDisease_DataHub\LumpySkinDisease_DataHub\data-processed\lumpy_balanced\lumpy1\Severe1845.png
Severe1846.png,Severe1846.png,Severe,False,256,256,3,RGB,1.0,163050,.png,89c9802b2a0aa8e0e509e48ed4e14cbabdb1b58cfa38f6be775de123bc66ee87,f8b8b8f9b9bcee68,C:\Users\Ashutosh Verma\OneDrive\Desktop\VET VISION AI\data\lsd\LumpySkinDisease_DataHub\LumpySkinDisease_DataHub\data-processed\lumpy_balanced\lumpy1\Severe1846.png
Severe1847.png,Severe1847.png,Severe,False,256,256,3,RGB,1.0,182441,.png,f7d535d4e53af1fb374820adb2395cc232126ce5a7b9648ddc3bcff62c7d6bdf,ad7ed1f4f0e5c7d6,C:\Users\Ashutosh Verma\OneDrive\Desktop\VET VISION AI\data\lsd\LumpySkinDisease_DataHub\LumpySkinDisease_DataHub\data-processed\lumpy_balanced\lumpy1\Severe1847.png
Severe1848.png,Severe1848.png,Severe,False,256,256,3,RGB,1.0,161685,.png,50c848323f01547d9a002d153fbd4238ff3f5a6c6e2ba78e8824a20cac3e5ca3,bcb86a60b052e4b4,C:\Users\Ashutosh Verma\OneDrive\Desktop\VET VISION AI\data\lsd\LumpySkinDisease_DataHub\LumpySkinDisease_DataHub\data-processed\lumpy_balanced\lumpy1\Severe1848.png
Severe1849.png,Severe1849.png,Severe,False,256,256,3,RGB,1.0,160608,.png,3d4afd3aa610737c6bbad420168cae69c0201262088bd658cb99d4b728777ad0,cf8fdfdfd9d0dc4c,C:\Users\Ashutosh Verma\OneDrive\Desktop\VET VISION AI\data\lsd\LumpySkinDisease_DataHub\LumpySkinDisease_DataHub\data-processed\lumpy_balanced\lumpy1\Severe1849.png
Severe1850.png,Severe1850.png,Severe,False,256,256,3,RGB,1.0,187768,.png,f86858ad5dd2f6931211ed7fad0162123dc3efc24e7b8098108afc0d73168484,8322a7a533617086,C:\Users\Ashutosh Verma\OneDrive\Desktop\VET VISION AI\data\lsd\LumpySkinDisease_DataHub\LumpySkinDisease_DataHub\data-processed\lumpy_balanced\lumpy1\Severe1850.png
Severe1851.png,Severe1851.png,Severe,False,256,256,3,RGB,1.0,187768,.png,f86858ad5dd2f6931211ed7fad0162123dc3efc24e7b8098108afc0d73168484,8322a7a533617086,C:\Users\Ashutosh Verma\OneDrive\Desktop\VET VISION AI\data\lsd\LumpySkinDisease_DataHub\LumpySkinDisease_DataHub\data-processed\lumpy_balanced\lumpy1\Severe1851.png
Severe1852.png,Severe1852.png,Severe,False,256,256,3,RGB,1.0,149764,.png,bbc4727ab6ccad1c325f80338d8b8866bd574e9581f3318d9f777d53c3f6e2b7,d8fb2e5b4b686b4b,C:\Users\Ashutosh Verma\OneDrive\Desktop\VET VISION AI\data\lsd\LumpySkinDisease_DataHub\LumpySkinDisease_DataHub\data-processed\lumpy_balanced\lumpy1\Severe1852.png
Severe1853.png,Severe1853.png,Severe,False,256,256,3,RGB,1.0,187054,.png,a5535192241abf0c8e19fa2f0ca153c68caa757315959bfdff8dc84d406b5d02,377761d543e3cd8d,C:\Users\Ashutosh Verma\OneDrive\Desktop\VET VISION AI\data\lsd\LumpySkinDisease_DataHub\LumpySkinDisease_DataHub\data-processed\lumpy_balanced\lumpy1\Severe1853.png
Severe1854.png,Severe1854.png,Severe,False,256,256,3,RGB,1.0,170409,.png,3c4d85a310627aa2e4bcc70f6f9dd5c5e9fa05269362e4896e479fb92ce70c14,316f746cc13010f5,C:\Users\Ashutosh Verma\OneDrive\Desktop\VET VISION AI\data\lsd\LumpySkinDisease_DataHub\LumpySkinDisease_DataHub\data-processed\lumpy_balanced\lumpy1\Severe1854.png
Severe1855.png,Severe1855.png,Severe,False,256,256,3,RGB,1.0,145673,.png,86e6d77f458da344ea0a76b9f2c50b8acfc65d20369c0661c2a3940471f08d5a,f9f0b684c0441cd8,C:\Users\Ashutosh Verma\OneDrive\Desktop\VET VISION AI\data\lsd\LumpySkinDisease_DataHub\LumpySkinDisease_DataHub\data-processed\lumpy_balanced\lumpy1\Severe1855.png
Severe1856.png,Severe1856.png,Severe,False,256,256,3,RGB,1.0,154102,.png,c986737d1eee1ce9e3b48995c60be3279c444d86a4f438608b9011ade92a9b2a,92260b0f09094d4d,C:\Users\Ashutosh Verma\OneDrive\Desktop\VET VISION AI\data\lsd\LumpySkinDisease_DataHub\LumpySkinDisease_DataHub\data-processed\lumpy_balanced\lumpy1\Severe1856.png
Severe1857.png,Severe1857.png,Severe,False,256,256,3,RGB,1.0,173740,.png,4b03194035f2ffad4b478a4cf37a19edd122238c89060deeb9fe34d4e613853d,909026246866264d,C:\Users\Ashutosh Verma\OneDrive\Desktop\VET VISION AI\data\lsd\LumpySkinDisease_DataHub\LumpySkinDisease_DataHub\data-processed\lumpy_balanced\lumpy1\Severe1857.png
Severe1858.png,Severe1858.png,Severe,False,256,256,3,RGB,1.0,171126,.png,966c4b332aff408cba3b1b73f6524492c006b81801a36f35bbd16ffae4dcd227,ee7ededfe6123ede,C:\Users\Ashutosh Verma\OneDrive\Desktop\VET VISION AI\data\lsd\LumpySkinDisease_DataHub\LumpySkinDisease_DataHub\data-processed\lumpy_balanced\lumpy1\Severe1858.png
Severe1859.png,Severe1859.png,Severe,False,256,256,3,RGB,1.0,171151,.png,7d0575cc2d71021238adc73e1ec64c32871790c161bab7bc06a8cab84c0e96a8,44cc497b135bc2e2,C:\Users\Ashutosh Verma\OneDrive\Desktop\VET VISION AI\data\lsd\LumpySkinDisease_DataHub\LumpySkinDisease_DataHub\data-processed\lumpy_balanced\lumpy1\Severe1859.png
Severe1860.png,Severe1860.png,Severe,False,256,256,3,RGB,1.0,170409,.png,3c4d85a310627aa2e4bcc70f6f9dd5c5e9fa05269362e4896e479fb92ce70c14,316f746cc13010f5,C:\Users\Ashutosh Verma\OneDrive\Desktop\VET VISION AI\data\lsd\LumpySkinDisease_DataHub\LumpySkinDisease_DataHub\data-processed\lumpy_balanced\lumpy1\Severe1860.png
Severe1861.png,Severe1861.png,Severe,False,256,256,3,RGB,1.0,181153,.png,04eb32a9a6fa26d0a1da33938a03780094dc55e1c88de48a00ffadfeb25ab514,266624323a5e9b7b,C:\Users\Ashutosh Verma\OneDrive\Desktop\VET VISION AI\data\lsd\LumpySkinDisease_DataHub\LumpySkinDisease_DataHub\data-processed\lumpy_balanced\lumpy1\Severe1861.png
Severe1862.png,Severe1862.png,Severe,False,256,256,3,RGB,1.0,175408,.png,58c46875c985963ead96a19b1196156dcda8e66dc97df28aa83673b240bf21a0,048c495b3317c2c2,C:\Users\Ashutosh Verma\OneDrive\Desktop\VET VISION AI\data\lsd\LumpySkinDisease_DataHub\LumpySkinDisease_DataHub\data-processed\lumpy_balanced\lumpy1\Severe1862.png
Severe1863.png,Severe1863.png,Severe,False,256,256,3,RGB,1.0,150206,.png,1bcabbbe7361fd60b9b3669c05e8f76472fa982d4ca585a2e4620dee030bce9a,1c8c22387ece9a9a,C:\Users\Ashutosh Verma\OneDrive\Desktop\VET VISION AI\data\lsd\LumpySkinDisease_DataHub\LumpySkinDisease_DataHub\data-processed\lumpy_balanced\lumpy1\Severe1863.png
Severe1864.png,Severe1864.png,Severe,False,256,256,3,RGB,1.0,182072,.png,2998e8ce33b7806dcf294f17870162c66e7522d08881550bf5b10b6e4572bc98,c6d796bd1bdb7939,C:\Users\Ashutosh Verma\OneDrive\Desktop\VET VISION AI\data\lsd\LumpySkinDisease_DataHub\LumpySkinDisease_DataHub\data-processed\lumpy_balanced\lumpy1\Severe1864.png
Severe1865.png,Severe1865.png,Severe,False,256,256,4,RGBA,1.0,211551,.png,957e1cb5f063a85a6bd4054a3d0f8b8c29596386042057d3b2908a52b20481dd,1cf3ab92998b19e5,C:\Users\Ashutosh Verma\OneDrive\Desktop\VET VISION AI\data\lsd\LumpySkinDisease_DataHub\LumpySkinDisease_DataHub\data-processed\lumpy_balanced\lumpy1\Severe1865.png
Severe1866.png,Severe1866.png,Severe,False,256,256,3,RGB,1.0,180344,.png,a07bb1cbb494eea13aff30ef89bb6cf2289f8cfed4575d9d459ed2d66fee05cd,524298b020212226,C:\Users\Ashutosh Verma\OneDrive\Desktop\VET VISION AI\data\lsd\LumpySkinDisease_DataHub\LumpySkinDisease_DataHub\data-processed\lumpy_balanced\lumpy1\Severe1866.png
Severe1867.png,Severe1867.png,Severe,False,256,256,3,RGB,1.0,175570,.png,ae48828d131be574247cee70715c97c59c6fd8a5538441b1bc13a1244f73f3b5,b1237330929a2b0a,C:\Users\Ashutosh Verma\OneDrive\Desktop\VET VISION AI\data\lsd\LumpySkinDisease_DataHub\LumpySkinDisease_DataHub\data-processed\lumpy_balanced\lumpy1\Severe1867.png
Severe1868.png,Severe1868.png,Severe,False,256,256,3,RGB,1.0,170409,.png,3c4d85a310627aa2e4bcc70f6f9dd5c5e9fa05269362e4896e479fb92ce70c14,316f746cc13010f5,C:\Users\Ashutosh Verma\OneDrive\Desktop\VET VISION AI\data\lsd\LumpySkinDisease_DataHub\LumpySkinDisease_DataHub\data-processed\lumpy_balanced\lumpy1\Severe1868.png
Severe1869.png,Severe1869.png,Severe,False,256,256,3,RGB,1.0,174948,.png,312864e0ee900aac48c5c53f2fd45295ca490d2497038682010a1802f5353b8f,ee7ededfe6123ede,C:\Users\Ashutosh Verma\OneDrive\Desktop\VET VISION AI\data\lsd\LumpySkinDisease_DataHub\LumpySkinDisease_DataHub\data-processed\lumpy_balanced\lumpy1\Severe1869.png
Severe1870.png,Severe1870.png,Severe,False,256,256,3,RGB,1.0,167900,.png,c01a16667bd74d5d9fcaf519488b2904ae256d284ed8a44383b031b03f746595,bcb86a60b052e4b4,C:\Users\Ashutosh Verma\OneDrive\Desktop\VET VISION AI\data\lsd\LumpySkinDisease_DataHub\LumpySkinDisease_DataHub\data-processed\lumpy_balanced\lumpy1\Severe1870.png
Severe1871.png,Severe1871.png,Severe,False,256,256,3,RGB,1.0,187799,.png,66985ca01cb0d760275a20faac3f96676842a5d699494a2fe1aa2a5972933fc0,a797e577317367e3,C:\Users\Ashutosh Verma\OneDrive\Desktop\VET VISION AI\data\lsd\LumpySkinDisease_DataHub\LumpySkinDisease_DataHub\data-processed\lumpy_balanced\lumpy1\Severe1871.png
Severe1872.png,Severe1872.png,Severe,False,256,256,3,RGB,1.0,175570,.png,ae48828d131be574247cee70715c97c59c6fd8a5538441b1bc13a1244f73f3b5,b1237330929a2b0a,C:\Users\Ashutosh Verma\OneDrive\Desktop\VET VISION AI\data\lsd\LumpySkinDisease_DataHub\LumpySkinDisease_DataHub\data-processed\lumpy_balanced\lumpy1\Severe1872.png
Severe1873.png,Severe1873.png,Severe,False,256,256,3,RGB,1.0,186159,.png,ff0942d6bb4e87c2497577610b52f6e1256f41f9ba0ff212ffe2257c84d61944,c6445c4e287c10b0,C:\Users\Ashutosh Verma\OneDrive\Desktop\VET VISION AI\data\lsd\LumpySkinDisease_DataHub\LumpySkinDisease_DataHub\data-processed\lumpy_balanced\lumpy1\Severe1873.png
Severe1874.png,Severe1874.png,Severe,False,256,256,3,RGB,1.0,174686,.png,04ddb9e06e343ce4315d89fad2efd2e26ff6393dc1851cccadd70c082be9331c,4d6b2f3f99393938,C:\Users\Ashutosh Verma\OneDrive\Desktop\VET VISION AI\data\lsd\LumpySkinDisease_DataHub\LumpySkinDisease_DataHub\data-processed\lumpy_balanced\lumpy1\Severe1874.png
Severe1875.png,Severe1875.png,Severe,False,256,256,3,RGB,1.0,150206,.png,1bcabbbe7361fd60b9b3669c05e8f76472fa982d4ca585a2e4620dee030bce9a,1c8c22387ece9a9a,C:\Users\Ashutosh Verma\OneDrive\Desktop\VET VISION AI\data\lsd\LumpySkinDisease_DataHub\LumpySkinDisease_DataHub\data-processed\lumpy_balanced\lumpy1\Severe1875.png
Severe1876.png,Severe1876.png,Severe,False,256,256,3,RGB,1.0,185191,.png,e6691f3e459c889264ba02d09048e46f10d5890a3b6cb171f2bcbc353a4e1f91,26201c1c2c0c263a,C:\Users\Ashutosh Verma\OneDrive\Desktop\VET VISION AI\data\lsd\LumpySkinDisease_DataHub\LumpySkinDisease_DataHub\data-processed\lumpy_balanced\lumpy1\Severe1876.png
Severe1877.png,Severe1877.png,Severe,False,256,256,3,RGB,1.0,175130,.png,0919d184bbbb281a7ef23d5e947b9b9a9920346a710fe72510e34914229bdda4,f2b2649a06226276,C:\Users\Ashutosh Verma\OneDrive\Desktop\VET VISION AI\data\lsd\LumpySkinDisease_DataHub\LumpySkinDisease_DataHub\data-processed\lumpy_balanced\lumpy1\Severe1877.png
Severe1878.png,Severe1878.png,Severe,False,256,256,3,RGB,1.0,185191,.png,e6691f3e459c889264ba02d09048e46f10d5890a3b6cb171f2bcbc353a4e1f91,26201c1c2c0c263a,C:\Users\Ashutosh Verma\OneDrive\Desktop\VET VISION AI\data\lsd\LumpySkinDisease_DataHub\LumpySkinDisease_DataHub\data-processed\lumpy_balanced\lumpy1\Severe1878.png
Severe1879.png,Severe1879.png,Severe,False,256,256,3,RGB,1.0,178995,.png,bb799b218b7a8e744be3fa0406deab171728c40baa80e19922872b901c1c7874,b3b3da1bc3e3f3e1,C:\Users\Ashutosh Verma\OneDrive\Desktop\VET VISION AI\data\lsd\LumpySkinDisease_DataHub\LumpySkinDisease_DataHub\data-processed\lumpy_balanced\lumpy1\Severe1879.png
Severe1880.png,Severe1880.png,Severe,False,256,256,3,RGB,1.0,185191,.png,e6691f3e459c889264ba02d09048e46f10d5890a3b6cb171f2bcbc353a4e1f91,26201c1c2c0c263a,C:\Users\Ashutosh Verma\OneDrive\Desktop\VET VISION AI\data\lsd\LumpySkinDisease_DataHub\LumpySkinDisease_DataHub\data-processed\lumpy_balanced\lumpy1\Severe1880.png
Severe1881.png,Severe1881.png,Severe,False,256,256,3,RGB,1.0,180344,.png,a07bb1cbb494eea13aff30ef89bb6cf2289f8cfed4575d9d459ed2d66fee05cd,524298b020212226,C:\Users\Ashutosh Verma\OneDrive\Desktop\VET VISION AI\data\lsd\LumpySkinDisease_DataHub\LumpySkinDisease_DataHub\data-processed\lumpy_balanced\lumpy1\Severe1881.png
Severe1882.png,Severe1882.png,Severe,False,256,256,3,RGB,1.0,185440,.png,9c5fb8eb78c9d8e5b4a290c50ba5bd4acf92b3458aafae02b53b9037c78353b2,dbf3cbafb7cd6d21,C:\Users\Ashutosh Verma\OneDrive\Desktop\VET VISION AI\data\lsd\LumpySkinDisease_DataHub\LumpySkinDisease_DataHub\data-processed\lumpy_balanced\lumpy1\Severe1882.png
Severe1883.png,Severe1883.png,Severe,False,256,256,3,RGB,1.0,176448,.png,f49741f1ca3bfce3600ad81ef86d0eb572ee72459c3d55d790d8b3b3ad97162b,322323e18d8d1fb9,C:\Users\Ashutosh Verma\OneDrive\Desktop\VET VISION AI\data\lsd\LumpySkinDisease_DataHub\LumpySkinDisease_DataHub\data-processed\lumpy_balanced\lumpy1\Severe1883.png
Severe1884.png,Severe1884.png,Severe,False,256,256,3,RGB,1.0,178995,.png,bb799b218b7a8e744be3fa0406deab171728c40baa80e19922872b901c1c7874,b3b3da1bc3e3f3e1,C:\Users\Ashutosh Verma\OneDrive\Desktop\VET VISION AI\data\lsd\LumpySkinDisease_DataHub\LumpySkinDisease_DataHub\data-processed\lumpy_balanced\lumpy1\Severe1884.png
Severe1885.png,Severe1885.png,Severe,False,256,256,3,RGB,1.0,193300,.png,bc4101533c713be0fec225337e8ee2d0cf7f9e7fa2b942efe3cd567a6ebb2e7a,1cd2a92b93979983,C:\Users\Ashutosh Verma\OneDrive\Desktop\VET VISION AI\data\lsd\LumpySkinDisease_DataHub\LumpySkinDisease_DataHub\data-processed\lumpy_balanced\lumpy1\Severe1885.png
Severe1886.png,Severe1886.png,Severe,False,256,256,3,RGB,1.0,163050,.png,89c9802b2a0aa8e0e509e48ed4e14cbabdb1b58cfa38f6be775de123bc66ee87,f8b8b8f9b9bcee68,C:\Users\Ashutosh Verma\OneDrive\Desktop\VET VISION AI\data\lsd\LumpySkinDisease_DataHub\LumpySkinDisease_DataHub\data-processed\lumpy_balanced\lumpy1\Severe1886.png
Severe1887.png,Severe1887.png,Severe,False,256,256,3,RGB,1.0,180167,.png,424919f221d0d5d6814ea6d7751a55764b031e91a5a1aada82c62246d4a47436,dddbc5edc3f576fe,C:\Users\Ashutosh Verma\OneDrive\Desktop\VET VISION AI\data\lsd\LumpySkinDisease_DataHub\LumpySkinDisease_DataHub\data-processed\lumpy_balanced\lumpy1\Severe1887.png
Severe1888.png,Severe1888.png,Severe,False,256,256,3,RGB,1.0,145213,.png,d81e0f93c596c62710cd8db1534f4e90eb32b9c7cfc83e3b8a65eb99b76b68ac,fe9f5e747071980c,C:\Users\Ashutosh Verma\OneDrive\Desktop\VET VISION AI\data\lsd\LumpySkinDisease_DataHub\LumpySkinDisease_DataHub\data-processed\lumpy_balanced\lumpy1\Severe1888.png
Severe1889.png,Severe1889.png,Severe,False,256,256,3,RGB,1.0,35426,.png,8f066c43e3b6e995dc00968f3bd1d0f5a37b210ebb269d4364f1c44ddd9ecc4f,04592937395d5b47,C:\Users\Ashutosh Verma\OneDrive\Desktop\VET VISION AI\data\lsd\LumpySkinDisease_DataHub\LumpySkinDisease_DataHub\data-processed\lumpy_balanced\lumpy1\Severe1889.png
Severe1890.png,Severe1890.png,Severe,False,256,256,3,RGB,1.0,138257,.png,ee53adcb5ae859417d4bb4b4dbd3698fcd83a34a353e61ce7d8aebef7c67f7c9,337f74ecc17091f7,C:\Users\Ashutosh Verma\OneDrive\Desktop\VET VISION AI\data\lsd\LumpySkinDisease_DataHub\LumpySkinDisease_DataHub\data-processed\lumpy_balanced\lumpy1\Severe1890.png
Severe1891.png,Severe1891.png,Severe,False,256,256,3,RGB,1.0,185440,.png,9c5fb8eb78c9d8e5b4a290c50ba5bd4acf92b3458aafae02b53b9037c78353b2,dbf3cbafb7cd6d21,C:\Users\Ashutosh Verma\OneDrive\Desktop\VET VISION AI\data\lsd\LumpySkinDisease_DataHub\LumpySkinDisease_DataHub\data-processed\lumpy_balanced\lumpy1\Severe1891.png
Severe1892.png,Severe1892.png,Severe,False,256,256,3,RGB,1.0,178723,.png,a96fd3d847f1c188cf96db2e3399c4eb2a9bad58384d8caed53661faf6f14172,0d6185997edee636,C:\Users\Ashutosh Verma\OneDrive\Desktop\VET VISION AI\data\lsd\LumpySkinDisease_DataHub\LumpySkinDisease_DataHub\data-processed\lumpy_balanced\lumpy1\Severe1892.png
Severe1893.png,Severe1893.png,Severe,False,256,256,3,RGB,1.0,172135,.png,b63a71e32e254254412d6ed15346b6617c060bb9948e91f55be207f98358a999,fb79b2c21b1a3931,C:\Users\Ashutosh Verma\OneDrive\Desktop\VET VISION AI\data\lsd\LumpySkinDisease_DataHub\LumpySkinDisease_DataHub\data-processed\lumpy_balanced\lumpy1\Severe1893.png
Severe1894.png,Severe1894.png,Severe,False,256,256,3,RGB,1.0,160156,.png,435eb111d8ec8f38e1a4e70d006123485daf2ef3819e46b9cf14187d76293505,656d0901191372b6,C:\Users\Ashutosh Verma\OneDrive\Desktop\VET VISION AI\data\lsd\LumpySkinDisease_DataHub\LumpySkinDisease_DataHub\data-processed\lumpy_balanced\lumpy1\Severe1894.png
Severe1895.png,Severe1895.png,Severe,False,256,256,3,RGB,1.0,179375,.png,2ed5b77666f5718cfa5337e171b8dbd3e83ce8a4de4232b5a4721fc3e6d3668a,964667973733b919,C:\Users\Ashutosh Verma\OneDrive\Desktop\VET VISION AI\data\lsd\LumpySkinDisease_DataHub\LumpySkinDisease_DataHub\data-processed\lumpy_balanced\lumpy1\Severe1895.png
Severe1896.png,Severe1896.png,Severe,False,256,256,3,RGB,1.0,163947,.png,ec7cb138314c129a0af50f370631ef217d3676f0f36268f4b499919ea00778c2,c8e0c0c060100080,C:\Users\Ashutosh Verma\OneDrive\Desktop\VET VISION AI\data\lsd\LumpySkinDisease_DataHub\LumpySkinDisease_DataHub\data-processed\lumpy_balanced\lumpy1\Severe1896.png
Severe1897.png,Severe1897.png,Severe,False,256,256,3,RGB,1.0,186096,.png,7f1479c3a34e26aabe35d504de2ea3c40d4e1eaa99b7e3bbb5f97e8ea535cdc7,6f9f6ebc7c5c8e47,C:\Users\Ashutosh Verma\OneDrive\Desktop\VET VISION AI\data\lsd\LumpySkinDisease_DataHub\LumpySkinDisease_DataHub\data-processed\lumpy_balanced\lumpy1\Severe1897.png
Severe1898.png,Severe1898.png,Severe,False,256,256,3,RGB,1.0,163947,.png,ec7cb138314c129a0af50f370631ef217d3676f0f36268f4b499919ea00778c2,c8e0c0c060100080,C:\Users\Ashutosh Verma\OneDrive\Desktop\VET VISION AI\data\lsd\LumpySkinDisease_DataHub\LumpySkinDisease_DataHub\data-processed\lumpy_balanced\lumpy1\Severe1898.png
Severe1899.png,Severe1899.png,Severe,False,256,256,3,RGB,1.0,157331,.png,1438662b7c834ed4179967c61cbb507e0f1fda088106c2988b8925f123c07e15,f8b8b8f9b9bcee68,C:\Users\Ashutosh Verma\OneDrive\Desktop\VET VISION AI\data\lsd\LumpySkinDisease_DataHub\LumpySkinDisease_DataHub\data-processed\lumpy_balanced\lumpy1\Severe1899.png
Severe1900.png,Severe1900.png,Severe,False,256,256,3,RGB,1.0,184548,.png,8b80d03826231d2de081204c769b82afd1e79b1ae07c87b9a6dd915f222d591b,5252028a8e9ab272,C:\Users\Ashutosh Verma\OneDrive\Desktop\VET VISION AI\data\lsd\LumpySkinDisease_DataHub\LumpySkinDisease_DataHub\data-processed\lumpy_balanced\lumpy1\Severe1900.png
Severe1901.png,Severe1901.png,Severe,False,256,256,4,RGBA,1.0,193112,.png,21e2fcb47169ab523db29c8289c38e31e7a5cf3aa8f83dae2e22a1a44a716151,1d9b132ba97bf7be,C:\Users\Ashutosh Verma\OneDrive\Desktop\VET VISION AI\data\lsd\LumpySkinDisease_DataHub\LumpySkinDisease_DataHub\data-processed\lumpy_balanced\lumpy1\Severe1901.png
Severe1902.png,Severe1902.png,Severe,False,256,256,3,RGB,1.0,179375,.png,2ed5b77666f5718cfa5337e171b8dbd3e83ce8a4de4232b5a4721fc3e6d3668a,964667973733b919,C:\Users\Ashutosh Verma\OneDrive\Desktop\VET VISION AI\data\lsd\LumpySkinDisease_DataHub\LumpySkinDisease_DataHub\data-processed\lumpy_balanced\lumpy1\Severe1902.png
Severe1903.png,Severe1903.png,Severe,False,256,256,3,RGB,1.0,186607,.png,d2a1f18f3c05c50005dddaccfbd2fc0cdfe93b0e650f4c9272870e020610305d,1913d3cb09093960,C:\Users\Ashutosh Verma\OneDrive\Desktop\VET VISION AI\data\lsd\LumpySkinDisease_DataHub\LumpySkinDisease_DataHub\data-processed\lumpy_balanced\lumpy1\Severe1903.png
Severe1904.png,Severe1904.png,Severe,False,256,256,3,RGB,1.0,185440,.png,9c5fb8eb78c9d8e5b4a290c50ba5bd4acf92b3458aafae02b53b9037c78353b2,dbf3cbafb7cd6d21,C:\Users\Ashutosh Verma\OneDrive\Desktop\VET VISION AI\data\lsd\LumpySkinDisease_DataHub\LumpySkinDisease_DataHub\data-processed\lumpy_balanced\lumpy1\Severe1904.png
Severe1905.png,Severe1905.png,Severe,False,256,256,3,RGB,1.0,170409,.png,3c4d85a310627aa2e4bcc70f6f9dd5c5e9fa05269362e4896e479fb92ce70c14,316f746cc13010f5,C:\Users\Ashutosh Verma\OneDrive\Desktop\VET VISION AI\data\lsd\LumpySkinDisease_DataHub\LumpySkinDisease_DataHub\data-processed\lumpy_balanced\lumpy1\Severe1905.png
Severe1906.png,Severe1906.png,Severe,False,256,256,3,RGB,1.0,154102,.png,c986737d1eee1ce9e3b48995c60be3279c444d86a4f438608b9011ade92a9b2a,92260b0f09094d4d,C:\Users\Ashutosh Verma\OneDrive\Desktop\VET VISION AI\data\lsd\LumpySkinDisease_DataHub\LumpySkinDisease_DataHub\data-processed\lumpy_balanced\lumpy1\Severe1906.png
Severe1907.png,Severe1907.png,Severe,False,256,256,3,RGB,1.0,173514,.png,75a4cdcf0aa89f4f4333ffb072ac9f96f015c6e9a67b62814d6f5afa56a2eb75,90b6c6c4c1d1313a,C:\Users\Ashutosh Verma\OneDrive\Desktop\VET VISION AI\data\lsd\LumpySkinDisease_DataHub\LumpySkinDisease_DataHub\data-processed\lumpy_balanced\lumpy1\Severe1907.png
Severe1908.png,Severe1908.png,Severe,False,256,256,3,RGB,1.0,182441,.png,f7d535d4e53af1fb374820adb2395cc232126ce5a7b9648ddc3bcff62c7d6bdf,ad7ed1f4f0e5c7d6,C:\Users\Ashutosh Verma\OneDrive\Desktop\VET VISION AI\data\lsd\LumpySkinDisease_DataHub\LumpySkinDisease_DataHub\data-processed\lumpy_balanced\lumpy1\Severe1908.png
Severe1909.png,Severe1909.png,Severe,False,256,256,3,RGB,1.0,163947,.png,ec7cb138314c129a0af50f370631ef217d3676f0f36268f4b499919ea00778c2,c8e0c0c060100080,C:\Users\Ashutosh Verma\OneDrive\Desktop\VET VISION AI\data\lsd\LumpySkinDisease_DataHub\LumpySkinDisease_DataHub\data-processed\lumpy_balanced\lumpy1\Severe1909.png
Severe1910.png,Severe1910.png,Severe,False,256,256,3,RGB,1.0,145673,.png,86e6d77f458da344ea0a76b9f2c50b8acfc65d20369c0661c2a3940471f08d5a,f9f0b684c0441cd8,C:\Users\Ashutosh Verma\OneDrive\Desktop\VET VISION AI\data\lsd\LumpySkinDisease_DataHub\LumpySkinDisease_DataHub\data-processed\lumpy_balanced\lumpy1\Severe1910.png
Severe1911.png,Severe1911.png,Severe,False,256,256,3,RGB,1.0,180167,.png,424919f221d0d5d6814ea6d7751a55764b031e91a5a1aada82c62246d4a47436,dddbc5edc3f576fe,C:\Users\Ashutosh Verma\OneDrive\Desktop\VET VISION AI\data\lsd\LumpySkinDisease_DataHub\LumpySkinDisease_DataHub\data-processed\lumpy_balanced\lumpy1\Severe1911.png
Severe1912.png,Severe1912.png,Severe,False,256,256,3,RGB,1.0,159775,.png,a7835f8cbea03606fdd5bc01376a48c0540b0d849e657cc559124a7bbfa87f9a,82c451b9e62d18b6,C:\Users\Ashutosh Verma\OneDrive\Desktop\VET VISION AI\data\lsd\LumpySkinDisease_DataHub\LumpySkinDisease_DataHub\data-processed\lumpy_balanced\lumpy1\Severe1912.png
Severe1913.png,Severe1913.png,Severe,False,256,256,3,RGB,1.0,182488,.png,3911b84b9b3f2c7fc9da05b94878af3e860bc59b274a9a1933e9c93231b70922,eb4b81556f2b1919,C:\Users\Ashutosh Verma\OneDrive\Desktop\VET VISION AI\data\lsd\LumpySkinDisease_DataHub\LumpySkinDisease_DataHub\data-processed\lumpy_balanced\lumpy1\Severe1913.png
Severe1914.png,Severe1914.png,Severe,False,256,256,3,RGB,1.0,184860,.png,3730d25b8f5f2e89bccfb661a2c3c3842f28a236d1ce983ed7bfc14847d2c82b,eb4b81556f2b1919,C:\Users\Ashutosh Verma\OneDrive\Desktop\VET VISION AI\data\lsd\LumpySkinDisease_DataHub\LumpySkinDisease_DataHub\data-processed\lumpy_balanced\lumpy1\Severe1914.png
Severe1915.png,Severe1915.png,Severe,False,256,256,3,RGB,1.0,153542,.png,f66ccbbec79a45ecddcd0f7d248b8a7cae9f76a1f04c6b266b14628099c0339b,d8fb2e5b4b686b4b,C:\Users\Ashutosh Verma\OneDrive\Desktop\VET VISION AI\data\lsd\LumpySkinDisease_DataHub\LumpySkinDisease_DataHub\data-processed\lumpy_balanced\lumpy1\Severe1915.png
Severe1916.png,Severe1916.png,Severe,False,256,256,3,RGB,1.0,167900,.png,c01a16667bd74d5d9fcaf519488b2904ae256d284ed8a44383b031b03f746595,bcb86a60b052e4b4,C:\Users\Ashutosh Verma\OneDrive\Desktop\VET VISION AI\data\lsd\LumpySkinDisease_DataHub\LumpySkinDisease_DataHub\data-processed\lumpy_balanced\lumpy1\Severe1916.png
Severe1917.png,Severe1917.png,Severe,False,256,256,3,RGB,1.0,179854,.png,a2f3bfe404a40600e95c679b8b548abc1af56caba7e208669e1ff6c72cd1d894,1e162647474f9abe,C:\Users\Ashutosh Verma\OneDrive\Desktop\VET VISION AI\data\lsd\LumpySkinDisease_DataHub\LumpySkinDisease_DataHub\data-processed\lumpy_balanced\lumpy1\Severe1917.png
Severe1918.png,Severe1918.png,Severe,False,256,256,3,RGB,1.0,184548,.png,8b80d03826231d2de081204c769b82afd1e79b1ae07c87b9a6dd915f222d591b,5252028a8e9ab272,C:\Users\Ashutosh Verma\OneDrive\Desktop\VET VISION AI\data\lsd\LumpySkinDisease_DataHub\LumpySkinDisease_DataHub\data-processed\lumpy_balanced\lumpy1\Severe1918.png
Severe1919.png,Severe1919.png,Severe,False,256,256,3,RGB,1.0,185440,.png,9c5fb8eb78c9d8e5b4a290c50ba5bd4acf92b3458aafae02b53b9037c78353b2,dbf3cbafb7cd6d21,C:\Users\Ashutosh Verma\OneDrive\Desktop\VET VISION AI\data\lsd\LumpySkinDisease_DataHub\LumpySkinDisease_DataHub\data-processed\lumpy_balanced\lumpy1\Severe1919.png
Severe1920.png,Severe1920.png,Severe,False,256,256,3,RGB,1.0,166397,.png,d82b4b4b5ee5d137952cee04678882270bd7f30a9e33a3926799be39a14b70b6,96bcb862e09046a4,C:\Users\Ashutosh Verma\OneDrive\Desktop\VET VISION AI\data\lsd\LumpySkinDisease_DataHub\LumpySkinDisease_DataHub\data-processed\lumpy_balanced\lumpy1\Severe1920.png
Severe1921.png,Severe1921.png,Severe,False,256,256,4,RGBA,1.0,211551,.png,957e1cb5f063a85a6bd4054a3d0f8b8c29596386042057d3b2908a52b20481dd,1cf3ab92998b19e5,C:\Users\Ashutosh Verma\OneDrive\Desktop\VET VISION AI\data\lsd\LumpySkinDisease_DataHub\LumpySkinDisease_DataHub\data-processed\lumpy_balanced\lumpy1\Severe1921.png
Severe1922.png,Severe1922.png,Severe,False,256,256,3,RGB,1.0,175519,.png,c5fae5773b3bb0504b40d39f69b26d49887823943152f91bd91d0b91183096ed,c9e7666424e0e5e5,C:\Users\Ashutosh Verma\OneDrive\Desktop\VET VISION AI\data\lsd\LumpySkinDisease_DataHub\LumpySkinDisease_DataHub\data-processed\lumpy_balanced\lumpy1\Severe1922.png
Severe1923.png,Severe1923.png,Severe,False,256,256,3,RGB,1.0,150206,.png,1bcabbbe7361fd60b9b3669c05e8f76472fa982d4ca585a2e4620dee030bce9a,1c8c22387ece9a9a,C:\Users\Ashutosh Verma\OneDrive\Desktop\VET VISION AI\data\lsd\LumpySkinDisease_DataHub\LumpySkinDisease_DataHub\data-processed\lumpy_balanced\lumpy1\Severe1923.png
Severe1924.png,Severe1924.png,Severe,False,256,256,3,RGB,1.0,170627,.png,77c890b54e8fc8addc7f05484f1470d4fd0953ea371dcd1883a1bcc4a185dc07,d37df4f0f2735f72,C:\Users\Ashutosh Verma\OneDrive\Desktop\VET VISION AI\data\lsd\LumpySkinDisease_DataHub\LumpySkinDisease_DataHub\data-processed\lumpy_balanced\lumpy1\Severe1924.png
Severe1925.png,Severe1925.png,Severe,False,256,256,3,RGB,1.0,159775,.png,a7835f8cbea03606fdd5bc01376a48c0540b0d849e657cc559124a7bbfa87f9a,82c451b9e62d18b6,C:\Users\Ashutosh Verma\OneDrive\Desktop\VET VISION AI\data\lsd\LumpySkinDisease_DataHub\LumpySkinDisease_DataHub\data-processed\lumpy_balanced\lumpy1\Severe1925.png
Severe1926.png,Severe1926.png,Severe,False,256,256,3,RGB,1.0,176448,.png,f49741f1ca3bfce3600ad81ef86d0eb572ee72459c3d55d790d8b3b3ad97162b,322323e18d8d1fb9,C:\Users\Ashutosh Verma\OneDrive\Desktop\VET VISION AI\data\lsd\LumpySkinDisease_DataHub\LumpySkinDisease_DataHub\data-processed\lumpy_balanced\lumpy1\Severe1926.png
Severe1927.png,Severe1927.png,Severe,False,256,256,3,RGB,1.0,172135,.png,b63a71e32e254254412d6ed15346b6617c060bb9948e91f55be207f98358a999,fb79b2c21b1a3931,C:\Users\Ashutosh Verma\OneDrive\Desktop\VET VISION AI\data\lsd\LumpySkinDisease_DataHub\LumpySkinDisease_DataHub\data-processed\lumpy_balanced\lumpy1\Severe1927.png
Severe1928.png,Severe1928.png,Severe,False,256,256,3,RGB,1.0,186120,.png,45fc143092173eaaac0e7e88895f381a75dc7922a9b9bb02dd6558239571170f,6b61d5d757c3c3cf,C:\Users\Ashutosh Verma\OneDrive\Desktop\VET VISION AI\data\lsd\LumpySkinDisease_DataHub\LumpySkinDisease_DataHub\data-processed\lumpy_balanced\lumpy1\Severe1928.png
Severe1929.png,Severe1929.png,Severe,False,256,256,4,RGBA,1.0,211551,.png,957e1cb5f063a85a6bd4054a3d0f8b8c29596386042057d3b2908a52b20481dd,1cf3ab92998b19e5,C:\Users\Ashutosh Verma\OneDrive\Desktop\VET VISION AI\data\lsd\LumpySkinDisease_DataHub\LumpySkinDisease_DataHub\data-processed\lumpy_balanced\lumpy1\Severe1929.png
Severe1930.png,Severe1930.png,Severe,False,256,256,3,RGB,1.0,174537,.png,d230e1550ad7da104e6291215290b9183fedd13be24c2e81d0920f48d83642e3,e36de5f075f75f34,C:\Users\Ashutosh Verma\OneDrive\Desktop\VET VISION AI\data\lsd\LumpySkinDisease_DataHub\LumpySkinDisease_DataHub\data-processed\lumpy_balanced\lumpy1\Severe1930.png
Severe1931.png,Severe1931.png,Severe,False,256,256,3,RGB,1.0,174948,.png,312864e0ee900aac48c5c53f2fd45295ca490d2497038682010a1802f5353b8f,ee7ededfe6123ede,C:\Users\Ashutosh Verma\OneDrive\Desktop\VET VISION AI\data\lsd\LumpySkinDisease_DataHub\LumpySkinDisease_DataHub\data-processed\lumpy_balanced\lumpy1\Severe1931.png
Severe1932.png,Severe1932.png,Severe,False,256,256,3,RGB,1.0,185571,.png,d03bd5aae4ec1e810d92c7cf7d8676b96d94ed0226842cacf6796c4e634c96eb,adacdad0f0f1e7c7,C:\Users\Ashutosh Verma\OneDrive\Desktop\VET VISION AI\data\lsd\LumpySkinDisease_DataHub\LumpySkinDisease_DataHub\data-processed\lumpy_balanced\lumpy1\Severe1932.png
Severe1933.png,Severe1933.png,Severe,False,256,256,3,RGB,1.0,163947,.png,ec7cb138314c129a0af50f370631ef217d3676f0f36268f4b499919ea00778c2,c8e0c0c060100080,C:\Users\Ashutosh Verma\OneDrive\Desktop\VET VISION AI\data\lsd\LumpySkinDisease_DataHub\LumpySkinDisease_DataHub\data-processed\lumpy_balanced\lumpy1\Severe1933.png
Severe1934.png,Severe1934.png,Severe,False,256,256,3,RGB,1.0,171151,.png,7d0575cc2d71021238adc73e1ec64c32871790c161bab7bc06a8cab84c0e96a8,44cc497b135bc2e2,C:\Users\Ashutosh Verma\OneDrive\Desktop\VET VISION AI\data\lsd\LumpySkinDisease_DataHub\LumpySkinDisease_DataHub\data-processed\lumpy_balanced\lumpy1\Severe1934.png
Severe1935.png,Severe1935.png,Severe,False,256,256,3,RGB,1.0,175130,.png,0919d184bbbb281a7ef23d5e947b9b9a9920346a710fe72510e34914229bdda4,f2b2649a06226276,C:\Users\Ashutosh Verma\OneDrive\Desktop\VET VISION AI\data\lsd\LumpySkinDisease_DataHub\LumpySkinDisease_DataHub\data-processed\lumpy_balanced\lumpy1\Severe1935.png
Severe1936.png,Severe1936.png,Severe,False,256,256,3,RGB,1.0,181695,.png,7676ce77874616e4977249cbf3627a7cae7ceabb562d5c57072f714a061f0af7,0dad6d6d2bdb89cd,C:\Users\Ashutosh Verma\OneDrive\Desktop\VET VISION AI\data\lsd\LumpySkinDisease_DataHub\LumpySkinDisease_DataHub\data-processed\lumpy_balanced\lumpy1\Severe1936.png
Severe1937.png,Severe1937.png,Severe,False,256,256,3,RGB,1.0,150206,.png,1bcabbbe7361fd60b9b3669c05e8f76472fa982d4ca585a2e4620dee030bce9a,1c8c22387ece9a9a,C:\Users\Ashutosh Verma\OneDrive\Desktop\VET VISION AI\data\lsd\LumpySkinDisease_DataHub\LumpySkinDisease_DataHub\data-processed\lumpy_balanced\lumpy1\Severe1937.png
Severe1938.png,Severe1938.png,Severe,False,256,256,3,RGB,1.0,163050,.png,89c9802b2a0aa8e0e509e48ed4e14cbabdb1b58cfa38f6be775de123bc66ee87,f8b8b8f9b9bcee68,C:\Users\Ashutosh Verma\OneDrive\Desktop\VET VISION AI\data\lsd\LumpySkinDisease_DataHub\LumpySkinDisease_DataHub\data-processed\lumpy_balanced\lumpy1\Severe1938.png
Severe1939.png,Severe1939.png,Severe,False,256,256,3,RGB,1.0,174537,.png,d230e1550ad7da104e6291215290b9183fedd13be24c2e81d0920f48d83642e3,e36de5f075f75f34,C:\Users\Ashutosh Verma\OneDrive\Desktop\VET VISION AI\data\lsd\LumpySkinDisease_DataHub\LumpySkinDisease_DataHub\data-processed\lumpy_balanced\lumpy1\Severe1939.png
Severe1940.png,Severe1940.png,Severe,False,256,256,3,RGB,1.0,150206,.png,1bcabbbe7361fd60b9b3669c05e8f76472fa982d4ca585a2e4620dee030bce9a,1c8c22387ece9a9a,C:\Users\Ashutosh Verma\OneDrive\Desktop\VET VISION AI\data\lsd\LumpySkinDisease_DataHub\LumpySkinDisease_DataHub\data-processed\lumpy_balanced\lumpy1\Severe1940.png
Severe1941.png,Severe1941.png,Severe,False,256,256,3,RGB,1.0,181695,.png,7676ce77874616e4977249cbf3627a7cae7ceabb562d5c57072f714a061f0af7,0dad6d6d2bdb89cd,C:\Users\Ashutosh Verma\OneDrive\Desktop\VET VISION AI\data\lsd\LumpySkinDisease_DataHub\LumpySkinDisease_DataHub\data-processed\lumpy_balanced\lumpy1\Severe1941.png
Severe1942.png,Severe1942.png,Severe,False,256,256,3,RGB,1.0,170004,.png,befe3c7ce2185656ab8a2f55afac457c2e9a8763ea7488ac9fd82a0372d975e0,2527171717178f9b,C:\Users\Ashutosh Verma\OneDrive\Desktop\VET VISION AI\data\lsd\LumpySkinDisease_DataHub\LumpySkinDisease_DataHub\data-processed\lumpy_balanced\lumpy1\Severe1942.png
Severe1943.png,Severe1943.png,Severe,False,256,256,3,RGB,1.0,171628,.png,436313467fdd9112e34217ccca9525c1fa6891b20f974c26d6ad5936ba4226c1,44cc497b135bc2e2,C:\Users\Ashutosh Verma\OneDrive\Desktop\VET VISION AI\data\lsd\LumpySkinDisease_DataHub\LumpySkinDisease_DataHub\data-processed\lumpy_balanced\lumpy1\Severe1943.png
Severe1944.png,Severe1944.png,Severe,False,256,256,3,RGB,1.0,150206,.png,1bcabbbe7361fd60b9b3669c05e8f76472fa982d4ca585a2e4620dee030bce9a,1c8c22387ece9a9a,C:\Users\Ashutosh Verma\OneDrive\Desktop\VET VISION AI\data\lsd\LumpySkinDisease_DataHub\LumpySkinDisease_DataHub\data-processed\lumpy_balanced\lumpy1\Severe1944.png
Severe1945.png,Severe1945.png,Severe,False,256,256,3,RGB,1.0,111990,.png,d788fde4fa7da4d7e2cddb0bb519a64e0303d0046b6683ea27a9f13d371c1639,79796e5c6473797d,C:\Users\Ashutosh Verma\OneDrive\Desktop\VET VISION AI\data\lsd\LumpySkinDisease_DataHub\LumpySkinDisease_DataHub\data-processed\lumpy_balanced\lumpy1\Severe1945.png
Severe1946.png,Severe1946.png,Severe,False,256,256,3,RGB,1.0,160510,.png,1208ba333e24d97cf943d36730cc475e01731b8351204d55426dfaa102add27b,18180c3c3c333323,C:\Users\Ashutosh Verma\OneDrive\Desktop\VET VISION AI\data\lsd\LumpySkinDisease_DataHub\LumpySkinDisease_DataHub\data-processed\lumpy_balanced\lumpy1\Severe1946.png
Severe1947.png,Severe1947.png,Severe,False,256,256,3,RGB,1.0,186607,.png,d2a1f18f3c05c50005dddaccfbd2fc0cdfe93b0e650f4c9272870e020610305d,1913d3cb09093960,C:\Users\Ashutosh Verma\OneDrive\Desktop\VET VISION AI\data\lsd\LumpySkinDisease_DataHub\LumpySkinDisease_DataHub\data-processed\lumpy_balanced\lumpy1\Severe1947.png
Severe1948.png,Severe1948.png,Severe,False,256,256,3,RGB,1.0,171126,.png,966c4b332aff408cba3b1b73f6524492c006b81801a36f35bbd16ffae4dcd227,ee7ededfe6123ede,C:\Users\Ashutosh Verma\OneDrive\Desktop\VET VISION AI\data\lsd\LumpySkinDisease_DataHub\LumpySkinDisease_DataHub\data-processed\lumpy_balanced\lumpy1\Severe1948.png
Severe1949.png,Severe1949.png,Severe,False,256,256,3,RGB,1.0,180167,.png,424919f221d0d5d6814ea6d7751a55764b031e91a5a1aada82c62246d4a47436,dddbc5edc3f576fe,C:\Users\Ashutosh Verma\OneDrive\Desktop\VET VISION AI\data\lsd\LumpySkinDisease_DataHub\LumpySkinDisease_DataHub\data-processed\lumpy_balanced\lumpy1\Severe1949.png
Severe1950.png,Severe1950.png,Severe,False,256,256,3,RGB,1.0,184533,.png,88ca04fe128aac9f354b40d7977711ee1c78e19b2299fe81975b91671620c214,2d22b3a363674d0d,C:\Users\Ashutosh Verma\OneDrive\Desktop\VET VISION AI\data\lsd\LumpySkinDisease_DataHub\LumpySkinDisease_DataHub\data-processed\lumpy_balanced\lumpy1\Severe1950.png
Severe1951.png,Severe1951.png,Severe,False,256,256,3,RGB,1.0,180167,.png,424919f221d0d5d6814ea6d7751a55764b031e91a5a1aada82c62246d4a47436,dddbc5edc3f576fe,C:\Users\Ashutosh Verma\OneDrive\Desktop\VET VISION AI\data\lsd\LumpySkinDisease_DataHub\LumpySkinDisease_DataHub\data-processed\lumpy_balanced\lumpy1\Severe1951.png
Severe1952.png,Severe1952.png,Severe,False,256,256,3,RGB,1.0,153542,.png,f66ccbbec79a45ecddcd0f7d248b8a7cae9f76a1f04c6b266b14628099c0339b,d8fb2e5b4b686b4b,C:\Users\Ashutosh Verma\OneDrive\Desktop\VET VISION AI\data\lsd\LumpySkinDisease_DataHub\LumpySkinDisease_DataHub\data-processed\lumpy_balanced\lumpy1\Severe1952.png
Severe1953.png,Severe1953.png,Severe,False,256,256,3,RGB,1.0,138257,.png,ee53adcb5ae859417d4bb4b4dbd3698fcd83a34a353e61ce7d8aebef7c67f7c9,337f74ecc17091f7,C:\Users\Ashutosh Verma\OneDrive\Desktop\VET VISION AI\data\lsd\LumpySkinDisease_DataHub\LumpySkinDisease_DataHub\data-processed\lumpy_balanced\lumpy1\Severe1953.png
Severe1954.png,Severe1954.png,Severe,False,256,256,3,RGB,1.0,167900,.png,c01a16667bd74d5d9fcaf519488b2904ae256d284ed8a44383b031b03f746595,bcb86a60b052e4b4,C:\Users\Ashutosh Verma\OneDrive\Desktop\VET VISION AI\data\lsd\LumpySkinDisease_DataHub\LumpySkinDisease_DataHub\data-processed\lumpy_balanced\lumpy1\Severe1954.png
Severe1955.png,Severe1955.png,Severe,False,256,256,3,RGB,1.0,179375,.png,2ed5b77666f5718cfa5337e171b8dbd3e83ce8a4de4232b5a4721fc3e6d3668a,964667973733b919,C:\Users\Ashutosh Verma\OneDrive\Desktop\VET VISION AI\data\lsd\LumpySkinDisease_DataHub\LumpySkinDisease_DataHub\data-processed\lumpy_balanced\lumpy1\Severe1955.png
Severe1956.png,Severe1956.png,Severe,False,256,256,3,RGB,1.0,181235,.png,f3c87f14b0f762bdc8156a57c2055e532e46db8aac46f2061db7e9036862a071,90b6c6c4c1d1313a,C:\Users\Ashutosh Verma\OneDrive\Desktop\VET VISION AI\data\lsd\LumpySkinDisease_DataHub\LumpySkinDisease_DataHub\data-processed\lumpy_balanced\lumpy1\Severe1956.png
Severe1957.png,Severe1957.png,Severe,False,256,256,3,RGB,1.0,172135,.png,b63a71e32e254254412d6ed15346b6617c060bb9948e91f55be207f98358a999,fb79b2c21b1a3931,C:\Users\Ashutosh Verma\OneDrive\Desktop\VET VISION AI\data\lsd\LumpySkinDisease_DataHub\LumpySkinDisease_DataHub\data-processed\lumpy_balanced\lumpy1\Severe1957.png
Severe1958.png,Severe1958.png,Severe,False,256,256,3,RGB,1.0,145673,.png,86e6d77f458da344ea0a76b9f2c50b8acfc65d20369c0661c2a3940471f08d5a,f9f0b684c0441cd8,C:\Users\Ashutosh Verma\OneDrive\Desktop\VET VISION AI\data\lsd\LumpySkinDisease_DataHub\LumpySkinDisease_DataHub\data-processed\lumpy_balanced\lumpy1\Severe1958.png
Severe1959.png,Severe1959.png,Severe,False,256,256,3,RGB,1.0,185440,.png,9c5fb8eb78c9d8e5b4a290c50ba5bd4acf92b3458aafae02b53b9037c78353b2,dbf3cbafb7cd6d21,C:\Users\Ashutosh Verma\OneDrive\Desktop\VET VISION AI\data\lsd\LumpySkinDisease_DataHub\LumpySkinDisease_DataHub\data-processed\lumpy_balanced\lumpy1\Severe1959.png
Severe1960.png,Severe1960.png,Severe,False,256,256,3,RGB,1.0,149764,.png,bbc4727ab6ccad1c325f80338d8b8866bd574e9581f3318d9f777d53c3f6e2b7,d8fb2e5b4b686b4b,C:\Users\Ashutosh Verma\OneDrive\Desktop\VET VISION AI\data\lsd\LumpySkinDisease_DataHub\LumpySkinDisease_DataHub\data-processed\lumpy_balanced\lumpy1\Severe1960.png
Severe1961.png,Severe1961.png,Severe,False,256,256,3,RGB,1.0,193300,.png,bc4101533c713be0fec225337e8ee2d0cf7f9e7fa2b942efe3cd567a6ebb2e7a,1cd2a92b93979983,C:\Users\Ashutosh Verma\OneDrive\Desktop\VET VISION AI\data\lsd\LumpySkinDisease_DataHub\LumpySkinDisease_DataHub\data-processed\lumpy_balanced\lumpy1\Severe1961.png
Severe1962.png,Severe1962.png,Severe,False,256,256,3,RGB,1.0,168142,.png,656815567938847a8a3711aa1fc280110ef57142fff0128ff2ad3a44bb03141a,4ca43031a92c4447,C:\Users\Ashutosh Verma\OneDrive\Desktop\VET VISION AI\data\lsd\LumpySkinDisease_DataHub\LumpySkinDisease_DataHub\data-processed\lumpy_balanced\lumpy1\Severe1962.png
Severe1963.png,Severe1963.png,Severe,False,256,256,3,RGB,1.0,145213,.png,d81e0f93c596c62710cd8db1534f4e90eb32b9c7cfc83e3b8a65eb99b76b68ac,fe9f5e747071980c,C:\Users\Ashutosh Verma\OneDrive\Desktop\VET VISION AI\data\lsd\LumpySkinDisease_DataHub\LumpySkinDisease_DataHub\data-processed\lumpy_balanced\lumpy1\Severe1963.png
Severe1964.png,Severe1964.png,Severe,False,256,256,3,RGB,1.0,186835,.png,a582309a4cb871f95b9e8dbf4cdb6046352bef5211fdc237288a67b9d5a1426b,424d27b6979a1626,C:\Users\Ashutosh Verma\OneDrive\Desktop\VET VISION AI\data\lsd\LumpySkinDisease_DataHub\LumpySkinDisease_DataHub\data-processed\lumpy_balanced\lumpy1\Severe1964.png
Severe1965.png,Severe1965.png,Severe,False,256,256,3,RGB,1.0,35426,.png,8f066c43e3b6e995dc00968f3bd1d0f5a37b210ebb269d4364f1c44ddd9ecc4f,04592937395d5b47,C:\Users\Ashutosh Verma\OneDrive\Desktop\VET VISION AI\data\lsd\LumpySkinDisease_DataHub\LumpySkinDisease_DataHub\data-processed\lumpy_balanced\lumpy1\Severe1965.png
Severe1966.png,Severe1966.png,Severe,False,256,256,3,RGB,1.0,185421,.png,75eda04f0d7d46bb8ffa62a1b91f6ac75d5f23e6a76cd545503b0ea89a9e5026,61f0322329a3b190,C:\Users\Ashutosh Verma\OneDrive\Desktop\VET VISION AI\data\lsd\LumpySkinDisease_DataHub\LumpySkinDisease_DataHub\data-processed\lumpy_balanced\lumpy1\Severe1966.png
Severe1967.png,Severe1967.png,Severe,False,256,256,3,RGB,1.0,163050,.png,89c9802b2a0aa8e0e509e48ed4e14cbabdb1b58cfa38f6be775de123bc66ee87,f8b8b8f9b9bcee68,C:\Users\Ashutosh Verma\OneDrive\Desktop\VET VISION AI\data\lsd\LumpySkinDisease_DataHub\LumpySkinDisease_DataHub\data-processed\lumpy_balanced\lumpy1\Severe1967.png
Severe1968.png,Severe1968.png,Severe,False,256,256,3,RGB,1.0,172724,.png,9938ad1a44d282371ba5bd1fe28c2f973a3fb2245f4841cbb266f6a8a0cb1b1c,1d9b132ba97bf7be,C:\Users\Ashutosh Verma\OneDrive\Desktop\VET VISION AI\data\lsd\LumpySkinDisease_DataHub\LumpySkinDisease_DataHub\data-processed\lumpy_balanced\lumpy1\Severe1968.png
Severe1969.png,Severe1969.png,Severe,False,256,256,3,RGB,1.0,184548,.png,8b80d03826231d2de081204c769b82afd1e79b1ae07c87b9a6dd915f222d591b,5252028a8e9ab272,C:\Users\Ashutosh Verma\OneDrive\Desktop\VET VISION AI\data\lsd\LumpySkinDisease_DataHub\LumpySkinDisease_DataHub\data-processed\lumpy_balanced\lumpy1\Severe1969.png
Severe1970.png,Severe1970.png,Severe,False,256,256,3,RGB,1.0,35426,.png,8f066c43e3b6e995dc00968f3bd1d0f5a37b210ebb269d4364f1c44ddd9ecc4f,04592937395d5b47,C:\Users\Ashutosh Verma\OneDrive\Desktop\VET VISION AI\data\lsd\LumpySkinDisease_DataHub\LumpySkinDisease_DataHub\data-processed\lumpy_balanced\lumpy1\Severe1970.png
Severe1971.png,Severe1971.png,Severe,False,256,256,3,RGB,1.0,165351,.png,ed52e3ae8fdb6dcaca7661974376de5b70f4d938205570577936f003ce1dd721,46de9424394e4272,C:\Users\Ashutosh Verma\OneDrive\Desktop\VET VISION AI\data\lsd\LumpySkinDisease_DataHub\LumpySkinDisease_DataHub\data-processed\lumpy_balanced\lumpy1\Severe1971.png
Severe1972.png,Severe1972.png,Severe,False,256,256,3,RGB,1.0,163947,.png,ec7cb138314c129a0af50f370631ef217d3676f0f36268f4b499919ea00778c2,c8e0c0c060100080,C:\Users\Ashutosh Verma\OneDrive\Desktop\VET VISION AI\data\lsd\LumpySkinDisease_DataHub\LumpySkinDisease_DataHub\data-processed\lumpy_balanced\lumpy1\Severe1972.png
Severe1973.png,Severe1973.png,Severe,False,256,256,3,RGB,1.0,179854,.png,a2f3bfe404a40600e95c679b8b548abc1af56caba7e208669e1ff6c72cd1d894,1e162647474f9abe,C:\Users\Ashutosh Verma\OneDrive\Desktop\VET VISION AI\data\lsd\LumpySkinDisease_DataHub\LumpySkinDisease_DataHub\data-processed\lumpy_balanced\lumpy1\Severe1973.png
Severe1974.png,Severe1974.png,Severe,False,256,256,3,RGB,1.0,183839,.png,e4af2d46cf21e00f3f853694a0181bda2182bbbf21dbde34b372f1cab3c31ff0,390f4d5767643693,C:\Users\Ashutosh Verma\OneDrive\Desktop\VET VISION AI\data\lsd\LumpySkinDisease_DataHub\LumpySkinDisease_DataHub\data-processed\lumpy_balanced\lumpy1\Severe1974.png
Severe1975.png,Severe1975.png,Severe,False,256,256,4,RGBA,1.0,193112,.png,21e2fcb47169ab523db29c8289c38e31e7a5cf3aa8f83dae2e22a1a44a716151,1d9b132ba97bf7be,C:\Users\Ashutosh Verma\OneDrive\Desktop\VET VISION AI\data\lsd\LumpySkinDisease_DataHub\LumpySkinDisease_DataHub\data-processed\lumpy_balanced\lumpy1\Severe1975.png
Severe1976.png,Severe1976.png,Severe,False,256,256,3,RGB,1.0,146013,.png,4106a92a60453d98249b33046f52755acbae9c58cb9ab962c42ad71f3f3f7ece,b7767a5333b1b1bb,C:\Users\Ashutosh Verma\OneDrive\Desktop\VET VISION AI\data\lsd\LumpySkinDisease_DataHub\LumpySkinDisease_DataHub\data-processed\lumpy_balanced\lumpy1\Severe1976.png
Severe1977.png,Severe1977.png,Severe,False,256,256,3,RGB,1.0,170367,.png,ea9392211015156c6536d4e146b59e64e66c571a39c3be5ccb0626f65c7ad8ef,bb2b2b3b33131397,C:\Users\Ashutosh Verma\OneDrive\Desktop\VET VISION AI\data\lsd\LumpySkinDisease_DataHub\LumpySkinDisease_DataHub\data-processed\lumpy_balanced\lumpy1\Severe1977.png
Severe1978.png,Severe1978.png,Severe,False,256,256,3,RGB,1.0,170627,.png,77c890b54e8fc8addc7f05484f1470d4fd0953ea371dcd1883a1bcc4a185dc07,d37df4f0f2735f72,C:\Users\Ashutosh Verma\OneDrive\Desktop\VET VISION AI\data\lsd\LumpySkinDisease_DataHub\LumpySkinDisease_DataHub\data-processed\lumpy_balanced\lumpy1\Severe1978.png
Severe1979.png,Severe1979.png,Severe,False,256,256,3,RGB,1.0,169771,.png,5f972ae50057523fdc4e763e061b159d46603de6a6161f11c94b375a81a79022,c8e8c0c060108080,C:\Users\Ashutosh Verma\OneDrive\Desktop\VET VISION AI\data\lsd\LumpySkinDisease_DataHub\LumpySkinDisease_DataHub\data-processed\lumpy_balanced\lumpy1\Severe1979.png
Severe1980.png,Severe1980.png,Severe,False,256,256,3,RGB,1.0,155252,.png,258b89f8497f6314ae34bccbaa57ee6e4fc8a12b54276414a9413236d5cc615d,fe9f5e747071980c,C:\Users\Ashutosh Verma\OneDrive\Desktop\VET VISION AI\data\lsd\LumpySkinDisease_DataHub\LumpySkinDisease_DataHub\data-processed\lumpy_balanced\lumpy1\Severe1980.png
Severe1981.png,Severe1981.png,Severe,False,256,256,3,RGB,1.0,180344,.png,a07bb1cbb494eea13aff30ef89bb6cf2289f8cfed4575d9d459ed2d66fee05cd,524298b020212226,C:\Users\Ashutosh Verma\OneDrive\Desktop\VET VISION AI\data\lsd\LumpySkinDisease_DataHub\LumpySkinDisease_DataHub\data-processed\lumpy_balanced\lumpy1\Severe1981.png
Severe1982.png,Severe1982.png,Severe,False,256,256,3,RGB,1.0,181153,.png,04eb32a9a6fa26d0a1da33938a03780094dc55e1c88de48a00ffadfeb25ab514,266624323a5e9b7b,C:\Users\Ashutosh Verma\OneDrive\Desktop\VET VISION AI\data\lsd\LumpySkinDisease_DataHub\LumpySkinDisease_DataHub\data-processed\lumpy_balanced\lumpy1\Severe1982.png
Severe1983.png,Severe1983.png,Severe,False,256,256,3,RGB,1.0,172135,.png,b63a71e32e254254412d6ed15346b6617c060bb9948e91f55be207f98358a999,fb79b2c21b1a3931,C:\Users\Ashutosh Verma\OneDrive\Desktop\VET VISION AI\data\lsd\LumpySkinDisease_DataHub\LumpySkinDisease_DataHub\data-processed\lumpy_balanced\lumpy1\Severe1983.png
Severe1984.png,Severe1984.png,Severe,False,256,256,3,RGB,1.0,146013,.png,4106a92a60453d98249b33046f52755acbae9c58cb9ab962c42ad71f3f3f7ece,b7767a5333b1b1bb,C:\Users\Ashutosh Verma\OneDrive\Desktop\VET VISION AI\data\lsd\LumpySkinDisease_DataHub\LumpySkinDisease_DataHub\data-processed\lumpy_balanced\lumpy1\Severe1984.png
Severe1985.png,Severe1985.png,Severe,False,256,256,3,RGB,1.0,167900,.png,c01a16667bd74d5d9fcaf519488b2904ae256d284ed8a44383b031b03f746595,bcb86a60b052e4b4,C:\Users\Ashutosh Verma\OneDrive\Desktop\VET VISION AI\data\lsd\LumpySkinDisease_DataHub\LumpySkinDisease_DataHub\data-processed\lumpy_balanced\lumpy1\Severe1985.png
Severe1986.png,Severe1986.png,Severe,False,256,256,3,RGB,1.0,186096,.png,7f1479c3a34e26aabe35d504de2ea3c40d4e1eaa99b7e3bbb5f97e8ea535cdc7,6f9f6ebc7c5c8e47,C:\Users\Ashutosh Verma\OneDrive\Desktop\VET VISION AI\data\lsd\LumpySkinDisease_DataHub\LumpySkinDisease_DataHub\data-processed\lumpy_balanced\lumpy1\Severe1986.png
Severe1987.png,Severe1987.png,Severe,False,256,256,3,RGB,1.0,179854,.png,a2f3bfe404a40600e95c679b8b548abc1af56caba7e208669e1ff6c72cd1d894,1e162647474f9abe,C:\Users\Ashutosh Verma\OneDrive\Desktop\VET VISION AI\data\lsd\LumpySkinDisease_DataHub\LumpySkinDisease_DataHub\data-processed\lumpy_balanced\lumpy1\Severe1987.png
Severe1988.png,Severe1988.png,Severe,False,256,256,3,RGB,1.0,170367,.png,ea9392211015156c6536d4e146b59e64e66c571a39c3be5ccb0626f65c7ad8ef,bb2b2b3b33131397,C:\Users\Ashutosh Verma\OneDrive\Desktop\VET VISION AI\data\lsd\LumpySkinDisease_DataHub\LumpySkinDisease_DataHub\data-processed\lumpy_balanced\lumpy1\Severe1988.png
Severe1989.png,Severe1989.png,Severe,False,256,256,3,RGB,1.0,174537,.png,d230e1550ad7da104e6291215290b9183fedd13be24c2e81d0920f48d83642e3,e36de5f075f75f34,C:\Users\Ashutosh Verma\OneDrive\Desktop\VET VISION AI\data\lsd\LumpySkinDisease_DataHub\LumpySkinDisease_DataHub\data-processed\lumpy_balanced\lumpy1\Severe1989.png
Severe1990.png,Severe1990.png,Severe,False,256,256,3,RGB,1.0,180344,.png,a07bb1cbb494eea13aff30ef89bb6cf2289f8cfed4575d9d459ed2d66fee05cd,524298b020212226,C:\Users\Ashutosh Verma\OneDrive\Desktop\VET VISION AI\data\lsd\LumpySkinDisease_DataHub\LumpySkinDisease_DataHub\data-processed\lumpy_balanced\lumpy1\Severe1990.png
Severe1991.png,Severe1991.png,Severe,False,256,256,3,RGB,1.0,181153,.png,04eb32a9a6fa26d0a1da33938a03780094dc55e1c88de48a00ffadfeb25ab514,266624323a5e9b7b,C:\Users\Ashutosh Verma\OneDrive\Desktop\VET VISION AI\data\lsd\LumpySkinDisease_DataHub\LumpySkinDisease_DataHub\data-processed\lumpy_balanced\lumpy1\Severe1991.png
Severe1992.png,Severe1992.png,Severe,False,256,256,3,RGB,1.0,184224,.png,9d31b6948117d958db0ccaa3d8d52e959507c6af63b958f5e07d7fdbe21622fe,7363095339971ac6,C:\Users\Ashutosh Verma\OneDrive\Desktop\VET VISION AI\data\lsd\LumpySkinDisease_DataHub\LumpySkinDisease_DataHub\data-processed\lumpy_balanced\lumpy1\Severe1992.png
Severe1993.png,Severe1993.png,Severe,False,256,256,3,RGB,1.0,170004,.png,befe3c7ce2185656ab8a2f55afac457c2e9a8763ea7488ac9fd82a0372d975e0,2527171717178f9b,C:\Users\Ashutosh Verma\OneDrive\Desktop\VET VISION AI\data\lsd\LumpySkinDisease_DataHub\LumpySkinDisease_DataHub\data-processed\lumpy_balanced\lumpy1\Severe1993.png
Severe1994.png,Severe1994.png,Severe,False,256,256,3,RGB,1.0,145213,.png,d81e0f93c596c62710cd8db1534f4e90eb32b9c7cfc83e3b8a65eb99b76b68ac,fe9f5e747071980c,C:\Users\Ashutosh Verma\OneDrive\Desktop\VET VISION AI\data\lsd\LumpySkinDisease_DataHub\LumpySkinDisease_DataHub\data-processed\lumpy_balanced\lumpy1\Severe1994.png
Severe1995.png,Severe1995.png,Severe,False,256,256,3,RGB,1.0,160156,.png,435eb111d8ec8f38e1a4e70d006123485daf2ef3819e46b9cf14187d76293505,656d0901191372b6,C:\Users\Ashutosh Verma\OneDrive\Desktop\VET VISION AI\data\lsd\LumpySkinDisease_DataHub\LumpySkinDisease_DataHub\data-processed\lumpy_balanced\lumpy1\Severe1995.png
Severe1996.png,Severe1996.png,Severe,False,256,256,3,RGB,1.0,146013,.png,4106a92a60453d98249b33046f52755acbae9c58cb9ab962c42ad71f3f3f7ece,b7767a5333b1b1bb,C:\Users\Ashutosh Verma\OneDrive\Desktop\VET VISION AI\data\lsd\LumpySkinDisease_DataHub\LumpySkinDisease_DataHub\data-processed\lumpy_balanced\lumpy1\Severe1996.png
Severe1997.png,Severe1997.png,Severe,False,256,256,3,RGB,1.0,182441,.png,f7d535d4e53af1fb374820adb2395cc232126ce5a7b9648ddc3bcff62c7d6bdf,ad7ed1f4f0e5c7d6,C:\Users\Ashutosh Verma\OneDrive\Desktop\VET VISION AI\data\lsd\LumpySkinDisease_DataHub\LumpySkinDisease_DataHub\data-processed\lumpy_balanced\lumpy1\Severe1997.png
Severe1998.png,Severe1998.png,Severe,False,256,256,3,RGB,1.0,145673,.png,86e6d77f458da344ea0a76b9f2c50b8acfc65d20369c0661c2a3940471f08d5a,f9f0b684c0441cd8,C:\Users\Ashutosh Verma\OneDrive\Desktop\VET VISION AI\data\lsd\LumpySkinDisease_DataHub\LumpySkinDisease_DataHub\data-processed\lumpy_balanced\lumpy1\Severe1998.png
Severe1999.png,Severe1999.png,Severe,False,256,256,3,RGB,1.0,149764,.png,bbc4727ab6ccad1c325f80338d8b8866bd574e9581f3318d9f777d53c3f6e2b7,d8fb2e5b4b686b4b,C:\Users\Ashutosh Verma\OneDrive\Desktop\VET VISION AI\data\lsd\LumpySkinDisease_DataHub\LumpySkinDisease_DataHub\data-processed\lumpy_balanced\lumpy1\Severe1999.png
Severe2000.png,Severe2000.png,Severe,False,256,256,3,RGB,1.0,163050,.png,89c9802b2a0aa8e0e509e48ed4e14cbabdb1b58cfa38f6be775de123bc66ee87,f8b8b8f9b9bcee68,C:\Users\Ashutosh Verma\OneDrive\Desktop\VET VISION AI\data\lsd\LumpySkinDisease_DataHub\LumpySkinDisease_DataHub\data-processed\lumpy_balanced\lumpy1\Severe2000.png
Severe2001.png,Severe2001.png,Severe,False,256,256,3,RGB,1.0,171628,.png,436313467fdd9112e34217ccca9525c1fa6891b20f974c26d6ad5936ba4226c1,44cc497b135bc2e2,C:\Users\Ashutosh Verma\OneDrive\Desktop\VET VISION AI\data\lsd\LumpySkinDisease_DataHub\LumpySkinDisease_DataHub\data-processed\lumpy_balanced\lumpy1\Severe2001.png
Severe2002.png,Severe2002.png,Severe,False,256,256,3,RGB,1.0,144094,.png,57fb7674ea79f9676ee45244a54c780c480a0e5ae5c06f215ace11e68e285ffb,563c7a6160134624,C:\Users\Ashutosh Verma\OneDrive\Desktop\VET VISION AI\data\lsd\LumpySkinDisease_DataHub\LumpySkinDisease_DataHub\data-processed\lumpy_balanced\lumpy1\Severe2002.png
Severe2003.png,Severe2003.png,Severe,False,256,256,3,RGB,1.0,172724,.png,9938ad1a44d282371ba5bd1fe28c2f973a3fb2245f4841cbb266f6a8a0cb1b1c,1d9b132ba97bf7be,C:\Users\Ashutosh Verma\OneDrive\Desktop\VET VISION AI\data\lsd\LumpySkinDisease_DataHub\LumpySkinDisease_DataHub\data-processed\lumpy_balanced\lumpy1\Severe2003.png
Severe2004.png,Severe2004.png,Severe,False,256,256,3,RGB,1.0,181695,.png,7676ce77874616e4977249cbf3627a7cae7ceabb562d5c57072f714a061f0af7,0dad6d6d2bdb89cd,C:\Users\Ashutosh Verma\OneDrive\Desktop\VET VISION AI\data\lsd\LumpySkinDisease_DataHub\LumpySkinDisease_DataHub\data-processed\lumpy_balanced\lumpy1\Severe2004.png
Severe2005.png,Severe2005.png,Severe,False,256,256,3,RGB,1.0,170409,.png,3c4d85a310627aa2e4bcc70f6f9dd5c5e9fa05269362e4896e479fb92ce70c14,316f746cc13010f5,C:\Users\Ashutosh Verma\OneDrive\Desktop\VET VISION AI\data\lsd\LumpySkinDisease_DataHub\LumpySkinDisease_DataHub\data-processed\lumpy_balanced\lumpy1\Severe2005.png
Severe2006.png,Severe2006.png,Severe,False,256,256,3,RGB,1.0,35426,.png,8f066c43e3b6e995dc00968f3bd1d0f5a37b210ebb269d4364f1c44ddd9ecc4f,04592937395d5b47,C:\Users\Ashutosh Verma\OneDrive\Desktop\VET VISION AI\data\lsd\LumpySkinDisease_DataHub\LumpySkinDisease_DataHub\data-processed\lumpy_balanced\lumpy1\Severe2006.png
Severe2007.png,Severe2007.png,Severe,False,256,256,3,RGB,1.0,155252,.png,258b89f8497f6314ae34bccbaa57ee6e4fc8a12b54276414a9413236d5cc615d,fe9f5e747071980c,C:\Users\Ashutosh Verma\OneDrive\Desktop\VET VISION AI\data\lsd\LumpySkinDisease_DataHub\LumpySkinDisease_DataHub\data-processed\lumpy_balanced\lumpy1\Severe2007.png
Severe2008.png,Severe2008.png,Severe,False,256,256,3,RGB,1.0,184224,.png,9d31b6948117d958db0ccaa3d8d52e959507c6af63b958f5e07d7fdbe21622fe,7363095339971ac6,C:\Users\Ashutosh Verma\OneDrive\Desktop\VET VISION AI\data\lsd\LumpySkinDisease_DataHub\LumpySkinDisease_DataHub\data-processed\lumpy_balanced\lumpy1\Severe2008.png
Severe2009.png,Severe2009.png,Severe,False,256,256,3,RGB,1.0,179375,.png,2ed5b77666f5718cfa5337e171b8dbd3e83ce8a4de4232b5a4721fc3e6d3668a,964667973733b919,C:\Users\Ashutosh Verma\OneDrive\Desktop\VET VISION AI\data\lsd\LumpySkinDisease_DataHub\LumpySkinDisease_DataHub\data-processed\lumpy_balanced\lumpy1\Severe2009.png
Severe2010.png,Severe2010.png,Severe,False,256,256,3,RGB,1.0,170004,.png,befe3c7ce2185656ab8a2f55afac457c2e9a8763ea7488ac9fd82a0372d975e0,2527171717178f9b,C:\Users\Ashutosh Verma\OneDrive\Desktop\VET VISION AI\data\lsd\LumpySkinDisease_DataHub\LumpySkinDisease_DataHub\data-processed\lumpy_balanced\lumpy1\Severe2010.png
Severe2011.png,Severe2011.png,Severe,False,256,256,3,RGB,1.0,35426,.png,8f066c43e3b6e995dc00968f3bd1d0f5a37b210ebb269d4364f1c44ddd9ecc4f,04592937395d5b47,C:\Users\Ashutosh Verma\OneDrive\Desktop\VET VISION AI\data\lsd\LumpySkinDisease_DataHub\LumpySkinDisease_DataHub\data-processed\lumpy_balanced\lumpy1\Severe2011.png
Severe2012.png,Severe2012.png,Severe,False,256,256,3,RGB,1.0,187768,.png,f86858ad5dd2f6931211ed7fad0162123dc3efc24e7b8098108afc0d73168484,8322a7a533617086,C:\Users\Ashutosh Verma\OneDrive\Desktop\VET VISION AI\data\lsd\LumpySkinDisease_DataHub\LumpySkinDisease_DataHub\data-processed\lumpy_balanced\lumpy1\Severe2012.png
Severe2013.png,Severe2013.png,Severe,False,256,256,3,RGB,1.0,170367,.png,ea9392211015156c6536d4e146b59e64e66c571a39c3be5ccb0626f65c7ad8ef,bb2b2b3b33131397,C:\Users\Ashutosh Verma\OneDrive\Desktop\VET VISION AI\data\lsd\LumpySkinDisease_DataHub\LumpySkinDisease_DataHub\data-processed\lumpy_balanced\lumpy1\Severe2013.png
Severe2014.png,Severe2014.png,Severe,False,256,256,3,RGB,1.0,187768,.png,f86858ad5dd2f6931211ed7fad0162123dc3efc24e7b8098108afc0d73168484,8322a7a533617086,C:\Users\Ashutosh Verma\OneDrive\Desktop\VET VISION AI\data\lsd\LumpySkinDisease_DataHub\LumpySkinDisease_DataHub\data-processed\lumpy_balanced\lumpy1\Severe2014.png
Severe2015.png,Severe2015.png,Severe,False,256,256,3,RGB,1.0,149750,.png,255613e4506751ccc6309fc95790d90d119901d2703d8dc2b53dc0e1b21fc9b2,981898b123664c9a,C:\Users\Ashutosh Verma\OneDrive\Desktop\VET VISION AI\data\lsd\LumpySkinDisease_DataHub\LumpySkinDisease_DataHub\data-processed\lumpy_balanced\lumpy1\Severe2015.png
Severe2016.png,Severe2016.png,Severe,False,256,256,3,RGB,1.0,144094,.png,57fb7674ea79f9676ee45244a54c780c480a0e5ae5c06f215ace11e68e285ffb,563c7a6160134624,C:\Users\Ashutosh Verma\OneDrive\Desktop\VET VISION AI\data\lsd\LumpySkinDisease_DataHub\LumpySkinDisease_DataHub\data-processed\lumpy_balanced\lumpy1\Severe2016.png
Severe2017.png,Severe2017.png,Severe,False,256,256,3,RGB,1.0,186096,.png,7f1479c3a34e26aabe35d504de2ea3c40d4e1eaa99b7e3bbb5f97e8ea535cdc7,6f9f6ebc7c5c8e47,C:\Users\Ashutosh Verma\OneDrive\Desktop\VET VISION AI\data\lsd\LumpySkinDisease_DataHub\LumpySkinDisease_DataHub\data-processed\lumpy_balanced\lumpy1\Severe2017.png
Severe2018.png,Severe2018.png,Severe,False,256,256,3,RGB,1.0,193300,.png,bc4101533c713be0fec225337e8ee2d0cf7f9e7fa2b942efe3cd567a6ebb2e7a,1cd2a92b93979983,C:\Users\Ashutosh Verma\OneDrive\Desktop\VET VISION AI\data\lsd\LumpySkinDisease_DataHub\LumpySkinDisease_DataHub\data-processed\lumpy_balanced\lumpy1\Severe2018.png
Severe2019.png,Severe2019.png,Severe,False,256,256,3,RGB,1.0,184224,.png,9d31b6948117d958db0ccaa3d8d52e959507c6af63b958f5e07d7fdbe21622fe,7363095339971ac6,C:\Users\Ashutosh Verma\OneDrive\Desktop\VET VISION AI\data\lsd\LumpySkinDisease_DataHub\LumpySkinDisease_DataHub\data-processed\lumpy_balanced\lumpy1\Severe2019.png
Severe2020.png,Severe2020.png,Severe,False,256,256,3,RGB,1.0,176448,.png,f49741f1ca3bfce3600ad81ef86d0eb572ee72459c3d55d790d8b3b3ad97162b,322323e18d8d1fb9,C:\Users\Ashutosh Verma\OneDrive\Desktop\VET VISION AI\data\lsd\LumpySkinDisease_DataHub\LumpySkinDisease_DataHub\data-processed\lumpy_balanced\lumpy1\Severe2020.png
Severe2021.png,Severe2021.png,Severe,False,256,256,3,RGB,1.0,174537,.png,d230e1550ad7da104e6291215290b9183fedd13be24c2e81d0920f48d83642e3,e36de5f075f75f34,C:\Users\Ashutosh Verma\OneDrive\Desktop\VET VISION AI\data\lsd\LumpySkinDisease_DataHub\LumpySkinDisease_DataHub\data-processed\lumpy_balanced\lumpy1\Severe2021.png
Severe2022.png,Severe2022.png,Severe,False,256,256,3,RGB,1.0,175408,.png,58c46875c985963ead96a19b1196156dcda8e66dc97df28aa83673b240bf21a0,048c495b3317c2c2,C:\Users\Ashutosh Verma\OneDrive\Desktop\VET VISION AI\data\lsd\LumpySkinDisease_DataHub\LumpySkinDisease_DataHub\data-processed\lumpy_balanced\lumpy1\Severe2022.png
Severe2023.png,Severe2023.png,Severe,False,256,256,3,RGB,1.0,179136,.png,cce1cd1bf44c1ea87336c265db3fa6764d7b4bf1212a472b3edb7f0e6a2f018d,316f746cc13010f7,C:\Users\Ashutosh Verma\OneDrive\Desktop\VET VISION AI\data\lsd\LumpySkinDisease_DataHub\LumpySkinDisease_DataHub\data-processed\lumpy_balanced\lumpy1\Severe2023.png
Severe2024.png,Severe2024.png,Severe,False,256,256,3,RGB,1.0,172135,.png,b63a71e32e254254412d6ed15346b6617c060bb9948e91f55be207f98358a999,fb79b2c21b1a3931,C:\Users\Ashutosh Verma\OneDrive\Desktop\VET VISION AI\data\lsd\LumpySkinDisease_DataHub\LumpySkinDisease_DataHub\data-processed\lumpy_balanced\lumpy1\Severe2024.png
Severe2025.png,Severe2025.png,Severe,False,256,256,3,RGB,1.0,182488,.png,3911b84b9b3f2c7fc9da05b94878af3e860bc59b274a9a1933e9c93231b70922,eb4b81556f2b1919,C:\Users\Ashutosh Verma\OneDrive\Desktop\VET VISION AI\data\lsd\LumpySkinDisease_DataHub\LumpySkinDisease_DataHub\data-processed\lumpy_balanced\lumpy1\Severe2025.png
Severe2026.png,Severe2026.png,Severe,False,256,256,3,RGB,1.0,170004,.png,befe3c7ce2185656ab8a2f55afac457c2e9a8763ea7488ac9fd82a0372d975e0,2527171717178f9b,C:\Users\Ashutosh Verma\OneDrive\Desktop\VET VISION AI\data\lsd\LumpySkinDisease_DataHub\LumpySkinDisease_DataHub\data-processed\lumpy_balanced\lumpy1\Severe2026.png
Severe2027.png,Severe2027.png,Severe,False,256,256,3,RGB,1.0,177186,.png,ea654e3df40c7579803658df4651502a17bbf446ad003770be6e5b9ad9f5c070,524098b020212226,C:\Users\Ashutosh Verma\OneDrive\Desktop\VET VISION AI\data\lsd\LumpySkinDisease_DataHub\LumpySkinDisease_DataHub\data-processed\lumpy_balanced\lumpy1\Severe2027.png
Severe2028.png,Severe2028.png,Severe,False,256,256,3,RGB,1.0,186159,.png,ff0942d6bb4e87c2497577610b52f6e1256f41f9ba0ff212ffe2257c84d61944,c6445c4e287c10b0,C:\Users\Ashutosh Verma\OneDrive\Desktop\VET VISION AI\data\lsd\LumpySkinDisease_DataHub\LumpySkinDisease_DataHub\data-processed\lumpy_balanced\lumpy1\Severe2028.png
Severe2029.png,Severe2029.png,Severe,False,256,256,3,RGB,1.0,150206,.png,1bcabbbe7361fd60b9b3669c05e8f76472fa982d4ca585a2e4620dee030bce9a,1c8c22387ece9a9a,C:\Users\Ashutosh Verma\OneDrive\Desktop\VET VISION AI\data\lsd\LumpySkinDisease_DataHub\LumpySkinDisease_DataHub\data-processed\lumpy_balanced\lumpy1\Severe2029.png
Severe2030.png,Severe2030.png,Severe,False,256,256,3,RGB,1.0,171628,.png,436313467fdd9112e34217ccca9525c1fa6891b20f974c26d6ad5936ba4226c1,44cc497b135bc2e2,C:\Users\Ashutosh Verma\OneDrive\Desktop\VET VISION AI\data\lsd\LumpySkinDisease_DataHub\LumpySkinDisease_DataHub\data-processed\lumpy_balanced\lumpy1\Severe2030.png
Severe2031.png,Severe2031.png,Severe,False,256,256,3,RGB,1.0,184860,.png,3730d25b8f5f2e89bccfb661a2c3c3842f28a236d1ce983ed7bfc14847d2c82b,eb4b81556f2b1919,C:\Users\Ashutosh Verma\OneDrive\Desktop\VET VISION AI\data\lsd\LumpySkinDisease_DataHub\LumpySkinDisease_DataHub\data-processed\lumpy_balanced\lumpy1\Severe2031.png
Severe2032.png,Severe2032.png,Severe,False,256,256,3,RGB,1.0,186159,.png,ff0942d6bb4e87c2497577610b52f6e1256f41f9ba0ff212ffe2257c84d61944,c6445c4e287c10b0,C:\Users\Ashutosh Verma\OneDrive\Desktop\VET VISION AI\data\lsd\LumpySkinDisease_DataHub\LumpySkinDisease_DataHub\data-processed\lumpy_balanced\lumpy1\Severe2032.png
Severe2033.png,Severe2033.png,Severe,False,256,256,3,RGB,1.0,172724,.png,9938ad1a44d282371ba5bd1fe28c2f973a3fb2245f4841cbb266f6a8a0cb1b1c,1d9b132ba97bf7be,C:\Users\Ashutosh Verma\OneDrive\Desktop\VET VISION AI\data\lsd\LumpySkinDisease_DataHub\LumpySkinDisease_DataHub\data-processed\lumpy_balanced\lumpy1\Severe2033.png
Severe2034.png,Severe2034.png,Severe,False,256,256,3,RGB,1.0,181153,.png,04eb32a9a6fa26d0a1da33938a03780094dc55e1c88de48a00ffadfeb25ab514,266624323a5e9b7b,C:\Users\Ashutosh Verma\OneDrive\Desktop\VET VISION AI\data\lsd\LumpySkinDisease_DataHub\LumpySkinDisease_DataHub\data-processed\lumpy_balanced\lumpy1\Severe2034.png
Severe2035.png,Severe2035.png,Severe,False,256,256,3,RGB,1.0,144094,.png,57fb7674ea79f9676ee45244a54c780c480a0e5ae5c06f215ace11e68e285ffb,563c7a6160134624,C:\Users\Ashutosh Verma\OneDrive\Desktop\VET VISION AI\data\lsd\LumpySkinDisease_DataHub\LumpySkinDisease_DataHub\data-processed\lumpy_balanced\lumpy1\Severe2035.png
Severe2036.png,Severe2036.png,Severe,False,256,256,3,RGB,1.0,145213,.png,d81e0f93c596c62710cd8db1534f4e90eb32b9c7cfc83e3b8a65eb99b76b68ac,fe9f5e747071980c,C:\Users\Ashutosh Verma\OneDrive\Desktop\VET VISION AI\data\lsd\LumpySkinDisease_DataHub\LumpySkinDisease_DataHub\data-processed\lumpy_balanced\lumpy1\Severe2036.png
Severe2037.png,Severe2037.png,Severe,False,256,256,3,RGB,1.0,180167,.png,424919f221d0d5d6814ea6d7751a55764b031e91a5a1aada82c62246d4a47436,dddbc5edc3f576fe,C:\Users\Ashutosh Verma\OneDrive\Desktop\VET VISION AI\data\lsd\LumpySkinDisease_DataHub\LumpySkinDisease_DataHub\data-processed\lumpy_balanced\lumpy1\Severe2037.png
Severe2038.png,Severe2038.png,Severe,False,256,256,3,RGB,1.0,193300,.png,bc4101533c713be0fec225337e8ee2d0cf7f9e7fa2b942efe3cd567a6ebb2e7a,1cd2a92b93979983,C:\Users\Ashutosh Verma\OneDrive\Desktop\VET VISION AI\data\lsd\LumpySkinDisease_DataHub\LumpySkinDisease_DataHub\data-processed\lumpy_balanced\lumpy1\Severe2038.png
Severe2039.png,Severe2039.png,Severe,False,256,256,3,RGB,1.0,145213,.png,d81e0f93c596c62710cd8db1534f4e90eb32b9c7cfc83e3b8a65eb99b76b68ac,fe9f5e747071980c,C:\Users\Ashutosh Verma\OneDrive\Desktop\VET VISION AI\data\lsd\LumpySkinDisease_DataHub\LumpySkinDisease_DataHub\data-processed\lumpy_balanced\lumpy1\Severe2039.png
Severe2040.png,Severe2040.png,Severe,False,256,256,3,RGB,1.0,158497,.png,9db8d6690e6cd3a2d10ddbe3deab8127f5a5c6de0d8f64bda49fb4f2ff0663a3,93bea5e031d13313,C:\Users\Ashutosh Verma\OneDrive\Desktop\VET VISION AI\data\lsd\LumpySkinDisease_DataHub\LumpySkinDisease_DataHub\data-processed\lumpy_balanced\lumpy1\Severe2040.png
Severe2041.png,Severe2041.png,Severe,False,256,256,3,RGB,1.0,171628,.png,436313467fdd9112e34217ccca9525c1fa6891b20f974c26d6ad5936ba4226c1,44cc497b135bc2e2,C:\Users\Ashutosh Verma\OneDrive\Desktop\VET VISION AI\data\lsd\LumpySkinDisease_DataHub\LumpySkinDisease_DataHub\data-processed\lumpy_balanced\lumpy1\Severe2041.png
Severe2042.png,Severe2042.png,Severe,False,256,256,3,RGB,1.0,184548,.png,8b80d03826231d2de081204c769b82afd1e79b1ae07c87b9a6dd915f222d591b,5252028a8e9ab272,C:\Users\Ashutosh Verma\OneDrive\Desktop\VET VISION AI\data\lsd\LumpySkinDisease_DataHub\LumpySkinDisease_DataHub\data-processed\lumpy_balanced\lumpy1\Severe2042.png
Severe2043.png,Severe2043.png,Severe,False,256,256,3,RGB,1.0,186096,.png,7f1479c3a34e26aabe35d504de2ea3c40d4e1eaa99b7e3bbb5f97e8ea535cdc7,6f9f6ebc7c5c8e47,C:\Users\Ashutosh Verma\OneDrive\Desktop\VET VISION AI\data\lsd\LumpySkinDisease_DataHub\LumpySkinDisease_DataHub\data-processed\lumpy_balanced\lumpy1\Severe2043.png
Severe2044.png,Severe2044.png,Severe,False,256,256,3,RGB,1.0,187054,.png,a5535192241abf0c8e19fa2f0ca153c68caa757315959bfdff8dc84d406b5d02,377761d543e3cd8d,C:\Users\Ashutosh Verma\OneDrive\Desktop\VET VISION AI\data\lsd\LumpySkinDisease_DataHub\LumpySkinDisease_DataHub\data-processed\lumpy_balanced\lumpy1\Severe2044.png
Severe2045.png,Severe2045.png,Severe,False,256,256,3,RGB,1.0,175570,.png,ae48828d131be574247cee70715c97c59c6fd8a5538441b1bc13a1244f73f3b5,b1237330929a2b0a,C:\Users\Ashutosh Verma\OneDrive\Desktop\VET VISION AI\data\lsd\LumpySkinDisease_DataHub\LumpySkinDisease_DataHub\data-processed\lumpy_balanced\lumpy1\Severe2045.png
Severe2046.png,Severe2046.png,Severe,False,256,256,3,RGB,1.0,163947,.png,ec7cb138314c129a0af50f370631ef217d3676f0f36268f4b499919ea00778c2,c8e0c0c060100080,C:\Users\Ashutosh Verma\OneDrive\Desktop\VET VISION AI\data\lsd\LumpySkinDisease_DataHub\LumpySkinDisease_DataHub\data-processed\lumpy_balanced\lumpy1\Severe2046.png
Severe2047.png,Severe2047.png,Severe,False,256,256,3,RGB,1.0,182399,.png,3f1eaf9badb441619d60c360d1e914d172ba2efea2adfb29347eade322617bff,91d5454d6f393999,C:\Users\Ashutosh Verma\OneDrive\Desktop\VET VISION AI\data\lsd\LumpySkinDisease_DataHub\LumpySkinDisease_DataHub\data-processed\lumpy_balanced\lumpy1\Severe2047.png
Severe2048.png,Severe2048.png,Severe,False,256,256,3,RGB,1.0,172724,.png,9938ad1a44d282371ba5bd1fe28c2f973a3fb2245f4841cbb266f6a8a0cb1b1c,1d9b132ba97bf7be,C:\Users\Ashutosh Verma\OneDrive\Desktop\VET VISION AI\data\lsd\LumpySkinDisease_DataHub\LumpySkinDisease_DataHub\data-processed\lumpy_balanced\lumpy1\Severe2048.png
Severe2049.png,Severe2049.png,Severe,False,256,256,3,RGB,1.0,181153,.png,04eb32a9a6fa26d0a1da33938a03780094dc55e1c88de48a00ffadfeb25ab514,266624323a5e9b7b,C:\Users\Ashutosh Verma\OneDrive\Desktop\VET VISION AI\data\lsd\LumpySkinDisease_DataHub\LumpySkinDisease_DataHub\data-processed\lumpy_balanced\lumpy1\Severe2049.png
Severe2050.png,Severe2050.png,Severe,False,256,256,3,RGB,1.0,175408,.png,58c46875c985963ead96a19b1196156dcda8e66dc97df28aa83673b240bf21a0,048c495b3317c2c2,C:\Users\Ashutosh Verma\OneDrive\Desktop\VET VISION AI\data\lsd\LumpySkinDisease_DataHub\LumpySkinDisease_DataHub\data-processed\lumpy_balanced\lumpy1\Severe2050.png
Severe2051.png,Severe2051.png,Severe,False,256,256,3,RGB,1.0,182488,.png,3911b84b9b3f2c7fc9da05b94878af3e860bc59b274a9a1933e9c93231b70922,eb4b81556f2b1919,C:\Users\Ashutosh Verma\OneDrive\Desktop\VET VISION AI\data\lsd\LumpySkinDisease_DataHub\LumpySkinDisease_DataHub\data-processed\lumpy_balanced\lumpy1\Severe2051.png
Severe2052.png,Severe2052.png,Severe,False,256,256,3,RGB,1.0,153542,.png,f66ccbbec79a45ecddcd0f7d248b8a7cae9f76a1f04c6b266b14628099c0339b,d8fb2e5b4b686b4b,C:\Users\Ashutosh Verma\OneDrive\Desktop\VET VISION AI\data\lsd\LumpySkinDisease_DataHub\LumpySkinDisease_DataHub\data-processed\lumpy_balanced\lumpy1\Severe2052.png
Severe2053.png,Severe2053.png,Severe,False,256,256,4,RGBA,1.0,193112,.png,21e2fcb47169ab523db29c8289c38e31e7a5cf3aa8f83dae2e22a1a44a716151,1d9b132ba97bf7be,C:\Users\Ashutosh Verma\OneDrive\Desktop\VET VISION AI\data\lsd\LumpySkinDisease_DataHub\LumpySkinDisease_DataHub\data-processed\lumpy_balanced\lumpy1\Severe2053.png
Severe2054.png,Severe2054.png,Severe,False,256,256,3,RGB,1.0,175519,.png,c5fae5773b3bb0504b40d39f69b26d49887823943152f91bd91d0b91183096ed,c9e7666424e0e5e5,C:\Users\Ashutosh Verma\OneDrive\Desktop\VET VISION AI\data\lsd\LumpySkinDisease_DataHub\LumpySkinDisease_DataHub\data-processed\lumpy_balanced\lumpy1\Severe2054.png
Severe2055.png,Severe2055.png,Severe,False,256,256,3,RGB,1.0,171628,.png,436313467fdd9112e34217ccca9525c1fa6891b20f974c26d6ad5936ba4226c1,44cc497b135bc2e2,C:\Users\Ashutosh Verma\OneDrive\Desktop\VET VISION AI\data\lsd\LumpySkinDisease_DataHub\LumpySkinDisease_DataHub\data-processed\lumpy_balanced\lumpy1\Severe2055.png
Severe2056.png,Severe2056.png,Severe,False,256,256,3,RGB,1.0,160510,.png,1208ba333e24d97cf943d36730cc475e01731b8351204d55426dfaa102add27b,18180c3c3c333323,C:\Users\Ashutosh Verma\OneDrive\Desktop\VET VISION AI\data\lsd\LumpySkinDisease_DataHub\LumpySkinDisease_DataHub\data-processed\lumpy_balanced\lumpy1\Severe2056.png
Severe2057.png,Severe2057.png,Severe,False,256,256,3,RGB,1.0,171628,.png,436313467fdd9112e34217ccca9525c1fa6891b20f974c26d6ad5936ba4226c1,44cc497b135bc2e2,C:\Users\Ashutosh Verma\OneDrive\Desktop\VET VISION AI\data\lsd\LumpySkinDisease_DataHub\LumpySkinDisease_DataHub\data-processed\lumpy_balanced\lumpy1\Severe2057.png
Severe2058.png,Severe2058.png,Severe,False,256,256,3,RGB,1.0,185191,.png,e6691f3e459c889264ba02d09048e46f10d5890a3b6cb171f2bcbc353a4e1f91,26201c1c2c0c263a,C:\Users\Ashutosh Verma\OneDrive\Desktop\VET VISION AI\data\lsd\LumpySkinDisease_DataHub\LumpySkinDisease_DataHub\data-processed\lumpy_balanced\lumpy1\Severe2058.png
Severe2059.png,Severe2059.png,Severe,False,256,256,3,RGB,1.0,186607,.png,d2a1f18f3c05c50005dddaccfbd2fc0cdfe93b0e650f4c9272870e020610305d,1913d3cb09093960,C:\Users\Ashutosh Verma\OneDrive\Desktop\VET VISION AI\data\lsd\LumpySkinDisease_DataHub\LumpySkinDisease_DataHub\data-processed\lumpy_balanced\lumpy1\Severe2059.png
Severe2060.png,Severe2060.png,Severe,False,256,256,3,RGB,1.0,186096,.png,7f1479c3a34e26aabe35d504de2ea3c40d4e1eaa99b7e3bbb5f97e8ea535cdc7,6f9f6ebc7c5c8e47,C:\Users\Ashutosh Verma\OneDrive\Desktop\VET VISION AI\data\lsd\LumpySkinDisease_DataHub\LumpySkinDisease_DataHub\data-processed\lumpy_balanced\lumpy1\Severe2060.png
Severe2061.png,Severe2061.png,Severe,False,256,256,3,RGB,1.0,161685,.png,50c848323f01547d9a002d153fbd4238ff3f5a6c6e2ba78e8824a20cac3e5ca3,bcb86a60b052e4b4,C:\Users\Ashutosh Verma\OneDrive\Desktop\VET VISION AI\data\lsd\LumpySkinDisease_DataHub\LumpySkinDisease_DataHub\data-processed\lumpy_balanced\lumpy1\Severe2061.png
Severe2062.png,Severe2062.png,Severe,False,256,256,3,RGB,1.0,179136,.png,cce1cd1bf44c1ea87336c265db3fa6764d7b4bf1212a472b3edb7f0e6a2f018d,316f746cc13010f7,C:\Users\Ashutosh Verma\OneDrive\Desktop\VET VISION AI\data\lsd\LumpySkinDisease_DataHub\LumpySkinDisease_DataHub\data-processed\lumpy_balanced\lumpy1\Severe2062.png
Severe2063.png,Severe2063.png,Severe,False,256,256,3,RGB,1.0,175130,.png,0919d184bbbb281a7ef23d5e947b9b9a9920346a710fe72510e34914229bdda4,f2b2649a06226276,C:\Users\Ashutosh Verma\OneDrive\Desktop\VET VISION AI\data\lsd\LumpySkinDisease_DataHub\LumpySkinDisease_DataHub\data-processed\lumpy_balanced\lumpy1\Severe2063.png
Severe2064.png,Severe2064.png,Severe,False,256,256,3,RGB,1.0,144094,.png,57fb7674ea79f9676ee45244a54c780c480a0e5ae5c06f215ace11e68e285ffb,563c7a6160134624,C:\Users\Ashutosh Verma\OneDrive\Desktop\VET VISION AI\data\lsd\LumpySkinDisease_DataHub\LumpySkinDisease_DataHub\data-processed\lumpy_balanced\lumpy1\Severe2064.png
Severe2065.png,Severe2065.png,Severe,False,256,256,3,RGB,1.0,171126,.png,966c4b332aff408cba3b1b73f6524492c006b81801a36f35bbd16ffae4dcd227,ee7ededfe6123ede,C:\Users\Ashutosh Verma\OneDrive\Desktop\VET VISION AI\data\lsd\LumpySkinDisease_DataHub\LumpySkinDisease_DataHub\data-processed\lumpy_balanced\lumpy1\Severe2065.png
Severe2066.png,Severe2066.png,Severe,False,256,256,3,RGB,1.0,171628,.png,436313467fdd9112e34217ccca9525c1fa6891b20f974c26d6ad5936ba4226c1,44cc497b135bc2e2,C:\Users\Ashutosh Verma\OneDrive\Desktop\VET VISION AI\data\lsd\LumpySkinDisease_DataHub\LumpySkinDisease_DataHub\data-processed\lumpy_balanced\lumpy1\Severe2066.png
Severe2067.png,Severe2067.png,Severe,False,256,256,3,RGB,1.0,160156,.png,435eb111d8ec8f38e1a4e70d006123485daf2ef3819e46b9cf14187d76293505,656d0901191372b6,C:\Users\Ashutosh Verma\OneDrive\Desktop\VET VISION AI\data\lsd\LumpySkinDisease_DataHub\LumpySkinDisease_DataHub\data-processed\lumpy_balanced\lumpy1\Severe2067.png
Severe2068.png,Severe2068.png,Severe,False,256,256,3,RGB,1.0,179375,.png,2ed5b77666f5718cfa5337e171b8dbd3e83ce8a4de4232b5a4721fc3e6d3668a,964667973733b919,C:\Users\Ashutosh Verma\OneDrive\Desktop\VET VISION AI\data\lsd\LumpySkinDisease_DataHub\LumpySkinDisease_DataHub\data-processed\lumpy_balanced\lumpy1\Severe2068.png
Severe2069.png,Severe2069.png,Severe,False,256,256,3,RGB,1.0,173740,.png,4b03194035f2ffad4b478a4cf37a19edd122238c89060deeb9fe34d4e613853d,909026246866264d,C:\Users\Ashutosh Verma\OneDrive\Desktop\VET VISION AI\data\lsd\LumpySkinDisease_DataHub\LumpySkinDisease_DataHub\data-processed\lumpy_balanced\lumpy1\Severe2069.png
Severe2070.png,Severe2070.png,Severe,False,256,256,4,RGBA,1.0,193112,.png,21e2fcb47169ab523db29c8289c38e31e7a5cf3aa8f83dae2e22a1a44a716151,1d9b132ba97bf7be,C:\Users\Ashutosh Verma\OneDrive\Desktop\VET VISION AI\data\lsd\LumpySkinDisease_DataHub\LumpySkinDisease_DataHub\data-processed\lumpy_balanced\lumpy1\Severe2070.png
Severe2071.png,Severe2071.png,Severe,False,256,256,3,RGB,1.0,174686,.png,04ddb9e06e343ce4315d89fad2efd2e26ff6393dc1851cccadd70c082be9331c,4d6b2f3f99393938,C:\Users\Ashutosh Verma\OneDrive\Desktop\VET VISION AI\data\lsd\LumpySkinDisease_DataHub\LumpySkinDisease_DataHub\data-processed\lumpy_balanced\lumpy1\Severe2071.png
Severe2072.png,Severe2072.png,Severe,False,256,256,3,RGB,1.0,173740,.png,4b03194035f2ffad4b478a4cf37a19edd122238c89060deeb9fe34d4e613853d,909026246866264d,C:\Users\Ashutosh Verma\OneDrive\Desktop\VET VISION AI\data\lsd\LumpySkinDisease_DataHub\LumpySkinDisease_DataHub\data-processed\lumpy_balanced\lumpy1\Severe2072.png
Severe2073.png,Severe2073.png,Severe,False,256,256,3,RGB,1.0,170627,.png,77c890b54e8fc8addc7f05484f1470d4fd0953ea371dcd1883a1bcc4a185dc07,d37df4f0f2735f72,C:\Users\Ashutosh Verma\OneDrive\Desktop\VET VISION AI\data\lsd\LumpySkinDisease_DataHub\LumpySkinDisease_DataHub\data-processed\lumpy_balanced\lumpy1\Severe2073.png
Severe2074.png,Severe2074.png,Severe,False,256,256,3,RGB,1.0,170409,.png,3c4d85a310627aa2e4bcc70f6f9dd5c5e9fa05269362e4896e479fb92ce70c14,316f746cc13010f5,C:\Users\Ashutosh Verma\OneDrive\Desktop\VET VISION AI\data\lsd\LumpySkinDisease_DataHub\LumpySkinDisease_DataHub\data-processed\lumpy_balanced\lumpy1\Severe2074.png
Severe2075.png,Severe2075.png,Severe,False,256,256,3,RGB,1.0,154102,.png,c986737d1eee1ce9e3b48995c60be3279c444d86a4f438608b9011ade92a9b2a,92260b0f09094d4d,C:\Users\Ashutosh Verma\OneDrive\Desktop\VET VISION AI\data\lsd\LumpySkinDisease_DataHub\LumpySkinDisease_DataHub\data-processed\lumpy_balanced\lumpy1\Severe2075.png
Severe2076.png,Severe2076.png,Severe,False,256,256,3,RGB,1.0,174686,.png,04ddb9e06e343ce4315d89fad2efd2e26ff6393dc1851cccadd70c082be9331c,4d6b2f3f99393938,C:\Users\Ashutosh Verma\OneDrive\Desktop\VET VISION AI\data\lsd\LumpySkinDisease_DataHub\LumpySkinDisease_DataHub\data-processed\lumpy_balanced\lumpy1\Severe2076.png
Severe2077.png,Severe2077.png,Severe,False,256,256,3,RGB,1.0,35426,.png,8f066c43e3b6e995dc00968f3bd1d0f5a37b210ebb269d4364f1c44ddd9ecc4f,04592937395d5b47,C:\Users\Ashutosh Verma\OneDrive\Desktop\VET VISION AI\data\lsd\LumpySkinDisease_DataHub\LumpySkinDisease_DataHub\data-processed\lumpy_balanced\lumpy1\Severe2077.png
Severe2078.png,Severe2078.png,Severe,False,256,256,3,RGB,1.0,180601,.png,f5d1a1a1f59bf8849b8d412b294bec0d41367184abbfdd02f62678f0b853d051,b1237330b29a2b0a,C:\Users\Ashutosh Verma\OneDrive\Desktop\VET VISION AI\data\lsd\LumpySkinDisease_DataHub\LumpySkinDisease_DataHub\data-processed\lumpy_balanced\lumpy1\Severe2078.png
Severe2079.png,Severe2079.png,Severe,False,256,256,3,RGB,1.0,182751,.png,83852ec7520d975e4cc82e022c928a96da56373b77f7e092b6dc15123770500f,d6f2aaaecbeba3a7,C:\Users\Ashutosh Verma\OneDrive\Desktop\VET VISION AI\data\lsd\LumpySkinDisease_DataHub\LumpySkinDisease_DataHub\data-processed\lumpy_balanced\lumpy1\Severe2079.png
Severe2080.png,Severe2080.png,Severe,False,256,256,3,RGB,1.0,186120,.png,45fc143092173eaaac0e7e88895f381a75dc7922a9b9bb02dd6558239571170f,6b61d5d757c3c3cf,C:\Users\Ashutosh Verma\OneDrive\Desktop\VET VISION AI\data\lsd\LumpySkinDisease_DataHub\LumpySkinDisease_DataHub\data-processed\lumpy_balanced\lumpy1\Severe2080.png
Severe2081.png,Severe2081.png,Severe,False,256,256,3,RGB,1.0,183839,.png,e4af2d46cf21e00f3f853694a0181bda2182bbbf21dbde34b372f1cab3c31ff0,390f4d5767643693,C:\Users\Ashutosh Verma\OneDrive\Desktop\VET VISION AI\data\lsd\LumpySkinDisease_DataHub\LumpySkinDisease_DataHub\data-processed\lumpy_balanced\lumpy1\Severe2081.png
Severe2082.png,Severe2082.png,Severe,False,256,256,3,RGB,1.0,176448,.png,f49741f1ca3bfce3600ad81ef86d0eb572ee72459c3d55d790d8b3b3ad97162b,322323e18d8d1fb9,C:\Users\Ashutosh Verma\OneDrive\Desktop\VET VISION AI\data\lsd\LumpySkinDisease_DataHub\LumpySkinDisease_DataHub\data-processed\lumpy_balanced\lumpy1\Severe2082.png
Severe2083.png,Severe2083.png,Severe,False,256,256,3,RGB,1.0,150206,.png,1bcabbbe7361fd60b9b3669c05e8f76472fa982d4ca585a2e4620dee030bce9a,1c8c22387ece9a9a,C:\Users\Ashutosh Verma\OneDrive\Desktop\VET VISION AI\data\lsd\LumpySkinDisease_DataHub\LumpySkinDisease_DataHub\data-processed\lumpy_balanced\lumpy1\Severe2083.png
Severe2084.png,Severe2084.png,Severe,False,256,256,3,RGB,1.0,183839,.png,e4af2d46cf21e00f3f853694a0181bda2182bbbf21dbde34b372f1cab3c31ff0,390f4d5767643693,C:\Users\Ashutosh Verma\OneDrive\Desktop\VET VISION AI\data\lsd\LumpySkinDisease_DataHub\LumpySkinDisease_DataHub\data-processed\lumpy_balanced\lumpy1\Severe2084.png
Severe2085.png,Severe2085.png,Severe,False,256,256,3,RGB,1.0,163050,.png,89c9802b2a0aa8e0e509e48ed4e14cbabdb1b58cfa38f6be775de123bc66ee87,f8b8b8f9b9bcee68,C:\Users\Ashutosh Verma\OneDrive\Desktop\VET VISION AI\data\lsd\LumpySkinDisease_DataHub\LumpySkinDisease_DataHub\data-processed\lumpy_balanced\lumpy1\Severe2085.png
Severe2086.png,Severe2086.png,Severe,False,256,256,3,RGB,1.0,173514,.png,75a4cdcf0aa89f4f4333ffb072ac9f96f015c6e9a67b62814d6f5afa56a2eb75,90b6c6c4c1d1313a,C:\Users\Ashutosh Verma\OneDrive\Desktop\VET VISION AI\data\lsd\LumpySkinDisease_DataHub\LumpySkinDisease_DataHub\data-processed\lumpy_balanced\lumpy1\Severe2086.png
Severe2087.png,Severe2087.png,Severe,False,256,256,3,RGB,1.0,186607,.png,d2a1f18f3c05c50005dddaccfbd2fc0cdfe93b0e650f4c9272870e020610305d,1913d3cb09093960,C:\Users\Ashutosh Verma\OneDrive\Desktop\VET VISION AI\data\lsd\LumpySkinDisease_DataHub\LumpySkinDisease_DataHub\data-processed\lumpy_balanced\lumpy1\Severe2087.png
Severe2088.png,Severe2088.png,Severe,False,256,256,3,RGB,1.0,184533,.png,88ca04fe128aac9f354b40d7977711ee1c78e19b2299fe81975b91671620c214,2d22b3a363674d0d,C:\Users\Ashutosh Verma\OneDrive\Desktop\VET VISION AI\data\lsd\LumpySkinDisease_DataHub\LumpySkinDisease_DataHub\data-processed\lumpy_balanced\lumpy1\Severe2088.png
Severe2089.png,Severe2089.png,Severe,False,256,256,3,RGB,1.0,180344,.png,a07bb1cbb494eea13aff30ef89bb6cf2289f8cfed4575d9d459ed2d66fee05cd,524298b020212226,C:\Users\Ashutosh Verma\OneDrive\Desktop\VET VISION AI\data\lsd\LumpySkinDisease_DataHub\LumpySkinDisease_DataHub\data-processed\lumpy_balanced\lumpy1\Severe2089.png
Severe2090.png,Severe2090.png,Severe,False,256,256,3,RGB,1.0,169771,.png,5f972ae50057523fdc4e763e061b159d46603de6a6161f11c94b375a81a79022,c8e8c0c060108080,C:\Users\Ashutosh Verma\OneDrive\Desktop\VET VISION AI\data\lsd\LumpySkinDisease_DataHub\LumpySkinDisease_DataHub\data-processed\lumpy_balanced\lumpy1\Severe2090.png
Severe2091.png,Severe2091.png,Severe,False,256,256,3,RGB,1.0,175130,.png,0919d184bbbb281a7ef23d5e947b9b9a9920346a710fe72510e34914229bdda4,f2b2649a06226276,C:\Users\Ashutosh Verma\OneDrive\Desktop\VET VISION AI\data\lsd\LumpySkinDisease_DataHub\LumpySkinDisease_DataHub\data-processed\lumpy_balanced\lumpy1\Severe2091.png
