split,filename,relative_path,absolute_path,class,sha256,perceptual_hash,exact_duplicate_group,near_duplicate_group,research_status,exclusion_reason,width,height,channels,color_mode,file_size_bytes
TRAIN,Mild_10.png,Mild_10.png,C:\Users\Ashutosh Verma\OneDrive\Desktop\VET VISION AI\data\lsd\LumpySkinDisease_DataHub\LumpySkinDisease_DataHub\data-processed\lumpy_unbalanced\lumpy\Mild_10.png,Mild,339eaae312b4e7492d677ca2e202edf937ee8cbe143cf5385b09704e718b7861,a8390e2225bd8d65,,ND-SAME-0001,USABLE,NONE,256,256,3,RGB,168839
TRAIN,Mild_100.png,Mild_100.png,C:\Users\Ashutosh Verma\OneDrive\Desktop\VET VISION AI\data\lsd\LumpySkinDisease_DataHub\LumpySkinDisease_DataHub\data-processed\lumpy_unbalanced\lumpy\Mild_100.png,Mild,dc6c39f085519d7121bbbf0f20c25a4b7342d1a060e4443c7cb3ea47038586bc,e7c4d4c5ade7c4cd,,ND-SAME-0002,USABLE,NONE,256,256,3,RGB,153967
TRAIN,Mild_103.png,Mild_103.png,C:\Users\Ashutosh Verma\OneDrive\Desktop\VET VISION AI\data\lsd\LumpySkinDisease_DataHub\LumpySkinDisease_DataHub\data-processed\lumpy_unbalanced\lumpy\Mild_103.png,Mild,cc58f06945878c7c2594865540c9368f8111c6c39abff86314e741cf60726645,a783bcaccfdf7b5f,,,USABLE,NONE,256,256,3,RGB,173376
TRAIN,Mild_104.png,Mild_104.png,C:\Users\Ashutosh Verma\OneDrive\Desktop\VET VISION AI\data\lsd\LumpySkinDisease_DataHub\LumpySkinDisease_DataHub\data-processed\lumpy_unbalanced\lumpy\Mild_104.png,Mild,9f7757c40947a33bc5779239e2ff7e16154b44793b6d28edb655e3078a0411fb,8eaf71196fef3e48,,,USABLE,NONE,256,256,3,RGB,154061
TRAIN,Mild_105.png,Mild_105.png,C:\Users\Ashutosh Verma\OneDrive\Desktop\VET VISION AI\data\lsd\LumpySkinDisease_DataHub\LumpySkinDisease_DataHub\data-processed\lumpy_unbalanced\lumpy\Mild_105.png,Mild,9be00d3ae2756860154e78f1dd911577513aa2433df5160d8b9ea88c41aa55ad,33d1e1d1d088cc48,,ND-SAME-0004,USABLE,NONE,256,256,3,RGB,152764
TRAIN,Mild_108.png,Mild_108.png,C:\Users\Ashutosh Verma\OneDrive\Desktop\VET VISION AI\data\lsd\LumpySkinDisease_DataHub\LumpySkinDisease_DataHub\data-processed\lumpy_unbalanced\lumpy\Mild_108.png,Mild,6fe05a5f57d6a79a789a316b20462eaa561010575c179518445edda2d634c681,eaa96ed6dee46b0b,,,USABLE,NONE,256,256,3,RGB,160301
TRAIN,Mild_109.png,Mild_109.png,C:\Users\Ashutosh Verma\OneDrive\Desktop\VET VISION AI\data\lsd\LumpySkinDisease_DataHub\LumpySkinDisease_DataHub\data-processed\lumpy_unbalanced\lumpy\Mild_109.png,Mild,bb7fba3b16c0cbe552e2f1bc6324fcbe1395785977c39e33c35525e4e644fe4c,211bd93983e92b28,,,USABLE,NONE,256,256,3,RGB,173228
TRAIN,Mild_110.png,Mild_110.png,C:\Users\Ashutosh Verma\OneDrive\Desktop\VET VISION AI\data\lsd\LumpySkinDisease_DataHub\LumpySkinDisease_DataHub\data-processed\lumpy_unbalanced\lumpy\Mild_110.png,Mild,5b4007b9a66da11ac2d8ec2c7679054b06788213570cbb50c369bdf73fdba75f,343c30302021232e,,,USABLE,NONE,256,256,3,RGB,161118
TRAIN,Mild_111.png,Mild_111.png,C:\Users\Ashutosh Verma\OneDrive\Desktop\VET VISION AI\data\lsd\LumpySkinDisease_DataHub\LumpySkinDisease_DataHub\data-processed\lumpy_unbalanced\lumpy\Mild_111.png,Mild,c9e951b223ac6e6168a41d19822a352fba7748a95cad8df1cd5f9338d0f3fd61,8ec6636a8d9bc9c9,,,USABLE,NONE,256,256,3,RGB,148024
TRAIN,Mild_112.png,Mild_112.png,C:\Users\Ashutosh Verma\OneDrive\Desktop\VET VISION AI\data\lsd\LumpySkinDisease_DataHub\LumpySkinDisease_DataHub\data-processed\lumpy_unbalanced\lumpy\Mild_112.png,Mild,9d8b06ef02fd604d67ffd3abfceeb23ba644d3d2ba1518577ed9be20e866a260,561022484946c7c3,,,USABLE,NONE,256,256,3,RGB,70025
TRAIN,Mild_114.png,Mild_114.png,C:\Users\Ashutosh Verma\OneDrive\Desktop\VET VISION AI\data\lsd\LumpySkinDisease_DataHub\LumpySkinDisease_DataHub\data-processed\lumpy_unbalanced\lumpy\Mild_114.png,Mild,8deb2fbcc1f53b62c89c6c144ff95f4063ea08dda4ddc690dcb818ca05e87d09,8dc6e06b4fcd6340,,,USABLE,NONE,256,256,3,RGB,139366
TRAIN,Mild_115.png,Mild_115.png,C:\Users\Ashutosh Verma\OneDrive\Desktop\VET VISION AI\data\lsd\LumpySkinDisease_DataHub\LumpySkinDisease_DataHub\data-processed\lumpy_unbalanced\lumpy\Mild_115.png,Mild,5e7f7a97890fb39f597c3fe57920006e44bbded6e63c04d569756084cfa06512,8ec6f0627863633c,,,USABLE,NONE,256,256,3,RGB,144006
TRAIN,Mild_116.png,Mild_116.png,C:\Users\Ashutosh Verma\OneDrive\Desktop\VET VISION AI\data\lsd\LumpySkinDisease_DataHub\LumpySkinDisease_DataHub\data-processed\lumpy_unbalanced\lumpy\Mild_116.png,Mild,3f8a67735a2590229a6f6f8b8696658de09ebf472b0b6ffde65e531d7eeeaee3,62664c48d3ecd8d5,,,USABLE,NONE,256,256,3,RGB,173823
TRAIN,Mild_118.png,Mild_118.png,C:\Users\Ashutosh Verma\OneDrive\Desktop\VET VISION AI\data\lsd\LumpySkinDisease_DataHub\LumpySkinDisease_DataHub\data-processed\lumpy_unbalanced\lumpy\Mild_118.png,Mild,d32848a08e9f1e5cc5011931c361792f895113a99293eb4dc525f993d9a6b93f,9c163676f11132f4,,,USABLE,NONE,256,256,3,RGB,144582
TRAIN,Mild_119.png,Mild_119.png,C:\Users\Ashutosh Verma\OneDrive\Desktop\VET VISION AI\data\lsd\LumpySkinDisease_DataHub\LumpySkinDisease_DataHub\data-processed\lumpy_unbalanced\lumpy\Mild_119.png,Mild,c8811f334fb50dd9cc366513c55a17e3b5ae87555d9fd2f6283ef812230c645a,9d4448482f0d4958,,,USABLE,NONE,256,256,3,RGB,178909
TRAIN,Mild_120.png,Mild_120.png,C:\Users\Ashutosh Verma\OneDrive\Desktop\VET VISION AI\data\lsd\LumpySkinDisease_DataHub\LumpySkinDisease_DataHub\data-processed\lumpy_unbalanced\lumpy\Mild_120.png,Mild,e80e3ea622a2d9e3a6e284d373ba180ef7e8e7a178c420de22369702e478e388,49534f170b4b1363,,,USABLE,NONE,256,256,3,RGB,137388
TRAIN,Mild_121.png,Mild_121.png,C:\Users\Ashutosh Verma\OneDrive\Desktop\VET VISION AI\data\lsd\LumpySkinDisease_DataHub\LumpySkinDisease_DataHub\data-processed\lumpy_unbalanced\lumpy\Mild_121.png,Mild,9d700c071a65e69e6a2e5b3103dfd659f317c05f10a8f88f9f34049b961ac0fe,cbd72636ba1c4e62,,,USABLE,NONE,256,256,3,RGB,169951
TRAIN,Mild_122.png,Mild_122.png,C:\Users\Ashutosh Verma\OneDrive\Desktop\VET VISION AI\data\lsd\LumpySkinDisease_DataHub\LumpySkinDisease_DataHub\data-processed\lumpy_unbalanced\lumpy\Mild_122.png,Mild,f92efe30fe43b3c31037b53f642e3b3d4ec954ebb12daf8c1491025eb374980e,78ab9389ba7173ba,,ND-SAME-0006,USABLE,NONE,256,256,3,RGB,189884
TRAIN,Mild_123.png,Mild_123.png,C:\Users\Ashutosh Verma\OneDrive\Desktop\VET VISION AI\data\lsd\LumpySkinDisease_DataHub\LumpySkinDisease_DataHub\data-processed\lumpy_unbalanced\lumpy\Mild_123.png,Mild,c972fcd1a4939c0092b786ff845fe4ce984e41a2afb261df72a1967ece4551c2,73767dbb3979692d,,ND-SAME-0007,USABLE,NONE,256,256,3,RGB,168637
TRAIN,Mild_124.png,Mild_124.png,C:\Users\Ashutosh Verma\OneDrive\Desktop\VET VISION AI\data\lsd\LumpySkinDisease_DataHub\LumpySkinDisease_DataHub\data-processed\lumpy_unbalanced\lumpy\Mild_124.png,Mild,cff99478a8aca7e771c84ce5d9bc89d87a87c65477964072f74ad44236ab06bb,3d73333366e66727,,,USABLE,NONE,256,256,3,RGB,157636
TRAIN,Mild_125.png,Mild_125.png,C:\Users\Ashutosh Verma\OneDrive\Desktop\VET VISION AI\data\lsd\LumpySkinDisease_DataHub\LumpySkinDisease_DataHub\data-processed\lumpy_unbalanced\lumpy\Mild_125.png,Mild,9905a03b249443571c8f2f127a911305de4ae92404239d0e56cb065ce33ee6f4,475d5c7c7c347c14,,,USABLE,NONE,256,256,3,RGB,153127
TRAIN,Mild_126.png,Mild_126.png,C:\Users\Ashutosh Verma\OneDrive\Desktop\VET VISION AI\data\lsd\LumpySkinDisease_DataHub\LumpySkinDisease_DataHub\data-processed\lumpy_unbalanced\lumpy\Mild_126.png,Mild,55a969b4df2cc5c7ed80c9d645e3d4c03d1727f084fad2ef99a530d78b59ce00,69599f33346767f1,,,USABLE,NONE,256,256,3,RGB,157091
TRAIN,Mild_130.png,Mild_130.png,C:\Users\Ashutosh Verma\OneDrive\Desktop\VET VISION AI\data\lsd\LumpySkinDisease_DataHub\LumpySkinDisease_DataHub\data-processed\lumpy_unbalanced\lumpy\Mild_130.png,Mild,5260662bb2edb960bff1ad664a807b1a541e66f3bd88bd6f04063aed86d8ae38,2f1f3333331b0f0c,,,USABLE,NONE,256,256,3,RGB,97373
TRAIN,Mild_131.png,Mild_131.png,C:\Users\Ashutosh Verma\OneDrive\Desktop\VET VISION AI\data\lsd\LumpySkinDisease_DataHub\LumpySkinDisease_DataHub\data-processed\lumpy_unbalanced\lumpy\Mild_131.png,Mild,12eb3242be60dd57b53ebd4cf30ea1fe2e398cb5ebd8a41d6f741d5400da8eb3,37bcbcec49c99927,,,USABLE,NONE,256,256,3,RGB,153151
TRAIN,Mild_132.png,Mild_132.png,C:\Users\Ashutosh Verma\OneDrive\Desktop\VET VISION AI\data\lsd\LumpySkinDisease_DataHub\LumpySkinDisease_DataHub\data-processed\lumpy_unbalanced\lumpy\Mild_132.png,Mild,2dad5dad95ff9daecf5e748c0d02d066b3a644df5607992e81521a7f561b25dc,b393acac8c9fdbd6,,,USABLE,NONE,256,256,3,RGB,183003
TRAIN,Mild_133.png,Mild_133.png,C:\Users\Ashutosh Verma\OneDrive\Desktop\VET VISION AI\data\lsd\LumpySkinDisease_DataHub\LumpySkinDisease_DataHub\data-processed\lumpy_unbalanced\lumpy\Mild_133.png,Mild,144f3fdb7f438d6deab6c1aebcfdc046fa2566f8483266ba3440f8ea17c5aa3a,f698b8f147269591,,,USABLE,NONE,256,256,3,RGB,160419
TRAIN,Mild_135.png,Mild_135.png,C:\Users\Ashutosh Verma\OneDrive\Desktop\VET VISION AI\data\lsd\LumpySkinDisease_DataHub\LumpySkinDisease_DataHub\data-processed\lumpy_unbalanced\lumpy\Mild_135.png,Mild,9e464f6a1b50d9910252c8459e45c0a643134469c6746db89b13aaca998398e0,7b669419180c84c6,,,USABLE,NONE,256,256,3,RGB,117912
TRAIN,Mild_139.png,Mild_139.png,C:\Users\Ashutosh Verma\OneDrive\Desktop\VET VISION AI\data\lsd\LumpySkinDisease_DataHub\LumpySkinDisease_DataHub\data-processed\lumpy_unbalanced\lumpy\Mild_139.png,Mild,fd0e4092b50135a7403c373d9382cc13fe66182e678fe0d3732608797c3529f2,200282b484848a44,,,USABLE,NONE,256,256,3,RGB,147764
TRAIN,Mild_14.png,Mild_14.png,C:\Users\Ashutosh Verma\OneDrive\Desktop\VET VISION AI\data\lsd\LumpySkinDisease_DataHub\LumpySkinDisease_DataHub\data-processed\lumpy_unbalanced\lumpy\Mild_14.png,Mild,9d59ce37cf92086d0ba4c18da794893e8d5d8759329c8b500861f3b023158743,dc6f73731b41e1d3,,,USABLE,NONE,256,256,3,RGB,132330
TRAIN,Mild_140.png,Mild_140.png,C:\Users\Ashutosh Verma\OneDrive\Desktop\VET VISION AI\data\lsd\LumpySkinDisease_DataHub\LumpySkinDisease_DataHub\data-processed\lumpy_unbalanced\lumpy\Mild_140.png,Mild,7d617cb7db3e03c9bbd5fad7d92688ad36184a59000d4b18d5fed003ce091076,94e472c8c6a6a6c6,,,USABLE,NONE,256,256,3,RGB,163557
TRAIN,Mild_141.png,Mild_141.png,C:\Users\Ashutosh Verma\OneDrive\Desktop\VET VISION AI\data\lsd\LumpySkinDisease_DataHub\LumpySkinDisease_DataHub\data-processed\lumpy_unbalanced\lumpy\Mild_141.png,Mild,e3d9dc3c0ceff5112ecff66d20ee4c8e1482004718e7508226af122ab956aaf1,61f5a6a6ce8f1d5d,,,USABLE,NONE,256,256,3,RGB,179430
TRAIN,Mild_142.png,Mild_142.png,C:\Users\Ashutosh Verma\OneDrive\Desktop\VET VISION AI\data\lsd\LumpySkinDisease_DataHub\LumpySkinDisease_DataHub\data-processed\lumpy_unbalanced\lumpy\Mild_142.png,Mild,81caac13aba9b1fbd060f2bc2d3bbf48b860a1d58d196b63439a054087ae9322,67670125616d6723,,,USABLE,NONE,256,256,3,RGB,153136
TRAIN,Mild_143.png,Mild_143.png,C:\Users\Ashutosh Verma\OneDrive\Desktop\VET VISION AI\data\lsd\LumpySkinDisease_DataHub\LumpySkinDisease_DataHub\data-processed\lumpy_unbalanced\lumpy\Mild_143.png,Mild,7294f3fa90007438871419d2ee6820e9f016ac317de85f3c8654b7dccec1b849,c6bbbb1f9f9a3aeb,,,USABLE,NONE,256,256,3,RGB,140233
TRAIN,Mild_144.png,Mild_144.png,C:\Users\Ashutosh Verma\OneDrive\Desktop\VET VISION AI\data\lsd\LumpySkinDisease_DataHub\LumpySkinDisease_DataHub\data-processed\lumpy_unbalanced\lumpy\Mild_144.png,Mild,1579fdb136aad94c6fd3f3ff437a87bdff17b6a9aca9f5ff15087422bc537861,c088103070929697,,,USABLE,NONE,256,256,3,RGB,128500
TRAIN,Mild_147.png,Mild_147.png,C:\Users\Ashutosh Verma\OneDrive\Desktop\VET VISION AI\data\lsd\LumpySkinDisease_DataHub\LumpySkinDisease_DataHub\data-processed\lumpy_unbalanced\lumpy\Mild_147.png,Mild,0da192010bb778f88a76afa4a6edf65fb32cb0c63121533a6f1718660367099b,a0390e2225bd8d65,,ND-SAME-0001,USABLE,NONE,256,256,3,RGB,163195
TRAIN,Mild_148.png,Mild_148.png,C:\Users\Ashutosh Verma\OneDrive\Desktop\VET VISION AI\data\lsd\LumpySkinDisease_DataHub\LumpySkinDisease_DataHub\data-processed\lumpy_unbalanced\lumpy\Mild_148.png,Mild,394c4f939a3af11905d862271d8d4e41cc5d8bf2a66f3b176c2e83a6b08d2912,8b6be9d0e2e8db6a,,,USABLE,NONE,256,256,3,RGB,183681
TRAIN,Mild_15.png,Mild_15.png,C:\Users\Ashutosh Verma\OneDrive\Desktop\VET VISION AI\data\lsd\LumpySkinDisease_DataHub\LumpySkinDisease_DataHub\data-processed\lumpy_unbalanced\lumpy\Mild_15.png,Mild,b52ccee2649975779ac8eb02ed0b1afb06cb1d69201a15f1f8254e6b6bd0bcdb,fcbad1d0d3b29334,,ND-SAME-0008,USABLE,NONE,256,256,3,RGB,169655
TRAIN,Mild_151.png,Mild_151.png,C:\Users\Ashutosh Verma\OneDrive\Desktop\VET VISION AI\data\lsd\LumpySkinDisease_DataHub\LumpySkinDisease_DataHub\data-processed\lumpy_unbalanced\lumpy\Mild_151.png,Mild,b2650f3eb002cc2fd1dd84222314ef92f8ea539fd5dd426de000b72ac7ec462b,29385a7270716676,,,USABLE,NONE,256,256,3,RGB,176071
TRAIN,Mild_152.png,Mild_152.png,C:\Users\Ashutosh Verma\OneDrive\Desktop\VET VISION AI\data\lsd\LumpySkinDisease_DataHub\LumpySkinDisease_DataHub\data-processed\lumpy_unbalanced\lumpy\Mild_152.png,Mild,07aba97c1c9617dab433f6c4a092e9fdc652894e49a59dc533e9662ebf356109,27b8909c99989898,,,USABLE,NONE,256,256,3,RGB,182199
TRAIN,Mild_155.png,Mild_155.png,C:\Users\Ashutosh Verma\OneDrive\Desktop\VET VISION AI\data\lsd\LumpySkinDisease_DataHub\LumpySkinDisease_DataHub\data-processed\lumpy_unbalanced\lumpy\Mild_155.png,Mild,0faf60cfe585e3ef2738630fca7c4c7cb3c8c47227f6d09fe3e6b4307290d86e,388c8cdab9bace67,,,USABLE,NONE,256,256,3,RGB,176220
TRAIN,Mild_159.png,Mild_159.png,C:\Users\Ashutosh Verma\OneDrive\Desktop\VET VISION AI\data\lsd\LumpySkinDisease_DataHub\LumpySkinDisease_DataHub\data-processed\lumpy_unbalanced\lumpy\Mild_159.png,Mild,5d713b7b8fcb3922916dc80e4852438123d2ed0de702eda070d778cdd42f640d,e4246464cbe6eecc,,,USABLE,NONE,256,256,3,RGB,147282
TRAIN,Mild_160.png,Mild_160.png,C:\Users\Ashutosh Verma\OneDrive\Desktop\VET VISION AI\data\lsd\LumpySkinDisease_DataHub\LumpySkinDisease_DataHub\data-processed\lumpy_unbalanced\lumpy\Mild_160.png,Mild,e46d1657a9f4e391dffdc67522c23f95079ce582515c8fcf2a894c13de612c17,2694c545e571d34d,,,USABLE,NONE,256,256,3,RGB,169523
TRAIN,Mild_162.png,Mild_162.png,C:\Users\Ashutosh Verma\OneDrive\Desktop\VET VISION AI\data\lsd\LumpySkinDisease_DataHub\LumpySkinDisease_DataHub\data-processed\lumpy_unbalanced\lumpy\Mild_162.png,Mild,2d918cf058d98b9dba62d04ba9f0331cca06fc3e0e184537296a5a35a0ca8c2c,daf131333b767272,,,USABLE,NONE,256,256,3,RGB,179093
TRAIN,Mild_163.png,Mild_163.png,C:\Users\Ashutosh Verma\OneDrive\Desktop\VET VISION AI\data\lsd\LumpySkinDisease_DataHub\LumpySkinDisease_DataHub\data-processed\lumpy_unbalanced\lumpy\Mild_163.png,Mild,64b0fd30c5a6cd253ad766cce6ab0ebef2b4b8c35690d274a7269690407522fb,6ba3c96d2d2db195,,,USABLE,NONE,256,256,3,RGB,174279
TRAIN,Mild_165.png,Mild_165.png,C:\Users\Ashutosh Verma\OneDrive\Desktop\VET VISION AI\data\lsd\LumpySkinDisease_DataHub\LumpySkinDisease_DataHub\data-processed\lumpy_unbalanced\lumpy\Mild_165.png,Mild,9ea78fa686643e1a542565419a1a0e4f5a59641b64a237a37cf4a3abaefdc761,3ac6b2b30737b1b1,,,USABLE,NONE,256,256,3,RGB,176664
TRAIN,Mild_166.png,Mild_166.png,C:\Users\Ashutosh Verma\OneDrive\Desktop\VET VISION AI\data\lsd\LumpySkinDisease_DataHub\LumpySkinDisease_DataHub\data-processed\lumpy_unbalanced\lumpy\Mild_166.png,Mild,0afb2a0bfbcf6131d749798b69e8f38448e3257b8211b0a23785af58cabcf943,ba78dbd957169496,,,USABLE,NONE,256,256,3,RGB,132827
TRAIN,Mild_167.png,Mild_167.png,C:\Users\Ashutosh Verma\OneDrive\Desktop\VET VISION AI\data\lsd\LumpySkinDisease_DataHub\LumpySkinDisease_DataHub\data-processed\lumpy_unbalanced\lumpy\Mild_167.png,Mild,a2d2e4b450ddcb3dc33e9cfdd4134a1c04316afba39a010402af150f4cfaa3ed,fbfbecdab3b75b79,,ND-SAME-0013,USABLE,NONE,256,256,3,RGB,183721
TRAIN,Mild_169.png,Mild_169.png,C:\Users\Ashutosh Verma\OneDrive\Desktop\VET VISION AI\data\lsd\LumpySkinDisease_DataHub\LumpySkinDisease_DataHub\data-processed\lumpy_unbalanced\lumpy\Mild_169.png,Mild,1bca77f76501972b82b35ebc40efe6dd2d70ebf15bc65ae10e36d56357f61b51,1b1935757ec2e4c2,,,USABLE,NONE,256,256,3,RGB,184708
TRAIN,Mild_17.png,Mild_17.png,C:\Users\Ashutosh Verma\OneDrive\Desktop\VET VISION AI\data\lsd\LumpySkinDisease_DataHub\LumpySkinDisease_DataHub\data-processed\lumpy_unbalanced\lumpy\Mild_17.png,Mild,55071e2d1ff57a8bf7a13d1734fa59f3ca554c75d73a0d0e41fa09846317840e,78ab9389ba7173ba,,ND-SAME-0006,USABLE,NONE,256,256,3,RGB,188525
TRAIN,Mild_173.png,Mild_173.png,C:\Users\Ashutosh Verma\OneDrive\Desktop\VET VISION AI\data\lsd\LumpySkinDisease_DataHub\LumpySkinDisease_DataHub\data-processed\lumpy_unbalanced\lumpy\Mild_173.png,Mild,9b9da63ee043888488f29e3a9a38d391ce24c8d39496bbea548fabdae68ff5fe,00a48c485a138101,,,USABLE,NONE,256,256,3,RGB,94723
TRAIN,Mild_175.png,Mild_175.png,C:\Users\Ashutosh Verma\OneDrive\Desktop\VET VISION AI\data\lsd\LumpySkinDisease_DataHub\LumpySkinDisease_DataHub\data-processed\lumpy_unbalanced\lumpy\Mild_175.png,Mild,4fece159b4aecb7d43f63b8b25b49a5a2a7b56b3b1d1f1556c946ace62873c81,c4c88a265b83c363,,,USABLE,NONE,256,256,3,RGB,54840
TRAIN,Mild_176.png,Mild_176.png,C:\Users\Ashutosh Verma\OneDrive\Desktop\VET VISION AI\data\lsd\LumpySkinDisease_DataHub\LumpySkinDisease_DataHub\data-processed\lumpy_unbalanced\lumpy\Mild_176.png,Mild,072469e54911d6e020b1a15caa6ff6d2e6d44f28e4fab69d4a6bab9ea1b65aa1,e6e6b786726426b2,,,USABLE,NONE,256,256,3,RGB,159140
TRAIN,Mild_177.png,Mild_177.png,C:\Users\Ashutosh Verma\OneDrive\Desktop\VET VISION AI\data\lsd\LumpySkinDisease_DataHub\LumpySkinDisease_DataHub\data-processed\lumpy_unbalanced\lumpy\Mild_177.png,Mild,9fd08e5a2feb7f8232700a3458a11baaa20b51767c4646867240e6d46038883a,7d3d73db6e4e464c,,,USABLE,NONE,256,256,3,RGB,185945
TRAIN,Mild_178.png,Mild_178.png,C:\Users\Ashutosh Verma\OneDrive\Desktop\VET VISION AI\data\lsd\LumpySkinDisease_DataHub\LumpySkinDisease_DataHub\data-processed\lumpy_unbalanced\lumpy\Mild_178.png,Mild,d39ab7d6adcef13539369b4a277966bde8ea36bff4a3396872a7dd11cb054f14,7643f2591a227363,,ND-SAME-0014,USABLE,NONE,256,256,3,RGB,179867
TRAIN,Mild_179.png,Mild_179.png,C:\Users\Ashutosh Verma\OneDrive\Desktop\VET VISION AI\data\lsd\LumpySkinDisease_DataHub\LumpySkinDisease_DataHub\data-processed\lumpy_unbalanced\lumpy\Mild_179.png,Mild,abb22fd66bf7ae296c0a128498f9d8ed553c5ee360ab2537a0ab9111953cf206,49b92f8b9b8fa92f,,ND-SAME-0015,USABLE,NONE,256,256,3,RGB,184310
TRAIN,Mild_18.png,Mild_18.png,C:\Users\Ashutosh Verma\OneDrive\Desktop\VET VISION AI\data\lsd\LumpySkinDisease_DataHub\LumpySkinDisease_DataHub\data-processed\lumpy_unbalanced\lumpy\Mild_18.png,Mild,f74f770dc711802fcf2cd996553f48135313e3df3f220621cffc4779b103fab8,321ad89393c2474d,,,USABLE,NONE,256,256,3,RGB,167703
TRAIN,Mild_181.png,Mild_181.png,C:\Users\Ashutosh Verma\OneDrive\Desktop\VET VISION AI\data\lsd\LumpySkinDisease_DataHub\LumpySkinDisease_DataHub\data-processed\lumpy_unbalanced\lumpy\Mild_181.png,Mild,b1d9d7548399b13124c4e5980c1c91f9e3e2bb8f6807c565ca6dcfbba7636434,c80c02c08887067d,,,USABLE,NONE,256,256,3,RGB,125097
TRAIN,Mild_182.png,Mild_182.png,C:\Users\Ashutosh Verma\OneDrive\Desktop\VET VISION AI\data\lsd\LumpySkinDisease_DataHub\LumpySkinDisease_DataHub\data-processed\lumpy_unbalanced\lumpy\Mild_182.png,Mild,194e0c7f76612a0bcd7640211dd5a651d14521def6c12095328360549bd78aad,51118db030302133,,,USABLE,NONE,256,256,3,RGB,173028
TRAIN,Mild_183.png,Mild_183.png,C:\Users\Ashutosh Verma\OneDrive\Desktop\VET VISION AI\data\lsd\LumpySkinDisease_DataHub\LumpySkinDisease_DataHub\data-processed\lumpy_unbalanced\lumpy\Mild_183.png,Mild,574ecb8f715de37d3b289c08c7bb612af2cc76b194372f13c85e268e267afb67,1f55d786a4b7b676,,,USABLE,NONE,256,256,3,RGB,161799
TRAIN,Mild_184.png,Mild_184.png,C:\Users\Ashutosh Verma\OneDrive\Desktop\VET VISION AI\data\lsd\LumpySkinDisease_DataHub\LumpySkinDisease_DataHub\data-processed\lumpy_unbalanced\lumpy\Mild_184.png,Mild,dba498397a6818cdf8d1b857d6b6f62f27cf5cb5a5ae9ebbf3f2f4ce9cb9ba0a,b0d61a188eb31b19,,,USABLE,NONE,256,256,3,RGB,178844
TRAIN,Mild_185.png,Mild_185.png,C:\Users\Ashutosh Verma\OneDrive\Desktop\VET VISION AI\data\lsd\LumpySkinDisease_DataHub\LumpySkinDisease_DataHub\data-processed\lumpy_unbalanced\lumpy\Mild_185.png,Mild,c47032bb4a0fec1c62b5d09d0d656e7bacc260cdf1bbddac9ef738c8430de657,41b1a1e109083913,,,USABLE,NONE,256,256,3,RGB,156453
TRAIN,Mild_186.png,Mild_186.png,C:\Users\Ashutosh Verma\OneDrive\Desktop\VET VISION AI\data\lsd\LumpySkinDisease_DataHub\LumpySkinDisease_DataHub\data-processed\lumpy_unbalanced\lumpy\Mild_186.png,Mild,18b53c3b036cf8dd14f703c30a683f0219c2ed8d4782edb2006b453662ebfbba,7a4d8c98cc3c330b,,ND-SAME-0016,USABLE,NONE,256,256,3,RGB,152626
TRAIN,Mild_187.png,Mild_187.png,C:\Users\Ashutosh Verma\OneDrive\Desktop\VET VISION AI\data\lsd\LumpySkinDisease_DataHub\LumpySkinDisease_DataHub\data-processed\lumpy_unbalanced\lumpy\Mild_187.png,Mild,2147476a5a7d5e04584043481cf6320283e54efa8ecc0b3f98e7612220c1a226,e7b3f9d95a9595cd,,,USABLE,NONE,256,256,3,RGB,187188
TRAIN,Mild_188.png,Mild_188.png,C:\Users\Ashutosh Verma\OneDrive\Desktop\VET VISION AI\data\lsd\LumpySkinDisease_DataHub\LumpySkinDisease_DataHub\data-processed\lumpy_unbalanced\lumpy\Mild_188.png,Mild,32168379dfec0fe635d6552b963c6a65526e53f4eae75c9daf2aa0bde876b3e3,dbc9931a68654523,,,USABLE,NONE,256,256,3,RGB,170821
TRAIN,Mild_189.png,Mild_189.png,C:\Users\Ashutosh Verma\OneDrive\Desktop\VET VISION AI\data\lsd\LumpySkinDisease_DataHub\LumpySkinDisease_DataHub\data-processed\lumpy_unbalanced\lumpy\Mild_189.png,Mild,62b5e152a6264cf8ec26805a364a69ffa36d4cf927e8edf27142c48d435409ea,60654d2232e1a663,,,USABLE,NONE,256,256,3,RGB,171769
TRAIN,Mild_19.png,Mild_19.png,C:\Users\Ashutosh Verma\OneDrive\Desktop\VET VISION AI\data\lsd\LumpySkinDisease_DataHub\LumpySkinDisease_DataHub\data-processed\lumpy_unbalanced\lumpy\Mild_19.png,Mild,dc49d11f1a1c54a2fb75b511454a68166f670dbbb484c1de09d945c875d1d362,8bc53f5c33b96726,,ND-SAME-0017,USABLE,NONE,256,256,3,RGB,178378
TRAIN,Mild_190.png,Mild_190.png,C:\Users\Ashutosh Verma\OneDrive\Desktop\VET VISION AI\data\lsd\LumpySkinDisease_DataHub\LumpySkinDisease_DataHub\data-processed\lumpy_unbalanced\lumpy\Mild_190.png,Mild,09de12ef76e41e694019712c9943cd9d9880cc5ec63dc4f05db7b2f93d5f8c41,0c45838c161a3934,,ND-SAME-0018,USABLE,NONE,256,256,3,RGB,174320
TRAIN,Mild_191.png,Mild_191.png,C:\Users\Ashutosh Verma\OneDrive\Desktop\VET VISION AI\data\lsd\LumpySkinDisease_DataHub\LumpySkinDisease_DataHub\data-processed\lumpy_unbalanced\lumpy\Mild_191.png,Mild,57825d227948d1b22b4e974a029375c748d772a4658a9176eec3b41af2cd64b3,a39b09cd2d0dc4e4,,ND-SAME-0019,USABLE,NONE,256,256,3,RGB,184556
TRAIN,Mild_192.png,Mild_192.png,C:\Users\Ashutosh Verma\OneDrive\Desktop\VET VISION AI\data\lsd\LumpySkinDisease_DataHub\LumpySkinDisease_DataHub\data-processed\lumpy_unbalanced\lumpy\Mild_192.png,Mild,836d6d7d4fd341c12b8e14ee36279d0423f90ffb433b07bfa8142adcfd2c939d,07b8b830b86cc8d0,,,USABLE,NONE,256,256,3,RGB,176322
TRAIN,Mild_193.png,Mild_193.png,C:\Users\Ashutosh Verma\OneDrive\Desktop\VET VISION AI\data\lsd\LumpySkinDisease_DataHub\LumpySkinDisease_DataHub\data-processed\lumpy_unbalanced\lumpy\Mild_193.png,Mild,b704bc5328700aed7283b88233213da2d50ceea609c6018d40088605bacb60fa,66d7c3a1a9232338,,,USABLE,NONE,256,256,3,RGB,175053
TRAIN,Mild_195.png,Mild_195.png,C:\Users\Ashutosh Verma\OneDrive\Desktop\VET VISION AI\data\lsd\LumpySkinDisease_DataHub\LumpySkinDisease_DataHub\data-processed\lumpy_unbalanced\lumpy\Mild_195.png,Mild,3a7bb8835b8d0de2a9642a50729aaadf04a31510436cd45c7cc88199d6cb526b,d4d66934b4f4d9f1,,,USABLE,NONE,256,256,3,RGB,178502
TRAIN,Mild_196.png,Mild_196.png,C:\Users\Ashutosh Verma\OneDrive\Desktop\VET VISION AI\data\lsd\LumpySkinDisease_DataHub\LumpySkinDisease_DataHub\data-processed\lumpy_unbalanced\lumpy\Mild_196.png,Mild,0ee58cc17a5d7e899f31c9af113c056e41a03cf4b64b1d20397760a495d67109,1c1b13010a2c0ce4,,,USABLE,NONE,256,256,3,RGB,147372
TRAIN,Mild_197.png,Mild_197.png,C:\Users\Ashutosh Verma\OneDrive\Desktop\VET VISION AI\data\lsd\LumpySkinDisease_DataHub\LumpySkinDisease_DataHub\data-processed\lumpy_unbalanced\lumpy\Mild_197.png,Mild,d82fb9c09f8cfaf8936c5148e41398bf70b94d84748c3714e0e46ddc740c19c3,72b11425e5444d0d,,,USABLE,NONE,256,256,3,RGB,157792
TRAIN,Mild_198.png,Mild_198.png,C:\Users\Ashutosh Verma\OneDrive\Desktop\VET VISION AI\data\lsd\LumpySkinDisease_DataHub\LumpySkinDisease_DataHub\data-processed\lumpy_unbalanced\lumpy\Mild_198.png,Mild,1b94d7cb567ab2d3ec2b295023c2cca29476f35ad3e328ea1f76c789546da074,93643c34b4d4ca4b,,ND-SAME-0020,USABLE,NONE,256,256,3,RGB,173478
TRAIN,Mild_199.png,Mild_199.png,C:\Users\Ashutosh Verma\OneDrive\Desktop\VET VISION AI\data\lsd\LumpySkinDisease_DataHub\LumpySkinDisease_DataHub\data-processed\lumpy_unbalanced\lumpy\Mild_199.png,Mild,70f24f9332c29e19fc2d23332a0f6b95e41cbf6759a97efa99f55247856b28b6,27666c6cf1f8df38,,,USABLE,NONE,256,256,3,RGB,166783
TRAIN,Mild_2.png,Mild_2.png,C:\Users\Ashutosh Verma\OneDrive\Desktop\VET VISION AI\data\lsd\LumpySkinDisease_DataHub\LumpySkinDisease_DataHub\data-processed\lumpy_unbalanced\lumpy\Mild_2.png,Mild,fe880911ff49178fdfd122a775115e60dcf9633d647cbebb49f4666aa9b68861,18d1d8ccce6a5940,,,USABLE,NONE,256,256,3,RGB,174369
TRAIN,Mild_200.png,Mild_200.png,C:\Users\Ashutosh Verma\OneDrive\Desktop\VET VISION AI\data\lsd\LumpySkinDisease_DataHub\LumpySkinDisease_DataHub\data-processed\lumpy_unbalanced\lumpy\Mild_200.png,Mild,32f485f4edb83176d40ffd7a15f6ccfa1f7c37445e8384ae5ff0ca1613fc14fc,fc7972d89ce622e2,,,USABLE,NONE,256,256,3,RGB,126967
TRAIN,Mild_202.png,Mild_202.png,C:\Users\Ashutosh Verma\OneDrive\Desktop\VET VISION AI\data\lsd\LumpySkinDisease_DataHub\LumpySkinDisease_DataHub\data-processed\lumpy_unbalanced\lumpy\Mild_202.png,Mild,a9765b533895a14f8bd8023bdc1a9a28fb92ae146e8e02c4c5574e0faef3d5b1,db91d3f3f1b1e5ef,,,USABLE,NONE,256,256,3,RGB,157036
TRAIN,Mild_205.png,Mild_205.png,C:\Users\Ashutosh Verma\OneDrive\Desktop\VET VISION AI\data\lsd\LumpySkinDisease_DataHub\LumpySkinDisease_DataHub\data-processed\lumpy_unbalanced\lumpy\Mild_205.png,Mild,cbbc1b50185bebeb372ffa542665e13b69d945b4b7e6946f2fad77646469edac,91988891e971594a,,,USABLE,NONE,256,256,3,RGB,128718
TRAIN,Mild_208.png,Mild_208.png,C:\Users\Ashutosh Verma\OneDrive\Desktop\VET VISION AI\data\lsd\LumpySkinDisease_DataHub\LumpySkinDisease_DataHub\data-processed\lumpy_unbalanced\lumpy\Mild_208.png,Mild,ddc28ac1e4a87617b92a93b035cd0b761bd4201bae929af2766947208da2dd06,7643f2591a227363,,ND-SAME-0014,USABLE,NONE,256,256,3,RGB,181640
TRAIN,Mild_21.png,Mild_21.png,C:\Users\Ashutosh Verma\OneDrive\Desktop\VET VISION AI\data\lsd\LumpySkinDisease_DataHub\LumpySkinDisease_DataHub\data-processed\lumpy_unbalanced\lumpy\Mild_21.png,Mild,56f18e8c3242bb1295b4c8225d6c80ae2df1290732b81f1f3fc97a8cad12f75f,1cd0bab6f2de6e61,,,USABLE,NONE,256,256,3,RGB,184161
TRAIN,Mild_210.png,Mild_210.png,C:\Users\Ashutosh Verma\OneDrive\Desktop\VET VISION AI\data\lsd\LumpySkinDisease_DataHub\LumpySkinDisease_DataHub\data-processed\lumpy_unbalanced\lumpy\Mild_210.png,Mild,e7b85b00fb6f9c366ddae82489d10850155ee67adf9547638b8c7bb517b1c0e7,a42d716b96c4e4e1,,ND-SAME-0023,USABLE,NONE,256,256,3,RGB,158718
TRAIN,Mild_211.png,Mild_211.png,C:\Users\Ashutosh Verma\OneDrive\Desktop\VET VISION AI\data\lsd\LumpySkinDisease_DataHub\LumpySkinDisease_DataHub\data-processed\lumpy_unbalanced\lumpy\Mild_211.png,Mild,6934dd861537017483ad59520f90e65a58185ec855b4a81b8835fe61a33b201d,a3b4ada9b2fcf8ee,,ND-SAME-0024,USABLE,NONE,256,256,3,RGB,174018
TRAIN,Mild_212.png,Mild_212.png,C:\Users\Ashutosh Verma\OneDrive\Desktop\VET VISION AI\data\lsd\LumpySkinDisease_DataHub\LumpySkinDisease_DataHub\data-processed\lumpy_unbalanced\lumpy\Mild_212.png,Mild,66c0b20a19fb1d97def0fcac7ce0b15769e9ca5b5bcfca7421cd9cf1daeb2ee5,93643c34b4d4ca4b,,ND-SAME-0020,USABLE,NONE,256,256,3,RGB,176102
TRAIN,Mild_215.png,Mild_215.png,C:\Users\Ashutosh Verma\OneDrive\Desktop\VET VISION AI\data\lsd\LumpySkinDisease_DataHub\LumpySkinDisease_DataHub\data-processed\lumpy_unbalanced\lumpy\Mild_215.png,Mild,9310db8621864a03f0ad66cad27e3bfbabc92fd7bb13b83d442fa8ba6b5ff681,a39b09cd2d0dc4e4,,ND-SAME-0019,USABLE,NONE,256,256,3,RGB,186487
TRAIN,Mild_219.png,Mild_219.png,C:\Users\Ashutosh Verma\OneDrive\Desktop\VET VISION AI\data\lsd\LumpySkinDisease_DataHub\LumpySkinDisease_DataHub\data-processed\lumpy_unbalanced\lumpy\Mild_219.png,Mild,79b48f5c0fe08bedc9162772b29827377ed7f3af80319db392514e7643943925,b7e6a283a2080917,,,USABLE,NONE,256,256,3,RGB,174003
TRAIN,Mild_22.png,Mild_22.png,C:\Users\Ashutosh Verma\OneDrive\Desktop\VET VISION AI\data\lsd\LumpySkinDisease_DataHub\LumpySkinDisease_DataHub\data-processed\lumpy_unbalanced\lumpy\Mild_22.png,Mild,55ca573b49e3984e8305087fb7c8a7628de6e8d30f0e1af2ec87c305ba274020,917126002e4764ac,,,USABLE,NONE,256,256,3,RGB,177400
TRAIN,Mild_220.png,Mild_220.png,C:\Users\Ashutosh Verma\OneDrive\Desktop\VET VISION AI\data\lsd\LumpySkinDisease_DataHub\LumpySkinDisease_DataHub\data-processed\lumpy_unbalanced\lumpy\Mild_220.png,Mild,73bebe3a0ab078944f662fb40c0cf16da2a1735bc8a53faf33756dba25078be6,8c5fcb9171787364,,ND-SAME-0026,USABLE,NONE,256,256,3,RGB,165542
TRAIN,Mild_221.png,Mild_221.png,C:\Users\Ashutosh Verma\OneDrive\Desktop\VET VISION AI\data\lsd\LumpySkinDisease_DataHub\LumpySkinDisease_DataHub\data-processed\lumpy_unbalanced\lumpy\Mild_221.png,Mild,91da1a6525367f8ea5d74d4cb820be182023c86e6e927b0a7eda38d1fc84bf01,3b3a363cf8fca8a8,,,USABLE,NONE,256,256,3,RGB,164737
TRAIN,Mild_222.png,Mild_222.png,C:\Users\Ashutosh Verma\OneDrive\Desktop\VET VISION AI\data\lsd\LumpySkinDisease_DataHub\LumpySkinDisease_DataHub\data-processed\lumpy_unbalanced\lumpy\Mild_222.png,Mild,0f9137f36ed7e11135ddedfa5a05b09115f9d38274f497ba4da65b6dbc643bc7,fbfbecdab3b75b79,,ND-SAME-0013,USABLE,NONE,256,256,3,RGB,183910
TRAIN,Mild_223.png,Mild_223.png,C:\Users\Ashutosh Verma\OneDrive\Desktop\VET VISION AI\data\lsd\LumpySkinDisease_DataHub\LumpySkinDisease_DataHub\data-processed\lumpy_unbalanced\lumpy\Mild_223.png,Mild,2e7a287daacaee3d22634eb73e319626560c3effe36ce0301103fde9c87b8b8b,185c581091b379e3,,,USABLE,NONE,256,256,3,RGB,148459
TRAIN,Mild_224.png,Mild_224.png,C:\Users\Ashutosh Verma\OneDrive\Desktop\VET VISION AI\data\lsd\LumpySkinDisease_DataHub\LumpySkinDisease_DataHub\data-processed\lumpy_unbalanced\lumpy\Mild_224.png,Mild,532f620d2602f11a83bef8db6622f14b8a8ee2d043bb35bcdd602b14ccc6bb0c,7a4d8c98cc3c330b,,ND-SAME-0016,USABLE,NONE,256,256,3,RGB,150701
TRAIN,Mild_226.png,Mild_226.png,C:\Users\Ashutosh Verma\OneDrive\Desktop\VET VISION AI\data\lsd\LumpySkinDisease_DataHub\LumpySkinDisease_DataHub\data-processed\lumpy_unbalanced\lumpy\Mild_226.png,Mild,b83f37be34ad6519ffdd1a32b7cedf801e693977a45097d7c9f747756d686581,c1c1e1e1b3f1f8fc,,,USABLE,NONE,256,256,3,RGB,114371
TRAIN,Mild_227.png,Mild_227.png,C:\Users\Ashutosh Verma\OneDrive\Desktop\VET VISION AI\data\lsd\LumpySkinDisease_DataHub\LumpySkinDisease_DataHub\data-processed\lumpy_unbalanced\lumpy\Mild_227.png,Mild,573aa68ad6183897e813dde894ac954c824bcbea1c264484c6b8f36dbda397af,4dc59733370f4dad,,,USABLE,NONE,256,256,3,RGB,150471
TRAIN,Mild_228.png,Mild_228.png,C:\Users\Ashutosh Verma\OneDrive\Desktop\VET VISION AI\data\lsd\LumpySkinDisease_DataHub\LumpySkinDisease_DataHub\data-processed\lumpy_unbalanced\lumpy\Mild_228.png,Mild,7c2f268d5de93143d98ce84a01865033dc3adeda58fa43b1d40ec1120fbdb22b,e7c4d4c5ade7c4cd,,ND-SAME-0002,USABLE,NONE,256,256,3,RGB,162140
TRAIN,Mild_229.png,Mild_229.png,C:\Users\Ashutosh Verma\OneDrive\Desktop\VET VISION AI\data\lsd\LumpySkinDisease_DataHub\LumpySkinDisease_DataHub\data-processed\lumpy_unbalanced\lumpy\Mild_229.png,Mild,9f751a30a79c81803160e95652a4f84b089c4d18319b9d3e40c3059e70f12aad,199bbaa0e1a8bcac,,,USABLE,NONE,256,256,3,RGB,172174
TRAIN,Mild_23.png,Mild_23.png,C:\Users\Ashutosh Verma\OneDrive\Desktop\VET VISION AI\data\lsd\LumpySkinDisease_DataHub\LumpySkinDisease_DataHub\data-processed\lumpy_unbalanced\lumpy\Mild_23.png,Mild,d4aa47a155afa1e578a9d306b1af614c630d4f756232629dc3d8ed1e9fc9b263,c4c683024899968c,,,USABLE,NONE,256,256,3,RGB,161987
TRAIN,Mild_230.png,Mild_230.png,C:\Users\Ashutosh Verma\OneDrive\Desktop\VET VISION AI\data\lsd\LumpySkinDisease_DataHub\LumpySkinDisease_DataHub\data-processed\lumpy_unbalanced\lumpy\Mild_230.png,Mild,13a09d8c59398a09afc42e5bb531bb6f21f48cebc763d204e765f613e0c8f671,cd1d3d39343c33b3,,,USABLE,NONE,256,256,3,RGB,175279
TRAIN,Mild_231.png,Mild_231.png,C:\Users\Ashutosh Verma\OneDrive\Desktop\VET VISION AI\data\lsd\LumpySkinDisease_DataHub\LumpySkinDisease_DataHub\data-processed\lumpy_unbalanced\lumpy\Mild_231.png,Mild,e3f9135fa97b5cd2bdb01fc234ba02677218b1a54d8f4c9db5f8f3a0cc1b850b,d9ddd9fb870e3f37,,,USABLE,NONE,256,256,3,RGB,168744
TRAIN,Mild_26.png,Mild_26.png,C:\Users\Ashutosh Verma\OneDrive\Desktop\VET VISION AI\data\lsd\LumpySkinDisease_DataHub\LumpySkinDisease_DataHub\data-processed\lumpy_unbalanced\lumpy\Mild_26.png,Mild,fab1bed11f09d63646bd3cb513f72b03c2f21101db70e489df20eef4320dc6ce,233f273b170f2f2f,,,USABLE,NONE,256,256,3,RGB,123999
TRAIN,Mild_28.png,Mild_28.png,C:\Users\Ashutosh Verma\OneDrive\Desktop\VET VISION AI\data\lsd\LumpySkinDisease_DataHub\LumpySkinDisease_DataHub\data-processed\lumpy_unbalanced\lumpy\Mild_28.png,Mild,d2c604fc936914040ca9d78ebb9ce8234907a96d0465804da4f2a5c83774db0f,d06da7ac2c06c442,,,USABLE,NONE,256,256,3,RGB,161110
TRAIN,Mild_29.png,Mild_29.png,C:\Users\Ashutosh Verma\OneDrive\Desktop\VET VISION AI\data\lsd\LumpySkinDisease_DataHub\LumpySkinDisease_DataHub\data-processed\lumpy_unbalanced\lumpy\Mild_29.png,Mild,666dded66324ca17dfb456d589c99cf27f5bf06c192817e989c2ea9a2451da9c,49b92f8b9b8fa927,,ND-SAME-0015,USABLE,NONE,256,256,3,RGB,185243
TRAIN,Mild_31.png,Mild_31.png,C:\Users\Ashutosh Verma\OneDrive\Desktop\VET VISION AI\data\lsd\LumpySkinDisease_DataHub\LumpySkinDisease_DataHub\data-processed\lumpy_unbalanced\lumpy\Mild_31.png,Mild,e2c32f3662221bc66eb1f56cc921ccc6a4870d9ab0f3f6ed74f8108ac65214d8,514951496979596d,,,USABLE,NONE,256,256,3,RGB,129055
TRAIN,Mild_32.png,Mild_32.png,C:\Users\Ashutosh Verma\OneDrive\Desktop\VET VISION AI\data\lsd\LumpySkinDisease_DataHub\LumpySkinDisease_DataHub\data-processed\lumpy_unbalanced\lumpy\Mild_32.png,Mild,79341d21780fef06c9e697442af8183e7a15746174ca21da2e56fae6259e26dd,33d1c1d1d088cc48,,ND-SAME-0004,USABLE,NONE,256,256,3,RGB,151538
TRAIN,Mild_33.png,Mild_33.png,C:\Users\Ashutosh Verma\OneDrive\Desktop\VET VISION AI\data\lsd\LumpySkinDisease_DataHub\LumpySkinDisease_DataHub\data-processed\lumpy_unbalanced\lumpy\Mild_33.png,Mild,36ef7b0033f33554fe0f6b02a6cd27afad21b518643f770142f374d92091c1b3,0c45838c161a3994,,ND-SAME-0018,USABLE,NONE,256,256,3,RGB,182068
TRAIN,Mild_35.png,Mild_35.png,C:\Users\Ashutosh Verma\OneDrive\Desktop\VET VISION AI\data\lsd\LumpySkinDisease_DataHub\LumpySkinDisease_DataHub\data-processed\lumpy_unbalanced\lumpy\Mild_35.png,Mild,6fc7f8f2947fc7b9b3664b044b6673e958b4b044f5ead57edb589db1cc610230,8fb39a9c991f2961,,,USABLE,NONE,256,256,3,RGB,188480
TRAIN,Mild_36.png,Mild_36.png,C:\Users\Ashutosh Verma\OneDrive\Desktop\VET VISION AI\data\lsd\LumpySkinDisease_DataHub\LumpySkinDisease_DataHub\data-processed\lumpy_unbalanced\lumpy\Mild_36.png,Mild,e138f0e624bb1d28cea4950efe7e8d0651b5e77992b0b3d1a23fcdcea9a446ba,83117d6a23160603,,,USABLE,NONE,256,256,3,RGB,153233
TRAIN,Mild_37.png,Mild_37.png,C:\Users\Ashutosh Verma\OneDrive\Desktop\VET VISION AI\data\lsd\LumpySkinDisease_DataHub\LumpySkinDisease_DataHub\data-processed\lumpy_unbalanced\lumpy\Mild_37.png,Mild,c35d8e093c59f151c2e4a30f5bae78546dd9b0ee035c1af514b8d8cee09ce36d,1f8f1b9393db1a5a,,,USABLE,NONE,256,256,3,RGB,143108
TRAIN,Mild_38.png,Mild_38.png,C:\Users\Ashutosh Verma\OneDrive\Desktop\VET VISION AI\data\lsd\LumpySkinDisease_DataHub\LumpySkinDisease_DataHub\data-processed\lumpy_unbalanced\lumpy\Mild_38.png,Mild,6d81f1accbfc9f9588f31bd4bfb9d89867d5148933580f7555f0943789eeb7b1,d8f9fcfefefc5c61,,,USABLE,NONE,256,256,3,RGB,147122
TRAIN,Mild_39.png,Mild_39.png,C:\Users\Ashutosh Verma\OneDrive\Desktop\VET VISION AI\data\lsd\LumpySkinDisease_DataHub\LumpySkinDisease_DataHub\data-processed\lumpy_unbalanced\lumpy\Mild_39.png,Mild,073026ad103f4327f2152d32482d1fc63795f6070e84c1ce58c3cd6abf04964a,84e0e4c0c2a387ce,,,USABLE,NONE,256,256,3,RGB,157074
TRAIN,Mild_4.png,Mild_4.png,C:\Users\Ashutosh Verma\OneDrive\Desktop\VET VISION AI\data\lsd\LumpySkinDisease_DataHub\LumpySkinDisease_DataHub\data-processed\lumpy_unbalanced\lumpy\Mild_4.png,Mild,e39e3db18649e0635e1cb63d19a48ebfb7b2885c9b9aa9deb2138cc2bd212cfb,ecac9ccc95878383,,,USABLE,NONE,256,256,3,RGB,173119
TRAIN,Mild_41.png,Mild_41.png,C:\Users\Ashutosh Verma\OneDrive\Desktop\VET VISION AI\data\lsd\LumpySkinDisease_DataHub\LumpySkinDisease_DataHub\data-processed\lumpy_unbalanced\lumpy\Mild_41.png,Mild,178f0aa284d4c09117ac9e885b55e3239d48513fa0fe0fbb6cf44aa3fda9eedc,ad9b9bfcc8c94806,,,USABLE,NONE,256,256,3,RGB,181579
TRAIN,Mild_42.png,Mild_42.png,C:\Users\Ashutosh Verma\OneDrive\Desktop\VET VISION AI\data\lsd\LumpySkinDisease_DataHub\LumpySkinDisease_DataHub\data-processed\lumpy_unbalanced\lumpy\Mild_42.png,Mild,47ba19e3757d5e0c7add95ebc2058ea144eb8736d4da15972d52fd0b22128124,6c7eda4c4cae6ef9,,,USABLE,NONE,256,256,3,RGB,167481
TRAIN,Mild_43.png,Mild_43.png,C:\Users\Ashutosh Verma\OneDrive\Desktop\VET VISION AI\data\lsd\LumpySkinDisease_DataHub\LumpySkinDisease_DataHub\data-processed\lumpy_unbalanced\lumpy\Mild_43.png,Mild,8e02bdaed044c4bdafe94b1e0d5e9c23f0cb5dd8615dd6e1773a1118256dd846,a3b4ada9b2fcf8ee,,ND-SAME-0024,USABLE,NONE,256,256,3,RGB,175648
TRAIN,Mild_44.png,Mild_44.png,C:\Users\Ashutosh Verma\OneDrive\Desktop\VET VISION AI\data\lsd\LumpySkinDisease_DataHub\LumpySkinDisease_DataHub\data-processed\lumpy_unbalanced\lumpy\Mild_44.png,Mild,89722a8ca405524ba8565604d49c882da5f2da96e7781a47c3da108941bb7f60,b472cc0d20523070,,,USABLE,NONE,256,256,3,RGB,149909
TRAIN,Mild_45.png,Mild_45.png,C:\Users\Ashutosh Verma\OneDrive\Desktop\VET VISION AI\data\lsd\LumpySkinDisease_DataHub\LumpySkinDisease_DataHub\data-processed\lumpy_unbalanced\lumpy\Mild_45.png,Mild,0d5b888521357fbfd39356d74903c62d23450564e730cab255797abc93e0e79a,292bf32719191b5b,,,USABLE,NONE,256,256,3,RGB,152831
TRAIN,Mild_46.png,Mild_46.png,C:\Users\Ashutosh Verma\OneDrive\Desktop\VET VISION AI\data\lsd\LumpySkinDisease_DataHub\LumpySkinDisease_DataHub\data-processed\lumpy_unbalanced\lumpy\Mild_46.png,Mild,553119be63654bfa888848a8dcacebebe4da02165099aa975aeea2402ee03e1e,062713731383a427,,,USABLE,NONE,256,256,3,RGB,31356
TRAIN,Mild_47.png,Mild_47.png,C:\Users\Ashutosh Verma\OneDrive\Desktop\VET VISION AI\data\lsd\LumpySkinDisease_DataHub\LumpySkinDisease_DataHub\data-processed\lumpy_unbalanced\lumpy\Mild_47.png,Mild,08cd64a0fda66632741bc78ba652f2a9728f08ba47c08ef1a2851d309bac697f,6449397153dbc90b,,,USABLE,NONE,256,256,3,RGB,167952
TRAIN,Mild_48.png,Mild_48.png,C:\Users\Ashutosh Verma\OneDrive\Desktop\VET VISION AI\data\lsd\LumpySkinDisease_DataHub\LumpySkinDisease_DataHub\data-processed\lumpy_unbalanced\lumpy\Mild_48.png,Mild,b42ff68a384844115c5e357505065fdc1357b8801c3c1396a7125416b6cbd7e8,5301c8f0978c94d4,,,USABLE,NONE,256,256,3,RGB,159536
TRAIN,Mild_5.png,Mild_5.png,C:\Users\Ashutosh Verma\OneDrive\Desktop\VET VISION AI\data\lsd\LumpySkinDisease_DataHub\LumpySkinDisease_DataHub\data-processed\lumpy_unbalanced\lumpy\Mild_5.png,Mild,3c80801165078d6f86463000fa3e2528f6905bd54efab6f2812cc684903ebdd9,7cdece6ef113d3d2,,,USABLE,NONE,256,256,3,RGB,164793
TRAIN,Mild_52.png,Mild_52.png,C:\Users\Ashutosh Verma\OneDrive\Desktop\VET VISION AI\data\lsd\LumpySkinDisease_DataHub\LumpySkinDisease_DataHub\data-processed\lumpy_unbalanced\lumpy\Mild_52.png,Mild,a0f3c61236ed1617afaf909a402c4810e3f496b8bb092fd6ba53273e903a5cd8,0723273735b3b393,,,USABLE,NONE,256,256,3,RGB,158403
TRAIN,Mild_53.png,Mild_53.png,C:\Users\Ashutosh Verma\OneDrive\Desktop\VET VISION AI\data\lsd\LumpySkinDisease_DataHub\LumpySkinDisease_DataHub\data-processed\lumpy_unbalanced\lumpy\Mild_53.png,Mild,4e3e77b605c54d71c633ffc111e551da569efe669a550b9e69f171819c9d6dfd,cba16161e9291b5b,,,USABLE,NONE,256,256,3,RGB,149489
TRAIN,Mild_54.png,Mild_54.png,C:\Users\Ashutosh Verma\OneDrive\Desktop\VET VISION AI\data\lsd\LumpySkinDisease_DataHub\LumpySkinDisease_DataHub\data-processed\lumpy_unbalanced\lumpy\Mild_54.png,Mild,aebce5fd4208e462f1f9394aa6fc2d04ee240c63b6af63caed63073d30b9bd41,e7c4d0c5ace7c4cd,,ND-SAME-0002,USABLE,NONE,256,256,3,RGB,150485
TRAIN,Mild_57.png,Mild_57.png,C:\Users\Ashutosh Verma\OneDrive\Desktop\VET VISION AI\data\lsd\LumpySkinDisease_DataHub\LumpySkinDisease_DataHub\data-processed\lumpy_unbalanced\lumpy\Mild_57.png,Mild,ed82a8cdf0a33d2c1d58cf1107ac0c3c191225c8cd9e047f7c859ad0950c5f92,8bc73f5c33b96726,,ND-SAME-0017,USABLE,NONE,256,256,3,RGB,178725
TRAIN,Mild_6.png,Mild_6.png,C:\Users\Ashutosh Verma\OneDrive\Desktop\VET VISION AI\data\lsd\LumpySkinDisease_DataHub\LumpySkinDisease_DataHub\data-processed\lumpy_unbalanced\lumpy\Mild_6.png,Mild,4e2daa8b717a0568d2693a761f99bb88ddb4d184ac987dabcbce1be4aaa0c287,c9e99811211197bf,,ND-SAME-0030,USABLE,NONE,256,256,3,RGB,171722
TRAIN,Mild_60.png,Mild_60.png,C:\Users\Ashutosh Verma\OneDrive\Desktop\VET VISION AI\data\lsd\LumpySkinDisease_DataHub\LumpySkinDisease_DataHub\data-processed\lumpy_unbalanced\lumpy\Mild_60.png,Mild,d2a16fa6e0bcbd323dbb58c2dbb2dbaf6cc0903d35b19b80793f58ac04b2befb,34cce0c0f0b29595,,,USABLE,NONE,256,256,3,RGB,167740
TRAIN,Mild_61.png,Mild_61.png,C:\Users\Ashutosh Verma\OneDrive\Desktop\VET VISION AI\data\lsd\LumpySkinDisease_DataHub\LumpySkinDisease_DataHub\data-processed\lumpy_unbalanced\lumpy\Mild_61.png,Mild,5269dc2ecebb730c44ed44601a5dad25f8d5b0b6c4ba7295b99382e4f8995066,ce4f5f5ef4731319,,,USABLE,NONE,256,256,3,RGB,162577
TRAIN,Mild_62.png,Mild_62.png,C:\Users\Ashutosh Verma\OneDrive\Desktop\VET VISION AI\data\lsd\LumpySkinDisease_DataHub\LumpySkinDisease_DataHub\data-processed\lumpy_unbalanced\lumpy\Mild_62.png,Mild,e0b73ff8fc4d46446f86a5d8fed490a9fea3f8dc6fc7f6be927df79ebd4f5004,e3cadb0914d1910b,,,USABLE,NONE,256,256,3,RGB,189656
TRAIN,Mild_63.png,Mild_63.png,C:\Users\Ashutosh Verma\OneDrive\Desktop\VET VISION AI\data\lsd\LumpySkinDisease_DataHub\LumpySkinDisease_DataHub\data-processed\lumpy_unbalanced\lumpy\Mild_63.png,Mild,187166ff5aa8ce7537f39c8d736cf3b16774437d95ec5d95bc3be48b55825b7c,d8de4b5bc666f8de,,,USABLE,NONE,256,256,3,RGB,176607
TRAIN,Mild_65.png,Mild_65.png,C:\Users\Ashutosh Verma\OneDrive\Desktop\VET VISION AI\data\lsd\LumpySkinDisease_DataHub\LumpySkinDisease_DataHub\data-processed\lumpy_unbalanced\lumpy\Mild_65.png,Mild,78d57e33e6ec90cb2b8f833342ed0495286ee1c3872af86b60e935a81dc78720,d6d8c98bb531b2b4,,,USABLE,NONE,256,256,3,RGB,183036
TRAIN,Mild_66.png,Mild_66.png,C:\Users\Ashutosh Verma\OneDrive\Desktop\VET VISION AI\data\lsd\LumpySkinDisease_DataHub\LumpySkinDisease_DataHub\data-processed\lumpy_unbalanced\lumpy\Mild_66.png,Mild,41d626227853ca8220700b324d23a47b37c082950ed8c9de9bc7604ef1e91680,a6a53132c985b6b5,,,USABLE,NONE,256,256,3,RGB,176057
TRAIN,Mild_68.png,Mild_68.png,C:\Users\Ashutosh Verma\OneDrive\Desktop\VET VISION AI\data\lsd\LumpySkinDisease_DataHub\LumpySkinDisease_DataHub\data-processed\lumpy_unbalanced\lumpy\Mild_68.png,Mild,2ccb0918029fcf72a51728f8ea49aaaef589bd01258a9f8ed78ac7bcebcbfc92,a42d716b96c4e4e0,,ND-SAME-0023,USABLE,NONE,256,256,3,RGB,158172
TRAIN,Mild_69.png,Mild_69.png,C:\Users\Ashutosh Verma\OneDrive\Desktop\VET VISION AI\data\lsd\LumpySkinDisease_DataHub\LumpySkinDisease_DataHub\data-processed\lumpy_unbalanced\lumpy\Mild_69.png,Mild,26e77840fe4b5da17abff1b8012a0b3e0a46b8d6eedbdbcee41885f82b656098,faebc3939312061a,,,USABLE,NONE,256,256,3,RGB,168675
TRAIN,Mild_7.png,Mild_7.png,C:\Users\Ashutosh Verma\OneDrive\Desktop\VET VISION AI\data\lsd\LumpySkinDisease_DataHub\LumpySkinDisease_DataHub\data-processed\lumpy_unbalanced\lumpy\Mild_7.png,Mild,11c95e9b80e1ba345a4169ccd5e7ece8a3ffd2a6363a06d925e374cd27152d61,73767dbb3979692d,,ND-SAME-0007,USABLE,NONE,256,256,3,RGB,168198
TRAIN,Mild_70.png,Mild_70.png,C:\Users\Ashutosh Verma\OneDrive\Desktop\VET VISION AI\data\lsd\LumpySkinDisease_DataHub\LumpySkinDisease_DataHub\data-processed\lumpy_unbalanced\lumpy\Mild_70.png,Mild,1a7de638f42c260f0e1ca6a8b8f93b9d2ce4b6da09af95234461998463ca36a0,3331f474743690d0,,,USABLE,NONE,256,256,3,RGB,175265
TRAIN,Mild_72.png,Mild_72.png,C:\Users\Ashutosh Verma\OneDrive\Desktop\VET VISION AI\data\lsd\LumpySkinDisease_DataHub\LumpySkinDisease_DataHub\data-processed\lumpy_unbalanced\lumpy\Mild_72.png,Mild,ddf40ac8e7fb65f7b9d4be0941ca27ed83662a06ebde3494deb410dc5ec04971,8bc5d38396b32222,,,USABLE,NONE,256,256,3,RGB,172607
TRAIN,Mild_74.png,Mild_74.png,C:\Users\Ashutosh Verma\OneDrive\Desktop\VET VISION AI\data\lsd\LumpySkinDisease_DataHub\LumpySkinDisease_DataHub\data-processed\lumpy_unbalanced\lumpy\Mild_74.png,Mild,18eed3b187c03abc3a64b05061b4559538f81dce6e00b791610a48275468f468,3424283b5f5d5dcd,,,USABLE,NONE,256,256,3,RGB,144458
TRAIN,Mild_75.png,Mild_75.png,C:\Users\Ashutosh Verma\OneDrive\Desktop\VET VISION AI\data\lsd\LumpySkinDisease_DataHub\LumpySkinDisease_DataHub\data-processed\lumpy_unbalanced\lumpy\Mild_75.png,Mild,edab7f79b9c20991806949445af884574255c1d3cc59bc59283cb0d9f4332de8,38bb6323954d0bda,,,USABLE,NONE,256,256,3,RGB,179975
TRAIN,Mild_76.png,Mild_76.png,C:\Users\Ashutosh Verma\OneDrive\Desktop\VET VISION AI\data\lsd\LumpySkinDisease_DataHub\LumpySkinDisease_DataHub\data-processed\lumpy_unbalanced\lumpy\Mild_76.png,Mild,1fb032f17b9450e2c7d342431577d490d9f19af0a69015c9d8138b793ddafbce,8c5fcb91717873e4,,ND-SAME-0026,USABLE,NONE,256,256,3,RGB,146646
TRAIN,Mild_81.png,Mild_81.png,C:\Users\Ashutosh Verma\OneDrive\Desktop\VET VISION AI\data\lsd\LumpySkinDisease_DataHub\LumpySkinDisease_DataHub\data-processed\lumpy_unbalanced\lumpy\Mild_81.png,Mild,4bee46c57474e307cc03de2d8bd2c7f88b233db6248b77e9887a8f90e18aa005,5a2430262626879b,,,USABLE,NONE,256,256,3,RGB,183054
TRAIN,Mild_82.png,Mild_82.png,C:\Users\Ashutosh Verma\OneDrive\Desktop\VET VISION AI\data\lsd\LumpySkinDisease_DataHub\LumpySkinDisease_DataHub\data-processed\lumpy_unbalanced\lumpy\Mild_82.png,Mild,1694eb140542c6358d4244b27d58b01fc92cfe834ff1f0c1740c785a3f2a47ad,f2687c6849494327,,,USABLE,NONE,256,256,3,RGB,184805
TRAIN,Mild_84.png,Mild_84.png,C:\Users\Ashutosh Verma\OneDrive\Desktop\VET VISION AI\data\lsd\LumpySkinDisease_DataHub\LumpySkinDisease_DataHub\data-processed\lumpy_unbalanced\lumpy\Mild_84.png,Mild,42fe482a113ff7399631119d9df4ea1a4a51d575f612c44753167b8e19a0a855,fcbad1d0d3b29334,,ND-SAME-0008,USABLE,NONE,256,256,3,RGB,160962
TRAIN,Mild_85.png,Mild_85.png,C:\Users\Ashutosh Verma\OneDrive\Desktop\VET VISION AI\data\lsd\LumpySkinDisease_DataHub\LumpySkinDisease_DataHub\data-processed\lumpy_unbalanced\lumpy\Mild_85.png,Mild,5d9fcf9ac898ca09231f5b5e21a4a54a239957183fd5eeaf1f49a9c2e4605780,594c5c5c5c797349,,,USABLE,NONE,256,256,3,RGB,162045
TRAIN,Mild_86.png,Mild_86.png,C:\Users\Ashutosh Verma\OneDrive\Desktop\VET VISION AI\data\lsd\LumpySkinDisease_DataHub\LumpySkinDisease_DataHub\data-processed\lumpy_unbalanced\lumpy\Mild_86.png,Mild,ab9fa953b9b6380c4b4c96125410933783681e08085bc1b915c83fa9e4665fdc,096a65f26f792236,,,USABLE,NONE,256,256,3,RGB,138369
TRAIN,Mild_87.png,Mild_87.png,C:\Users\Ashutosh Verma\OneDrive\Desktop\VET VISION AI\data\lsd\LumpySkinDisease_DataHub\LumpySkinDisease_DataHub\data-processed\lumpy_unbalanced\lumpy\Mild_87.png,Mild,6d7dee6eba2cf90519e0e84cf2e7efe2432920871ff0e9ea903f503830932281,09c6ace8be6e76f2,,,USABLE,NONE,256,256,3,RGB,171741
TRAIN,Mild_88.png,Mild_88.png,C:\Users\Ashutosh Verma\OneDrive\Desktop\VET VISION AI\data\lsd\LumpySkinDisease_DataHub\LumpySkinDisease_DataHub\data-processed\lumpy_unbalanced\lumpy\Mild_88.png,Mild,0084e85e308cceb7bb39f7f5db4c6a202fa397bda745718b9eee9301696c0d3d,d27d7c6c6ff8d634,,,USABLE,NONE,256,256,3,RGB,179525
TRAIN,Mild_9.png,Mild_9.png,C:\Users\Ashutosh Verma\OneDrive\Desktop\VET VISION AI\data\lsd\LumpySkinDisease_DataHub\LumpySkinDisease_DataHub\data-processed\lumpy_unbalanced\lumpy\Mild_9.png,Mild,f43fc5c5b7bb167effa2285ceae8d21e65d321a67922e8243bcd06764953be93,925adebe7e531b89,,,USABLE,NONE,256,256,4,RGBA,173500
TRAIN,Mild_90.png,Mild_90.png,C:\Users\Ashutosh Verma\OneDrive\Desktop\VET VISION AI\data\lsd\LumpySkinDisease_DataHub\LumpySkinDisease_DataHub\data-processed\lumpy_unbalanced\lumpy\Mild_90.png,Mild,8d401798d7bca787a59c9a0157d3f3009b223d2f8a6dcda2b227db8219d83e82,dc3812060c988581,,,USABLE,NONE,256,256,3,RGB,150808
TRAIN,Mild_91.png,Mild_91.png,C:\Users\Ashutosh Verma\OneDrive\Desktop\VET VISION AI\data\lsd\LumpySkinDisease_DataHub\LumpySkinDisease_DataHub\data-processed\lumpy_unbalanced\lumpy\Mild_91.png,Mild,5915dcd9b061329f08c5316e18ee4f1a0cfd92eb81cef040987eee53d98c6031,f1b0e6c4c1f13096,,,USABLE,NONE,256,256,3,RGB,149590
TRAIN,Mild_93.png,Mild_93.png,C:\Users\Ashutosh Verma\OneDrive\Desktop\VET VISION AI\data\lsd\LumpySkinDisease_DataHub\LumpySkinDisease_DataHub\data-processed\lumpy_unbalanced\lumpy\Mild_93.png,Mild,9adc6391b877ad0d74f56ef94eac97ff17a269e0539cfe5a1ceb2921e93ff06a,6e6c7d786c6672c4,,,USABLE,NONE,256,256,3,RGB,170708
TRAIN,Mild_96.png,Mild_96.png,C:\Users\Ashutosh Verma\OneDrive\Desktop\VET VISION AI\data\lsd\LumpySkinDisease_DataHub\LumpySkinDisease_DataHub\data-processed\lumpy_unbalanced\lumpy\Mild_96.png,Mild,eb508b7151e16a37172ca152651f706a433c603001a4482ccd5edfcfdb678e72,c9c91811211397bf,,ND-SAME-0030,USABLE,NONE,256,256,3,RGB,170430
TRAIN,Mild_98.png,Mild_98.png,C:\Users\Ashutosh Verma\OneDrive\Desktop\VET VISION AI\data\lsd\LumpySkinDisease_DataHub\LumpySkinDisease_DataHub\data-processed\lumpy_unbalanced\lumpy\Mild_98.png,Mild,90a8434eb6e65ccaaddd0ba7cbf9eba21f25ec902b7a77713a57372646b7d833,712606002a66cd75,,,USABLE,NONE,256,256,3,RGB,175707
TRAIN,Mild_99.png,Mild_99.png,C:\Users\Ashutosh Verma\OneDrive\Desktop\VET VISION AI\data\lsd\LumpySkinDisease_DataHub\LumpySkinDisease_DataHub\data-processed\lumpy_unbalanced\lumpy\Mild_99.png,Mild,55a03a6c9ae09bac201e674fdbe97f8d8104d271c3e7941f461e221dc1475cb8,3456d0f0f0d1745c,,,USABLE,NONE,256,256,3,RGB,148217
TRAIN,Normal_Skin.png,Normal_Skin.png,C:\Users\Ashutosh Verma\OneDrive\Desktop\VET VISION AI\data\lsd\LumpySkinDisease_DataHub\LumpySkinDisease_DataHub\data-processed\lumpy_unbalanced\lumpy\Normal_Skin.png,Normal,57164b357ba006d059efc418031242ae1ed73c3e133ace4102350d846d47e4cf,3ac16136365e5f1e,,,USABLE,NONE,256,256,3,RGB,170011
TRAIN,Normal_Skin_100.png,Normal_Skin_100.png,C:\Users\Ashutosh Verma\OneDrive\Desktop\VET VISION AI\data\lsd\LumpySkinDisease_DataHub\LumpySkinDisease_DataHub\data-processed\lumpy_unbalanced\lumpy\Normal_Skin_100.png,Normal,8493d9b198d65eb8ac6086e872d51efb77f9cb5f0863fce5c0eb3be7b1562ca9,64dad2d0986468f0,,ND-SAME-0033,USABLE,NONE,256,256,3,RGB,164601
TRAIN,Normal_Skin_106.png,Normal_Skin_106.png,C:\Users\Ashutosh Verma\OneDrive\Desktop\VET VISION AI\data\lsd\LumpySkinDisease_DataHub\LumpySkinDisease_DataHub\data-processed\lumpy_unbalanced\lumpy\Normal_Skin_106.png,Normal,6f85d9003f3480f00be3afd4972845cdfd8ec06afe6f74bc1360037cf8e98380,d22d259a08985852,,,USABLE,NONE,256,256,3,RGB,131258
TRAIN,Normal_Skin_107.png,Normal_Skin_107.png,C:\Users\Ashutosh Verma\OneDrive\Desktop\VET VISION AI\data\lsd\LumpySkinDisease_DataHub\LumpySkinDisease_DataHub\data-processed\lumpy_unbalanced\lumpy\Normal_Skin_107.png,Normal,3821b89242784f1f4a527572da479a4d4cdc3ebb6ec79d37e861605470207871,d9b9f9bc7c7c64e4,,,USABLE,NONE,256,256,3,RGB,146041
TRAIN,Normal_Skin_108.png,Normal_Skin_108.png,C:\Users\Ashutosh Verma\OneDrive\Desktop\VET VISION AI\data\lsd\LumpySkinDisease_DataHub\LumpySkinDisease_DataHub\data-processed\lumpy_unbalanced\lumpy\Normal_Skin_108.png,Normal,5ba1ce6703ca16fa545df33e9c5c1d10b95ce17d5016f7792018843e997b1044,6b669787425818ae,,,USABLE,NONE,256,256,3,RGB,166321
TRAIN,Normal_Skin_109.png,Normal_Skin_109.png,C:\Users\Ashutosh Verma\OneDrive\Desktop\VET VISION AI\data\lsd\LumpySkinDisease_DataHub\LumpySkinDisease_DataHub\data-processed\lumpy_unbalanced\lumpy\Normal_Skin_109.png,Normal,6eb5fb2f75756cf1c1d01809db69996158cb623da04d8099b6701a070c8d0f99,0320030165656087,,,USABLE,NONE,256,256,3,RGB,13810
TRAIN,Normal_Skin_11.png,Normal_Skin_11.png,C:\Users\Ashutosh Verma\OneDrive\Desktop\VET VISION AI\data\lsd\LumpySkinDisease_DataHub\LumpySkinDisease_DataHub\data-processed\lumpy_unbalanced\lumpy\Normal_Skin_11.png,Normal,f99d9a5e8aab23b152b97807567356d02a27169dfb4980e714f7f828b60b972f,c0583b1313929b9b,,,USABLE,NONE,256,256,4,RGBA,27623
TRAIN,Normal_Skin_112.png,Normal_Skin_112.png,C:\Users\Ashutosh Verma\OneDrive\Desktop\VET VISION AI\data\lsd\LumpySkinDisease_DataHub\LumpySkinDisease_DataHub\data-processed\lumpy_unbalanced\lumpy\Normal_Skin_112.png,Normal,9493a407fd6234625a944cc23468a2c97353eaee19ce15cf764065dfeeae1cc6,c188989819989006,,,USABLE,NONE,256,256,3,RGB,183388
TRAIN,Normal_Skin_113.png,Normal_Skin_113.png,C:\Users\Ashutosh Verma\OneDrive\Desktop\VET VISION AI\data\lsd\LumpySkinDisease_DataHub\LumpySkinDisease_DataHub\data-processed\lumpy_unbalanced\lumpy\Normal_Skin_113.png,Normal,e13921982872bff3273769996d6f1c5616384e8db9047041e0f1a1cc03731507,382412134b5b1b1a,,,USABLE,NONE,256,256,3,RGB,171989
TRAIN,Normal_Skin_114.png,Normal_Skin_114.png,C:\Users\Ashutosh Verma\OneDrive\Desktop\VET VISION AI\data\lsd\LumpySkinDisease_DataHub\LumpySkinDisease_DataHub\data-processed\lumpy_unbalanced\lumpy\Normal_Skin_114.png,Normal,a245d3f0148648ec8b187617cea7aaae362d03cb1a10040eeb4ba60a20ce8949,e864c2c9e3e3d9f9,,ND-SAME-0036,USABLE,NONE,256,256,3,RGB,175739
TRAIN,Normal_Skin_117.png,Normal_Skin_117.png,C:\Users\Ashutosh Verma\OneDrive\Desktop\VET VISION AI\data\lsd\LumpySkinDisease_DataHub\LumpySkinDisease_DataHub\data-processed\lumpy_unbalanced\lumpy\Normal_Skin_117.png,Normal,11f1d3116c73e40b65fdd4d88b6bc6de351a458a573b3b8bbd3a57aaa4e2813f,8919333727c5e544,,,USABLE,NONE,256,256,3,RGB,91865
TRAIN,Normal_Skin_118.png,Normal_Skin_118.png,C:\Users\Ashutosh Verma\OneDrive\Desktop\VET VISION AI\data\lsd\LumpySkinDisease_DataHub\LumpySkinDisease_DataHub\data-processed\lumpy_unbalanced\lumpy\Normal_Skin_118.png,Normal,219fac514fe02c3faea88b366f6ca0d761d5700f273df40ac49bdd7835a4ac78,66391932735afc37,,ND-SAME-0037,USABLE,NONE,256,256,3,RGB,172163
TRAIN,Normal_Skin_12.png,Normal_Skin_12.png,C:\Users\Ashutosh Verma\OneDrive\Desktop\VET VISION AI\data\lsd\LumpySkinDisease_DataHub\LumpySkinDisease_DataHub\data-processed\lumpy_unbalanced\lumpy\Normal_Skin_12.png,Normal,ca4782b88ef7f509813518a23d1219eec591591cf841e5835dd46776d0914442,623179474f494b8b,,,USABLE,NONE,256,256,3,RGB,51147
TRAIN,Normal_Skin_120.png,Normal_Skin_120.png,C:\Users\Ashutosh Verma\OneDrive\Desktop\VET VISION AI\data\lsd\LumpySkinDisease_DataHub\LumpySkinDisease_DataHub\data-processed\lumpy_unbalanced\lumpy\Normal_Skin_120.png,Normal,8e72b0ecac436c40b7ae65012b5c45acfa8dd26677bd0b110e12d8112320d0e7,2ca6b41194340201,,,USABLE,NONE,256,256,3,RGB,172525
TRAIN,Normal_Skin_121.png,Normal_Skin_121.png,C:\Users\Ashutosh Verma\OneDrive\Desktop\VET VISION AI\data\lsd\LumpySkinDisease_DataHub\LumpySkinDisease_DataHub\data-processed\lumpy_unbalanced\lumpy\Normal_Skin_121.png,Normal,4ab097e32d99b6d3e728be61eba442086f845d222e1891677029651669e96961,9a9376c4ccd4445c,,ND-SAME-0038,USABLE,NONE,256,256,3,RGB,166865
TRAIN,Normal_Skin_122.png,Normal_Skin_122.png,C:\Users\Ashutosh Verma\OneDrive\Desktop\VET VISION AI\data\lsd\LumpySkinDisease_DataHub\LumpySkinDisease_DataHub\data-processed\lumpy_unbalanced\lumpy\Normal_Skin_122.png,Normal,3723a2b9f7402f845723b65a627f74be9014dc5ff664d129b91dff5c671c082c,7670c06376163a1a,,ND-SAME-0039,USABLE,NONE,256,256,3,RGB,138942
TRAIN,Normal_Skin_125.png,Normal_Skin_125.png,C:\Users\Ashutosh Verma\OneDrive\Desktop\VET VISION AI\data\lsd\LumpySkinDisease_DataHub\LumpySkinDisease_DataHub\data-processed\lumpy_unbalanced\lumpy\Normal_Skin_125.png,Normal,fd1bbbd420c1dfe790355f916029a9c6ed30e37348d48f798f814fad93beb6d9,a28df8f074e0e8da,,ND-SAME-0040,USABLE,NONE,256,256,3,RGB,185117
TRAIN,Normal_Skin_127.png,Normal_Skin_127.png,C:\Users\Ashutosh Verma\OneDrive\Desktop\VET VISION AI\data\lsd\LumpySkinDisease_DataHub\LumpySkinDisease_DataHub\data-processed\lumpy_unbalanced\lumpy\Normal_Skin_127.png,Normal,b16ecd50e66a0beae5cd37d956b35915eef1bebdba76fd65217f88bf809e77f2,7f7d56561e19094d,,ND-SAME-0041,USABLE,NONE,256,256,3,RGB,180350
TRAIN,Normal_Skin_13.png,Normal_Skin_13.png,C:\Users\Ashutosh Verma\OneDrive\Desktop\VET VISION AI\data\lsd\LumpySkinDisease_DataHub\LumpySkinDisease_DataHub\data-processed\lumpy_unbalanced\lumpy\Normal_Skin_13.png,Normal,834396bbb1a2dc7bbdcf46eb18c98514346d9f4a68915c1a75e0c733ee9ee4d0,fbd9cdc4d4c4b627,,,USABLE,NONE,256,256,3,RGB,177013
TRAIN,Normal_Skin_130.png,Normal_Skin_130.png,C:\Users\Ashutosh Verma\OneDrive\Desktop\VET VISION AI\data\lsd\LumpySkinDisease_DataHub\LumpySkinDisease_DataHub\data-processed\lumpy_unbalanced\lumpy\Normal_Skin_130.png,Normal,aa76f1f9ccf0f55094e1773d4d4832dfd20f90d9e4d62365eea6b416cca7efdf,ce4a3c1f189eb667,,,USABLE,NONE,256,256,3,RGB,180167
TRAIN,Normal_Skin_132.png,Normal_Skin_132.png,C:\Users\Ashutosh Verma\OneDrive\Desktop\VET VISION AI\data\lsd\LumpySkinDisease_DataHub\LumpySkinDisease_DataHub\data-processed\lumpy_unbalanced\lumpy\Normal_Skin_132.png,Normal,526ceb65f117021497aaa9fbf594a5acfafab67398a057e9d323e07c524069d4,e870362b21290101,,ND-SAME-0042,USABLE,NONE,256,256,3,RGB,165734
TRAIN,Normal_Skin_133.png,Normal_Skin_133.png,C:\Users\Ashutosh Verma\OneDrive\Desktop\VET VISION AI\data\lsd\LumpySkinDisease_DataHub\LumpySkinDisease_DataHub\data-processed\lumpy_unbalanced\lumpy\Normal_Skin_133.png,Normal,2c15bce4f6b1614e39e4c90fbd00bb4f6272b21ae0fe61c02ab61104fa62759f,0c9c1ec6b0121288,,ND-SAME-0043,USABLE,NONE,256,256,3,RGB,156500
TRAIN,Normal_Skin_135.png,Normal_Skin_135.png,C:\Users\Ashutosh Verma\OneDrive\Desktop\VET VISION AI\data\lsd\LumpySkinDisease_DataHub\LumpySkinDisease_DataHub\data-processed\lumpy_unbalanced\lumpy\Normal_Skin_135.png,Normal,078e5e7b2ec31dbafe91ff2fa438f792170cb2c6db516b12d4be1b6f2bb72da3,d22ba98c56b388a9,,ND-SAME-0044,USABLE,NONE,256,256,3,RGB,173785
TRAIN,Normal_Skin_136.png,Normal_Skin_136.png,C:\Users\Ashutosh Verma\OneDrive\Desktop\VET VISION AI\data\lsd\LumpySkinDisease_DataHub\LumpySkinDisease_DataHub\data-processed\lumpy_unbalanced\lumpy\Normal_Skin_136.png,Normal,47e1e499265348a0dc816ccf260c5f721dd106022d1f2df47023c7be01e57449,062e4693b3130606,,,USABLE,NONE,256,256,3,RGB,173109
TRAIN,Normal_Skin_139.png,Normal_Skin_139.png,C:\Users\Ashutosh Verma\OneDrive\Desktop\VET VISION AI\data\lsd\LumpySkinDisease_DataHub\LumpySkinDisease_DataHub\data-processed\lumpy_unbalanced\lumpy\Normal_Skin_139.png,Normal,4d0386bc71b8d89ee4ab2e6aafb1f73083a8ff42bbe74ffbc6cda4d0dba5cc6a,e0acb29cd89c999b,,,USABLE,NONE,256,256,3,RGB,163978
TRAIN,Normal_Skin_14.png,Normal_Skin_14.png,C:\Users\Ashutosh Verma\OneDrive\Desktop\VET VISION AI\data\lsd\LumpySkinDisease_DataHub\LumpySkinDisease_DataHub\data-processed\lumpy_unbalanced\lumpy\Normal_Skin_14.png,Normal,1da15518b1fb71704258dac89fb3a91278ab2a28b10808aa6696d13fc0ad36cf,2767610335350127,,,USABLE,NONE,256,256,3,RGB,146510
TRAIN,Normal_Skin_140.png,Normal_Skin_140.png,C:\Users\Ashutosh Verma\OneDrive\Desktop\VET VISION AI\data\lsd\LumpySkinDisease_DataHub\LumpySkinDisease_DataHub\data-processed\lumpy_unbalanced\lumpy\Normal_Skin_140.png,Normal,9494e0b533e8ff114b639596737f4cae7686be69cbaf5e7debabd5113540ac68,29b9f0a45c8ae2f0,,,USABLE,NONE,256,256,3,RGB,178720
TRAIN,Normal_Skin_141.png,Normal_Skin_141.png,C:\Users\Ashutosh Verma\OneDrive\Desktop\VET VISION AI\data\lsd\LumpySkinDisease_DataHub\LumpySkinDisease_DataHub\data-processed\lumpy_unbalanced\lumpy\Normal_Skin_141.png,Normal,764722b00634b7522250feda0f1cfdf2b66731ea1fa34d26cd971a314e83cedf,19db53c45cda92f6,,,USABLE,NONE,256,256,3,RGB,163412
TRAIN,Normal_Skin_142.png,Normal_Skin_142.png,C:\Users\Ashutosh Verma\OneDrive\Desktop\VET VISION AI\data\lsd\LumpySkinDisease_DataHub\LumpySkinDisease_DataHub\data-processed\lumpy_unbalanced\lumpy\Normal_Skin_142.png,Normal,e2845956ef31e692df840864d73eb8c5cb52943b8b8676ea72d025e96b326655,00dcd45793838900,,ND-SAME-0046,USABLE,NONE,256,256,3,RGB,106603
TRAIN,Normal_Skin_143.png,Normal_Skin_143.png,C:\Users\Ashutosh Verma\OneDrive\Desktop\VET VISION AI\data\lsd\LumpySkinDisease_DataHub\LumpySkinDisease_DataHub\data-processed\lumpy_unbalanced\lumpy\Normal_Skin_143.png,Normal,5259b07a091867005d814b28637ec21bb0787ad05d38def5036c0dfc924c1c8f,598cb6b434140d1a,,ND-SAME-0047,USABLE,NONE,256,256,3,RGB,144947
TRAIN,Normal_Skin_144.png,Normal_Skin_144.png,C:\Users\Ashutosh Verma\OneDrive\Desktop\VET VISION AI\data\lsd\LumpySkinDisease_DataHub\LumpySkinDisease_DataHub\data-processed\lumpy_unbalanced\lumpy\Normal_Skin_144.png,Normal,b9727da8d47f4a634a8f299616d3ea4b4ff14ee31814ddc93714107e8d18e9d1,6b7eadb07268283c,,,USABLE,NONE,256,256,3,RGB,153488
TRAIN,Normal_Skin_145.png,Normal_Skin_145.png,C:\Users\Ashutosh Verma\OneDrive\Desktop\VET VISION AI\data\lsd\LumpySkinDisease_DataHub\LumpySkinDisease_DataHub\data-processed\lumpy_unbalanced\lumpy\Normal_Skin_145.png,Normal,2fe618d76159b25ed3aee82fbf523e8df8f4a30cc5b9083c2c3b4004d4cf357d,4bf0b1b3a9ab0bae,,,USABLE,NONE,256,256,3,RGB,180250
TRAIN,Normal_Skin_146.png,Normal_Skin_146.png,C:\Users\Ashutosh Verma\OneDrive\Desktop\VET VISION AI\data\lsd\LumpySkinDisease_DataHub\LumpySkinDisease_DataHub\data-processed\lumpy_unbalanced\lumpy\Normal_Skin_146.png,Normal,91cec5feb697794a271d2f9dd8f316e1c33d9c5c9b0c83f885e3e90f173d9e93,702e264d49135349,,,USABLE,NONE,256,256,3,RGB,93333
TRAIN,Normal_Skin_149.png,Normal_Skin_149.png,C:\Users\Ashutosh Verma\OneDrive\Desktop\VET VISION AI\data\lsd\LumpySkinDisease_DataHub\LumpySkinDisease_DataHub\data-processed\lumpy_unbalanced\lumpy\Normal_Skin_149.png,Normal,70ab5d091357d8bb60e426795510503e8f9f0f8296dccaf38fe71c42b7c13b39,f834841616363646,,ND-SAME-0049,USABLE,NONE,256,256,3,RGB,159683
TRAIN,Normal_Skin_151.png,Normal_Skin_151.png,C:\Users\Ashutosh Verma\OneDrive\Desktop\VET VISION AI\data\lsd\LumpySkinDisease_DataHub\LumpySkinDisease_DataHub\data-processed\lumpy_unbalanced\lumpy\Normal_Skin_151.png,Normal,5684dd2a13b2d05c5fd81652a0895e256bdcc8a863c2bb479bb789571a24013b,23331ad9b8990c2c,,,USABLE,NONE,256,256,3,RGB,107213
TRAIN,Normal_Skin_152.png,Normal_Skin_152.png,C:\Users\Ashutosh Verma\OneDrive\Desktop\VET VISION AI\data\lsd\LumpySkinDisease_DataHub\LumpySkinDisease_DataHub\data-processed\lumpy_unbalanced\lumpy\Normal_Skin_152.png,Normal,c2a7040a70cac356d7bb8346955793ccf7a1b1b89db41fc727659ddfe98a3deb,525dd529b939a727,,,USABLE,NONE,256,256,3,RGB,180365
TRAIN,Normal_Skin_153.png,Normal_Skin_153.png,C:\Users\Ashutosh Verma\OneDrive\Desktop\VET VISION AI\data\lsd\LumpySkinDisease_DataHub\LumpySkinDisease_DataHub\data-processed\lumpy_unbalanced\lumpy\Normal_Skin_153.png,Normal,648d12703604a550b62055404c76723d1240908d77d89b5d103a958eaeb502ad,ccb2164c46c7c7e9,,ND-SAME-0050,USABLE,NONE,256,256,3,RGB,131141
TRAIN,Normal_Skin_156.png,Normal_Skin_156.png,C:\Users\Ashutosh Verma\OneDrive\Desktop\VET VISION AI\data\lsd\LumpySkinDisease_DataHub\LumpySkinDisease_DataHub\data-processed\lumpy_unbalanced\lumpy\Normal_Skin_156.png,Normal,bcf251913ab4f57f8ec008b693fbf03e8f1cf6ad4370d06c9e21ecf8fe361918,69f29617a8bcdde5,,ND-SAME-0053,USABLE,NONE,256,256,3,RGB,141012
TRAIN,Normal_Skin_158.png,Normal_Skin_158.png,C:\Users\Ashutosh Verma\OneDrive\Desktop\VET VISION AI\data\lsd\LumpySkinDisease_DataHub\LumpySkinDisease_DataHub\data-processed\lumpy_unbalanced\lumpy\Normal_Skin_158.png,Normal,92a6f952f0bf39d59ca2e64783dcbf4d8b230b79c5295cb7e077b3c99541674c,6cdad2d0986468f0,,ND-SAME-0033,USABLE,NONE,256,256,3,RGB,153031
TRAIN,Normal_Skin_159.png,Normal_Skin_159.png,C:\Users\Ashutosh Verma\OneDrive\Desktop\VET VISION AI\data\lsd\LumpySkinDisease_DataHub\LumpySkinDisease_DataHub\data-processed\lumpy_unbalanced\lumpy\Normal_Skin_159.png,Normal,e5cadcec1f27d4ddf2263a050b95db610ddb1cbba0f4a2739a2c7657206312b0,5d8cb6b434140d1a,,ND-SAME-0047,USABLE,NONE,256,256,3,RGB,149058
TRAIN,Normal_Skin_16.png,Normal_Skin_16.png,C:\Users\Ashutosh Verma\OneDrive\Desktop\VET VISION AI\data\lsd\LumpySkinDisease_DataHub\LumpySkinDisease_DataHub\data-processed\lumpy_unbalanced\lumpy\Normal_Skin_16.png,Normal,b0552a40ad1bf1330f33e55d2051b62ad5a9f57062c9c772eb79c17d604c3cda,99760b136365e186,,,USABLE,NONE,256,256,3,RGB,182225
TRAIN,Normal_Skin_160.png,Normal_Skin_160.png,C:\Users\Ashutosh Verma\OneDrive\Desktop\VET VISION AI\data\lsd\LumpySkinDisease_DataHub\LumpySkinDisease_DataHub\data-processed\lumpy_unbalanced\lumpy\Normal_Skin_160.png,Normal,b9de06d7f50634922009f2503256356eb4be5f9d176ee2421127d345f956ef6b,a6a3eb9ccd6d6860,,ND-SAME-0055,USABLE,NONE,256,256,3,RGB,189163
TRAIN,Normal_Skin_162.png,Normal_Skin_162.png,C:\Users\Ashutosh Verma\OneDrive\Desktop\VET VISION AI\data\lsd\LumpySkinDisease_DataHub\LumpySkinDisease_DataHub\data-processed\lumpy_unbalanced\lumpy\Normal_Skin_162.png,Normal,f66d2a4e107e5338b1dfc310abdfdf006585cd1baf73fd4276ef69c33edd8840,0f2ce866c6d9a333,,ND-SAME-0056,USABLE,NONE,256,256,3,RGB,173400
TRAIN,Normal_Skin_163.png,Normal_Skin_163.png,C:\Users\Ashutosh Verma\OneDrive\Desktop\VET VISION AI\data\lsd\LumpySkinDisease_DataHub\LumpySkinDisease_DataHub\data-processed\lumpy_unbalanced\lumpy\Normal_Skin_163.png,Normal,fea4edfa0c730844b79bb363674ad73d2f6b50e517ab1111816baf1ace951412,81880e221644fc1c,,ND-SAME-0057,USABLE,NONE,256,256,3,RGB,157435
TRAIN,Normal_Skin_164.png,Normal_Skin_164.png,C:\Users\Ashutosh Verma\OneDrive\Desktop\VET VISION AI\data\lsd\LumpySkinDisease_DataHub\LumpySkinDisease_DataHub\data-processed\lumpy_unbalanced\lumpy\Normal_Skin_164.png,Normal,3d5e66746f9ba9f190486748efb810b29e33d3fc46a4cdf2ded300933361441d,d45534a4a62626a6,,ND-SAME-0058,USABLE,NONE,256,256,3,RGB,173568
TRAIN,Normal_Skin_166.png,Normal_Skin_166.png,C:\Users\Ashutosh Verma\OneDrive\Desktop\VET VISION AI\data\lsd\LumpySkinDisease_DataHub\LumpySkinDisease_DataHub\data-processed\lumpy_unbalanced\lumpy\Normal_Skin_166.png,Normal,a6444b03b907b1387d729f6c04326902a97b7219b8d20bd0eefb478f1751606d,7b7d56561e19094d,,ND-SAME-0041,USABLE,NONE,256,256,3,RGB,181209
TRAIN,Normal_Skin_167.png,Normal_Skin_167.png,C:\Users\Ashutosh Verma\OneDrive\Desktop\VET VISION AI\data\lsd\LumpySkinDisease_DataHub\LumpySkinDisease_DataHub\data-processed\lumpy_unbalanced\lumpy\Normal_Skin_167.png,Normal,c8575f090927704fcc6a01d83b5a60af875c5e2673e5f66215e944ce1dce0f78,785e1ecbcbd39336,,,USABLE,NONE,256,256,3,RGB,177304
TRAIN,Normal_Skin_168.png,Normal_Skin_168.png,C:\Users\Ashutosh Verma\OneDrive\Desktop\VET VISION AI\data\lsd\LumpySkinDisease_DataHub\LumpySkinDisease_DataHub\data-processed\lumpy_unbalanced\lumpy\Normal_Skin_168.png,Normal,812b2cd4cdfa39dffc38b0e7331680828a01cc84d2c4b861f5107b5101e5dbc0,a28df8f074e0e8da,,ND-SAME-0040,USABLE,NONE,256,256,3,RGB,184663
TRAIN,Normal_Skin_17.png,Normal_Skin_17.png,C:\Users\Ashutosh Verma\OneDrive\Desktop\VET VISION AI\data\lsd\LumpySkinDisease_DataHub\LumpySkinDisease_DataHub\data-processed\lumpy_unbalanced\lumpy\Normal_Skin_17.png,Normal,1933cef5e01ad896d301f00703b69ee599f237885f2358c2bdcc698abee1e75d,33c1d7333b4f1a8a,,,USABLE,NONE,256,256,3,RGB,164196
TRAIN,Normal_Skin_170.png,Normal_Skin_170.png,C:\Users\Ashutosh Verma\OneDrive\Desktop\VET VISION AI\data\lsd\LumpySkinDisease_DataHub\LumpySkinDisease_DataHub\data-processed\lumpy_unbalanced\lumpy\Normal_Skin_170.png,Normal,a05f0c0debc788115a6d7d079d518ee39c1cfd3a912ea7d86358c26736da4a25,d22ba98c56b388a9,,ND-SAME-0044,USABLE,NONE,256,256,3,RGB,173165
TRAIN,Normal_Skin_172.png,Normal_Skin_172.png,C:\Users\Ashutosh Verma\OneDrive\Desktop\VET VISION AI\data\lsd\LumpySkinDisease_DataHub\LumpySkinDisease_DataHub\data-processed\lumpy_unbalanced\lumpy\Normal_Skin_172.png,Normal,b218e86f31b1e7b9577de8a93c94d8ba9598f0b583e22fc661abd70eb55b4771,0c1c1ec6b0121288,,ND-SAME-0043,USABLE,NONE,256,256,3,RGB,154530
TRAIN,Normal_Skin_173.png,Normal_Skin_173.png,C:\Users\Ashutosh Verma\OneDrive\Desktop\VET VISION AI\data\lsd\LumpySkinDisease_DataHub\LumpySkinDisease_DataHub\data-processed\lumpy_unbalanced\lumpy\Normal_Skin_173.png,Normal,de0eeec8b6cd2426bf3a4e29ddff512403047fdb77ed6681c307dfd2dc156af0,2e525889a94dcc9a,,ND-SAME-0060,USABLE,NONE,256,256,3,RGB,160684
TRAIN,Normal_Skin_174.png,Normal_Skin_174.png,C:\Users\Ashutosh Verma\OneDrive\Desktop\VET VISION AI\data\lsd\LumpySkinDisease_DataHub\LumpySkinDisease_DataHub\data-processed\lumpy_unbalanced\lumpy\Normal_Skin_174.png,Normal,e3cce1fb986502198e4b219076990753d363cd02b765e1d97cc62e22effd82bc,b3e594584d94248c,,ND-SAME-0061,USABLE,NONE,256,256,3,RGB,178575
TRAIN,Normal_Skin_175.png,Normal_Skin_175.png,C:\Users\Ashutosh Verma\OneDrive\Desktop\VET VISION AI\data\lsd\LumpySkinDisease_DataHub\LumpySkinDisease_DataHub\data-processed\lumpy_unbalanced\lumpy\Normal_Skin_175.png,Normal,1466790c51d31b97a931db650be615229206261741ca17d602a862c7a9e5fb78,6665711b5f773506,,ND-SAME-0062,USABLE,NONE,256,256,3,RGB,118531
TRAIN,Normal_Skin_176.png,Normal_Skin_176.png,C:\Users\Ashutosh Verma\OneDrive\Desktop\VET VISION AI\data\lsd\LumpySkinDisease_DataHub\LumpySkinDisease_DataHub\data-processed\lumpy_unbalanced\lumpy\Normal_Skin_176.png,Normal,867c2a40516f53f44aa9af2e84439ca17a059fdda85446c32a0c9ec8a23bcf58,06158c9e4ed29613,,ND-SAME-0063,USABLE,NONE,256,256,3,RGB,172746
TRAIN,Normal_Skin_178.png,Normal_Skin_178.png,C:\Users\Ashutosh Verma\OneDrive\Desktop\VET VISION AI\data\lsd\LumpySkinDisease_DataHub\LumpySkinDisease_DataHub\data-processed\lumpy_unbalanced\lumpy\Normal_Skin_178.png,Normal,00ed3d5aef38e5ba0366bfb26415528a71c3542d6654fcb313272772fb99eecb,663919327b5afc37,,ND-SAME-0037,USABLE,NONE,256,256,3,RGB,171649
TRAIN,Normal_Skin_179.png,Normal_Skin_179.png,C:\Users\Ashutosh Verma\OneDrive\Desktop\VET VISION AI\data\lsd\LumpySkinDisease_DataHub\LumpySkinDisease_DataHub\data-processed\lumpy_unbalanced\lumpy\Normal_Skin_179.png,Normal,a922f136db121847ecfdca01e420997a135211dafc7f15856994952c73a9df65,e1b392181e0e0cc6,,,USABLE,NONE,256,256,3,RGB,134961
TRAIN,Normal_Skin_180.png,Normal_Skin_180.png,C:\Users\Ashutosh Verma\OneDrive\Desktop\VET VISION AI\data\lsd\LumpySkinDisease_DataHub\LumpySkinDisease_DataHub\data-processed\lumpy_unbalanced\lumpy\Normal_Skin_180.png,Normal,80e1cea4db69eda913fb6e402993d9417bc69e2d2828a10c238df4552af2fc73,6145b3a32325292d,,,USABLE,NONE,256,256,3,RGB,182520
TRAIN,Normal_Skin_182.png,Normal_Skin_182.png,C:\Users\Ashutosh Verma\OneDrive\Desktop\VET VISION AI\data\lsd\LumpySkinDisease_DataHub\LumpySkinDisease_DataHub\data-processed\lumpy_unbalanced\lumpy\Normal_Skin_182.png,Normal,b693c3e429186f427e469bf7318e05b2cd42a5fd84d6bcec2a5790310d1f2538,ec8e1737b13006c6,,,USABLE,NONE,256,256,3,RGB,140944
TRAIN,Normal_Skin_183.png,Normal_Skin_183.png,C:\Users\Ashutosh Verma\OneDrive\Desktop\VET VISION AI\data\lsd\LumpySkinDisease_DataHub\LumpySkinDisease_DataHub\data-processed\lumpy_unbalanced\lumpy\Normal_Skin_183.png,Normal,c08f7af084f269fa7c820ca3d409be23ba506ed9a1436602a19448b6b4f76e1f,79696386d1c0948e,,,USABLE,NONE,256,256,3,RGB,174497
TRAIN,Normal_Skin_185.png,Normal_Skin_185.png,C:\Users\Ashutosh Verma\OneDrive\Desktop\VET VISION AI\data\lsd\LumpySkinDisease_DataHub\LumpySkinDisease_DataHub\data-processed\lumpy_unbalanced\lumpy\Normal_Skin_185.png,Normal,d38500f647dc4a5f65cd11a665f81f59666ef462fc5572eb5f1886224ccdee1a,7b73f2f0b04c4c6d,,,USABLE,NONE,256,256,3,RGB,161580
TRAIN,Normal_Skin_187.png,Normal_Skin_187.png,C:\Users\Ashutosh Verma\OneDrive\Desktop\VET VISION AI\data\lsd\LumpySkinDisease_DataHub\LumpySkinDisease_DataHub\data-processed\lumpy_unbalanced\lumpy\Normal_Skin_187.png,Normal,1f52badde32510f3a5c6ad2f4b13737e7c4c190d2d0096c3b775cd5adbf835eb,100307361e252505,,,USABLE,NONE,256,256,3,RGB,54383
TRAIN,Normal_Skin_188.png,Normal_Skin_188.png,C:\Users\Ashutosh Verma\OneDrive\Desktop\VET VISION AI\data\lsd\LumpySkinDisease_DataHub\LumpySkinDisease_DataHub\data-processed\lumpy_unbalanced\lumpy\Normal_Skin_188.png,Normal,13d4d663ad2241854dfbc44f84fd5adda448618ae15592ecc1e67ed7b6ecd598,063edcdeda9dd1c0,,,USABLE,NONE,256,256,3,RGB,72543
TRAIN,Normal_Skin_189.png,Normal_Skin_189.png,C:\Users\Ashutosh Verma\OneDrive\Desktop\VET VISION AI\data\lsd\LumpySkinDisease_DataHub\LumpySkinDisease_DataHub\data-processed\lumpy_unbalanced\lumpy\Normal_Skin_189.png,Normal,e2596c7d65d35bb4c70dd1c6f9e7921af6f5ea5a5e1a04605472dd8586c6bcd6,42a036661a69e5db,,,USABLE,NONE,256,256,3,RGB,125293
TRAIN,Normal_Skin_191.png,Normal_Skin_191.png,C:\Users\Ashutosh Verma\OneDrive\Desktop\VET VISION AI\data\lsd\LumpySkinDisease_DataHub\LumpySkinDisease_DataHub\data-processed\lumpy_unbalanced\lumpy\Normal_Skin_191.png,Normal,308df8497e92c63602cea3056a9f496fd1c2316efe73a8df535aebba4627a47a,3ec65636321282ca,,,USABLE,NONE,256,256,3,RGB,167069
TRAIN,Normal_Skin_192.png,Normal_Skin_192.png,C:\Users\Ashutosh Verma\OneDrive\Desktop\VET VISION AI\data\lsd\LumpySkinDisease_DataHub\LumpySkinDisease_DataHub\data-processed\lumpy_unbalanced\lumpy\Normal_Skin_192.png,Normal,5522962b0bc07ae7106daead6d98bce168f9af7b291737e893148e6162c2204a,c9d430b9a89c0be3,,,USABLE,NONE,256,256,3,RGB,170326
TRAIN,Normal_Skin_193.png,Normal_Skin_193.png,C:\Users\Ashutosh Verma\OneDrive\Desktop\VET VISION AI\data\lsd\LumpySkinDisease_DataHub\LumpySkinDisease_DataHub\data-processed\lumpy_unbalanced\lumpy\Normal_Skin_193.png,Normal,7bdb076cd14ed51f32088bfbe0e8276d106e17242b5cbdd37c208bb501a15852,ef761bc9cd1d094e,,,USABLE,NONE,256,256,3,RGB,178145
TRAIN,Normal_Skin_194.png,Normal_Skin_194.png,C:\Users\Ashutosh Verma\OneDrive\Desktop\VET VISION AI\data\lsd\LumpySkinDisease_DataHub\LumpySkinDisease_DataHub\data-processed\lumpy_unbalanced\lumpy\Normal_Skin_194.png,Normal,16261e16baec4824b1c65fc413445a8482e062df5fdcb8ea693e9e55d67591e8,a490199393840418,,,USABLE,NONE,256,256,3,RGB,164112
TRAIN,Normal_Skin_195.png,Normal_Skin_195.png,C:\Users\Ashutosh Verma\OneDrive\Desktop\VET VISION AI\data\lsd\LumpySkinDisease_DataHub\LumpySkinDisease_DataHub\data-processed\lumpy_unbalanced\lumpy\Normal_Skin_195.png,Normal,eb36a70ae2c850da3fe3d585bd58a2a03fff721f954754136b62a594dff1e0b5,68e8a86b2a2bccec,,,USABLE,NONE,256,256,3,RGB,163030
TRAIN,Normal_Skin_196.png,Normal_Skin_196.png,C:\Users\Ashutosh Verma\OneDrive\Desktop\VET VISION AI\data\lsd\LumpySkinDisease_DataHub\LumpySkinDisease_DataHub\data-processed\lumpy_unbalanced\lumpy\Normal_Skin_196.png,Normal,41c1625b33805e986b89892ea538c2c2632189473f73ff6983b70334b34e37b6,ad3a33313733b3f6,,,USABLE,NONE,256,256,3,RGB,70253
TRAIN,Normal_Skin_198.png,Normal_Skin_198.png,C:\Users\Ashutosh Verma\OneDrive\Desktop\VET VISION AI\data\lsd\LumpySkinDisease_DataHub\LumpySkinDisease_DataHub\data-processed\lumpy_unbalanced\lumpy\Normal_Skin_198.png,Normal,22e35557fb7d3b8cff5eed760fff8a3c7e8db761bb379fc718f4836372e66364,2e98ba62aa3de9e2,,,USABLE,NONE,256,256,3,RGB,152513
TRAIN,Normal_Skin_2.png,Normal_Skin_2.png,C:\Users\Ashutosh Verma\OneDrive\Desktop\VET VISION AI\data\lsd\LumpySkinDisease_DataHub\LumpySkinDisease_DataHub\data-processed\lumpy_unbalanced\lumpy\Normal_Skin_2.png,Normal,a2ecf93a9475bff1461f6c5a5a044b54ef1579fcd26c631a5756d2627d247f29,64645c7074c6e6e1,,,USABLE,NONE,256,256,3,RGB,160916
TRAIN,Normal_Skin_200.png,Normal_Skin_200.png,C:\Users\Ashutosh Verma\OneDrive\Desktop\VET VISION AI\data\lsd\LumpySkinDisease_DataHub\LumpySkinDisease_DataHub\data-processed\lumpy_unbalanced\lumpy\Normal_Skin_200.png,Normal,2fef4db8cd2fd8c5e24a0cfb4f6b735bc3ea9c95bbf4db94a8d6c22d5d7be5fc,c0f82c2a24b4ead0,,,USABLE,NONE,256,256,3,RGB,148393
TRAIN,Normal_Skin_202.png,Normal_Skin_202.png,C:\Users\Ashutosh Verma\OneDrive\Desktop\VET VISION AI\data\lsd\LumpySkinDisease_DataHub\LumpySkinDisease_DataHub\data-processed\lumpy_unbalanced\lumpy\Normal_Skin_202.png,Normal,e3765e230b4163ae52ce41661390b614adec122a1e47fc1707fff9cc7c467d8d,0b1b09491b535f59,,ND-SAME-0064,USABLE,NONE,256,256,3,RGB,75314
TRAIN,Normal_Skin_203.png,Normal_Skin_203.png,C:\Users\Ashutosh Verma\OneDrive\Desktop\VET VISION AI\data\lsd\LumpySkinDisease_DataHub\LumpySkinDisease_DataHub\data-processed\lumpy_unbalanced\lumpy\Normal_Skin_203.png,Normal,ce627f1f73dfec581d8286e33bebb32e1ad71e0603f4a9edadbd1f749458e6ea,48081994b5e7a370,,,USABLE,NONE,256,256,3,RGB,163473
TRAIN,Normal_Skin_204.png,Normal_Skin_204.png,C:\Users\Ashutosh Verma\OneDrive\Desktop\VET VISION AI\data\lsd\LumpySkinDisease_DataHub\LumpySkinDisease_DataHub\data-processed\lumpy_unbalanced\lumpy\Normal_Skin_204.png,Normal,423db4ba7a39135a99c877f352333b9791a318edccc32577ce566410d3562a6d,4edc999d47ac2020,,,USABLE,NONE,256,256,3,RGB,179530
TRAIN,Normal_Skin_205.png,Normal_Skin_205.png,C:\Users\Ashutosh Verma\OneDrive\Desktop\VET VISION AI\data\lsd\LumpySkinDisease_DataHub\LumpySkinDisease_DataHub\data-processed\lumpy_unbalanced\lumpy\Normal_Skin_205.png,Normal,60432b1b8b0e080084f0dbf8537421cd8e90f2bb922c1cd3435b55cc117a4d54,f0ccc9e9b859f130,,,USABLE,NONE,256,256,3,RGB,183805
TRAIN,Normal_Skin_206.png,Normal_Skin_206.png,C:\Users\Ashutosh Verma\OneDrive\Desktop\VET VISION AI\data\lsd\LumpySkinDisease_DataHub\LumpySkinDisease_DataHub\data-processed\lumpy_unbalanced\lumpy\Normal_Skin_206.png,Normal,e7a26884294c49e5810c70e46c85bc2ece5725be5f973651713198460cacac19,7d593b6c6a4f3737,,,USABLE,NONE,256,256,3,RGB,183308
TRAIN,Normal_Skin_207.png,Normal_Skin_207.png,C:\Users\Ashutosh Verma\OneDrive\Desktop\VET VISION AI\data\lsd\LumpySkinDisease_DataHub\LumpySkinDisease_DataHub\data-processed\lumpy_unbalanced\lumpy\Normal_Skin_207.png,Normal,2a5462bb934cb29f0c10c79240de584e66106e8137a9eaed3c2c4fcfeff24af4,616c42cfcbf2f6e0,,ND-SAME-0065,USABLE,NONE,256,256,3,RGB,173435
TRAIN,Normal_Skin_208.png,Normal_Skin_208.png,C:\Users\Ashutosh Verma\OneDrive\Desktop\VET VISION AI\data\lsd\LumpySkinDisease_DataHub\LumpySkinDisease_DataHub\data-processed\lumpy_unbalanced\lumpy\Normal_Skin_208.png,Normal,28440d6a07de3e2a8ebcb98505490b17ae9749f168c8ac47320500edf8b92806,733078565a5ae6a7,,,USABLE,NONE,256,256,3,RGB,147897
TRAIN,Normal_Skin_21.png,Normal_Skin_21.png,C:\Users\Ashutosh Verma\OneDrive\Desktop\VET VISION AI\data\lsd\LumpySkinDisease_DataHub\LumpySkinDisease_DataHub\data-processed\lumpy_unbalanced\lumpy\Normal_Skin_21.png,Normal,d0b1697595699c06df765ece97e9781ba28b041b008498a78335ad031cac6075,0630261696a61232,,,USABLE,NONE,256,256,3,RGB,27755
TRAIN,Normal_Skin_210.png,Normal_Skin_210.png,C:\Users\Ashutosh Verma\OneDrive\Desktop\VET VISION AI\data\lsd\LumpySkinDisease_DataHub\LumpySkinDisease_DataHub\data-processed\lumpy_unbalanced\lumpy\Normal_Skin_210.png,Normal,3614a8d7afd836b920d762e73c07b67072cf9363e4f76c8c61e0711969aed0b1,66a5c567c495a527,,,USABLE,NONE,256,256,3,RGB,148608
TRAIN,Normal_Skin_212.png,Normal_Skin_212.png,C:\Users\Ashutosh Verma\OneDrive\Desktop\VET VISION AI\data\lsd\LumpySkinDisease_DataHub\LumpySkinDisease_DataHub\data-processed\lumpy_unbalanced\lumpy\Normal_Skin_212.png,Normal,ac9085c0356e43d860bb5d7ae2ce15f2e75e55775eecb309e34e76619f4e99f2,f994b0a0eee4846c,,,USABLE,NONE,256,256,3,RGB,161824
TRAIN,Normal_Skin_213.png,Normal_Skin_213.png,C:\Users\Ashutosh Verma\OneDrive\Desktop\VET VISION AI\data\lsd\LumpySkinDisease_DataHub\LumpySkinDisease_DataHub\data-processed\lumpy_unbalanced\lumpy\Normal_Skin_213.png,Normal,fc832aee4cad6e5ca640afb952189717b84a96ada7df33c8c26294575b5484fc,fac9993b3b33e4fc,,,USABLE,NONE,256,256,3,RGB,180353
TRAIN,Normal_Skin_215.png,Normal_Skin_215.png,C:\Users\Ashutosh Verma\OneDrive\Desktop\VET VISION AI\data\lsd\LumpySkinDisease_DataHub\LumpySkinDisease_DataHub\data-processed\lumpy_unbalanced\lumpy\Normal_Skin_215.png,Normal,f2cb6bc399b41d243eba350e01221f3a7cbae98be7685af10f439ee71b4c5324,345be3e1c068a486,,,USABLE,NONE,256,256,3,RGB,179478
TRAIN,Normal_Skin_218.png,Normal_Skin_218.png,C:\Users\Ashutosh Verma\OneDrive\Desktop\VET VISION AI\data\lsd\LumpySkinDisease_DataHub\LumpySkinDisease_DataHub\data-processed\lumpy_unbalanced\lumpy\Normal_Skin_218.png,Normal,fe6bcf5a5d546742ac96b7c86609e0749aba9384582642f2aa467d4f20df5af2,b0e8eae5edae84c4,,,USABLE,NONE,256,256,3,RGB,166731
TRAIN,Normal_Skin_219.png,Normal_Skin_219.png,C:\Users\Ashutosh Verma\OneDrive\Desktop\VET VISION AI\data\lsd\LumpySkinDisease_DataHub\LumpySkinDisease_DataHub\data-processed\lumpy_unbalanced\lumpy\Normal_Skin_219.png,Normal,4781a49fec81c39a3d0931541e6a824c56b885040e507ef172a487c043879731,d2a5bb52522c2190,,,USABLE,NONE,256,256,3,RGB,103901
TRAIN,Normal_Skin_220.png,Normal_Skin_220.png,C:\Users\Ashutosh Verma\OneDrive\Desktop\VET VISION AI\data\lsd\LumpySkinDisease_DataHub\LumpySkinDisease_DataHub\data-processed\lumpy_unbalanced\lumpy\Normal_Skin_220.png,Normal,8706d9beb2781f192060ea693ecf81b053cb61b98fd6b314d99dfe0dc4bebd4e,3e725af6f5f326a3,,,USABLE,NONE,256,256,3,RGB,146209
TRAIN,Normal_Skin_221.png,Normal_Skin_221.png,C:\Users\Ashutosh Verma\OneDrive\Desktop\VET VISION AI\data\lsd\LumpySkinDisease_DataHub\LumpySkinDisease_DataHub\data-processed\lumpy_unbalanced\lumpy\Normal_Skin_221.png,Normal,0906624913cb89647ebef7fa854f648d15069d149a0bc309abb485c0f8dbf156,344c8cecec642666,,ND-SAME-0066,USABLE,NONE,256,256,3,RGB,178933
TRAIN,Normal_Skin_222.png,Normal_Skin_222.png,C:\Users\Ashutosh Verma\OneDrive\Desktop\VET VISION AI\data\lsd\LumpySkinDisease_DataHub\LumpySkinDisease_DataHub\data-processed\lumpy_unbalanced\lumpy\Normal_Skin_222.png,Normal,f3d9dcb184073273e488e38e655d20143871c68f0e65e5a1850cd0b653fa5438,90e2edd3568eaeda,,,USABLE,NONE,256,256,3,RGB,168080
TRAIN,Normal_Skin_223.png,Normal_Skin_223.png,C:\Users\Ashutosh Verma\OneDrive\Desktop\VET VISION AI\data\lsd\LumpySkinDisease_DataHub\LumpySkinDisease_DataHub\data-processed\lumpy_unbalanced\lumpy\Normal_Skin_223.png,Normal,4b3159b92e42efdfc4a36b32150714e19b213c55e2ea92514a735ad22df655be,4c4d17960b375674,,,USABLE,NONE,256,256,3,RGB,113927
TRAIN,Normal_Skin_224.png,Normal_Skin_224.png,C:\Users\Ashutosh Verma\OneDrive\Desktop\VET VISION AI\data\lsd\LumpySkinDisease_DataHub\LumpySkinDisease_DataHub\data-processed\lumpy_unbalanced\lumpy\Normal_Skin_224.png,Normal,e91e8685a53454ff4706194cd9aef554562e9eb41acd83e6f251b271a4a68dea,d9239ef3169290a3,,,USABLE,NONE,256,256,3,RGB,161453
TRAIN,Normal_Skin_225.png,Normal_Skin_225.png,C:\Users\Ashutosh Verma\OneDrive\Desktop\VET VISION AI\data\lsd\LumpySkinDisease_DataHub\LumpySkinDisease_DataHub\data-processed\lumpy_unbalanced\lumpy\Normal_Skin_225.png,Normal,8487ec60d6691934b24946e7f20e586a20e19d4941bf05eb26bdba63bdb393d5,88b235f4b5b44f24,,,USABLE,NONE,256,256,3,RGB,161032
TRAIN,Normal_Skin_226.png,Normal_Skin_226.png,C:\Users\Ashutosh Verma\OneDrive\Desktop\VET VISION AI\data\lsd\LumpySkinDisease_DataHub\LumpySkinDisease_DataHub\data-processed\lumpy_unbalanced\lumpy\Normal_Skin_226.png,Normal,71e214ed2fa317590164ec6df8456aebbb596fcaeed6932d26d4cdb7ec144328,c9ede8fc3634b0e3,,,USABLE,NONE,256,256,3,RGB,173387
TRAIN,Normal_Skin_227.png,Normal_Skin_227.png,C:\Users\Ashutosh Verma\OneDrive\Desktop\VET VISION AI\data\lsd\LumpySkinDisease_DataHub\LumpySkinDisease_DataHub\data-processed\lumpy_unbalanced\lumpy\Normal_Skin_227.png,Normal,fc36f9e53913fc52e31838856bb6eb1e0eea10a8de2f53b4e3b51554862f594f,39d9c666f6969616,,,USABLE,NONE,256,256,3,RGB,127072
TRAIN,Normal_Skin_228.png,Normal_Skin_228.png,C:\Users\Ashutosh Verma\OneDrive\Desktop\VET VISION AI\data\lsd\LumpySkinDisease_DataHub\LumpySkinDisease_DataHub\data-processed\lumpy_unbalanced\lumpy\Normal_Skin_228.png,Normal,5cd227ec03d1617c0196a1aba6e3e4907bec1ac895da4c59da9e597c72560157,e4facb6363420bde,,,USABLE,NONE,256,256,3,RGB,178692
TRAIN,Normal_Skin_23.png,Normal_Skin_23.png,C:\Users\Ashutosh Verma\OneDrive\Desktop\VET VISION AI\data\lsd\LumpySkinDisease_DataHub\LumpySkinDisease_DataHub\data-processed\lumpy_unbalanced\lumpy\Normal_Skin_23.png,Normal,4466072e7cd6d336542bc4f527fc171627e309a20f510dbe9fea64a4367bddf8,052527161c56161e,,,USABLE,NONE,256,256,3,RGB,50874
TRAIN,Normal_Skin_231.png,Normal_Skin_231.png,C:\Users\Ashutosh Verma\OneDrive\Desktop\VET VISION AI\data\lsd\LumpySkinDisease_DataHub\LumpySkinDisease_DataHub\data-processed\lumpy_unbalanced\lumpy\Normal_Skin_231.png,Normal,d35706ab2a63eb8af8050559f69c32059c3d53a6034f204748092cb9414593cd,cb38698929743434,,ND-SAME-0067,USABLE,NONE,256,256,3,RGB,131517
TRAIN,Normal_Skin_233.png,Normal_Skin_233.png,C:\Users\Ashutosh Verma\OneDrive\Desktop\VET VISION AI\data\lsd\LumpySkinDisease_DataHub\LumpySkinDisease_DataHub\data-processed\lumpy_unbalanced\lumpy\Normal_Skin_233.png,Normal,82278aa464872ed29e7f573136e9e8e7ad42838f1d4c4b54007808a4cba200b4,628e8ce469cc2c0e,,,USABLE,NONE,256,256,3,RGB,103002
TRAIN,Normal_Skin_234.png,Normal_Skin_234.png,C:\Users\Ashutosh Verma\OneDrive\Desktop\VET VISION AI\data\lsd\LumpySkinDisease_DataHub\LumpySkinDisease_DataHub\data-processed\lumpy_unbalanced\lumpy\Normal_Skin_234.png,Normal,c9603004ca1d922f353f6872b1e4d944e411367bc69d309e4129b39f7c21fd6d,07e4392bd294583f,,,USABLE,NONE,256,256,3,RGB,147737
TRAIN,Normal_Skin_237.png,Normal_Skin_237.png,C:\Users\Ashutosh Verma\OneDrive\Desktop\VET VISION AI\data\lsd\LumpySkinDisease_DataHub\LumpySkinDisease_DataHub\data-processed\lumpy_unbalanced\lumpy\Normal_Skin_237.png,Normal,340f21ff77a77323c7a8fda6c32c81c2a4549d28af8a18305acfffbaabcc5292,9ebe35a7075616a6,,,USABLE,NONE,256,256,3,RGB,182753
TRAIN,Normal_Skin_238.png,Normal_Skin_238.png,C:\Users\Ashutosh Verma\OneDrive\Desktop\VET VISION AI\data\lsd\LumpySkinDisease_DataHub\LumpySkinDisease_DataHub\data-processed\lumpy_unbalanced\lumpy\Normal_Skin_238.png,Normal,794ee4ed9a52487d341759bf4eceb6ff5cd1933b2bbdbfd85bca605c3c378c96,05053d3d3d1d2d35,,,USABLE,NONE,256,256,3,RGB,174416
TRAIN,Normal_Skin_239.png,Normal_Skin_239.png,C:\Users\Ashutosh Verma\OneDrive\Desktop\VET VISION AI\data\lsd\LumpySkinDisease_DataHub\LumpySkinDisease_DataHub\data-processed\lumpy_unbalanced\lumpy\Normal_Skin_239.png,Normal,c544649e4492ab5e6752a4a986def037850c42d8ab9f21786f2c652aad8fab11,279c6d64f2d0d408,,,USABLE,NONE,256,256,3,RGB,159520
TRAIN,Normal_Skin_24.png,Normal_Skin_24.png,C:\Users\Ashutosh Verma\OneDrive\Desktop\VET VISION AI\data\lsd\LumpySkinDisease_DataHub\LumpySkinDisease_DataHub\data-processed\lumpy_unbalanced\lumpy\Normal_Skin_24.png,Normal,916cac24110d21bf2b75bcef9bb085e5f03715f59c4165aa177f0d98ef930a64,e49ce6ae2c6d5b6f,,,USABLE,NONE,256,256,3,RGB,176543
TRAIN,Normal_Skin_240.png,Normal_Skin_240.png,C:\Users\Ashutosh Verma\OneDrive\Desktop\VET VISION AI\data\lsd\LumpySkinDisease_DataHub\LumpySkinDisease_DataHub\data-processed\lumpy_unbalanced\lumpy\Normal_Skin_240.png,Normal,9d657777fbc0b7f8dc548e00d88141bf978dbc58af9aaa3add4b293d3311fa3e,7cfc756510994145,,ND-SAME-0068,USABLE,NONE,256,256,3,RGB,175666
TRAIN,Normal_Skin_241.png,Normal_Skin_241.png,C:\Users\Ashutosh Verma\OneDrive\Desktop\VET VISION AI\data\lsd\LumpySkinDisease_DataHub\LumpySkinDisease_DataHub\data-processed\lumpy_unbalanced\lumpy\Normal_Skin_241.png,Normal,87ad8cbe5eb352d33dc2f2153184bc4165ef1af8dc4682d9e0b6361212ac7493,15234ccce8cecff8,,,USABLE,NONE,256,256,3,RGB,147028
TRAIN,Normal_Skin_243.png,Normal_Skin_243.png,C:\Users\Ashutosh Verma\OneDrive\Desktop\VET VISION AI\data\lsd\LumpySkinDisease_DataHub\LumpySkinDisease_DataHub\data-processed\lumpy_unbalanced\lumpy\Normal_Skin_243.png,Normal,d36d7f2bc0b8a37eab318df04e12f4f5b1627022c68c2a8a34ecad257082d02b,9ad89363abdbd3e9,,,USABLE,NONE,256,256,3,RGB,150843
TRAIN,Normal_Skin_244.png,Normal_Skin_244.png,C:\Users\Ashutosh Verma\OneDrive\Desktop\VET VISION AI\data\lsd\LumpySkinDisease_DataHub\LumpySkinDisease_DataHub\data-processed\lumpy_unbalanced\lumpy\Normal_Skin_244.png,Normal,3829bab31b59c93ad88fe81b7c5ac7aa7e0e6a3d408cd0a2e60a2ed44696b9fa,76070f3736961ce0,,,USABLE,NONE,256,256,3,RGB,132688
TRAIN,Normal_Skin_245.png,Normal_Skin_245.png,C:\Users\Ashutosh Verma\OneDrive\Desktop\VET VISION AI\data\lsd\LumpySkinDisease_DataHub\LumpySkinDisease_DataHub\data-processed\lumpy_unbalanced\lumpy\Normal_Skin_245.png,Normal,fdeccf4360132d487d83ec95e7a0ec9660d73a0881d2c6e792290304a9072e4d,c0c646cce4c6e6e4,,,USABLE,NONE,256,256,3,RGB,140240
TRAIN,Normal_Skin_247.png,Normal_Skin_247.png,C:\Users\Ashutosh Verma\OneDrive\Desktop\VET VISION AI\data\lsd\LumpySkinDisease_DataHub\LumpySkinDisease_DataHub\data-processed\lumpy_unbalanced\lumpy\Normal_Skin_247.png,Normal,8081acbe777398f3a815b5086ef4f1cf1d1f2a2fa04ced5c757661b1aec54966,951136123379c892,,,USABLE,NONE,256,256,3,RGB,108180
TRAIN,Normal_Skin_248.png,Normal_Skin_248.png,C:\Users\Ashutosh Verma\OneDrive\Desktop\VET VISION AI\data\lsd\LumpySkinDisease_DataHub\LumpySkinDisease_DataHub\data-processed\lumpy_unbalanced\lumpy\Normal_Skin_248.png,Normal,9a1b028d6969e3a34cc311ee0d29e872bc8fdf39341285cf3a1969425e63f540,f3e3e5d8b134341a,,,USABLE,NONE,256,256,3,RGB,179003
TRAIN,Normal_Skin_249.png,Normal_Skin_249.png,C:\Users\Ashutosh Verma\OneDrive\Desktop\VET VISION AI\data\lsd\LumpySkinDisease_DataHub\LumpySkinDisease_DataHub\data-processed\lumpy_unbalanced\lumpy\Normal_Skin_249.png,Normal,b181116e9bf60616d259b3a7a6104a0729f68d663952e3dcfb3ff2842172628a,2f6b9b63e6dcf0e0,,ND-SAME-0069,USABLE,NONE,256,256,3,RGB,176533
TRAIN,Normal_Skin_25.png,Normal_Skin_25.png,C:\Users\Ashutosh Verma\OneDrive\Desktop\VET VISION AI\data\lsd\LumpySkinDisease_DataHub\LumpySkinDisease_DataHub\data-processed\lumpy_unbalanced\lumpy\Normal_Skin_25.png,Normal,53add104fcc1217a5468133eb07e869fda64267a367eac36dad4675b0d56ec5c,fcccc46c6036b24b,,,USABLE,NONE,256,256,3,RGB,173207
TRAIN,Normal_Skin_250.png,Normal_Skin_250.png,C:\Users\Ashutosh Verma\OneDrive\Desktop\VET VISION AI\data\lsd\LumpySkinDisease_DataHub\LumpySkinDisease_DataHub\data-processed\lumpy_unbalanced\lumpy\Normal_Skin_250.png,Normal,2b16a2562229c1747b899a08b624d530314c0ffb661fba59804bca671b0fd29f,7d82139797471f40,,,USABLE,NONE,256,256,3,RGB,124303
TRAIN,Normal_Skin_252.png,Normal_Skin_252.png,C:\Users\Ashutosh Verma\OneDrive\Desktop\VET VISION AI\data\lsd\LumpySkinDisease_DataHub\LumpySkinDisease_DataHub\data-processed\lumpy_unbalanced\lumpy\Normal_Skin_252.png,Normal,ffc7a8e43f08b28bebf39f2de653d320d9ba353a516afdd0b575240b93ee2c52,038ebcf8e2e42491,,,USABLE,NONE,256,256,3,RGB,163414
TRAIN,Normal_Skin_253.png,Normal_Skin_253.png,C:\Users\Ashutosh Verma\OneDrive\Desktop\VET VISION AI\data\lsd\LumpySkinDisease_DataHub\LumpySkinDisease_DataHub\data-processed\lumpy_unbalanced\lumpy\Normal_Skin_253.png,Normal,a1b4a0a2a53c5d7daa4352c1b43b9da0e68273f090e72217959aa44379de0802,cc33b18d0d0f8eb6,,,USABLE,NONE,256,256,3,RGB,137667
TRAIN,Normal_Skin_256.png,Normal_Skin_256.png,C:\Users\Ashutosh Verma\OneDrive\Desktop\VET VISION AI\data\lsd\LumpySkinDisease_DataHub\LumpySkinDisease_DataHub\data-processed\lumpy_unbalanced\lumpy\Normal_Skin_256.png,Normal,69f83a4eed6a2d85b76005a9e4c7834deaadaa61a03b6d5046c14bc57fcdd98d,1ec164831d9882a0,,,USABLE,NONE,256,256,3,RGB,158631
TRAIN,Normal_Skin_258.png,Normal_Skin_258.png,C:\Users\Ashutosh Verma\OneDrive\Desktop\VET VISION AI\data\lsd\LumpySkinDisease_DataHub\LumpySkinDisease_DataHub\data-processed\lumpy_unbalanced\lumpy\Normal_Skin_258.png,Normal,cac1b08f48a64a375ac558c674b3df62335c5e36610f643d20d141d268272367,e4a0c9ccae24acc8,,,USABLE,NONE,256,256,3,RGB,165377
TRAIN,Normal_Skin_26.png,Normal_Skin_26.png,C:\Users\Ashutosh Verma\OneDrive\Desktop\VET VISION AI\data\lsd\LumpySkinDisease_DataHub\LumpySkinDisease_DataHub\data-processed\lumpy_unbalanced\lumpy\Normal_Skin_26.png,Normal,928d39b0de21e81b666aa8df45d414bfb73ba39e8edfbb4370092928f52b9afd,6541ca71211901c5,,,USABLE,NONE,256,256,3,RGB,177600
TRAIN,Normal_Skin_260.png,Normal_Skin_260.png,C:\Users\Ashutosh Verma\OneDrive\Desktop\VET VISION AI\data\lsd\LumpySkinDisease_DataHub\LumpySkinDisease_DataHub\data-processed\lumpy_unbalanced\lumpy\Normal_Skin_260.png,Normal,fba96c8bc2819178219cf82084ee22597f75eb87a35d3bc03e829f9090224519,d715ceccd999919a,,,USABLE,NONE,256,256,3,RGB,158551
TRAIN,Normal_Skin_263.png,Normal_Skin_263.png,C:\Users\Ashutosh Verma\OneDrive\Desktop\VET VISION AI\data\lsd\LumpySkinDisease_DataHub\LumpySkinDisease_DataHub\data-processed\lumpy_unbalanced\lumpy\Normal_Skin_263.png,Normal,d4ab4192eefa8597121dfc1928b47cc5005168b3592d475e84872db50f2325ae,6670c06376163a1a,,ND-SAME-0039,USABLE,NONE,256,256,3,RGB,138892
TRAIN,Normal_Skin_264.png,Normal_Skin_264.png,C:\Users\Ashutosh Verma\OneDrive\Desktop\VET VISION AI\data\lsd\LumpySkinDisease_DataHub\LumpySkinDisease_DataHub\data-processed\lumpy_unbalanced\lumpy\Normal_Skin_264.png,Normal,8c1e5660e6e0bdec162fa71d54925ae37e0d73f383ab17f2231c5f2f5ac2388c,f6b694b37332b0e8,,,USABLE,NONE,256,256,3,RGB,154616
TRAIN,Normal_Skin_265.png,Normal_Skin_265.png,C:\Users\Ashutosh Verma\OneDrive\Desktop\VET VISION AI\data\lsd\LumpySkinDisease_DataHub\LumpySkinDisease_DataHub\data-processed\lumpy_unbalanced\lumpy\Normal_Skin_265.png,Normal,0ff209fac8649225fad98bde8f2c73b08fffcdefb60ba6b7783c53ee7dafdeac,932b64ccccca8985,,,USABLE,NONE,256,256,3,RGB,185334
TRAIN,Normal_Skin_266.png,Normal_Skin_266.png,C:\Users\Ashutosh Verma\OneDrive\Desktop\VET VISION AI\data\lsd\LumpySkinDisease_DataHub\LumpySkinDisease_DataHub\data-processed\lumpy_unbalanced\lumpy\Normal_Skin_266.png,Normal,9433e14d54461f577ea5fbfbfd39c65d61e16fa4bb8e15e44aa59767e0ceb607,24d4f0d9d8e82c36,,,USABLE,NONE,256,256,3,RGB,94185
TRAIN,Normal_Skin_268.png,Normal_Skin_268.png,C:\Users\Ashutosh Verma\OneDrive\Desktop\VET VISION AI\data\lsd\LumpySkinDisease_DataHub\LumpySkinDisease_DataHub\data-processed\lumpy_unbalanced\lumpy\Normal_Skin_268.png,Normal,ac755b732d30cd27048521986202a61ff9b5282a36e78d42c9ef2a241a974cc5,4bc7c4ccc77b5a43,,,USABLE,NONE,256,256,3,RGB,159864
TRAIN,Normal_Skin_269.png,Normal_Skin_269.png,C:\Users\Ashutosh Verma\OneDrive\Desktop\VET VISION AI\data\lsd\LumpySkinDisease_DataHub\LumpySkinDisease_DataHub\data-processed\lumpy_unbalanced\lumpy\Normal_Skin_269.png,Normal,2444e344b3c36048c8f9665d6b94302b53079ca21015bd8d7e830bd58e71339e,e0c84d67567692f0,,,USABLE,NONE,256,256,3,RGB,171963
TRAIN,Normal_Skin_270.png,Normal_Skin_270.png,C:\Users\Ashutosh Verma\OneDrive\Desktop\VET VISION AI\data\lsd\LumpySkinDisease_DataHub\LumpySkinDisease_DataHub\data-processed\lumpy_unbalanced\lumpy\Normal_Skin_270.png,Normal,356ad14e6b2339f4df2d7e6bc1eea2f06b0d1eaec9275efe9794c219f867b724,96bcd85b51d372f1,,,USABLE,NONE,256,256,3,RGB,144304
TRAIN,Normal_Skin_274.png,Normal_Skin_274.png,C:\Users\Ashutosh Verma\OneDrive\Desktop\VET VISION AI\data\lsd\LumpySkinDisease_DataHub\LumpySkinDisease_DataHub\data-processed\lumpy_unbalanced\lumpy\Normal_Skin_274.png,Normal,f6777b15ae79a65751313369e8a1676b4d62f487764301906294685f01036345,f0ccad371216968d,,,USABLE,NONE,256,256,3,RGB,156468
TRAIN,Normal_Skin_275.png,Normal_Skin_275.png,C:\Users\Ashutosh Verma\OneDrive\Desktop\VET VISION AI\data\lsd\LumpySkinDisease_DataHub\LumpySkinDisease_DataHub\data-processed\lumpy_unbalanced\lumpy\Normal_Skin_275.png,Normal,255055ee01751615bf7a369161a79f1fd64bb7ae5d420e237c5568d13dda0ed2,979a9e876c6c75c0,,,USABLE,NONE,256,256,3,RGB,187295
TRAIN,Normal_Skin_276.png,Normal_Skin_276.png,C:\Users\Ashutosh Verma\OneDrive\Desktop\VET VISION AI\data\lsd\LumpySkinDisease_DataHub\LumpySkinDisease_DataHub\data-processed\lumpy_unbalanced\lumpy\Normal_Skin_276.png,Normal,cef27c0919071ea5afbe0217851210581590dfb886b724c61c7da19a7ecfec94,f2b29395929a8c4c,,,USABLE,NONE,256,256,3,RGB,161991
TRAIN,Normal_Skin_277.png,Normal_Skin_277.png,C:\Users\Ashutosh Verma\OneDrive\Desktop\VET VISION AI\data\lsd\LumpySkinDisease_DataHub\LumpySkinDisease_DataHub\data-processed\lumpy_unbalanced\lumpy\Normal_Skin_277.png,Normal,450b24a414d25ff1b350737c058f4123afa2aa02242b96d5e52900a6db528bc8,d0cad2e4e6eaf271,,,USABLE,NONE,256,256,3,RGB,152158
TRAIN,Normal_Skin_278.png,Normal_Skin_278.png,C:\Users\Ashutosh Verma\OneDrive\Desktop\VET VISION AI\data\lsd\LumpySkinDisease_DataHub\LumpySkinDisease_DataHub\data-processed\lumpy_unbalanced\lumpy\Normal_Skin_278.png,Normal,458e978ffaff709a82b2b234a1603960c1a704a0305c3850206e0361bf81b7a7,4e333616162787e8,,,USABLE,NONE,256,256,3,RGB,128794
TRAIN,Normal_Skin_28.png,Normal_Skin_28.png,C:\Users\Ashutosh Verma\OneDrive\Desktop\VET VISION AI\data\lsd\LumpySkinDisease_DataHub\LumpySkinDisease_DataHub\data-processed\lumpy_unbalanced\lumpy\Normal_Skin_28.png,Normal,f962f98f6db7afb09b7392ed0653ee205048fab50c16d5cd680925a9663e544a,1a18781cdcf430da,,,USABLE,NONE,256,256,3,RGB,170736
TRAIN,Normal_Skin_282.png,Normal_Skin_282.png,C:\Users\Ashutosh Verma\OneDrive\Desktop\VET VISION AI\data\lsd\LumpySkinDisease_DataHub\LumpySkinDisease_DataHub\data-processed\lumpy_unbalanced\lumpy\Normal_Skin_282.png,Normal,5a85f5824cf719dd99b3857b6ac937b81d211ab2e1cc4e523b6ab5676e820864,fefad9c9cbdbd7df,,,USABLE,NONE,256,256,3,RGB,174393
TRAIN,Normal_Skin_283.png,Normal_Skin_283.png,C:\Users\Ashutosh Verma\OneDrive\Desktop\VET VISION AI\data\lsd\LumpySkinDisease_DataHub\LumpySkinDisease_DataHub\data-processed\lumpy_unbalanced\lumpy\Normal_Skin_283.png,Normal,348ed6444a1b9851d6d86b752b1e39c3ad77c80b6d5b5e9a7ccb0f889bb1d978,8a8fbb33b3d3e7ce,,,USABLE,NONE,256,256,3,RGB,169933
TRAIN,Normal_Skin_285.png,Normal_Skin_285.png,C:\Users\Ashutosh Verma\OneDrive\Desktop\VET VISION AI\data\lsd\LumpySkinDisease_DataHub\LumpySkinDisease_DataHub\data-processed\lumpy_unbalanced\lumpy\Normal_Skin_285.png,Normal,fd9b3ba9531a3990378295fd2bb8c6aa1dcb46500a1552d22f4d85307c85fe84,d1d1533351b69385,,,USABLE,NONE,256,256,3,RGB,175049
TRAIN,Normal_Skin_287.png,Normal_Skin_287.png,C:\Users\Ashutosh Verma\OneDrive\Desktop\VET VISION AI\data\lsd\LumpySkinDisease_DataHub\LumpySkinDisease_DataHub\data-processed\lumpy_unbalanced\lumpy\Normal_Skin_287.png,Normal,b60b8a08005983e13faa2c5ea7074f3bd37fa9670c1d83a73785718ace74aed4,a22a33333333b5a5,,,USABLE,NONE,256,256,3,RGB,169816
TRAIN,Normal_Skin_288.png,Normal_Skin_288.png,C:\Users\Ashutosh Verma\OneDrive\Desktop\VET VISION AI\data\lsd\LumpySkinDisease_DataHub\LumpySkinDisease_DataHub\data-processed\lumpy_unbalanced\lumpy\Normal_Skin_288.png,Normal,569c2cb2823455faa7b59906b045401c7376baa73dabff7af801f68056ba0aaf,5210298c4c4c4eac,,,USABLE,NONE,256,256,3,RGB,183021
TRAIN,Normal_Skin_289.png,Normal_Skin_289.png,C:\Users\Ashutosh Verma\OneDrive\Desktop\VET VISION AI\data\lsd\LumpySkinDisease_DataHub\LumpySkinDisease_DataHub\data-processed\lumpy_unbalanced\lumpy\Normal_Skin_289.png,Normal,58b138603a6a5dde0a936488f091399b14e2248910c22c07d0d2f4fd5e25fa24,eb69898cce6f6c6e,,,USABLE,NONE,256,256,3,RGB,179634
TRAIN,Normal_Skin_29.png,Normal_Skin_29.png,C:\Users\Ashutosh Verma\OneDrive\Desktop\VET VISION AI\data\lsd\LumpySkinDisease_DataHub\LumpySkinDisease_DataHub\data-processed\lumpy_unbalanced\lumpy\Normal_Skin_29.png,Normal,1bbdffaf7f435c2db7d4ff896295af9d932e0f33ae555d6c673eaabf5893eadd,3faf21319286b399,,,USABLE,NONE,256,256,3,RGB,180949
TRAIN,Normal_Skin_290.png,Normal_Skin_290.png,C:\Users\Ashutosh Verma\OneDrive\Desktop\VET VISION AI\data\lsd\LumpySkinDisease_DataHub\LumpySkinDisease_DataHub\data-processed\lumpy_unbalanced\lumpy\Normal_Skin_290.png,Normal,467cccf340d6a874815fe91369b1fe680122c1b285174e53489e5767defb437b,42b0c9ede87c36b0,,,USABLE,NONE,256,256,3,RGB,178674
TRAIN,Normal_Skin_292.png,Normal_Skin_292.png,C:\Users\Ashutosh Verma\OneDrive\Desktop\VET VISION AI\data\lsd\LumpySkinDisease_DataHub\LumpySkinDisease_DataHub\data-processed\lumpy_unbalanced\lumpy\Normal_Skin_292.png,Normal,6701bbc41776fb6ee3d2ce5bb3e7524993d0995910aa716900fa506382ffd0eb,ed666c9c6679bdbc,,,USABLE,NONE,256,256,3,RGB,190575
TRAIN,Normal_Skin_294.png,Normal_Skin_294.png,C:\Users\Ashutosh Verma\OneDrive\Desktop\VET VISION AI\data\lsd\LumpySkinDisease_DataHub\LumpySkinDisease_DataHub\data-processed\lumpy_unbalanced\lumpy\Normal_Skin_294.png,Normal,54658d7c2f030c93524f78ef69ab16db9d274bce62de4e0a31d3af2000ea7f61,a62019392933b7bd,,ND-SAME-0072,USABLE,NONE,256,256,3,RGB,169460
TRAIN,Normal_Skin_296.png,Normal_Skin_296.png,C:\Users\Ashutosh Verma\OneDrive\Desktop\VET VISION AI\data\lsd\LumpySkinDisease_DataHub\LumpySkinDisease_DataHub\data-processed\lumpy_unbalanced\lumpy\Normal_Skin_296.png,Normal,1ea5e9ce0045dee83c7281a9d70c22ef475c6977523953d2efa098f2ced2fab1,e838999c343cd87c,,,USABLE,NONE,256,256,3,RGB,174059
TRAIN,Normal_Skin_297.png,Normal_Skin_297.png,C:\Users\Ashutosh Verma\OneDrive\Desktop\VET VISION AI\data\lsd\LumpySkinDisease_DataHub\LumpySkinDisease_DataHub\data-processed\lumpy_unbalanced\lumpy\Normal_Skin_297.png,Normal,e58fe496049fe3efcee6476b891c40a4a0d597194a35c12b9cb1a281cfc87c31,be9bbbfccccc6c07,,,USABLE,NONE,256,256,3,RGB,174422
TRAIN,Normal_Skin_298.png,Normal_Skin_298.png,C:\Users\Ashutosh Verma\OneDrive\Desktop\VET VISION AI\data\lsd\LumpySkinDisease_DataHub\LumpySkinDisease_DataHub\data-processed\lumpy_unbalanced\lumpy\Normal_Skin_298.png,Normal,d6008d1960256a9d30317e6eaeddedd529a3d46ecf6e702fdb95e55a40e9f5aa,090427530b93931b,,,USABLE,NONE,256,256,3,RGB,130366
TRAIN,Normal_Skin_299.png,Normal_Skin_299.png,C:\Users\Ashutosh Verma\OneDrive\Desktop\VET VISION AI\data\lsd\LumpySkinDisease_DataHub\LumpySkinDisease_DataHub\data-processed\lumpy_unbalanced\lumpy\Normal_Skin_299.png,Normal,161884a0114da3a66e2f3dab3fc8baa9887ca81d6a45d42c8e5dc616016818a3,4d35373b0b0b6379,,,USABLE,NONE,256,256,3,RGB,142711
TRAIN,Normal_Skin_30.png,Normal_Skin_30.png,C:\Users\Ashutosh Verma\OneDrive\Desktop\VET VISION AI\data\lsd\LumpySkinDisease_DataHub\LumpySkinDisease_DataHub\data-processed\lumpy_unbalanced\lumpy\Normal_Skin_30.png,Normal,62ec753649a5f214c66fa9c9dcce061575cee4bd06d4d129fb9176f1916884d1,69f29613a8bcdde5,,ND-SAME-0053,USABLE,NONE,256,256,3,RGB,145514
TRAIN,Normal_Skin_300.png,Normal_Skin_300.png,C:\Users\Ashutosh Verma\OneDrive\Desktop\VET VISION AI\data\lsd\LumpySkinDisease_DataHub\LumpySkinDisease_DataHub\data-processed\lumpy_unbalanced\lumpy\Normal_Skin_300.png,Normal,36eddca972fcd02ea6ee8b5647cb90f16cccd5745799d2a526e43041d75a0c11,fc28bcbcf838b161,,,USABLE,NONE,256,256,3,RGB,134914
TRAIN,Normal_Skin_302.png,Normal_Skin_302.png,C:\Users\Ashutosh Verma\OneDrive\Desktop\VET VISION AI\data\lsd\LumpySkinDisease_DataHub\LumpySkinDisease_DataHub\data-processed\lumpy_unbalanced\lumpy\Normal_Skin_302.png,Normal,53d7754ad6088d00ba40ad821c788e2f0c2d909d848ce5c5becf2a7d11f0af4a,e05c8a646038b0a9,,,USABLE,NONE,256,256,3,RGB,145159
TRAIN,Normal_Skin_305.png,Normal_Skin_305.png,C:\Users\Ashutosh Verma\OneDrive\Desktop\VET VISION AI\data\lsd\LumpySkinDisease_DataHub\LumpySkinDisease_DataHub\data-processed\lumpy_unbalanced\lumpy\Normal_Skin_305.png,Normal,baf9cbc86c957ac83145d5e64f48cfdfe4bc4d15c1a8e003507755e54693bd87,22cc332b622aa448,,,USABLE,NONE,256,256,3,RGB,138892
TRAIN,Normal_Skin_306.png,Normal_Skin_306.png,C:\Users\Ashutosh Verma\OneDrive\Desktop\VET VISION AI\data\lsd\LumpySkinDisease_DataHub\LumpySkinDisease_DataHub\data-processed\lumpy_unbalanced\lumpy\Normal_Skin_306.png,Normal,f03448a748c8d5148e480873cd63e8ac0bfeb3780f9e1234c4b61ab97d12b460,4c2919d290c04349,,,USABLE,NONE,256,256,3,RGB,172136
TRAIN,Normal_Skin_307.png,Normal_Skin_307.png,C:\Users\Ashutosh Verma\OneDrive\Desktop\VET VISION AI\data\lsd\LumpySkinDisease_DataHub\LumpySkinDisease_DataHub\data-processed\lumpy_unbalanced\lumpy\Normal_Skin_307.png,Normal,e15b4588c960f64f28f58daffbd1cea84d375aeee2df3045c2a575300d741745,964e0e6e74b4849c,,,USABLE,NONE,256,256,3,RGB,186303
TRAIN,Normal_Skin_309.png,Normal_Skin_309.png,C:\Users\Ashutosh Verma\OneDrive\Desktop\VET VISION AI\data\lsd\LumpySkinDisease_DataHub\LumpySkinDisease_DataHub\data-processed\lumpy_unbalanced\lumpy\Normal_Skin_309.png,Normal,5241fba2bc283776fe71b4ff940d265f0643e9f14423d399230c31b677224ab7,a69ba62c0c3d2868,,,USABLE,NONE,256,256,3,RGB,155337
TRAIN,Normal_Skin_31.png,Normal_Skin_31.png,C:\Users\Ashutosh Verma\OneDrive\Desktop\VET VISION AI\data\lsd\LumpySkinDisease_DataHub\LumpySkinDisease_DataHub\data-processed\lumpy_unbalanced\lumpy\Normal_Skin_31.png,Normal,78f0e728e0287bbfc010e1f150a5d46ea2463ff0617cee558d3d2d9b74c35236,18883122cf85935a,,,USABLE,NONE,256,256,3,RGB,154968
TRAIN,Normal_Skin_310.png,Normal_Skin_310.png,C:\Users\Ashutosh Verma\OneDrive\Desktop\VET VISION AI\data\lsd\LumpySkinDisease_DataHub\LumpySkinDisease_DataHub\data-processed\lumpy_unbalanced\lumpy\Normal_Skin_310.png,Normal,d3573b575fefaf82ce9f0c85c150d4a4e8d5a6998f279968be901f70626c66cf,90c2c6e622a4a1e5,,,USABLE,NONE,256,256,3,RGB,146266
TRAIN,Normal_Skin_313.png,Normal_Skin_313.png,C:\Users\Ashutosh Verma\OneDrive\Desktop\VET VISION AI\data\lsd\LumpySkinDisease_DataHub\LumpySkinDisease_DataHub\data-processed\lumpy_unbalanced\lumpy\Normal_Skin_313.png,Normal,2050e56d38e8ff3a472527a1087079b75b1f1ec4ee6f3e50d08e5382d78d7abc,3e3296666694347e,,,USABLE,NONE,256,256,3,RGB,153259
TRAIN,Normal_Skin_314.png,Normal_Skin_314.png,C:\Users\Ashutosh Verma\OneDrive\Desktop\VET VISION AI\data\lsd\LumpySkinDisease_DataHub\LumpySkinDisease_DataHub\data-processed\lumpy_unbalanced\lumpy\Normal_Skin_314.png,Normal,d1eee786462c2fe807540817250181502da74dfbf789715187619df0a79d94df,8e192a2229490c04,,,USABLE,NONE,256,256,3,RGB,181812
TRAIN,Normal_Skin_315.png,Normal_Skin_315.png,C:\Users\Ashutosh Verma\OneDrive\Desktop\VET VISION AI\data\lsd\LumpySkinDisease_DataHub\LumpySkinDisease_DataHub\data-processed\lumpy_unbalanced\lumpy\Normal_Skin_315.png,Normal,077d9882356e7fd61398d45b3d786e7f70726851a6a80972cd3525a4b97b2274,1c3232b1939c6010,,,USABLE,NONE,256,256,3,RGB,172042
TRAIN,Normal_Skin_316.png,Normal_Skin_316.png,C:\Users\Ashutosh Verma\OneDrive\Desktop\VET VISION AI\data\lsd\LumpySkinDisease_DataHub\LumpySkinDisease_DataHub\data-processed\lumpy_unbalanced\lumpy\Normal_Skin_316.png,Normal,9edada54fc65314bfc2902abc8f5cd89093beab35fec3861b532baf6c78d9a03,32e6c45454050020,,,USABLE,NONE,256,256,3,RGB,160424
TRAIN,Normal_Skin_317.png,Normal_Skin_317.png,C:\Users\Ashutosh Verma\OneDrive\Desktop\VET VISION AI\data\lsd\LumpySkinDisease_DataHub\LumpySkinDisease_DataHub\data-processed\lumpy_unbalanced\lumpy\Normal_Skin_317.png,Normal,d864162572f77adb13f804fcdda4b24031dce1648a136f6c376e1804b7857139,c0b0918ccec6d63c,,,USABLE,NONE,256,256,3,RGB,166668
TRAIN,Normal_Skin_318.png,Normal_Skin_318.png,C:\Users\Ashutosh Verma\OneDrive\Desktop\VET VISION AI\data\lsd\LumpySkinDisease_DataHub\LumpySkinDisease_DataHub\data-processed\lumpy_unbalanced\lumpy\Normal_Skin_318.png,Normal,81230900e5b0717d4cac6377c73c8a66b4287461d887da86cb34893dc265c618,4353b79f599f9f9f,,,USABLE,NONE,256,256,3,RGB,182573
TRAIN,Normal_Skin_319.png,Normal_Skin_319.png,C:\Users\Ashutosh Verma\OneDrive\Desktop\VET VISION AI\data\lsd\LumpySkinDisease_DataHub\LumpySkinDisease_DataHub\data-processed\lumpy_unbalanced\lumpy\Normal_Skin_319.png,Normal,7218be3d91f5810b903beb241c726abd23ca865b45bacb6e64bf8daa8f5ec521,17ace8333707666a,,,USABLE,NONE,256,256,3,RGB,142903
TRAIN,Normal_Skin_320.png,Normal_Skin_320.png,C:\Users\Ashutosh Verma\OneDrive\Desktop\VET VISION AI\data\lsd\LumpySkinDisease_DataHub\LumpySkinDisease_DataHub\data-processed\lumpy_unbalanced\lumpy\Normal_Skin_320.png,Normal,11f2becbcf999af1876470409d2ab7beb5d7a2685a6afb614a453fab02cd7217,92326ccaa9a1edec,,,USABLE,NONE,256,256,3,RGB,145800
TRAIN,Normal_Skin_321.png,Normal_Skin_321.png,C:\Users\Ashutosh Verma\OneDrive\Desktop\VET VISION AI\data\lsd\LumpySkinDisease_DataHub\LumpySkinDisease_DataHub\data-processed\lumpy_unbalanced\lumpy\Normal_Skin_321.png,Normal,23e957f624a6ba7191e10203656080b42d67ad09c081c1ab699f7954cd99d3b2,4165bb930bcdc30a,,,USABLE,NONE,256,256,3,RGB,155004
TRAIN,Normal_Skin_322.png,Normal_Skin_322.png,C:\Users\Ashutosh Verma\OneDrive\Desktop\VET VISION AI\data\lsd\LumpySkinDisease_DataHub\LumpySkinDisease_DataHub\data-processed\lumpy_unbalanced\lumpy\Normal_Skin_322.png,Normal,3d8a5f6d58e1d8806bad0362d7d83224a26c51c29fe036bcd8129e66ac8403c3,92129b9b0f6f879b,,,USABLE,NONE,256,256,3,RGB,166325
TRAIN,Normal_Skin_323.png,Normal_Skin_323.png,C:\Users\Ashutosh Verma\OneDrive\Desktop\VET VISION AI\data\lsd\LumpySkinDisease_DataHub\LumpySkinDisease_DataHub\data-processed\lumpy_unbalanced\lumpy\Normal_Skin_323.png,Normal,81ee6c55a4b823209d17459b1fbe8c3388ce079dc7affe0761da8b93ab4b8b72,6d4154f5661adb71,,,USABLE,NONE,256,256,3,RGB,166012
TRAIN,Normal_Skin_325.png,Normal_Skin_325.png,C:\Users\Ashutosh Verma\OneDrive\Desktop\VET VISION AI\data\lsd\LumpySkinDisease_DataHub\LumpySkinDisease_DataHub\data-processed\lumpy_unbalanced\lumpy\Normal_Skin_325.png,Normal,9487a52e256e48084e65d544c1bd95c9351bc0870e7c45982ba5840f0d07de47,d085469397e6e6a2,,,USABLE,NONE,256,256,3,RGB,106823
TRAIN,Normal_Skin_327.png,Normal_Skin_327.png,C:\Users\Ashutosh Verma\OneDrive\Desktop\VET VISION AI\data\lsd\LumpySkinDisease_DataHub\LumpySkinDisease_DataHub\data-processed\lumpy_unbalanced\lumpy\Normal_Skin_327.png,Normal,e95c484e5d8c9049ebed00effb5cad66393593067fb31cb702e9e956477f6e0b,78729d98980cd1a6,,,USABLE,NONE,256,256,3,RGB,154199
TRAIN,Normal_Skin_329.png,Normal_Skin_329.png,C:\Users\Ashutosh Verma\OneDrive\Desktop\VET VISION AI\data\lsd\LumpySkinDisease_DataHub\LumpySkinDisease_DataHub\data-processed\lumpy_unbalanced\lumpy\Normal_Skin_329.png,Normal,f36d9edf05f4c59940b95b2667f8cba3fecc75f7b4e2d9fc1b424e617d93e4aa,c3db4b0b0a5bdd99,,,USABLE,NONE,256,256,3,RGB,181328
TRAIN,Normal_Skin_331.png,Normal_Skin_331.png,C:\Users\Ashutosh Verma\OneDrive\Desktop\VET VISION AI\data\lsd\LumpySkinDisease_DataHub\LumpySkinDisease_DataHub\data-processed\lumpy_unbalanced\lumpy\Normal_Skin_331.png,Normal,8a6b0ecd286ea87ba0e047cc37ae91e498ddd46a76ad88e5f11564f26b895bba,6b6bdc2467039967,,,USABLE,NONE,256,256,3,RGB,181364
TRAIN,Normal_Skin_332.png,Normal_Skin_332.png,C:\Users\Ashutosh Verma\OneDrive\Desktop\VET VISION AI\data\lsd\LumpySkinDisease_DataHub\LumpySkinDisease_DataHub\data-processed\lumpy_unbalanced\lumpy\Normal_Skin_332.png,Normal,051ec902c956003b10fdd53ee3109433ca26179d02519b15105cb5e3807f0918,afcf7fae61263230,,,USABLE,NONE,256,256,3,RGB,162402
TRAIN,Normal_Skin_335.png,Normal_Skin_335.png,C:\Users\Ashutosh Verma\OneDrive\Desktop\VET VISION AI\data\lsd\LumpySkinDisease_DataHub\LumpySkinDisease_DataHub\data-processed\lumpy_unbalanced\lumpy\Normal_Skin_335.png,Normal,40108d70d3946cd9d256ed51bee22f9a8c3546d72f1e5e368f14e9ed79f9fba4,e0caecf170e8eccc,,,USABLE,NONE,256,256,3,RGB,132935
TRAIN,Normal_Skin_336.png,Normal_Skin_336.png,C:\Users\Ashutosh Verma\OneDrive\Desktop\VET VISION AI\data\lsd\LumpySkinDisease_DataHub\LumpySkinDisease_DataHub\data-processed\lumpy_unbalanced\lumpy\Normal_Skin_336.png,Normal,60d7ca9d33ec86e47209fe42c3e0bd1ff52b8865905223d3576cf88386e266f4,66c4c9cad85a4151,,,USABLE,NONE,256,256,3,RGB,160584
TRAIN,Normal_Skin_337.png,Normal_Skin_337.png,C:\Users\Ashutosh Verma\OneDrive\Desktop\VET VISION AI\data\lsd\LumpySkinDisease_DataHub\LumpySkinDisease_DataHub\data-processed\lumpy_unbalanced\lumpy\Normal_Skin_337.png,Normal,0d3a4ec7f28de2b4711cd41fdafe5d53e68f32a955ed9c39f8d0475c5bb0a29d,c8b29646034363e1,,,USABLE,NONE,256,256,3,RGB,131691
TRAIN,Normal_Skin_338.png,Normal_Skin_338.png,C:\Users\Ashutosh Verma\OneDrive\Desktop\VET VISION AI\data\lsd\LumpySkinDisease_DataHub\LumpySkinDisease_DataHub\data-processed\lumpy_unbalanced\lumpy\Normal_Skin_338.png,Normal,e5c181eeed4b7551526de3ae733fcd66a1a122b641cee689e36351c5438ea49d,6ed471b0b3e33466,,,USABLE,NONE,256,256,3,RGB,166160
TRAIN,Normal_Skin_339.png,Normal_Skin_339.png,C:\Users\Ashutosh Verma\OneDrive\Desktop\VET VISION AI\data\lsd\LumpySkinDisease_DataHub\LumpySkinDisease_DataHub\data-processed\lumpy_unbalanced\lumpy\Normal_Skin_339.png,Normal,50c250321e90161e878204c99a5b3e63a6090673547faa0430ffe7aa47c0947e,83c32c3e4345d393,,,USABLE,NONE,256,256,3,RGB,177436
TRAIN,Normal_Skin_34.png,Normal_Skin_34.png,C:\Users\Ashutosh Verma\OneDrive\Desktop\VET VISION AI\data\lsd\LumpySkinDisease_DataHub\LumpySkinDisease_DataHub\data-processed\lumpy_unbalanced\lumpy\Normal_Skin_34.png,Normal,655a613b1f91bda094f8293ba0edd655a4d3f6d1854cef6227469bb0456dea9c,3199993a1a1f0f17,,,USABLE,NONE,256,256,3,RGB,174933
TRAIN,Normal_Skin_340.png,Normal_Skin_340.png,C:\Users\Ashutosh Verma\OneDrive\Desktop\VET VISION AI\data\lsd\LumpySkinDisease_DataHub\LumpySkinDisease_DataHub\data-processed\lumpy_unbalanced\lumpy\Normal_Skin_340.png,Normal,51c73395d9f49efd6e7bab5c8d06066ad848464dcbd04e2ef6e55d0dca582601,0b9909491bd35f59,,ND-SAME-0064,USABLE,NONE,256,256,3,RGB,75162
TRAIN,Normal_Skin_341.png,Normal_Skin_341.png,C:\Users\Ashutosh Verma\OneDrive\Desktop\VET VISION AI\data\lsd\LumpySkinDisease_DataHub\LumpySkinDisease_DataHub\data-processed\lumpy_unbalanced\lumpy\Normal_Skin_341.png,Normal,355c25173168b02de47d8456023a3153a3bf5608185bfbb3f3ab23a245ac1c7c,2bdb4f4f0e1e7fd6,,,USABLE,NONE,256,256,3,RGB,165220
TRAIN,Normal_Skin_342.png,Normal_Skin_342.png,C:\Users\Ashutosh Verma\OneDrive\Desktop\VET VISION AI\data\lsd\LumpySkinDisease_DataHub\LumpySkinDisease_DataHub\data-processed\lumpy_unbalanced\lumpy\Normal_Skin_342.png,Normal,c78c1c5e509f5051375793b6ca5e515ac56a22e3f5fe476966822ef718d51123,79d213b3d3533232,,,USABLE,NONE,256,256,3,RGB,168758
TRAIN,Normal_Skin_343.png,Normal_Skin_343.png,C:\Users\Ashutosh Verma\OneDrive\Desktop\VET VISION AI\data\lsd\LumpySkinDisease_DataHub\LumpySkinDisease_DataHub\data-processed\lumpy_unbalanced\lumpy\Normal_Skin_343.png,Normal,21f4d8625758e2a84666dbbe7974a385541b2e95a125a32cf824bf6559e49c79,c0cde16491bbe1d6,,,USABLE,NONE,256,256,3,RGB,143404
TRAIN,Normal_Skin_344.png,Normal_Skin_344.png,C:\Users\Ashutosh Verma\OneDrive\Desktop\VET VISION AI\data\lsd\LumpySkinDisease_DataHub\LumpySkinDisease_DataHub\data-processed\lumpy_unbalanced\lumpy\Normal_Skin_344.png,Normal,36279d6aa54ac173c70e102656beead2d59e99116e7b7b0fac036ae83951b8a1,5b98bcf4525bfc71,,,USABLE,NONE,256,256,3,RGB,173844
TRAIN,Normal_Skin_348.png,Normal_Skin_348.png,C:\Users\Ashutosh Verma\OneDrive\Desktop\VET VISION AI\data\lsd\LumpySkinDisease_DataHub\LumpySkinDisease_DataHub\data-processed\lumpy_unbalanced\lumpy\Normal_Skin_348.png,Normal,959c7f3e6612770f9f785fab9cb7f4f2e4ca088b2bb97b5b28211870d6f8232b,58d2ccd81860c838,,,USABLE,NONE,256,256,3,RGB,159330
TRAIN,Normal_Skin_349.png,Normal_Skin_349.png,C:\Users\Ashutosh Verma\OneDrive\Desktop\VET VISION AI\data\lsd\LumpySkinDisease_DataHub\LumpySkinDisease_DataHub\data-processed\lumpy_unbalanced\lumpy\Normal_Skin_349.png,Normal,29f9592756459f498ef671597de0855f6aee777bd037ac0869ba7c25bbeb4488,c42cc9d6d6d4d48e,,,USABLE,NONE,256,256,3,RGB,169280
TRAIN,Normal_Skin_35.png,Normal_Skin_35.png,C:\Users\Ashutosh Verma\OneDrive\Desktop\VET VISION AI\data\lsd\LumpySkinDisease_DataHub\LumpySkinDisease_DataHub\data-processed\lumpy_unbalanced\lumpy\Normal_Skin_35.png,Normal,fd17d91fda6bc04cfa775203541266ffd0503899635c60dbe2ea9a5dea9979a7,484ea4a4ecec4a6a,,,USABLE,NONE,256,256,3,RGB,179456
TRAIN,Normal_Skin_350.png,Normal_Skin_350.png,C:\Users\Ashutosh Verma\OneDrive\Desktop\VET VISION AI\data\lsd\LumpySkinDisease_DataHub\LumpySkinDisease_DataHub\data-processed\lumpy_unbalanced\lumpy\Normal_Skin_350.png,Normal,7aaa44b07772bc4dab61cfd7e281bdbb853576d33aa7a9f06794a4c9c197cba6,332da28ba9ed2f1b,,,USABLE,NONE,256,256,3,RGB,171450
TRAIN,Normal_Skin_351.png,Normal_Skin_351.png,C:\Users\Ashutosh Verma\OneDrive\Desktop\VET VISION AI\data\lsd\LumpySkinDisease_DataHub\LumpySkinDisease_DataHub\data-processed\lumpy_unbalanced\lumpy\Normal_Skin_351.png,Normal,ddc1307267e3de8bf31a270086cd670a0c0fa5452f967c7bc110adf32428f520,6f9c31ebcd9d9785,,,USABLE,NONE,256,256,3,RGB,165568
TRAIN,Normal_Skin_352.png,Normal_Skin_352.png,C:\Users\Ashutosh Verma\OneDrive\Desktop\VET VISION AI\data\lsd\LumpySkinDisease_DataHub\LumpySkinDisease_DataHub\data-processed\lumpy_unbalanced\lumpy\Normal_Skin_352.png,Normal,37caa6e8cc2b42d08ac1b19408c702bc4e9caa83e3f099a303df626e6e469145,3a3a5ada989aa8f8,,,USABLE,NONE,256,256,3,RGB,77732
TRAIN,Normal_Skin_354.png,Normal_Skin_354.png,C:\Users\Ashutosh Verma\OneDrive\Desktop\VET VISION AI\data\lsd\LumpySkinDisease_DataHub\LumpySkinDisease_DataHub\data-processed\lumpy_unbalanced\lumpy\Normal_Skin_354.png,Normal,4848bf3f4373c9a0edf3fd0b3b70b1297d3ed67de4175e3a6a8f95de59ac2409,afc7aab3b2b6a8ec,,,USABLE,NONE,256,256,3,RGB,174660
TRAIN,Normal_Skin_355.png,Normal_Skin_355.png,C:\Users\Ashutosh Verma\OneDrive\Desktop\VET VISION AI\data\lsd\LumpySkinDisease_DataHub\LumpySkinDisease_DataHub\data-processed\lumpy_unbalanced\lumpy\Normal_Skin_355.png,Normal,690ce6a83ceee2817c8ccb351918844516b524573b04943a14701540161ac062,9133297327951551,,,USABLE,NONE,256,256,3,RGB,165335
TRAIN,Normal_Skin_356.png,Normal_Skin_356.png,C:\Users\Ashutosh Verma\OneDrive\Desktop\VET VISION AI\data\lsd\LumpySkinDisease_DataHub\LumpySkinDisease_DataHub\data-processed\lumpy_unbalanced\lumpy\Normal_Skin_356.png,Normal,e1cd5daa93573bdf6428f26117909e2c0b1d15035e18b272bf184000133cba94,32acec3e8ecbf2b0,,,USABLE,NONE,256,256,3,RGB,161380
TRAIN,Normal_Skin_358.png,Normal_Skin_358.png,C:\Users\Ashutosh Verma\OneDrive\Desktop\VET VISION AI\data\lsd\LumpySkinDisease_DataHub\LumpySkinDisease_DataHub\data-processed\lumpy_unbalanced\lumpy\Normal_Skin_358.png,Normal,14e86ba343e5bbe353fd5640b413014c7c0cb5a88613896b6ad56dbc8ea0e815,ccc892d55558d8e0,,,USABLE,NONE,256,256,3,RGB,176884
TRAIN,Normal_Skin_359.png,Normal_Skin_359.png,C:\Users\Ashutosh Verma\OneDrive\Desktop\VET VISION AI\data\lsd\LumpySkinDisease_DataHub\LumpySkinDisease_DataHub\data-processed\lumpy_unbalanced\lumpy\Normal_Skin_359.png,Normal,430bb5258e9dc7fef9d375af68135230f6fc0f9b13f8626e3b1d78dd6c4945d4,e4fc6c2a7777baee,,,USABLE,NONE,256,256,3,RGB,162604
TRAIN,Normal_Skin_360.png,Normal_Skin_360.png,C:\Users\Ashutosh Verma\OneDrive\Desktop\VET VISION AI\data\lsd\LumpySkinDisease_DataHub\LumpySkinDisease_DataHub\data-processed\lumpy_unbalanced\lumpy\Normal_Skin_360.png,Normal,1b5e7d64fc21a76701db400e37194cbb9f556ebd4a08d47317eb0969c3555a0e,084d330f8e8e9696,,,USABLE,NONE,256,256,3,RGB,120771
TRAIN,Normal_Skin_362.png,Normal_Skin_362.png,C:\Users\Ashutosh Verma\OneDrive\Desktop\VET VISION AI\data\lsd\LumpySkinDisease_DataHub\LumpySkinDisease_DataHub\data-processed\lumpy_unbalanced\lumpy\Normal_Skin_362.png,Normal,10724f42b8548b5e3e6c7e413b2e4cae2c642d4e1fe77c0a7563d8eb66dac8b5,e880c8b6b6bb9c38,,,USABLE,NONE,256,256,3,RGB,105698
TRAIN,Normal_Skin_363.png,Normal_Skin_363.png,C:\Users\Ashutosh Verma\OneDrive\Desktop\VET VISION AI\data\lsd\LumpySkinDisease_DataHub\LumpySkinDisease_DataHub\data-processed\lumpy_unbalanced\lumpy\Normal_Skin_363.png,Normal,4039f9fabee1f85ad108d7a7fc1a56b0317b9fed0fd257cdd5c7aa9147f36812,f0ccc4a6e6c6868f,,,USABLE,NONE,256,256,3,RGB,157487
TRAIN,Normal_Skin_364.png,Normal_Skin_364.png,C:\Users\Ashutosh Verma\OneDrive\Desktop\VET VISION AI\data\lsd\LumpySkinDisease_DataHub\LumpySkinDisease_DataHub\data-processed\lumpy_unbalanced\lumpy\Normal_Skin_364.png,Normal,d571375dcf7500f656a08b405f3290b6f9bbeddd4295831a417511703684fd85,3036969797981809,,,USABLE,NONE,256,256,3,RGB,161551
TRAIN,Normal_Skin_365.png,Normal_Skin_365.png,C:\Users\Ashutosh Verma\OneDrive\Desktop\VET VISION AI\data\lsd\LumpySkinDisease_DataHub\LumpySkinDisease_DataHub\data-processed\lumpy_unbalanced\lumpy\Normal_Skin_365.png,Normal,3d145b7043f2fb358cfda1c8cfad75734bfd18e962db9a5417b659f71fa22490,e9edd9be9692b2b0,,,USABLE,NONE,256,256,3,RGB,169604
TRAIN,Normal_Skin_366.png,Normal_Skin_366.png,C:\Users\Ashutosh Verma\OneDrive\Desktop\VET VISION AI\data\lsd\LumpySkinDisease_DataHub\LumpySkinDisease_DataHub\data-processed\lumpy_unbalanced\lumpy\Normal_Skin_366.png,Normal,6eb6da3180240573464ce5bc8c894063ea2880a86c4b6fd846d428dbc88aaa72,048c90c8c4d18ffc,,,USABLE,NONE,256,256,3,RGB,140503
TRAIN,Normal_Skin_367.png,Normal_Skin_367.png,C:\Users\Ashutosh Verma\OneDrive\Desktop\VET VISION AI\data\lsd\LumpySkinDisease_DataHub\LumpySkinDisease_DataHub\data-processed\lumpy_unbalanced\lumpy\Normal_Skin_367.png,Normal,1e13a03e5fbfe4e0db0999092a1debd75542a26774703640abe7a2283e5fca64,e0fef8f8facac8e8,,,USABLE,NONE,256,256,3,RGB,135974
TRAIN,Normal_Skin_368.png,Normal_Skin_368.png,C:\Users\Ashutosh Verma\OneDrive\Desktop\VET VISION AI\data\lsd\LumpySkinDisease_DataHub\LumpySkinDisease_DataHub\data-processed\lumpy_unbalanced\lumpy\Normal_Skin_368.png,Normal,906fa8c9bf2c1161d78efbaab76e95b0d0e34938378102a0f12c1d486fa80514,b4b692992cbef0dc,,,USABLE,NONE,256,256,3,RGB,162972
TRAIN,Normal_Skin_369.png,Normal_Skin_369.png,C:\Users\Ashutosh Verma\OneDrive\Desktop\VET VISION AI\data\lsd\LumpySkinDisease_DataHub\LumpySkinDisease_DataHub\data-processed\lumpy_unbalanced\lumpy\Normal_Skin_369.png,Normal,fca025ba61978e239ca03aa5088b9dbf8dd7cc344f75798bc1b1af4816dbc1ee,65f1d1cdcac7c7b0,,,USABLE,NONE,256,256,3,RGB,178077
TRAIN,Normal_Skin_37.png,Normal_Skin_37.png,C:\Users\Ashutosh Verma\OneDrive\Desktop\VET VISION AI\data\lsd\LumpySkinDisease_DataHub\LumpySkinDisease_DataHub\data-processed\lumpy_unbalanced\lumpy\Normal_Skin_37.png,Normal,11e363c5c9fb6378219efe974c90a292b743e100d32cad5bf876671f9b54451c,96d397b796c26259,,,USABLE,NONE,256,256,3,RGB,174177
TRAIN,Normal_Skin_370.png,Normal_Skin_370.png,C:\Users\Ashutosh Verma\OneDrive\Desktop\VET VISION AI\data\lsd\LumpySkinDisease_DataHub\LumpySkinDisease_DataHub\data-processed\lumpy_unbalanced\lumpy\Normal_Skin_370.png,Normal,3f85346e26f79c7215078666898de8da237e1bd55312a6b68d435afca4e1b42f,f0d8d89cdad898f0,,,USABLE,NONE,256,256,3,RGB,134032
TRAIN,Normal_Skin_371.png,Normal_Skin_371.png,C:\Users\Ashutosh Verma\OneDrive\Desktop\VET VISION AI\data\lsd\LumpySkinDisease_DataHub\LumpySkinDisease_DataHub\data-processed\lumpy_unbalanced\lumpy\Normal_Skin_371.png,Normal,8faf412c7eb83b7361fd0d500987fdaddebd90fcd45bedac64b8d88e233423a4,3e2b99888909190d,,,USABLE,NONE,256,256,3,RGB,157422
TRAIN,Normal_Skin_372.png,Normal_Skin_372.png,C:\Users\Ashutosh Verma\OneDrive\Desktop\VET VISION AI\data\lsd\LumpySkinDisease_DataHub\LumpySkinDisease_DataHub\data-processed\lumpy_unbalanced\lumpy\Normal_Skin_372.png,Normal,0a57e4d2c8a40155743d78f8d814db00b8a324d851d8b68e0b486318de434f78,4a0c5d270c0d1dad,,,USABLE,NONE,256,256,3,RGB,83317
TRAIN,Normal_Skin_373.png,Normal_Skin_373.png,C:\Users\Ashutosh Verma\OneDrive\Desktop\VET VISION AI\data\lsd\LumpySkinDisease_DataHub\LumpySkinDisease_DataHub\data-processed\lumpy_unbalanced\lumpy\Normal_Skin_373.png,Normal,bff643e7544b8266199ced5eedaf9bc1229653f5d30395deac3f9127fd86bf72,fd696b89cb6f249c,,ND-SAME-0074,USABLE,NONE,256,256,3,RGB,157968
TRAIN,Normal_Skin_374.png,Normal_Skin_374.png,C:\Users\Ashutosh Verma\OneDrive\Desktop\VET VISION AI\data\lsd\LumpySkinDisease_DataHub\LumpySkinDisease_DataHub\data-processed\lumpy_unbalanced\lumpy\Normal_Skin_374.png,Normal,c0c369e4512c2016a33abe43d8d2fec70250c40d98b21d4707550797c699b86e,0161736f565666d6,,,USABLE,NONE,256,256,3,RGB,84860
TRAIN,Normal_Skin_375.png,Normal_Skin_375.png,C:\Users\Ashutosh Verma\OneDrive\Desktop\VET VISION AI\data\lsd\LumpySkinDisease_DataHub\LumpySkinDisease_DataHub\data-processed\lumpy_unbalanced\lumpy\Normal_Skin_375.png,Normal,9da04d244e07ca8f4433919fd59fd3f532b136790ae8927c57d656b6e026817e,8fa825272b1ad214,,,USABLE,NONE,256,256,3,RGB,167760
TRAIN,Normal_Skin_376.png,Normal_Skin_376.png,C:\Users\Ashutosh Verma\OneDrive\Desktop\VET VISION AI\data\lsd\LumpySkinDisease_DataHub\LumpySkinDisease_DataHub\data-processed\lumpy_unbalanced\lumpy\Normal_Skin_376.png,Normal,0de9e992b64a1524cb08bfeec369407a883c237afaa823f2040e675726174822,aae4c7638ecc96db,,,USABLE,NONE,256,256,3,RGB,186230
TRAIN,Normal_Skin_378.png,Normal_Skin_378.png,C:\Users\Ashutosh Verma\OneDrive\Desktop\VET VISION AI\data\lsd\LumpySkinDisease_DataHub\LumpySkinDisease_DataHub\data-processed\lumpy_unbalanced\lumpy\Normal_Skin_378.png,Normal,c736aadf6b9a2c7cd5639d2f25f56c075dafabfe86419a1425b4cde7f68783df,ee4c4c0d3e4e4c3c,,,USABLE,NONE,256,256,3,RGB,139773
TRAIN,Normal_Skin_379.png,Normal_Skin_379.png,C:\Users\Ashutosh Verma\OneDrive\Desktop\VET VISION AI\data\lsd\LumpySkinDisease_DataHub\LumpySkinDisease_DataHub\data-processed\lumpy_unbalanced\lumpy\Normal_Skin_379.png,Normal,ba76b54bebf5fde9e26f361df79aafdced3e2dbfc8d2bb7bdd64fdd9a47f6863,a1231317cdd1f858,,,USABLE,NONE,256,256,3,RGB,155924
TRAIN,Normal_Skin_380.png,Normal_Skin_380.png,C:\Users\Ashutosh Verma\OneDrive\Desktop\VET VISION AI\data\lsd\LumpySkinDisease_DataHub\LumpySkinDisease_DataHub\data-processed\lumpy_unbalanced\lumpy\Normal_Skin_380.png,Normal,1b45e2b427b3fa3ad6a014906b396ab381480eebec3535ed88daaa4e824074b2,5be7a30367755364,,,USABLE,NONE,256,256,3,RGB,160799
TRAIN,Normal_Skin_381.png,Normal_Skin_381.png,C:\Users\Ashutosh Verma\OneDrive\Desktop\VET VISION AI\data\lsd\LumpySkinDisease_DataHub\LumpySkinDisease_DataHub\data-processed\lumpy_unbalanced\lumpy\Normal_Skin_381.png,Normal,b6a2987f8cc64270903908a241cd37daf155f0f8371fcf3e18506b7be66c6558,c7f0eaa386a6a5dc,,,USABLE,NONE,256,256,3,RGB,179656
TRAIN,Normal_Skin_382.png,Normal_Skin_382.png,C:\Users\Ashutosh Verma\OneDrive\Desktop\VET VISION AI\data\lsd\LumpySkinDisease_DataHub\LumpySkinDisease_DataHub\data-processed\lumpy_unbalanced\lumpy\Normal_Skin_382.png,Normal,6f281133044c9756d655b677c40a0d7b09b012e2313c9feb9d9bfb648985c783,fcfcd49e8efcea99,,,USABLE,NONE,256,256,3,RGB,140008
TRAIN,Normal_Skin_384.png,Normal_Skin_384.png,C:\Users\Ashutosh Verma\OneDrive\Desktop\VET VISION AI\data\lsd\LumpySkinDisease_DataHub\LumpySkinDisease_DataHub\data-processed\lumpy_unbalanced\lumpy\Normal_Skin_384.png,Normal,cebc4bac7bc10094a1804a5f6e2a732c7638703617816eef7c25e065f6bf0ef3,5ab2b292d4544c5c,,,USABLE,NONE,256,256,3,RGB,192836
TRAIN,Normal_Skin_385.png,Normal_Skin_385.png,C:\Users\Ashutosh Verma\OneDrive\Desktop\VET VISION AI\data\lsd\LumpySkinDisease_DataHub\LumpySkinDisease_DataHub\data-processed\lumpy_unbalanced\lumpy\Normal_Skin_385.png,Normal,5747a72fa2b9e0e5851076691797240d3e1284ca2b6e69864629601221436dc9,f0b8b0b161b8adeb,,,USABLE,NONE,256,256,3,RGB,158171
TRAIN,Normal_Skin_386.png,Normal_Skin_386.png,C:\Users\Ashutosh Verma\OneDrive\Desktop\VET VISION AI\data\lsd\LumpySkinDisease_DataHub\LumpySkinDisease_DataHub\data-processed\lumpy_unbalanced\lumpy\Normal_Skin_386.png,Normal,61e4f27fb72c30aa2a8d96660f8497a66d4b2ad7e863e96bd32740e4a282a6a9,8b9c3475d35951ac,,,USABLE,NONE,256,256,3,RGB,164265
TRAIN,Normal_Skin_388.png,Normal_Skin_388.png,C:\Users\Ashutosh Verma\OneDrive\Desktop\VET VISION AI\data\lsd\LumpySkinDisease_DataHub\LumpySkinDisease_DataHub\data-processed\lumpy_unbalanced\lumpy\Normal_Skin_388.png,Normal,0b3ea8ed1d12cd49c9782aca4bb6a901591644d31f976d74f36432e1f9a0fccc,e2dc6e3899d896b2,,,USABLE,NONE,256,256,3,RGB,173408
TRAIN,Normal_Skin_389.png,Normal_Skin_389.png,C:\Users\Ashutosh Verma\OneDrive\Desktop\VET VISION AI\data\lsd\LumpySkinDisease_DataHub\LumpySkinDisease_DataHub\data-processed\lumpy_unbalanced\lumpy\Normal_Skin_389.png,Normal,129feed73b232c15419d6688c8a37b7138926bf0bf166136100ae41fabb07a5e,4343d3dbcbcfcd8d,,,USABLE,NONE,256,256,3,RGB,187583
TRAIN,Normal_Skin_390.png,Normal_Skin_390.png,C:\Users\Ashutosh Verma\OneDrive\Desktop\VET VISION AI\data\lsd\LumpySkinDisease_DataHub\LumpySkinDisease_DataHub\data-processed\lumpy_unbalanced\lumpy\Normal_Skin_390.png,Normal,118135a334f22bceeebb95c80a95c220ff402fac57d8689663efbc36c54519e9,e048b297c4b614e0,,,USABLE,NONE,256,256,3,RGB,150431
TRAIN,Normal_Skin_394.png,Normal_Skin_394.png,C:\Users\Ashutosh Verma\OneDrive\Desktop\VET VISION AI\data\lsd\LumpySkinDisease_DataHub\LumpySkinDisease_DataHub\data-processed\lumpy_unbalanced\lumpy\Normal_Skin_394.png,Normal,2bce7241344a51f59f48350aa1261e19cc343ab5b2756d775363b51d97e0f778,4040203828606424,,,USABLE,NONE,256,256,3,RGB,171075
TRAIN,Normal_Skin_395.png,Normal_Skin_395.png,C:\Users\Ashutosh Verma\OneDrive\Desktop\VET VISION AI\data\lsd\LumpySkinDisease_DataHub\LumpySkinDisease_DataHub\data-processed\lumpy_unbalanced\lumpy\Normal_Skin_395.png,Normal,29b6b02f2eeb3e1a2a312db2438be3e28ab730726502961809b80cd3cd167784,0e99c4dacb6db5d3,,,USABLE,NONE,256,256,3,RGB,147642
TRAIN,Normal_Skin_396.png,Normal_Skin_396.png,C:\Users\Ashutosh Verma\OneDrive\Desktop\VET VISION AI\data\lsd\LumpySkinDisease_DataHub\LumpySkinDisease_DataHub\data-processed\lumpy_unbalanced\lumpy\Normal_Skin_396.png,Normal,5bd927f766d60f577c3fe700420aa53a9941f13ffacd45265aa2e9cde378320c,c3c43dae55496927,,,USABLE,NONE,256,256,3,RGB,187150
TRAIN,Normal_Skin_399.png,Normal_Skin_399.png,C:\Users\Ashutosh Verma\OneDrive\Desktop\VET VISION AI\data\lsd\LumpySkinDisease_DataHub\LumpySkinDisease_DataHub\data-processed\lumpy_unbalanced\lumpy\Normal_Skin_399.png,Normal,23a8037f0e152710bc7866e5cffe25ee531073d2de02dd482b09f187f7924a08,70fbc74f0fa4940c,,,USABLE,NONE,256,256,3,RGB,176076
TRAIN,Normal_Skin_400.png,Normal_Skin_400.png,C:\Users\Ashutosh Verma\OneDrive\Desktop\VET VISION AI\data\lsd\LumpySkinDisease_DataHub\LumpySkinDisease_DataHub\data-processed\lumpy_unbalanced\lumpy\Normal_Skin_400.png,Normal,7816987f1b8bef9aff4fd5466915fa5215e072355dd7259d1b3d18e66f84500e,e864c2c9e3e3d9f9,,ND-SAME-0036,USABLE,NONE,256,256,3,RGB,176654
TRAIN,Normal_Skin_401.png,Normal_Skin_401.png,C:\Users\Ashutosh Verma\OneDrive\Desktop\VET VISION AI\data\lsd\LumpySkinDisease_DataHub\LumpySkinDisease_DataHub\data-processed\lumpy_unbalanced\lumpy\Normal_Skin_401.png,Normal,ebff69e6c9ceb33b15597afb434e125450f7d85f8278e06e7073b16f487ce5eb,c5961e488acb6951,,ND-SAME-0075,USABLE,NONE,256,256,3,RGB,186784
TRAIN,Normal_Skin_402.png,Normal_Skin_402.png,C:\Users\Ashutosh Verma\OneDrive\Desktop\VET VISION AI\data\lsd\LumpySkinDisease_DataHub\LumpySkinDisease_DataHub\data-processed\lumpy_unbalanced\lumpy\Normal_Skin_402.png,Normal,fbead4df2f8a9c23d48d159ec179d9f561407e313a9e22b35266e675aea1fb0d,c931313111939292,,,USABLE,NONE,256,256,3,RGB,172802
TRAIN,Normal_Skin_404.png,Normal_Skin_404.png,C:\Users\Ashutosh Verma\OneDrive\Desktop\VET VISION AI\data\lsd\LumpySkinDisease_DataHub\LumpySkinDisease_DataHub\data-processed\lumpy_unbalanced\lumpy\Normal_Skin_404.png,Normal,3253413fa9c82a0326681228bc5829e1a15d97bc801d6afce6f54b70920284aa,79bcb4982b35f153,,,USABLE,NONE,256,256,3,RGB,168047
TRAIN,Normal_Skin_405.png,Normal_Skin_405.png,C:\Users\Ashutosh Verma\OneDrive\Desktop\VET VISION AI\data\lsd\LumpySkinDisease_DataHub\LumpySkinDisease_DataHub\data-processed\lumpy_unbalanced\lumpy\Normal_Skin_405.png,Normal,b57ac944bab7bc8a6beb8b4b0cd262b2cd6fee70ddd1073a6c82548f42a00567,9a9376c4ccd4445c,,ND-SAME-0038,USABLE,NONE,256,256,3,RGB,166083
TRAIN,Normal_Skin_407.png,Normal_Skin_407.png,C:\Users\Ashutosh Verma\OneDrive\Desktop\VET VISION AI\data\lsd\LumpySkinDisease_DataHub\LumpySkinDisease_DataHub\data-processed\lumpy_unbalanced\lumpy\Normal_Skin_407.png,Normal,ca568391f4493bdeea351993b1b07676537a53f1d5a39fd71c6a783854e8ed38,b1b2b1f4d4c8d0f0,,,USABLE,NONE,256,256,3,RGB,179518
TRAIN,Normal_Skin_408.png,Normal_Skin_408.png,C:\Users\Ashutosh Verma\OneDrive\Desktop\VET VISION AI\data\lsd\LumpySkinDisease_DataHub\LumpySkinDisease_DataHub\data-processed\lumpy_unbalanced\lumpy\Normal_Skin_408.png,Normal,d3f9504ad862ac5ca0c7b4f161f0451a8fcf0917b60d90ba0e8b3cbe7f247fad,ecc1139519b6269b,,,USABLE,NONE,256,256,3,RGB,187267
TRAIN,Normal_Skin_409.png,Normal_Skin_409.png,C:\Users\Ashutosh Verma\OneDrive\Desktop\VET VISION AI\data\lsd\LumpySkinDisease_DataHub\LumpySkinDisease_DataHub\data-processed\lumpy_unbalanced\lumpy\Normal_Skin_409.png,Normal,554e4a905a0bb1dd73a70b5d281939b6654c0ecbc14a063626eca8e98358c760,7434747169e969b9,,,USABLE,NONE,256,256,3,RGB,188621
TRAIN,Normal_Skin_410.png,Normal_Skin_410.png,C:\Users\Ashutosh Verma\OneDrive\Desktop\VET VISION AI\data\lsd\LumpySkinDisease_DataHub\LumpySkinDisease_DataHub\data-processed\lumpy_unbalanced\lumpy\Normal_Skin_410.png,Normal,b770e31d77951a5fc7434de2c391b33be88763cb954966993c49fa827d81ae38,71e3333b3b3678c9,,,USABLE,NONE,256,256,3,RGB,173532
TRAIN,Normal_Skin_411.png,Normal_Skin_411.png,C:\Users\Ashutosh Verma\OneDrive\Desktop\VET VISION AI\data\lsd\LumpySkinDisease_DataHub\LumpySkinDisease_DataHub\data-processed\lumpy_unbalanced\lumpy\Normal_Skin_411.png,Normal,59ec0631ab8ecfbbe0334ba4819bb1a858d3538d4940df23e55d9f0f32e37262,c6a45968a8998101,,,USABLE,NONE,256,256,3,RGB,167981
TRAIN,Normal_Skin_412.png,Normal_Skin_412.png,C:\Users\Ashutosh Verma\OneDrive\Desktop\VET VISION AI\data\lsd\LumpySkinDisease_DataHub\LumpySkinDisease_DataHub\data-processed\lumpy_unbalanced\lumpy\Normal_Skin_412.png,Normal,3da0509ee4047cba4a7c6c4764a3af9bcc125a09aa71e942508ca6d83f9f59b2,6d39395393c09809,,,USABLE,NONE,256,256,3,RGB,146489
TRAIN,Normal_Skin_414.png,Normal_Skin_414.png,C:\Users\Ashutosh Verma\OneDrive\Desktop\VET VISION AI\data\lsd\LumpySkinDisease_DataHub\LumpySkinDisease_DataHub\data-processed\lumpy_unbalanced\lumpy\Normal_Skin_414.png,Normal,3d3383a0c145a7a84d4d1917a74e91d6b2ca507db0c6c75aef587490cad7b762,26c91b339294a648,,,USABLE,NONE,256,256,3,RGB,162982
TRAIN,Normal_Skin_415.png,Normal_Skin_415.png,C:\Users\Ashutosh Verma\OneDrive\Desktop\VET VISION AI\data\lsd\LumpySkinDisease_DataHub\LumpySkinDisease_DataHub\data-processed\lumpy_unbalanced\lumpy\Normal_Skin_415.png,Normal,df2f031e2c3560a8c83096fced5ac3ca12f935dee72a24f39c2f999b95d1aff9,f834841616363646,,ND-SAME-0049,USABLE,NONE,256,256,3,RGB,156199
TRAIN,Normal_Skin_416.png,Normal_Skin_416.png,C:\Users\Ashutosh Verma\OneDrive\Desktop\VET VISION AI\data\lsd\LumpySkinDisease_DataHub\LumpySkinDisease_DataHub\data-processed\lumpy_unbalanced\lumpy\Normal_Skin_416.png,Normal,0870cbccc040f36a1cb1f3126a743dd0334aed76a47fb0f9720379e94caaf0db,00c57376b4bcb0d4,,,USABLE,NONE,256,256,3,RGB,146045
TRAIN,Normal_Skin_418.png,Normal_Skin_418.png,C:\Users\Ashutosh Verma\OneDrive\Desktop\VET VISION AI\data\lsd\LumpySkinDisease_DataHub\LumpySkinDisease_DataHub\data-processed\lumpy_unbalanced\lumpy\Normal_Skin_418.png,Normal,010359fe3412840e42296444338440de247a3a1cc75a87f85992e06c9a402aad,183c7071d1515979,,,USABLE,NONE,256,256,3,RGB,156956
TRAIN,Normal_Skin_42.png,Normal_Skin_42.png,C:\Users\Ashutosh Verma\OneDrive\Desktop\VET VISION AI\data\lsd\LumpySkinDisease_DataHub\LumpySkinDisease_DataHub\data-processed\lumpy_unbalanced\lumpy\Normal_Skin_42.png,Normal,4022f37bc7c5b2a4aed32802273dd5d5d06e8c9d466aaa593b661e6c1d27b3d8,dcdccacec81a1a99,,,USABLE,NONE,256,256,3,RGB,156497
TRAIN,Normal_Skin_420.png,Normal_Skin_420.png,C:\Users\Ashutosh Verma\OneDrive\Desktop\VET VISION AI\data\lsd\LumpySkinDisease_DataHub\LumpySkinDisease_DataHub\data-processed\lumpy_unbalanced\lumpy\Normal_Skin_420.png,Normal,f168ac1f2934597649afb52c9a85b79d9eab815769375ccf080f18466ac79c83,b23670525292da9a,,,USABLE,NONE,256,256,3,RGB,172152
TRAIN,Normal_Skin_423.png,Normal_Skin_423.png,C:\Users\Ashutosh Verma\OneDrive\Desktop\VET VISION AI\data\lsd\LumpySkinDisease_DataHub\LumpySkinDisease_DataHub\data-processed\lumpy_unbalanced\lumpy\Normal_Skin_423.png,Normal,2510e6bab04a4cde47d93ad63241a7f0a4a7bfcea6c85f8fb4c7043f1fbe22c4,f8f8808aeee0a362,,,USABLE,NONE,256,256,3,RGB,166073
TRAIN,Normal_Skin_424.png,Normal_Skin_424.png,C:\Users\Ashutosh Verma\OneDrive\Desktop\VET VISION AI\data\lsd\LumpySkinDisease_DataHub\LumpySkinDisease_DataHub\data-processed\lumpy_unbalanced\lumpy\Normal_Skin_424.png,Normal,79892a8f797a01692e8476314d6801185ca363bdbe0808efcad0db9e5ea78c65,dbd9d99c17362609,,,USABLE,NONE,256,256,3,RGB,172042
TRAIN,Normal_Skin_425.png,Normal_Skin_425.png,C:\Users\Ashutosh Verma\OneDrive\Desktop\VET VISION AI\data\lsd\LumpySkinDisease_DataHub\LumpySkinDisease_DataHub\data-processed\lumpy_unbalanced\lumpy\Normal_Skin_425.png,Normal,1a555d96e85ac52ca44c3e40173c6a62bc20cbba87794c45c56e79e330f5c435,4b9b0c2a19d8ea78,,,USABLE,NONE,256,256,3,RGB,171410
TRAIN,Normal_Skin_426.png,Normal_Skin_426.png,C:\Users\Ashutosh Verma\OneDrive\Desktop\VET VISION AI\data\lsd\LumpySkinDisease_DataHub\LumpySkinDisease_DataHub\data-processed\lumpy_unbalanced\lumpy\Normal_Skin_426.png,Normal,c0c2b5e909f15541f34d6ff91bdbd9a431ce8c1a0e2f14260aa5e91e77128afc,5b79399d95959992,,,USABLE,NONE,256,256,3,RGB,147322
TRAIN,Normal_Skin_427.png,Normal_Skin_427.png,C:\Users\Ashutosh Verma\OneDrive\Desktop\VET VISION AI\data\lsd\LumpySkinDisease_DataHub\LumpySkinDisease_DataHub\data-processed\lumpy_unbalanced\lumpy\Normal_Skin_427.png,Normal,52d463e603afd9832e27b9e7a77e8f0519b1fe623a2b56bea2dc9f72bc797b33,d02c9c913438a036,,,USABLE,NONE,256,256,3,RGB,140480
TRAIN,Normal_Skin_428.png,Normal_Skin_428.png,C:\Users\Ashutosh Verma\OneDrive\Desktop\VET VISION AI\data\lsd\LumpySkinDisease_DataHub\LumpySkinDisease_DataHub\data-processed\lumpy_unbalanced\lumpy\Normal_Skin_428.png,Normal,5705f86a58cf15b02fecbeefe9fff1a6a51e5fbb150fe7997eb871014d4450f4,e856e394342539a8,,,USABLE,NONE,256,256,3,RGB,167496
TRAIN,Normal_Skin_43.png,Normal_Skin_43.png,C:\Users\Ashutosh Verma\OneDrive\Desktop\VET VISION AI\data\lsd\LumpySkinDisease_DataHub\LumpySkinDisease_DataHub\data-processed\lumpy_unbalanced\lumpy\Normal_Skin_43.png,Normal,52c2b9e7dd3297d09043147ca183c7573950c087e98311b145f81df8ac55614e,3433376773f3939b,,,USABLE,NONE,256,256,3,RGB,170641
TRAIN,Normal_Skin_431.png,Normal_Skin_431.png,C:\Users\Ashutosh Verma\OneDrive\Desktop\VET VISION AI\data\lsd\LumpySkinDisease_DataHub\LumpySkinDisease_DataHub\data-processed\lumpy_unbalanced\lumpy\Normal_Skin_431.png,Normal,ea1cd0b9bcd0d124b519d4c6a5e906e2e663fc81f7c51c7c1ee454a5778a5348,197237c76665606e,,,USABLE,NONE,256,256,3,RGB,159639
TRAIN,Normal_Skin_432.png,Normal_Skin_432.png,C:\Users\Ashutosh Verma\OneDrive\Desktop\VET VISION AI\data\lsd\LumpySkinDisease_DataHub\LumpySkinDisease_DataHub\data-processed\lumpy_unbalanced\lumpy\Normal_Skin_432.png,Normal,c78ef2ac2e86a332de276772fbbad0f430c4824b3cb5dc817c9a40d30a390616,9c99242c68d97969,,,USABLE,NONE,256,256,3,RGB,161769
TRAIN,Normal_Skin_433.png,Normal_Skin_433.png,C:\Users\Ashutosh Verma\OneDrive\Desktop\VET VISION AI\data\lsd\LumpySkinDisease_DataHub\LumpySkinDisease_DataHub\data-processed\lumpy_unbalanced\lumpy\Normal_Skin_433.png,Normal,54f38b09fa9bb2c5bab2e240c12e9c9142caf4026e6ab11a25eb3ddb0a58cb30,8c2cfcd45c14383a,,,USABLE,NONE,256,256,3,RGB,178212
TRAIN,Normal_Skin_435.png,Normal_Skin_435.png,C:\Users\Ashutosh Verma\OneDrive\Desktop\VET VISION AI\data\lsd\LumpySkinDisease_DataHub\LumpySkinDisease_DataHub\data-processed\lumpy_unbalanced\lumpy\Normal_Skin_435.png,Normal,947710924cc22a4b6b932765288a03b3c526023eb36ddcb16e0e7947ceffb31f,c3d3aa26965565f6,,,USABLE,NONE,256,256,3,RGB,180477
TRAIN,Normal_Skin_438.png,Normal_Skin_438.png,C:\Users\Ashutosh Verma\OneDrive\Desktop\VET VISION AI\data\lsd\LumpySkinDisease_DataHub\LumpySkinDisease_DataHub\data-processed\lumpy_unbalanced\lumpy\Normal_Skin_438.png,Normal,7701985d761cbcb6f66be4de996b2c04a535591026f14bd00912f309201ebe33,86a549abb2bbbfda,,,USABLE,NONE,256,256,3,RGB,173816
TRAIN,Normal_Skin_439.png,Normal_Skin_439.png,C:\Users\Ashutosh Verma\OneDrive\Desktop\VET VISION AI\data\lsd\LumpySkinDisease_DataHub\LumpySkinDisease_DataHub\data-processed\lumpy_unbalanced\lumpy\Normal_Skin_439.png,Normal,6bae462267b1e56e55747570f4c6d17c98993189b2bfd4f2fd7b1ceb0a6c7522,f0b0b2a3e2e2f0f4,,,USABLE,NONE,256,256,3,RGB,153614
TRAIN,Normal_Skin_44.png,Normal_Skin_44.png,C:\Users\Ashutosh Verma\OneDrive\Desktop\VET VISION AI\data\lsd\LumpySkinDisease_DataHub\LumpySkinDisease_DataHub\data-processed\lumpy_unbalanced\lumpy\Normal_Skin_44.png,Normal,5c2b7ff5c3e90163438de7232240e675037d266e9e3fb3d77fab29c511e76ef8,7cfc756510994145,,ND-SAME-0068,USABLE,NONE,256,256,3,RGB,173606
TRAIN,Normal_Skin_440.png,Normal_Skin_440.png,C:\Users\Ashutosh Verma\OneDrive\Desktop\VET VISION AI\data\lsd\LumpySkinDisease_DataHub\LumpySkinDisease_DataHub\data-processed\lumpy_unbalanced\lumpy\Normal_Skin_440.png,Normal,454a7172657c470922a6eab55284bf3f05c43d8e229e81b71b6f3e4402b3d6cd,fdebd3b3e64ae208,,,USABLE,NONE,256,256,3,RGB,188713
TRAIN,Normal_Skin_442.png,Normal_Skin_442.png,C:\Users\Ashutosh Verma\OneDrive\Desktop\VET VISION AI\data\lsd\LumpySkinDisease_DataHub\LumpySkinDisease_DataHub\data-processed\lumpy_unbalanced\lumpy\Normal_Skin_442.png,Normal,680ed4d96bd984a5c191e9f98ccdeaed34a6a2ccf1dfb2aa28cae0e4f8b5ba57,e081463b5987367d,,,USABLE,NONE,256,256,3,RGB,159973
TRAIN,Normal_Skin_443.png,Normal_Skin_443.png,C:\Users\Ashutosh Verma\OneDrive\Desktop\VET VISION AI\data\lsd\LumpySkinDisease_DataHub\LumpySkinDisease_DataHub\data-processed\lumpy_unbalanced\lumpy\Normal_Skin_443.png,Normal,adc683907af184cbb617ff69fbb3e1f828d71a96c1a12bbb66f21dc436d9f7ed,03c33babc1e4e6b7,,,USABLE,NONE,256,256,3,RGB,128426
TRAIN,Normal_Skin_444.png,Normal_Skin_444.png,C:\Users\Ashutosh Verma\OneDrive\Desktop\VET VISION AI\data\lsd\LumpySkinDisease_DataHub\LumpySkinDisease_DataHub\data-processed\lumpy_unbalanced\lumpy\Normal_Skin_444.png,Normal,03217cd135be7dca338765c2e2bdb9fc1ee52dd333b8731c68ba7a3821430995,ac4f47c4885ccd19,,,USABLE,NONE,256,256,3,RGB,176372
TRAIN,Normal_Skin_445.png,Normal_Skin_445.png,C:\Users\Ashutosh Verma\OneDrive\Desktop\VET VISION AI\data\lsd\LumpySkinDisease_DataHub\LumpySkinDisease_DataHub\data-processed\lumpy_unbalanced\lumpy\Normal_Skin_445.png,Normal,b3c5478b330185e168d87d00dea7e8fe1653581e9b100c55eb402f847b3948d2,808cc0e06464ecec,,,USABLE,NONE,256,256,3,RGB,35110
TRAIN,Normal_Skin_446.png,Normal_Skin_446.png,C:\Users\Ashutosh Verma\OneDrive\Desktop\VET VISION AI\data\lsd\LumpySkinDisease_DataHub\LumpySkinDisease_DataHub\data-processed\lumpy_unbalanced\lumpy\Normal_Skin_446.png,Normal,3e9a61394344260050d430976ec691d0290a85fa56ca445dd8cf2b6b8695edfb,2173c92127751999,,,USABLE,NONE,256,256,3,RGB,125102
TRAIN,Normal_Skin_447.png,Normal_Skin_447.png,C:\Users\Ashutosh Verma\OneDrive\Desktop\VET VISION AI\data\lsd\LumpySkinDisease_DataHub\LumpySkinDisease_DataHub\data-processed\lumpy_unbalanced\lumpy\Normal_Skin_447.png,Normal,9d51d60493c3957bb46d588e1ee1437a32a6c800dac096bbf9df7e9e7d5875cb,1c6ccdcdcd4d4c48,,,USABLE,NONE,256,256,3,RGB,133646
TRAIN,Normal_Skin_448.png,Normal_Skin_448.png,C:\Users\Ashutosh Verma\OneDrive\Desktop\VET VISION AI\data\lsd\LumpySkinDisease_DataHub\LumpySkinDisease_DataHub\data-processed\lumpy_unbalanced\lumpy\Normal_Skin_448.png,Normal,0f3b93c1291f389f53cd6df69ec5d237cc5203cb9d4cb27bf9bdfa99d14dc556,cc3cf0b0e22f2f3c,,,USABLE,NONE,256,256,3,RGB,176358
TRAIN,Normal_Skin_449.png,Normal_Skin_449.png,C:\Users\Ashutosh Verma\OneDrive\Desktop\VET VISION AI\data\lsd\LumpySkinDisease_DataHub\LumpySkinDisease_DataHub\data-processed\lumpy_unbalanced\lumpy\Normal_Skin_449.png,Normal,29dda508f63df19b9832f29571edb6db0e2877696c676efa89088f248135ad9f,14825b13378ca690,,,USABLE,NONE,256,256,3,RGB,137179
TRAIN,Normal_Skin_450.png,Normal_Skin_450.png,C:\Users\Ashutosh Verma\OneDrive\Desktop\VET VISION AI\data\lsd\LumpySkinDisease_DataHub\LumpySkinDisease_DataHub\data-processed\lumpy_unbalanced\lumpy\Normal_Skin_450.png,Normal,e34b51e9da8bc637b2d8a80b32abffa9c4d442390bb6606481050a082f291a6c,8c0d1f1c1d5858e8,,,USABLE,NONE,256,256,3,RGB,167848
TRAIN,Normal_Skin_451.png,Normal_Skin_451.png,C:\Users\Ashutosh Verma\OneDrive\Desktop\VET VISION AI\data\lsd\LumpySkinDisease_DataHub\LumpySkinDisease_DataHub\data-processed\lumpy_unbalanced\lumpy\Normal_Skin_451.png,Normal,578b2e04236f5d0bba33490a5b847f68ac807b0cadb35142220d85cc16acf2b6,f3d3050fcc4c26e0,,,USABLE,NONE,256,256,3,RGB,143543
TRAIN,Normal_Skin_452.png,Normal_Skin_452.png,C:\Users\Ashutosh Verma\OneDrive\Desktop\VET VISION AI\data\lsd\LumpySkinDisease_DataHub\LumpySkinDisease_DataHub\data-processed\lumpy_unbalanced\lumpy\Normal_Skin_452.png,Normal,db9e23e7b1f773c3bd8130adb62069537492fda93271c136fe0b44141d460225,99d0c485c4c9ca03,,,USABLE,NONE,256,256,3,RGB,168976
TRAIN,Normal_Skin_453.png,Normal_Skin_453.png,C:\Users\Ashutosh Verma\OneDrive\Desktop\VET VISION AI\data\lsd\LumpySkinDisease_DataHub\LumpySkinDisease_DataHub\data-processed\lumpy_unbalanced\lumpy\Normal_Skin_453.png,Normal,baafe3388aad953b8d666a2f781675b161ef710119e951f8cb512466d32048e0,81839b93930f2e92,,,USABLE,NONE,256,256,3,RGB,171943
TRAIN,Normal_Skin_456.png,Normal_Skin_456.png,C:\Users\Ashutosh Verma\OneDrive\Desktop\VET VISION AI\data\lsd\LumpySkinDisease_DataHub\LumpySkinDisease_DataHub\data-processed\lumpy_unbalanced\lumpy\Normal_Skin_456.png,Normal,c220fdca7d019ca6c3a2cab7b7dca634146546ad6acf44cbe8bdbec4c07acfa4,79333b2b9d999b1b,,,USABLE,NONE,256,256,3,RGB,155820
TRAIN,Normal_Skin_458.png,Normal_Skin_458.png,C:\Users\Ashutosh Verma\OneDrive\Desktop\VET VISION AI\data\lsd\LumpySkinDisease_DataHub\LumpySkinDisease_DataHub\data-processed\lumpy_unbalanced\lumpy\Normal_Skin_458.png,Normal,e4185263afdab2c136f261e9fae14384245dbf25d58bd832977bd00862a1ca80,b4e2353133537353,,,USABLE,NONE,256,256,3,RGB,156545
TRAIN,Normal_Skin_46.png,Normal_Skin_46.png,C:\Users\Ashutosh Verma\OneDrive\Desktop\VET VISION AI\data\lsd\LumpySkinDisease_DataHub\LumpySkinDisease_DataHub\data-processed\lumpy_unbalanced\lumpy\Normal_Skin_46.png,Normal,20275a33f93541ec4b1fdfca7aa4c00bbd41270ae9f812e576b6da4f48850680,777060212b3a301b,,,USABLE,NONE,256,256,3,RGB,169041
TRAIN,Normal_Skin_460.png,Normal_Skin_460.png,C:\Users\Ashutosh Verma\OneDrive\Desktop\VET VISION AI\data\lsd\LumpySkinDisease_DataHub\LumpySkinDisease_DataHub\data-processed\lumpy_unbalanced\lumpy\Normal_Skin_460.png,Normal,b5f75263d25db4c5cee15bff67f7e7ad65d4b86b3862ba99fb0024eb227b9d16,d8e170eda9b34763,,,USABLE,NONE,256,256,3,RGB,155702
TRAIN,Normal_Skin_461.png,Normal_Skin_461.png,C:\Users\Ashutosh Verma\OneDrive\Desktop\VET VISION AI\data\lsd\LumpySkinDisease_DataHub\LumpySkinDisease_DataHub\data-processed\lumpy_unbalanced\lumpy\Normal_Skin_461.png,Normal,c75c46ead9f4ac6ce0a599fbc33a8f3204a848b4193e1088f65b8bd287166d06,c6060e0c1c0c8c1c,,,USABLE,NONE,256,256,3,RGB,163939
TRAIN,Normal_Skin_463.png,Normal_Skin_463.png,C:\Users\Ashutosh Verma\OneDrive\Desktop\VET VISION AI\data\lsd\LumpySkinDisease_DataHub\LumpySkinDisease_DataHub\data-processed\lumpy_unbalanced\lumpy\Normal_Skin_463.png,Normal,0b9808e047b50f75a4f4535bfee500954ad9f0c965654cfe0014f48b1eaf429d,80e088c83f9bc9bc,,,USABLE,NONE,256,256,3,RGB,155462
TRAIN,Normal_Skin_464.png,Normal_Skin_464.png,C:\Users\Ashutosh Verma\OneDrive\Desktop\VET VISION AI\data\lsd\LumpySkinDisease_DataHub\LumpySkinDisease_DataHub\data-processed\lumpy_unbalanced\lumpy\Normal_Skin_464.png,Normal,51ec3b643f9694e0701e4e1bc82226d9584946bda27ac005a000d2fcad9d31e6,e397b7c34a0e3ce4,,,USABLE,NONE,256,256,3,RGB,188890
TRAIN,Normal_Skin_465.png,Normal_Skin_465.png,C:\Users\Ashutosh Verma\OneDrive\Desktop\VET VISION AI\data\lsd\LumpySkinDisease_DataHub\LumpySkinDisease_DataHub\data-processed\lumpy_unbalanced\lumpy\Normal_Skin_465.png,Normal,4f35819e8d7135cd05279c20afa3dbd922334f9bb27bd46e53190cab629ea2da,f8f0aea7aeb9199a,,,USABLE,NONE,256,256,3,RGB,150356
TRAIN,Normal_Skin_467.png,Normal_Skin_467.png,C:\Users\Ashutosh Verma\OneDrive\Desktop\VET VISION AI\data\lsd\LumpySkinDisease_DataHub\LumpySkinDisease_DataHub\data-processed\lumpy_unbalanced\lumpy\Normal_Skin_467.png,Normal,dcf8d1a60a2a8eb0240d6f2b8c54673a023ed621facfd71eb1c15cf6098910dd,d3e3955b4b61e6f2,,,USABLE,NONE,256,256,3,RGB,154751
TRAIN,Normal_Skin_468.png,Normal_Skin_468.png,C:\Users\Ashutosh Verma\OneDrive\Desktop\VET VISION AI\data\lsd\LumpySkinDisease_DataHub\LumpySkinDisease_DataHub\data-processed\lumpy_unbalanced\lumpy\Normal_Skin_468.png,Normal,5d8b5ed9517d6ef37a428b29f18943725019846595b4c109c1aa7e06936eac6a,777db6abebce4ec7,,,USABLE,NONE,256,256,3,RGB,170102
TRAIN,Normal_Skin_469.png,Normal_Skin_469.png,C:\Users\Ashutosh Verma\OneDrive\Desktop\VET VISION AI\data\lsd\LumpySkinDisease_DataHub\LumpySkinDisease_DataHub\data-processed\lumpy_unbalanced\lumpy\Normal_Skin_469.png,Normal,bb7f58b22a0e704471f93ea865dfe5ec3c1a946e2dc5c30859a32cd536eafa41,3818da88686862a1,,,USABLE,NONE,256,256,3,RGB,137521
TRAIN,Normal_Skin_47.png,Normal_Skin_47.png,C:\Users\Ashutosh Verma\OneDrive\Desktop\VET VISION AI\data\lsd\LumpySkinDisease_DataHub\LumpySkinDisease_DataHub\data-processed\lumpy_unbalanced\lumpy\Normal_Skin_47.png,Normal,6cfbba7940f41a88d4054440c15ef139555fe83b73f624e64545f318195b23b7,19333636b8585024,,,USABLE,NONE,256,256,3,RGB,188672
TRAIN,Normal_Skin_470.png,Normal_Skin_470.png,C:\Users\Ashutosh Verma\OneDrive\Desktop\VET VISION AI\data\lsd\LumpySkinDisease_DataHub\LumpySkinDisease_DataHub\data-processed\lumpy_unbalanced\lumpy\Normal_Skin_470.png,Normal,7e823039a5a3e3c88f2c7b20e39b389b9aab7ae83b401d123e11a2d653562dfb,6a92b39290a4a989,,,USABLE,NONE,256,256,3,RGB,125576
TRAIN,Normal_Skin_471.png,Normal_Skin_471.png,C:\Users\Ashutosh Verma\OneDrive\Desktop\VET VISION AI\data\lsd\LumpySkinDisease_DataHub\LumpySkinDisease_DataHub\data-processed\lumpy_unbalanced\lumpy\Normal_Skin_471.png,Normal,b6d775dce58281bf307fce3944afbd8db5f26992d709f085773669072a1cd59d,a9a8cca6125ac4e8,,,USABLE,NONE,256,256,3,RGB,154735
TRAIN,Normal_Skin_472.png,Normal_Skin_472.png,C:\Users\Ashutosh Verma\OneDrive\Desktop\VET VISION AI\data\lsd\LumpySkinDisease_DataHub\LumpySkinDisease_DataHub\data-processed\lumpy_unbalanced\lumpy\Normal_Skin_472.png,Normal,60516e8185e0f722ab612a39ca1ad147f001e48d2a772b1c67d74e76e09bb8ac,eceea1a113c2cc4f,,,USABLE,NONE,256,256,3,RGB,144003
TRAIN,Normal_Skin_473.png,Normal_Skin_473.png,C:\Users\Ashutosh Verma\OneDrive\Desktop\VET VISION AI\data\lsd\LumpySkinDisease_DataHub\LumpySkinDisease_DataHub\data-processed\lumpy_unbalanced\lumpy\Normal_Skin_473.png,Normal,465e5e953368ebae8538c30221b0d63285dbd0c98d61f00f81a3b8f2254e3147,0d9e91a1a32708d1,,ND-SAME-0076,USABLE,NONE,256,256,3,RGB,167860
TRAIN,Normal_Skin_474.png,Normal_Skin_474.png,C:\Users\Ashutosh Verma\OneDrive\Desktop\VET VISION AI\data\lsd\LumpySkinDisease_DataHub\LumpySkinDisease_DataHub\data-processed\lumpy_unbalanced\lumpy\Normal_Skin_474.png,Normal,b8f80e16a5fe7416ecd9d78b0a9dc777348961204c15fca7525ad8d832083028,9c9b1b139b9b5bdb,,,USABLE,NONE,256,256,3,RGB,123061
TRAIN,Normal_Skin_476.png,Normal_Skin_476.png,C:\Users\Ashutosh Verma\OneDrive\Desktop\VET VISION AI\data\lsd\LumpySkinDisease_DataHub\LumpySkinDisease_DataHub\data-processed\lumpy_unbalanced\lumpy\Normal_Skin_476.png,Normal,3ebfe2d9923f6bb78b4a13740565fb3134326aa7f81f152bc309384a057a40ca,949cdc6c352564a4,,,USABLE,NONE,256,256,3,RGB,188319
TRAIN,Normal_Skin_477.png,Normal_Skin_477.png,C:\Users\Ashutosh Verma\OneDrive\Desktop\VET VISION AI\data\lsd\LumpySkinDisease_DataHub\LumpySkinDisease_DataHub\data-processed\lumpy_unbalanced\lumpy\Normal_Skin_477.png,Normal,b28e451787866c2eb11d7eb471dc20fb2fddf012842e56e636af02df130389ba,069a919398bcb878,,,USABLE,NONE,256,256,3,RGB,168607
TRAIN,Normal_Skin_478.png,Normal_Skin_478.png,C:\Users\Ashutosh Verma\OneDrive\Desktop\VET VISION AI\data\lsd\LumpySkinDisease_DataHub\LumpySkinDisease_DataHub\data-processed\lumpy_unbalanced\lumpy\Normal_Skin_478.png,Normal,331d775ccb3838c14d8c0317b94aebfcaa13e319a5c1df38407406c2572529f0,ff67dc4d65d5110b,,,USABLE,NONE,256,256,3,RGB,170213
TRAIN,Normal_Skin_479.png,Normal_Skin_479.png,C:\Users\Ashutosh Verma\OneDrive\Desktop\VET VISION AI\data\lsd\LumpySkinDisease_DataHub\LumpySkinDisease_DataHub\data-processed\lumpy_unbalanced\lumpy\Normal_Skin_479.png,Normal,f9f1baf8c21820be2c11e541be9c4530cd95262d0f7ee014279184bd29ba5c24,4e033336f6d24646,,,USABLE,NONE,256,256,3,RGB,151359
TRAIN,Normal_Skin_48.png,Normal_Skin_48.png,C:\Users\Ashutosh Verma\OneDrive\Desktop\VET VISION AI\data\lsd\LumpySkinDisease_DataHub\LumpySkinDisease_DataHub\data-processed\lumpy_unbalanced\lumpy\Normal_Skin_48.png,Normal,2088779c469825d6de0d255e4e7dc9c07793dc64f621a6cda707be8d724c9537,1f8f8b83cbcb5b1b,,,USABLE,NONE,256,256,3,RGB,154939
TRAIN,Normal_Skin_480.png,Normal_Skin_480.png,C:\Users\Ashutosh Verma\OneDrive\Desktop\VET VISION AI\data\lsd\LumpySkinDisease_DataHub\LumpySkinDisease_DataHub\data-processed\lumpy_unbalanced\lumpy\Normal_Skin_480.png,Normal,5fe3120cac7413f26bcaf8900099b534f27f48e3e0dc308e4f2a4f26334027cd,ea48952df8b51c34,,,USABLE,NONE,256,256,3,RGB,170209
TRAIN,Normal_Skin_481.png,Normal_Skin_481.png,C:\Users\Ashutosh Verma\OneDrive\Desktop\VET VISION AI\data\lsd\LumpySkinDisease_DataHub\LumpySkinDisease_DataHub\data-processed\lumpy_unbalanced\lumpy\Normal_Skin_481.png,Normal,493a2a9ab5846aa75ddf1c7e2556c990bd90f1cd336be25298d9b4a9b3ee214c,cd0dd84567c2c6cc,,,USABLE,NONE,256,256,3,RGB,167047
TRAIN,Normal_Skin_482.png,Normal_Skin_482.png,C:\Users\Ashutosh Verma\OneDrive\Desktop\VET VISION AI\data\lsd\LumpySkinDisease_DataHub\LumpySkinDisease_DataHub\data-processed\lumpy_unbalanced\lumpy\Normal_Skin_482.png,Normal,4678bd66d14e1342a9fe55800ce3d4c60a5e60cab9a9952c7a0e88f1ff14a2ce,6466c64426493ca4,,,USABLE,NONE,256,256,3,RGB,151756
TRAIN,Normal_Skin_483.png,Normal_Skin_483.png,C:\Users\Ashutosh Verma\OneDrive\Desktop\VET VISION AI\data\lsd\LumpySkinDisease_DataHub\LumpySkinDisease_DataHub\data-processed\lumpy_unbalanced\lumpy\Normal_Skin_483.png,Normal,d7e6286c27a5a55a315ceb48037c17c09d09b3f8e3c916aed11c035885a03e95,a0ed9496a6f51596,,,USABLE,NONE,256,256,3,RGB,171696
TRAIN,Normal_Skin_484.png,Normal_Skin_484.png,C:\Users\Ashutosh Verma\OneDrive\Desktop\VET VISION AI\data\lsd\LumpySkinDisease_DataHub\LumpySkinDisease_DataHub\data-processed\lumpy_unbalanced\lumpy\Normal_Skin_484.png,Normal,902a1eda6b20250aea256afbbc918f621a1bd2c8875e7a9eea5d8c4b4c2bfcd9,f0fc8e692de1e5dc,,,USABLE,NONE,256,256,3,RGB,174719
TRAIN,Normal_Skin_485.png,Normal_Skin_485.png,C:\Users\Ashutosh Verma\OneDrive\Desktop\VET VISION AI\data\lsd\LumpySkinDisease_DataHub\LumpySkinDisease_DataHub\data-processed\lumpy_unbalanced\lumpy\Normal_Skin_485.png,Normal,b112605194962789b70697d1dd07f9783c582d13b035b41a401c6730e077caca,f071a2d4d8d2cdd8,,,USABLE,NONE,256,256,3,RGB,168640
TRAIN,Normal_Skin_488.png,Normal_Skin_488.png,C:\Users\Ashutosh Verma\OneDrive\Desktop\VET VISION AI\data\lsd\LumpySkinDisease_DataHub\LumpySkinDisease_DataHub\data-processed\lumpy_unbalanced\lumpy\Normal_Skin_488.png,Normal,cefa895d036fc4930e2c7decb9768f34db19da620ef2616149225b687ffc4c7d,0000418bccc4e672,,,USABLE,NONE,256,256,3,RGB,90699
TRAIN,Normal_Skin_489.png,Normal_Skin_489.png,C:\Users\Ashutosh Verma\OneDrive\Desktop\VET VISION AI\data\lsd\LumpySkinDisease_DataHub\LumpySkinDisease_DataHub\data-processed\lumpy_unbalanced\lumpy\Normal_Skin_489.png,Normal,35e835b4695075118bdef1f78de57088b61fa49755df5429f0859900a3b94bc8,6d23b3a323254929,,,USABLE,NONE,256,256,3,RGB,184524
TRAIN,Normal_Skin_49.png,Normal_Skin_49.png,C:\Users\Ashutosh Verma\OneDrive\Desktop\VET VISION AI\data\lsd\LumpySkinDisease_DataHub\LumpySkinDisease_DataHub\data-processed\lumpy_unbalanced\lumpy\Normal_Skin_49.png,Normal,614924306553aa46466d5efa9d2a5eb624656a89a3726c2df795ff2b5f13163e,3133f2f271616173,,,USABLE,NONE,256,256,3,RGB,80049
TRAIN,Normal_Skin_490.png,Normal_Skin_490.png,C:\Users\Ashutosh Verma\OneDrive\Desktop\VET VISION AI\data\lsd\LumpySkinDisease_DataHub\LumpySkinDisease_DataHub\data-processed\lumpy_unbalanced\lumpy\Normal_Skin_490.png,Normal,886a03c3cdb94af5e0d28651c516b2f4ab9f196e551fdf3604eeb7f16b88ccc0,2e0a9f8b8f8bc9c8,,,USABLE,NONE,256,256,3,RGB,108774
TRAIN,Normal_Skin_492.png,Normal_Skin_492.png,C:\Users\Ashutosh Verma\OneDrive\Desktop\VET VISION AI\data\lsd\LumpySkinDisease_DataHub\LumpySkinDisease_DataHub\data-processed\lumpy_unbalanced\lumpy\Normal_Skin_492.png,Normal,de3fc95cb21e974bc8b3bcee4c7581984bf146d2c08229f94678bb985e51e9d4,7ee448d91a243373,,,USABLE,NONE,256,256,3,RGB,161030
TRAIN,Normal_Skin_494.png,Normal_Skin_494.png,C:\Users\Ashutosh Verma\OneDrive\Desktop\VET VISION AI\data\lsd\LumpySkinDisease_DataHub\LumpySkinDisease_DataHub\data-processed\lumpy_unbalanced\lumpy\Normal_Skin_494.png,Normal,c9b541943febee9914485b1772f894c23eb3450c0eef99826e6535dbc3fc17f8,8f00034d6d662457,,,USABLE,NONE,256,256,3,RGB,145133
TRAIN,Normal_Skin_495.png,Normal_Skin_495.png,C:\Users\Ashutosh Verma\OneDrive\Desktop\VET VISION AI\data\lsd\LumpySkinDisease_DataHub\LumpySkinDisease_DataHub\data-processed\lumpy_unbalanced\lumpy\Normal_Skin_495.png,Normal,67ba9369503cfb4cc63c4d6727c1238769fe32e07d0fd0f9af630b7cd571a084,9b9b4a4a484d4cd0,,,USABLE,NONE,256,256,3,RGB,165470
TRAIN,Normal_Skin_496.png,Normal_Skin_496.png,C:\Users\Ashutosh Verma\OneDrive\Desktop\VET VISION AI\data\lsd\LumpySkinDisease_DataHub\LumpySkinDisease_DataHub\data-processed\lumpy_unbalanced\lumpy\Normal_Skin_496.png,Normal,7ff2c6556020d859a64d4600705496f27434d7f7df40ecbf3d17756f8cb85b56,05cbaf999b8884f0,,,USABLE,NONE,256,256,3,RGB,161257
TRAIN,Normal_Skin_498.png,Normal_Skin_498.png,C:\Users\Ashutosh Verma\OneDrive\Desktop\VET VISION AI\data\lsd\LumpySkinDisease_DataHub\LumpySkinDisease_DataHub\data-processed\lumpy_unbalanced\lumpy\Normal_Skin_498.png,Normal,533498caa59622c9fb31fa8fda7f3c131f83c48866467ea3b09efdde2dfc0968,b353574ece4a7971,,,USABLE,NONE,256,256,3,RGB,178561
TRAIN,Normal_Skin_50.png,Normal_Skin_50.png,C:\Users\Ashutosh Verma\OneDrive\Desktop\VET VISION AI\data\lsd\LumpySkinDisease_DataHub\LumpySkinDisease_DataHub\data-processed\lumpy_unbalanced\lumpy\Normal_Skin_50.png,Normal,07f0fb12023d11435d313eb064f75b51eacbc56bbd84a61ef0a2ce8eece56776,8e331b1f1616a6e5,,,USABLE,NONE,256,256,3,RGB,154352
TRAIN,Normal_Skin_502.png,Normal_Skin_502.png,C:\Users\Ashutosh Verma\OneDrive\Desktop\VET VISION AI\data\lsd\LumpySkinDisease_DataHub\LumpySkinDisease_DataHub\data-processed\lumpy_unbalanced\lumpy\Normal_Skin_502.png,Normal,1004b8a9f7c1d795bf21c729e60b1b35d87081bd046ef1657b87cf13b4b5f550,ac5353766692d3ed,,,USABLE,NONE,256,256,3,RGB,155883
TRAIN,Normal_Skin_503.png,Normal_Skin_503.png,C:\Users\Ashutosh Verma\OneDrive\Desktop\VET VISION AI\data\lsd\LumpySkinDisease_DataHub\LumpySkinDisease_DataHub\data-processed\lumpy_unbalanced\lumpy\Normal_Skin_503.png,Normal,413938b4b969b9c512357f432134c6f059a38939313d7e550d0fffa37bec7bc7,c0101b838b597236,,,USABLE,NONE,256,256,3,RGB,153526
TRAIN,Normal_Skin_505.png,Normal_Skin_505.png,C:\Users\Ashutosh Verma\OneDrive\Desktop\VET VISION AI\data\lsd\LumpySkinDisease_DataHub\LumpySkinDisease_DataHub\data-processed\lumpy_unbalanced\lumpy\Normal_Skin_505.png,Normal,63c08458ab1786d679f011b23e699820e5fac4f8ab13491866455d71d11a54a8,00b8d45793838d00,,ND-SAME-0046,USABLE,NONE,256,256,3,RGB,107992
TRAIN,Normal_Skin_507.png,Normal_Skin_507.png,C:\Users\Ashutosh Verma\OneDrive\Desktop\VET VISION AI\data\lsd\LumpySkinDisease_DataHub\LumpySkinDisease_DataHub\data-processed\lumpy_unbalanced\lumpy\Normal_Skin_507.png,Normal,fa21b90a0b35c991e311ccefac08972df4aaf0aed658e15b556aac3867d394b3,5a1f6959f3e39823,,,USABLE,NONE,256,256,3,RGB,162924
TRAIN,Normal_Skin_508.png,Normal_Skin_508.png,C:\Users\Ashutosh Verma\OneDrive\Desktop\VET VISION AI\data\lsd\LumpySkinDisease_DataHub\LumpySkinDisease_DataHub\data-processed\lumpy_unbalanced\lumpy\Normal_Skin_508.png,Normal,3842a2cce0fe2b983a4ca0f45a62959831def687ef5fd91701a29fa4aaeda28d,8356fcb072f28917,,,USABLE,NONE,256,256,3,RGB,162656
TRAIN,Normal_Skin_509.png,Normal_Skin_509.png,C:\Users\Ashutosh Verma\OneDrive\Desktop\VET VISION AI\data\lsd\LumpySkinDisease_DataHub\LumpySkinDisease_DataHub\data-processed\lumpy_unbalanced\lumpy\Normal_Skin_509.png,Normal,a4d70cc1aa9f51a2cb9fd8bd3d242d844b7b09bf37108508c7b944a65822fa8e,a3757033a79193ea,,ND-SAME-0078,USABLE,NONE,256,256,3,RGB,187714
TRAIN,Normal_Skin_511.png,Normal_Skin_511.png,C:\Users\Ashutosh Verma\OneDrive\Desktop\VET VISION AI\data\lsd\LumpySkinDisease_DataHub\LumpySkinDisease_DataHub\data-processed\lumpy_unbalanced\lumpy\Normal_Skin_511.png,Normal,0e2a202cd05511635f5b2c27606fe6101766e45490f84194c6b19a95f34c08a0,cde297c7d286878f,,,USABLE,NONE,256,256,3,RGB,171031
TRAIN,Normal_Skin_512.png,Normal_Skin_512.png,C:\Users\Ashutosh Verma\OneDrive\Desktop\VET VISION AI\data\lsd\LumpySkinDisease_DataHub\LumpySkinDisease_DataHub\data-processed\lumpy_unbalanced\lumpy\Normal_Skin_512.png,Normal,3388431d519d638b722c4e796d44bface9baad752e22102f75409b9d082ec6b5,bc2773763eddcd98,,ND-SAME-0079,USABLE,NONE,256,256,3,RGB,180339
TRAIN,Normal_Skin_513.png,Normal_Skin_513.png,C:\Users\Ashutosh Verma\OneDrive\Desktop\VET VISION AI\data\lsd\LumpySkinDisease_DataHub\LumpySkinDisease_DataHub\data-processed\lumpy_unbalanced\lumpy\Normal_Skin_513.png,Normal,c760f9f200edb7c888621dd90052e8f78bba0c3d29957801d2ea4c1968dee057,5933f3727978f2eb,,,USABLE,NONE,256,256,3,RGB,149387
TRAIN,Normal_Skin_514.png,Normal_Skin_514.png,C:\Users\Ashutosh Verma\OneDrive\Desktop\VET VISION AI\data\lsd\LumpySkinDisease_DataHub\LumpySkinDisease_DataHub\data-processed\lumpy_unbalanced\lumpy\Normal_Skin_514.png,Normal,22f00d95887ef66d9aa6a644f293ceb6d201a4074f0a99ed68e0b56c61a8cc5f,d75a5b194bdaf296,,,USABLE,NONE,256,256,3,RGB,176424
TRAIN,Normal_Skin_515.png,Normal_Skin_515.png,C:\Users\Ashutosh Verma\OneDrive\Desktop\VET VISION AI\data\lsd\LumpySkinDisease_DataHub\LumpySkinDisease_DataHub\data-processed\lumpy_unbalanced\lumpy\Normal_Skin_515.png,Normal,09c5a641fc66853de4a1ef9278e1378a6ed108dc6862ce0c7c6ce46c122b99e1,9db00618cc2e9ac6,,,USABLE,NONE,256,256,3,RGB,177312
TRAIN,Normal_Skin_517.png,Normal_Skin_517.png,C:\Users\Ashutosh Verma\OneDrive\Desktop\VET VISION AI\data\lsd\LumpySkinDisease_DataHub\LumpySkinDisease_DataHub\data-processed\lumpy_unbalanced\lumpy\Normal_Skin_517.png,Normal,9ad0d84d13fc773af0415ae34154e5c5956c4553ac570d0d8718139b156fd925,c05d310d04171604,,,USABLE,NONE,256,256,3,RGB,28983
TRAIN,Normal_Skin_518.png,Normal_Skin_518.png,C:\Users\Ashutosh Verma\OneDrive\Desktop\VET VISION AI\data\lsd\LumpySkinDisease_DataHub\LumpySkinDisease_DataHub\data-processed\lumpy_unbalanced\lumpy\Normal_Skin_518.png,Normal,2afb1dec42475d5775a293abb022384f05ea85e2837b2cd6aa42745b5911dd88,25b5f6d5b4d7cfcc,,,USABLE,NONE,256,256,3,RGB,180295
TRAIN,Normal_Skin_52.png,Normal_Skin_52.png,C:\Users\Ashutosh Verma\OneDrive\Desktop\VET VISION AI\data\lsd\LumpySkinDisease_DataHub\LumpySkinDisease_DataHub\data-processed\lumpy_unbalanced\lumpy\Normal_Skin_52.png,Normal,031f8a21b7deb5e846e969d20fbb9ce7b14a90a315ed76e4ad7e55190f14f052,d899233f3b3b398f,,,USABLE,NONE,256,256,3,RGB,182876
TRAIN,Normal_Skin_520.png,Normal_Skin_520.png,C:\Users\Ashutosh Verma\OneDrive\Desktop\VET VISION AI\data\lsd\LumpySkinDisease_DataHub\LumpySkinDisease_DataHub\data-processed\lumpy_unbalanced\lumpy\Normal_Skin_520.png,Normal,669f38de4010ccb1e06f7b384ce0199100aead437ef792e5652c0d665fb98f17,d050600a868a8684,,,USABLE,NONE,256,256,3,RGB,86347
TRAIN,Normal_Skin_521.png,Normal_Skin_521.png,C:\Users\Ashutosh Verma\OneDrive\Desktop\VET VISION AI\data\lsd\LumpySkinDisease_DataHub\LumpySkinDisease_DataHub\data-processed\lumpy_unbalanced\lumpy\Normal_Skin_521.png,Normal,7e72c5bf1c8524dc79970a8b7fe1bccb28f44c9c5e8c1b64f1c678f8603671a8,20dadb6d7ccc0514,,,USABLE,NONE,256,256,3,RGB,145149
TRAIN,Normal_Skin_526.png,Normal_Skin_526.png,C:\Users\Ashutosh Verma\OneDrive\Desktop\VET VISION AI\data\lsd\LumpySkinDisease_DataHub\LumpySkinDisease_DataHub\data-processed\lumpy_unbalanced\lumpy\Normal_Skin_526.png,Normal,133880956cec2b2905baff975b5ca0faed4f42a1dcc508ea506a4051ebadd577,a49a0c0d1d941ddb,,,USABLE,NONE,256,256,3,RGB,182366
TRAIN,Normal_Skin_528.png,Normal_Skin_528.png,C:\Users\Ashutosh Verma\OneDrive\Desktop\VET VISION AI\data\lsd\LumpySkinDisease_DataHub\LumpySkinDisease_DataHub\data-processed\lumpy_unbalanced\lumpy\Normal_Skin_528.png,Normal,4e3f9eac831d30df89f4c9472a14c8fa7de78783778feb79acd3b0c736f6040b,9e9eb292babafafa,,,USABLE,NONE,256,256,3,RGB,153412
TRAIN,Normal_Skin_529.png,Normal_Skin_529.png,C:\Users\Ashutosh Verma\OneDrive\Desktop\VET VISION AI\data\lsd\LumpySkinDisease_DataHub\LumpySkinDisease_DataHub\data-processed\lumpy_unbalanced\lumpy\Normal_Skin_529.png,Normal,9042b3726887a7f5499e478313f42b0cde35268cad2266bee23548e081d7196c,9399969256dc4454,,,USABLE,NONE,256,256,3,RGB,146469
TRAIN,Normal_Skin_53.png,Normal_Skin_53.png,C:\Users\Ashutosh Verma\OneDrive\Desktop\VET VISION AI\data\lsd\LumpySkinDisease_DataHub\LumpySkinDisease_DataHub\data-processed\lumpy_unbalanced\lumpy\Normal_Skin_53.png,Normal,1bdb4ce4233007f85756c6843f466f718596c05d75177612d212024387608164,1119e1c4b4a02336,,,USABLE,NONE,256,256,3,RGB,151329
TRAIN,Normal_Skin_530.png,Normal_Skin_530.png,C:\Users\Ashutosh Verma\OneDrive\Desktop\VET VISION AI\data\lsd\LumpySkinDisease_DataHub\LumpySkinDisease_DataHub\data-processed\lumpy_unbalanced\lumpy\Normal_Skin_530.png,Normal,8f4f19c19a697134d927ede87aa3e1c03a30398cdf0c561d4b0d75d3e4379423,cccce97173fb9be4,,ND-SAME-0080,USABLE,NONE,256,256,3,RGB,128573
TRAIN,Normal_Skin_532.png,Normal_Skin_532.png,C:\Users\Ashutosh Verma\OneDrive\Desktop\VET VISION AI\data\lsd\LumpySkinDisease_DataHub\LumpySkinDisease_DataHub\data-processed\lumpy_unbalanced\lumpy\Normal_Skin_532.png,Normal,b0f09093e1420a8f91181a93fc26796470ecc072d0984f55169987bb0a2bfd37,f4e195b7999994e8,,,USABLE,NONE,256,256,3,RGB,125627
TRAIN,Normal_Skin_533.png,Normal_Skin_533.png,C:\Users\Ashutosh Verma\OneDrive\Desktop\VET VISION AI\data\lsd\LumpySkinDisease_DataHub\LumpySkinDisease_DataHub\data-processed\lumpy_unbalanced\lumpy\Normal_Skin_533.png,Normal,3cddb75b8467ddc7628adc74e4becaae7e782b2b82ccc8332cd810f59970eea7,c4902860646ccc2e,,,USABLE,NONE,256,256,3,RGB,164551
TRAIN,Normal_Skin_536.png,Normal_Skin_536.png,C:\Users\Ashutosh Verma\OneDrive\Desktop\VET VISION AI\data\lsd\LumpySkinDisease_DataHub\LumpySkinDisease_DataHub\data-processed\lumpy_unbalanced\lumpy\Normal_Skin_536.png,Normal,68f6e508e388b0e562dfd526ed88af3b1035569bdcc01e885f7fb5be2645a522,fc989b32722616dd,,,USABLE,NONE,256,256,3,RGB,164842
TRAIN,Normal_Skin_538.png,Normal_Skin_538.png,C:\Users\Ashutosh Verma\OneDrive\Desktop\VET VISION AI\data\lsd\LumpySkinDisease_DataHub\LumpySkinDisease_DataHub\data-processed\lumpy_unbalanced\lumpy\Normal_Skin_538.png,Normal,8f136b1629b6fe0312d159b000cba6077e97239b655c783d07300948aeee4c53,449431329bd24a04,,,USABLE,NONE,256,256,3,RGB,162677
TRAIN,Normal_Skin_539.png,Normal_Skin_539.png,C:\Users\Ashutosh Verma\OneDrive\Desktop\VET VISION AI\data\lsd\LumpySkinDisease_DataHub\LumpySkinDisease_DataHub\data-processed\lumpy_unbalanced\lumpy\Normal_Skin_539.png,Normal,121ba57c8214c0479c04e749a617283f7e8980d3a52cf173c86c422237323fbe,f0d032b2f0edcccc,,,USABLE,NONE,256,256,3,RGB,168410
TRAIN,Normal_Skin_541.png,Normal_Skin_541.png,C:\Users\Ashutosh Verma\OneDrive\Desktop\VET VISION AI\data\lsd\LumpySkinDisease_DataHub\LumpySkinDisease_DataHub\data-processed\lumpy_unbalanced\lumpy\Normal_Skin_541.png,Normal,8198ea8cbc62053ac5fbb1b6d5bda27d249a161fa7f93cffcc91b3740c296477,e872362b21290101,,ND-SAME-0042,USABLE,NONE,256,256,3,RGB,132388
TRAIN,Normal_Skin_542.png,Normal_Skin_542.png,C:\Users\Ashutosh Verma\OneDrive\Desktop\VET VISION AI\data\lsd\LumpySkinDisease_DataHub\LumpySkinDisease_DataHub\data-processed\lumpy_unbalanced\lumpy\Normal_Skin_542.png,Normal,77baf1513cf4dfa49b86f318dcc5319fa8f67342c5584e74231d90fc41579b6a,36266ef3b3a337cf,,,USABLE,NONE,256,256,3,RGB,179342
TRAIN,Normal_Skin_543.png,Normal_Skin_543.png,C:\Users\Ashutosh Verma\OneDrive\Desktop\VET VISION AI\data\lsd\LumpySkinDisease_DataHub\LumpySkinDisease_DataHub\data-processed\lumpy_unbalanced\lumpy\Normal_Skin_543.png,Normal,4ccb775572fe4aa4bcb8282f68b1159933aa0075c29f89176e495fd1b3dc7be0,3f9bd0ba9a696d8b,,ND-SAME-0082,USABLE,NONE,256,256,3,RGB,173207
TRAIN,Normal_Skin_544.png,Normal_Skin_544.png,C:\Users\Ashutosh Verma\OneDrive\Desktop\VET VISION AI\data\lsd\LumpySkinDisease_DataHub\LumpySkinDisease_DataHub\data-processed\lumpy_unbalanced\lumpy\Normal_Skin_544.png,Normal,c3cf9a1e3fa4f1711941019d3c0b5d2e9b6505187656277c0c6c7dcbc95160c7,39e99786c6663f5e,,,USABLE,NONE,256,256,3,RGB,133255
TRAIN,Normal_Skin_545.png,Normal_Skin_545.png,C:\Users\Ashutosh Verma\OneDrive\Desktop\VET VISION AI\data\lsd\LumpySkinDisease_DataHub\LumpySkinDisease_DataHub\data-processed\lumpy_unbalanced\lumpy\Normal_Skin_545.png,Normal,06a2a9c6f2f4bd0df8883659cb8ae4744729a4b6b91e1dcc50a0150b6a65c02e,9f18d46464686928,,,USABLE,NONE,256,256,3,RGB,170599
TRAIN,Normal_Skin_546.png,Normal_Skin_546.png,C:\Users\Ashutosh Verma\OneDrive\Desktop\VET VISION AI\data\lsd\LumpySkinDisease_DataHub\LumpySkinDisease_DataHub\data-processed\lumpy_unbalanced\lumpy\Normal_Skin_546.png,Normal,8ef3b3e7eb8d0c339dc2b5aacf0bd77d84d244b5b7fc8f77a4c713316ecbf644,c0e1f2c852d8e4c4,,,USABLE,NONE,256,256,3,RGB,139630
TRAIN,Normal_Skin_547.png,Normal_Skin_547.png,C:\Users\Ashutosh Verma\OneDrive\Desktop\VET VISION AI\data\lsd\LumpySkinDisease_DataHub\LumpySkinDisease_DataHub\data-processed\lumpy_unbalanced\lumpy\Normal_Skin_547.png,Normal,0b0d425fc1ab55267bfe609556683f828d181af821b2d6fd79f844baa8d83943,f85ccc484c4b4b43,,,USABLE,NONE,256,256,3,RGB,151668
TRAIN,Normal_Skin_548.png,Normal_Skin_548.png,C:\Users\Ashutosh Verma\OneDrive\Desktop\VET VISION AI\data\lsd\LumpySkinDisease_DataHub\LumpySkinDisease_DataHub\data-processed\lumpy_unbalanced\lumpy\Normal_Skin_548.png,Normal,8f6514b74657dcb96f5478e73559d2ee68a04572138b8885de948c7b548d358e,1fc90190cc0c3046,,,USABLE,NONE,256,256,3,RGB,154778
TRAIN,Normal_Skin_549.png,Normal_Skin_549.png,C:\Users\Ashutosh Verma\OneDrive\Desktop\VET VISION AI\data\lsd\LumpySkinDisease_DataHub\LumpySkinDisease_DataHub\data-processed\lumpy_unbalanced\lumpy\Normal_Skin_549.png,Normal,667ff3059d6154718307adc9966e6d5e757b8944585bce665ddfd77afd9578a6,d2d02c36975b43cb,,,USABLE,NONE,256,256,3,RGB,170351
TRAIN,Normal_Skin_551.png,Normal_Skin_551.png,C:\Users\Ashutosh Verma\OneDrive\Desktop\VET VISION AI\data\lsd\LumpySkinDisease_DataHub\LumpySkinDisease_DataHub\data-processed\lumpy_unbalanced\lumpy\Normal_Skin_551.png,Normal,369e4c44699862c623a8dc935c36310ef1727f6315d05fc98e92019e9da1a4ce,7a7a9b8b8fdb878f,,,USABLE,NONE,256,256,3,RGB,179644
TRAIN,Normal_Skin_552.png,Normal_Skin_552.png,C:\Users\Ashutosh Verma\OneDrive\Desktop\VET VISION AI\data\lsd\LumpySkinDisease_DataHub\LumpySkinDisease_DataHub\data-processed\lumpy_unbalanced\lumpy\Normal_Skin_552.png,Normal,261fa8dd8b0f1f75af5d09ed975c3e37e63911b137f741d11b292819d5a42153,c663632618596962,,,USABLE,NONE,256,256,3,RGB,132898
TRAIN,Normal_Skin_554.png,Normal_Skin_554.png,C:\Users\Ashutosh Verma\OneDrive\Desktop\VET VISION AI\data\lsd\LumpySkinDisease_DataHub\LumpySkinDisease_DataHub\data-processed\lumpy_unbalanced\lumpy\Normal_Skin_554.png,Normal,92f9a4597e60a79491655ef8cf282c48109856823842729f46b27ef25d7d2a75,e0d0985bcbdad898,,,USABLE,NONE,256,256,3,RGB,139257
TRAIN,Normal_Skin_557.png,Normal_Skin_557.png,C:\Users\Ashutosh Verma\OneDrive\Desktop\VET VISION AI\data\lsd\LumpySkinDisease_DataHub\LumpySkinDisease_DataHub\data-processed\lumpy_unbalanced\lumpy\Normal_Skin_557.png,Normal,00c5cf81166c8de2ac93fa36a502535d16875213ce2634c2dad67516ab296f7c,10606249212048ca,,,USABLE,NONE,256,256,3,RGB,149075
TRAIN,Normal_Skin_559.png,Normal_Skin_559.png,C:\Users\Ashutosh Verma\OneDrive\Desktop\VET VISION AI\data\lsd\LumpySkinDisease_DataHub\LumpySkinDisease_DataHub\data-processed\lumpy_unbalanced\lumpy\Normal_Skin_559.png,Normal,13b778d698fabf46858a78d3915f5039138de39b7cbaf359e62a863daea370d5,94793b363e36766e,,,USABLE,NONE,256,256,3,RGB,153703
TRAIN,Normal_Skin_56.png,Normal_Skin_56.png,C:\Users\Ashutosh Verma\OneDrive\Desktop\VET VISION AI\data\lsd\LumpySkinDisease_DataHub\LumpySkinDisease_DataHub\data-processed\lumpy_unbalanced\lumpy\Normal_Skin_56.png,Normal,87b094db38f09b7f46175c571fbd778edd8d0eb5365085965d695fb510cceea3,4ab42a4ab2295620,,,USABLE,NONE,256,256,3,RGB,18106
TRAIN,Normal_Skin_560.png,Normal_Skin_560.png,C:\Users\Ashutosh Verma\OneDrive\Desktop\VET VISION AI\data\lsd\LumpySkinDisease_DataHub\LumpySkinDisease_DataHub\data-processed\lumpy_unbalanced\lumpy\Normal_Skin_560.png,Normal,ecb2ce7b2afa4ccff48f22659cbdd034050434a97fe79e2dc6301cdb5e4c079d,841a1d874d4d4fa0,,,USABLE,NONE,256,256,3,RGB,65311
TRAIN,Normal_Skin_562.png,Normal_Skin_562.png,C:\Users\Ashutosh Verma\OneDrive\Desktop\VET VISION AI\data\lsd\LumpySkinDisease_DataHub\LumpySkinDisease_DataHub\data-processed\lumpy_unbalanced\lumpy\Normal_Skin_562.png,Normal,c8aa8af396f6130979aa4fa78281ccfc95e9ad5edc1a565d8d5640cd096a1603,d9a4232b33333192,,,USABLE,NONE,256,256,3,RGB,166833
TRAIN,Normal_Skin_563.png,Normal_Skin_563.png,C:\Users\Ashutosh Verma\OneDrive\Desktop\VET VISION AI\data\lsd\LumpySkinDisease_DataHub\LumpySkinDisease_DataHub\data-processed\lumpy_unbalanced\lumpy\Normal_Skin_563.png,Normal,bfabba549f799ea380d3d9de6cebd819beba3f97c9444ece9e212c0d96bd5101,0f87a446662d2d91,,,USABLE,NONE,256,256,3,RGB,143526
TRAIN,Normal_Skin_564.png,Normal_Skin_564.png,C:\Users\Ashutosh Verma\OneDrive\Desktop\VET VISION AI\data\lsd\LumpySkinDisease_DataHub\LumpySkinDisease_DataHub\data-processed\lumpy_unbalanced\lumpy\Normal_Skin_564.png,Normal,b7fb84120b8530c901d5abbfb7c0a7184c6422beb576fe6101c47a602d98f256,523b2393ddd11878,,,USABLE,NONE,256,256,3,RGB,176839
TRAIN,Normal_Skin_565.png,Normal_Skin_565.png,C:\Users\Ashutosh Verma\OneDrive\Desktop\VET VISION AI\data\lsd\LumpySkinDisease_DataHub\LumpySkinDisease_DataHub\data-processed\lumpy_unbalanced\lumpy\Normal_Skin_565.png,Normal,a6080d86d75b587823b84a2450fe423d4af240953e0f5249388c51510fad5cc4,4743a6963636b627,,ND-SAME-0083,USABLE,NONE,256,256,3,RGB,123903
TRAIN,Normal_Skin_566.png,Normal_Skin_566.png,C:\Users\Ashutosh Verma\OneDrive\Desktop\VET VISION AI\data\lsd\LumpySkinDisease_DataHub\LumpySkinDisease_DataHub\data-processed\lumpy_unbalanced\lumpy\Normal_Skin_566.png,Normal,77b74da205f45c6a747db22a1a6fe610a5ae79375aaf9803492a444490fd1fbb,98e880c1738bc9f1,,,USABLE,NONE,256,256,3,RGB,177274
TRAIN,Normal_Skin_567.png,Normal_Skin_567.png,C:\Users\Ashutosh Verma\OneDrive\Desktop\VET VISION AI\data\lsd\LumpySkinDisease_DataHub\LumpySkinDisease_DataHub\data-processed\lumpy_unbalanced\lumpy\Normal_Skin_567.png,Normal,9657f632cec96bc35ecc7654368403b4597448772ec78e564a461f067e81474c,facad074944f6c34,,,USABLE,NONE,256,256,3,RGB,161364
TRAIN,Normal_Skin_569.png,Normal_Skin_569.png,C:\Users\Ashutosh Verma\OneDrive\Desktop\VET VISION AI\data\lsd\LumpySkinDisease_DataHub\LumpySkinDisease_DataHub\data-processed\lumpy_unbalanced\lumpy\Normal_Skin_569.png,Normal,fee2d2d236f536b99e7513f8ee0fb49045739e6a808f9d569cebaaece5a66271,9db4edef9d0743d6,,,USABLE,NONE,256,256,3,RGB,183240
TRAIN,Normal_Skin_57.png,Normal_Skin_57.png,C:\Users\Ashutosh Verma\OneDrive\Desktop\VET VISION AI\data\lsd\LumpySkinDisease_DataHub\LumpySkinDisease_DataHub\data-processed\lumpy_unbalanced\lumpy\Normal_Skin_57.png,Normal,248ad8b8311c04cbc238b5a276d9cfb2962a3628f7659830d8f357192b30d9be,0d9e91a1a32708d1,,ND-SAME-0076,USABLE,NONE,256,256,3,RGB,178365
TRAIN,Normal_Skin_570.png,Normal_Skin_570.png,C:\Users\Ashutosh Verma\OneDrive\Desktop\VET VISION AI\data\lsd\LumpySkinDisease_DataHub\LumpySkinDisease_DataHub\data-processed\lumpy_unbalanced\lumpy\Normal_Skin_570.png,Normal,51bcb869d79dca093b658180cc678196f7fad4c094590a2038fe001acc22889a,6439a9a9a9a1a2e2,,,USABLE,NONE,256,256,3,RGB,130078
TRAIN,Normal_Skin_571.png,Normal_Skin_571.png,C:\Users\Ashutosh Verma\OneDrive\Desktop\VET VISION AI\data\lsd\LumpySkinDisease_DataHub\LumpySkinDisease_DataHub\data-processed\lumpy_unbalanced\lumpy\Normal_Skin_571.png,Normal,51e0e24eb3d54abb4ad159200bcbac7f40382fb4ee0e351bdd0b7e4fd0dac7a1,d4edeb7b70909956,,,USABLE,NONE,256,256,3,RGB,168380
TRAIN,Normal_Skin_572.png,Normal_Skin_572.png,C:\Users\Ashutosh Verma\OneDrive\Desktop\VET VISION AI\data\lsd\LumpySkinDisease_DataHub\LumpySkinDisease_DataHub\data-processed\lumpy_unbalanced\lumpy\Normal_Skin_572.png,Normal,85611a9c3646bb98237fbed28fe8d61da4250cc83295d65801df13afe10aff0b,c8e6a697c5699d9d,,,USABLE,NONE,256,256,3,RGB,169984
TRAIN,Normal_Skin_573.png,Normal_Skin_573.png,C:\Users\Ashutosh Verma\OneDrive\Desktop\VET VISION AI\data\lsd\LumpySkinDisease_DataHub\LumpySkinDisease_DataHub\data-processed\lumpy_unbalanced\lumpy\Normal_Skin_573.png,Normal,b7a6fe463e7180e2116888b515110795d65e41764b472f7e67fef6cb489b6018,1366785c5835b41e,,,USABLE,NONE,256,256,3,RGB,146920
TRAIN,Normal_Skin_575.png,Normal_Skin_575.png,C:\Users\Ashutosh Verma\OneDrive\Desktop\VET VISION AI\data\lsd\LumpySkinDisease_DataHub\LumpySkinDisease_DataHub\data-processed\lumpy_unbalanced\lumpy\Normal_Skin_575.png,Normal,46044299562b9204031f4a9116008024aad64be28bc055baf3862ea37096cb6e,e28a9a1696b42646,,ND-SAME-0084,USABLE,NONE,256,256,3,RGB,176563
TRAIN,Normal_Skin_576.png,Normal_Skin_576.png,C:\Users\Ashutosh Verma\OneDrive\Desktop\VET VISION AI\data\lsd\LumpySkinDisease_DataHub\LumpySkinDisease_DataHub\data-processed\lumpy_unbalanced\lumpy\Normal_Skin_576.png,Normal,bea90a32717970074834706f12761a72a2c6a7d1992f67ed48409e407f03b41a,e27a79596a3fded7,,,USABLE,NONE,256,256,3,RGB,175613
TRAIN,Normal_Skin_578.png,Normal_Skin_578.png,C:\Users\Ashutosh Verma\OneDrive\Desktop\VET VISION AI\data\lsd\LumpySkinDisease_DataHub\LumpySkinDisease_DataHub\data-processed\lumpy_unbalanced\lumpy\Normal_Skin_578.png,Normal,6c4a1c290d1225db75d0b8498260771255bfcf572b7a802ac1643c56dd667325,253b332397451d31,,,USABLE,NONE,256,256,3,RGB,138820
TRAIN,Normal_Skin_58.png,Normal_Skin_58.png,C:\Users\Ashutosh Verma\OneDrive\Desktop\VET VISION AI\data\lsd\LumpySkinDisease_DataHub\LumpySkinDisease_DataHub\data-processed\lumpy_unbalanced\lumpy\Normal_Skin_58.png,Normal,d379e46c414b453057db226cd3b9dd2b941ebf026f0d2eb1c2683f3bdf9eaf5a,060601876f23d232,,,USABLE,NONE,256,256,3,RGB,146811
TRAIN,Normal_Skin_580.png,Normal_Skin_580.png,C:\Users\Ashutosh Verma\OneDrive\Desktop\VET VISION AI\data\lsd\LumpySkinDisease_DataHub\LumpySkinDisease_DataHub\data-processed\lumpy_unbalanced\lumpy\Normal_Skin_580.png,Normal,7ddc72e275535ed4c095779199a62f2c50d4b13f9b4e09087109998537a56b15,fe9e8f66f42e26b0,,,USABLE,NONE,256,256,3,RGB,175968
TRAIN,Normal_Skin_581.png,Normal_Skin_581.png,C:\Users\Ashutosh Verma\OneDrive\Desktop\VET VISION AI\data\lsd\LumpySkinDisease_DataHub\LumpySkinDisease_DataHub\data-processed\lumpy_unbalanced\lumpy\Normal_Skin_581.png,Normal,01f5c2e6860f472127b99f21cdfc54ee883d85d40e3671d326f3fc630e1053e4,d33326269636ead6,,,USABLE,NONE,256,256,3,RGB,153849
TRAIN,Normal_Skin_582.png,Normal_Skin_582.png,C:\Users\Ashutosh Verma\OneDrive\Desktop\VET VISION AI\data\lsd\LumpySkinDisease_DataHub\LumpySkinDisease_DataHub\data-processed\lumpy_unbalanced\lumpy\Normal_Skin_582.png,Normal,78664de3384163d397bf03d7caad3cd28d2de6d5d3c04b84d692de3bdfc9a511,5b9a9341a4c74303,,,USABLE,NONE,256,256,3,RGB,175478
TRAIN,Normal_Skin_583.png,Normal_Skin_583.png,C:\Users\Ashutosh Verma\OneDrive\Desktop\VET VISION AI\data\lsd\LumpySkinDisease_DataHub\LumpySkinDisease_DataHub\data-processed\lumpy_unbalanced\lumpy\Normal_Skin_583.png,Normal,b2d4b5eb793b574437cb15f83b8f2bff1c9e1ac8c16764c8ca9571e9d8335449,9d55272787936359,,,USABLE,NONE,256,256,3,RGB,152303
TRAIN,Normal_Skin_584.png,Normal_Skin_584.png,C:\Users\Ashutosh Verma\OneDrive\Desktop\VET VISION AI\data\lsd\LumpySkinDisease_DataHub\LumpySkinDisease_DataHub\data-processed\lumpy_unbalanced\lumpy\Normal_Skin_584.png,Normal,82c1cf3e21349e3dec22e932a2e0e26f4339e2ce7e03dfc09dfb82f11ca383ce,9c8ccc0c6ccccee9,,,USABLE,NONE,256,256,3,RGB,153365
TRAIN,Normal_Skin_586.png,Normal_Skin_586.png,C:\Users\Ashutosh Verma\OneDrive\Desktop\VET VISION AI\data\lsd\LumpySkinDisease_DataHub\LumpySkinDisease_DataHub\data-processed\lumpy_unbalanced\lumpy\Normal_Skin_586.png,Normal,fa9c2b995beebb980cb15eff16d9328a263f850057b79e4056641d9b65346541,94bcb4fa6acacada,,,USABLE,NONE,256,256,3,RGB,185258
TRAIN,Normal_Skin_587.png,Normal_Skin_587.png,C:\Users\Ashutosh Verma\OneDrive\Desktop\VET VISION AI\data\lsd\LumpySkinDisease_DataHub\LumpySkinDisease_DataHub\data-processed\lumpy_unbalanced\lumpy\Normal_Skin_587.png,Normal,ecec8653594c7e4b24eddac99e66177d8f54f1f4a77dbf6f30d77bfa796dc179,c8a2b6b5656d5df4,,,USABLE,NONE,256,256,3,RGB,155414
TRAIN,Normal_Skin_589.png,Normal_Skin_589.png,C:\Users\Ashutosh Verma\OneDrive\Desktop\VET VISION AI\data\lsd\LumpySkinDisease_DataHub\LumpySkinDisease_DataHub\data-processed\lumpy_unbalanced\lumpy\Normal_Skin_589.png,Normal,23237cce1700e2c53ac1697fd82be549c9b4e7dbd41303de8aebc757f643c9aa,f04d1f3a5a7b2fec,,,USABLE,NONE,256,256,3,RGB,144212
TRAIN,Normal_Skin_591.png,Normal_Skin_591.png,C:\Users\Ashutosh Verma\OneDrive\Desktop\VET VISION AI\data\lsd\LumpySkinDisease_DataHub\LumpySkinDisease_DataHub\data-processed\lumpy_unbalanced\lumpy\Normal_Skin_591.png,Normal,7931b64f91a68d5a8bde521633e88a0c6e62e819a97de31bac9d6cd9106e680a,83d0c0cce9f9d0f8,,,USABLE,NONE,256,256,3,RGB,159695
TRAIN,Normal_Skin_592.png,Normal_Skin_592.png,C:\Users\Ashutosh Verma\OneDrive\Desktop\VET VISION AI\data\lsd\LumpySkinDisease_DataHub\LumpySkinDisease_DataHub\data-processed\lumpy_unbalanced\lumpy\Normal_Skin_592.png,Normal,0b19b65dfa808df96cef128c57e764a3ac57048f82b87f59b7fd6d3a0063363d,b7e6e0e674da7bd9,,,USABLE,NONE,256,256,3,RGB,183430
TRAIN,Normal_Skin_594.png,Normal_Skin_594.png,C:\Users\Ashutosh Verma\OneDrive\Desktop\VET VISION AI\data\lsd\LumpySkinDisease_DataHub\LumpySkinDisease_DataHub\data-processed\lumpy_unbalanced\lumpy\Normal_Skin_594.png,Normal,c868bb0bea42db217dd1025199c2daf88b4d1f77505208e62e61386846b63460,81b190d1510bf053,,,USABLE,NONE,256,256,3,RGB,171165
TRAIN,Normal_Skin_595.png,Normal_Skin_595.png,C:\Users\Ashutosh Verma\OneDrive\Desktop\VET VISION AI\data\lsd\LumpySkinDisease_DataHub\LumpySkinDisease_DataHub\data-processed\lumpy_unbalanced\lumpy\Normal_Skin_595.png,Normal,8688593927d29c4b83de00a36847706f2df7ee35a4444723b6abb0cdba41dcac,cab3d343676d6999,,,USABLE,NONE,256,256,3,RGB,168149
TRAIN,Normal_Skin_596.png,Normal_Skin_596.png,C:\Users\Ashutosh Verma\OneDrive\Desktop\VET VISION AI\data\lsd\LumpySkinDisease_DataHub\LumpySkinDisease_DataHub\data-processed\lumpy_unbalanced\lumpy\Normal_Skin_596.png,Normal,b2925269842a56a2de9394c630e057181c50d01d50c4a273cf203eb7ab45802f,b296323332333119,,,USABLE,NONE,256,256,3,RGB,159114
TRAIN,Normal_Skin_597.png,Normal_Skin_597.png,C:\Users\Ashutosh Verma\OneDrive\Desktop\VET VISION AI\data\lsd\LumpySkinDisease_DataHub\LumpySkinDisease_DataHub\data-processed\lumpy_unbalanced\lumpy\Normal_Skin_597.png,Normal,1f86282eaf0f57aa6175880623da46b2544b4078394cdd87a9ce4e67b43cc213,9b8ea531989e9712,,,USABLE,NONE,256,256,3,RGB,180322
TRAIN,Normal_Skin_599.png,Normal_Skin_599.png,C:\Users\Ashutosh Verma\OneDrive\Desktop\VET VISION AI\data\lsd\LumpySkinDisease_DataHub\LumpySkinDisease_DataHub\data-processed\lumpy_unbalanced\lumpy\Normal_Skin_599.png,Normal,0bd9bcf5b73226769896d249ab5499589a5c82317555f6f7f08cd4ce74a9c30e,0034c83636654994,,,USABLE,NONE,256,256,3,RGB,67002
TRAIN,Normal_Skin_600.png,Normal_Skin_600.png,C:\Users\Ashutosh Verma\OneDrive\Desktop\VET VISION AI\data\lsd\LumpySkinDisease_DataHub\LumpySkinDisease_DataHub\data-processed\lumpy_unbalanced\lumpy\Normal_Skin_600.png,Normal,03451f12bb2f6e96bdbd8da719ed9de317c407a899d5fc4721ce1ff4ec187c38,e06c486b2a2eaeae,,,USABLE,NONE,256,256,3,RGB,174891
TRAIN,Normal_Skin_602.png,Normal_Skin_602.png,C:\Users\Ashutosh Verma\OneDrive\Desktop\VET VISION AI\data\lsd\LumpySkinDisease_DataHub\LumpySkinDisease_DataHub\data-processed\lumpy_unbalanced\lumpy\Normal_Skin_602.png,Normal,1b84842ef30451ca1cdbc383282dc7e74739505682afa123044e58ffaed84add,9966660dbc3c7dbb,,,USABLE,NONE,256,256,3,RGB,115247
TRAIN,Normal_Skin_603.png,Normal_Skin_603.png,C:\Users\Ashutosh Verma\OneDrive\Desktop\VET VISION AI\data\lsd\LumpySkinDisease_DataHub\LumpySkinDisease_DataHub\data-processed\lumpy_unbalanced\lumpy\Normal_Skin_603.png,Normal,9f15c640f0b83fa9e31932600ca115f823ab8e0223e7af395b341f351c8cf88f,8e1a24293b599987,,,USABLE,NONE,256,256,3,RGB,182465
TRAIN,Normal_Skin_605.png,Normal_Skin_605.png,C:\Users\Ashutosh Verma\OneDrive\Desktop\VET VISION AI\data\lsd\LumpySkinDisease_DataHub\LumpySkinDisease_DataHub\data-processed\lumpy_unbalanced\lumpy\Normal_Skin_605.png,Normal,d7d62be90e9d9f8fcdb322295384cc8d6edcc09dd774e17dc901416a2bc46b01,b4981999b9bd9949,,,USABLE,NONE,256,256,3,RGB,170899
TRAIN,Normal_Skin_606.png,Normal_Skin_606.png,C:\Users\Ashutosh Verma\OneDrive\Desktop\VET VISION AI\data\lsd\LumpySkinDisease_DataHub\LumpySkinDisease_DataHub\data-processed\lumpy_unbalanced\lumpy\Normal_Skin_606.png,Normal,d0e47dc9d4d1c6b7dbc294321eebfcc7f3e7076bac510e521c3482e65135894d,f4cb939323d29239,,,USABLE,NONE,256,256,3,RGB,143158
TRAIN,Normal_Skin_608.png,Normal_Skin_608.png,C:\Users\Ashutosh Verma\OneDrive\Desktop\VET VISION AI\data\lsd\LumpySkinDisease_DataHub\LumpySkinDisease_DataHub\data-processed\lumpy_unbalanced\lumpy\Normal_Skin_608.png,Normal,3f2a821702a50abf92b0ef0e88f82980a06db3fa35a68a9cc040771e3655fb5e,a48d98309a9a4450,,,USABLE,NONE,256,256,3,RGB,179840
TRAIN,Normal_Skin_609.png,Normal_Skin_609.png,C:\Users\Ashutosh Verma\OneDrive\Desktop\VET VISION AI\data\lsd\LumpySkinDisease_DataHub\LumpySkinDisease_DataHub\data-processed\lumpy_unbalanced\lumpy\Normal_Skin_609.png,Normal,551a8a1f7befad33a395edcae1703ddadcf8a647e5bde2bef99b9af55c9616e2,b132312a01cc4e31,,,USABLE,NONE,256,256,3,RGB,170597
TRAIN,Normal_Skin_61.png,Normal_Skin_61.png,C:\Users\Ashutosh Verma\OneDrive\Desktop\VET VISION AI\data\lsd\LumpySkinDisease_DataHub\LumpySkinDisease_DataHub\data-processed\lumpy_unbalanced\lumpy\Normal_Skin_61.png,Normal,822ded7d13217d3165d0c7dcf5ac22fc1ac8089b79b087980c2b887241c54403,e28a9a1696b42646,,ND-SAME-0084,USABLE,NONE,256,256,3,RGB,175345
TRAIN,Normal_Skin_610.png,Normal_Skin_610.png,C:\Users\Ashutosh Verma\OneDrive\Desktop\VET VISION AI\data\lsd\LumpySkinDisease_DataHub\LumpySkinDisease_DataHub\data-processed\lumpy_unbalanced\lumpy\Normal_Skin_610.png,Normal,d1e5ab71580d6fa855a7252e1c40361b7de6de5dac0bb383671b202d1e11c17e,ee1c9e9b9991f272,,,USABLE,NONE,256,256,3,RGB,161086
TRAIN,Normal_Skin_611.png,Normal_Skin_611.png,C:\Users\Ashutosh Verma\OneDrive\Desktop\VET VISION AI\data\lsd\LumpySkinDisease_DataHub\LumpySkinDisease_DataHub\data-processed\lumpy_unbalanced\lumpy\Normal_Skin_611.png,Normal,7973c078fb8f41b9f32b2aa94d160cca66046cbca8c329c9d7dac384d0897137,6a4aadacc8e8e0d6,,,USABLE,NONE,256,256,3,RGB,162002
TRAIN,Normal_Skin_612.png,Normal_Skin_612.png,C:\Users\Ashutosh Verma\OneDrive\Desktop\VET VISION AI\data\lsd\LumpySkinDisease_DataHub\LumpySkinDisease_DataHub\data-processed\lumpy_unbalanced\lumpy\Normal_Skin_612.png,Normal,dc2a77db1df3ea39b25a3665e7e694e1630048436b8c2aa42992567f7102d458,74c4c1e47988cc92,,,USABLE,NONE,256,256,3,RGB,174887
TRAIN,Normal_Skin_613.png,Normal_Skin_613.png,C:\Users\Ashutosh Verma\OneDrive\Desktop\VET VISION AI\data\lsd\LumpySkinDisease_DataHub\LumpySkinDisease_DataHub\data-processed\lumpy_unbalanced\lumpy\Normal_Skin_613.png,Normal,77de84dc23aae01caf0ac7afa081b2b6f4ba8ed8a25773b6a58ae6a4e0c59fcd,8e05c3d9d1d3d3ec,,,USABLE,NONE,256,256,3,RGB,168965
TRAIN,Normal_Skin_614.png,Normal_Skin_614.png,C:\Users\Ashutosh Verma\OneDrive\Desktop\VET VISION AI\data\lsd\LumpySkinDisease_DataHub\LumpySkinDisease_DataHub\data-processed\lumpy_unbalanced\lumpy\Normal_Skin_614.png,Normal,e0e2e22d4b8ca231f7017e19e5854ca43c3bc2ed28455298cfc361af7c55b61c,4133a66766e62215,,,USABLE,NONE,256,256,3,RGB,148773
TRAIN,Normal_Skin_615.png,Normal_Skin_615.png,C:\Users\Ashutosh Verma\OneDrive\Desktop\VET VISION AI\data\lsd\LumpySkinDisease_DataHub\LumpySkinDisease_DataHub\data-processed\lumpy_unbalanced\lumpy\Normal_Skin_615.png,Normal,dd4b66604ea0d34f68fe98fb35e255b41832b9a9c8bb512e771ead014287bfb9,f878ece4ecc4ccd8,,,USABLE,NONE,256,256,3,RGB,170884
TRAIN,Normal_Skin_617.png,Normal_Skin_617.png,C:\Users\Ashutosh Verma\OneDrive\Desktop\VET VISION AI\data\lsd\LumpySkinDisease_DataHub\LumpySkinDisease_DataHub\data-processed\lumpy_unbalanced\lumpy\Normal_Skin_617.png,Normal,f9e6dd3b61f968194b825fffa97a995a4dd85489baa2c58bd2c313bc908bb690,ed4d49b438b0b4f8,,,USABLE,NONE,256,256,3,RGB,160053
TRAIN,Normal_Skin_618.png,Normal_Skin_618.png,C:\Users\Ashutosh Verma\OneDrive\Desktop\VET VISION AI\data\lsd\LumpySkinDisease_DataHub\LumpySkinDisease_DataHub\data-processed\lumpy_unbalanced\lumpy\Normal_Skin_618.png,Normal,913a597cddcdbe5c3946a0295f4d7ed11dd41b7d18c39eb7562ecc3b87cea52a,ace0c4c4c4c4cc9a,,,USABLE,NONE,256,256,3,RGB,161899
TRAIN,Normal_Skin_62.png,Normal_Skin_62.png,C:\Users\Ashutosh Verma\OneDrive\Desktop\VET VISION AI\data\lsd\LumpySkinDisease_DataHub\LumpySkinDisease_DataHub\data-processed\lumpy_unbalanced\lumpy\Normal_Skin_62.png,Normal,319601bf22cefce6b210431e16501bdac97d97c9510d072a51ed984ac2edba5b,eb1352e28898989a,,,USABLE,NONE,256,256,3,RGB,145859
TRAIN,Normal_Skin_620.png,Normal_Skin_620.png,C:\Users\Ashutosh Verma\OneDrive\Desktop\VET VISION AI\data\lsd\LumpySkinDisease_DataHub\LumpySkinDisease_DataHub\data-processed\lumpy_unbalanced\lumpy\Normal_Skin_620.png,Normal,37fbbfa5411f6ef4caa0d53d041ba783301b0f22a3c5910ae2b68ac95b68e5b4,9990c9c9d2e6cdda,,,USABLE,NONE,256,256,3,RGB,179229
TRAIN,Normal_Skin_622.png,Normal_Skin_622.png,C:\Users\Ashutosh Verma\OneDrive\Desktop\VET VISION AI\data\lsd\LumpySkinDisease_DataHub\LumpySkinDisease_DataHub\data-processed\lumpy_unbalanced\lumpy\Normal_Skin_622.png,Normal,e5122759ed75e326eebd454dc5c25be1d69770b2b016a8b6c5370e31fa91badf,ec9cd9f232323212,,,USABLE,NONE,256,256,3,RGB,182604
TRAIN,Normal_Skin_623.png,Normal_Skin_623.png,C:\Users\Ashutosh Verma\OneDrive\Desktop\VET VISION AI\data\lsd\LumpySkinDisease_DataHub\LumpySkinDisease_DataHub\data-processed\lumpy_unbalanced\lumpy\Normal_Skin_623.png,Normal,871148fff1d4fc85f34fc52c917da6d706fb9b296f7a71f1c5b8425f7e636563,f0a6d2d058c464b4,,,USABLE,NONE,256,256,3,RGB,179893
TRAIN,Normal_Skin_624.png,Normal_Skin_624.png,C:\Users\Ashutosh Verma\OneDrive\Desktop\VET VISION AI\data\lsd\LumpySkinDisease_DataHub\LumpySkinDisease_DataHub\data-processed\lumpy_unbalanced\lumpy\Normal_Skin_624.png,Normal,cdf486f44005b4f12d86f5e974ee1fe1d57ec0073a1d0614166aadbd6ecb2fd2,a10103134921ada2,,,USABLE,NONE,256,256,3,RGB,160571
TRAIN,Normal_Skin_625.png,Normal_Skin_625.png,C:\Users\Ashutosh Verma\OneDrive\Desktop\VET VISION AI\data\lsd\LumpySkinDisease_DataHub\LumpySkinDisease_DataHub\data-processed\lumpy_unbalanced\lumpy\Normal_Skin_625.png,Normal,76ade7c66cd4979f066348133c457676a187da6b2ba70006abda1c9fba782845,76323200387cfcf0,,,USABLE,NONE,256,256,3,RGB,145980
TRAIN,Normal_Skin_627.png,Normal_Skin_627.png,C:\Users\Ashutosh Verma\OneDrive\Desktop\VET VISION AI\data\lsd\LumpySkinDisease_DataHub\LumpySkinDisease_DataHub\data-processed\lumpy_unbalanced\lumpy\Normal_Skin_627.png,Normal,8a68271dcfad590654a56be005f256d30c544276b00f45042b283c0ac30ea3c6,9bb0d0cbc9c94971,,,USABLE,NONE,256,256,3,RGB,179964
TRAIN,Normal_Skin_629.png,Normal_Skin_629.png,C:\Users\Ashutosh Verma\OneDrive\Desktop\VET VISION AI\data\lsd\LumpySkinDisease_DataHub\LumpySkinDisease_DataHub\data-processed\lumpy_unbalanced\lumpy\Normal_Skin_629.png,Normal,4d7e35ae9a70323d3f74908edbb4f8bd8b9dd5e1b628293769c02ab53fbf39b8,9a9e736c6c667666,,,USABLE,NONE,256,256,3,RGB,171106
TRAIN,Normal_Skin_634.png,Normal_Skin_634.png,C:\Users\Ashutosh Verma\OneDrive\Desktop\VET VISION AI\data\lsd\LumpySkinDisease_DataHub\LumpySkinDisease_DataHub\data-processed\lumpy_unbalanced\lumpy\Normal_Skin_634.png,Normal,1bcffc8b51cb5ce2d0868f963d071777d58f6de1c36a4dcdb52439d926292f09,fafab8e6969626e1,,,USABLE,NONE,256,256,3,RGB,155747
TRAIN,Normal_Skin_635.png,Normal_Skin_635.png,C:\Users\Ashutosh Verma\OneDrive\Desktop\VET VISION AI\data\lsd\LumpySkinDisease_DataHub\LumpySkinDisease_DataHub\data-processed\lumpy_unbalanced\lumpy\Normal_Skin_635.png,Normal,3e051d05bc7ff4c0c89ce88b8826e86ed60096672efe5c6967cbca8a10a46999,60b08cce88030844,,,USABLE,NONE,256,256,3,RGB,151088
TRAIN,Normal_Skin_636.png,Normal_Skin_636.png,C:\Users\Ashutosh Verma\OneDrive\Desktop\VET VISION AI\data\lsd\LumpySkinDisease_DataHub\LumpySkinDisease_DataHub\data-processed\lumpy_unbalanced\lumpy\Normal_Skin_636.png,Normal,f66ee9477b84e181471ebce9b5dd8ce2531a88775da69e6ed4004c61bf65e8b5,01306861e0c28696,,,USABLE,NONE,256,256,3,RGB,129074
TRAIN,Normal_Skin_637.png,Normal_Skin_637.png,C:\Users\Ashutosh Verma\OneDrive\Desktop\VET VISION AI\data\lsd\LumpySkinDisease_DataHub\LumpySkinDisease_DataHub\data-processed\lumpy_unbalanced\lumpy\Normal_Skin_637.png,Normal,7d90794575e5d3d26f5811e1b8ea0fe6214afdd1888a0fb806b74b08178ebc08,56692b364c4c4a5a,,,USABLE,NONE,256,256,3,RGB,171713
TRAIN,Normal_Skin_638.png,Normal_Skin_638.png,C:\Users\Ashutosh Verma\OneDrive\Desktop\VET VISION AI\data\lsd\LumpySkinDisease_DataHub\LumpySkinDisease_DataHub\data-processed\lumpy_unbalanced\lumpy\Normal_Skin_638.png,Normal,2fa9f6abd02ffc2bd56f6401e82329f07657bde2bf27e5f680b1728d255db6e9,fe1f1e1e26253973,,,USABLE,NONE,256,256,3,RGB,172971
TRAIN,Normal_Skin_64.png,Normal_Skin_64.png,C:\Users\Ashutosh Verma\OneDrive\Desktop\VET VISION AI\data\lsd\LumpySkinDisease_DataHub\LumpySkinDisease_DataHub\data-processed\lumpy_unbalanced\lumpy\Normal_Skin_64.png,Normal,7a21360488946461bf958b590a69c6feae65fe13a9a62bfe3e6217390423ed0f,a62019392933b7bd,,ND-SAME-0072,USABLE,NONE,256,256,3,RGB,173134
TRAIN,Normal_Skin_640.png,Normal_Skin_640.png,C:\Users\Ashutosh Verma\OneDrive\Desktop\VET VISION AI\data\lsd\LumpySkinDisease_DataHub\LumpySkinDisease_DataHub\data-processed\lumpy_unbalanced\lumpy\Normal_Skin_640.png,Normal,6ac4b08a822f467a980dbac205c0d08bd58b6d8e564f2249dc0d4c4c2d35355b,02281f3725564600,,,USABLE,NONE,256,256,3,RGB,53940
TRAIN,Normal_Skin_641.png,Normal_Skin_641.png,C:\Users\Ashutosh Verma\OneDrive\Desktop\VET VISION AI\data\lsd\LumpySkinDisease_DataHub\LumpySkinDisease_DataHub\data-processed\lumpy_unbalanced\lumpy\Normal_Skin_641.png,Normal,a133755c216a47e4fa0b3c68b441530675c5c48adab8f9100f208e1953764925,4e96d8f1352564c7,,,USABLE,NONE,256,256,3,RGB,165808
TRAIN,Normal_Skin_642.png,Normal_Skin_642.png,C:\Users\Ashutosh Verma\OneDrive\Desktop\VET VISION AI\data\lsd\LumpySkinDisease_DataHub\LumpySkinDisease_DataHub\data-processed\lumpy_unbalanced\lumpy\Normal_Skin_642.png,Normal,1e9cbea608ee8bd5de0a5a25a03e95b34aa7689a4569906de98ee3d32bed669f,93139bcbc78d098a,,,USABLE,NONE,256,256,3,RGB,175434
TRAIN,Normal_Skin_643.png,Normal_Skin_643.png,C:\Users\Ashutosh Verma\OneDrive\Desktop\VET VISION AI\data\lsd\LumpySkinDisease_DataHub\LumpySkinDisease_DataHub\data-processed\lumpy_unbalanced\lumpy\Normal_Skin_643.png,Normal,9010a2fb9619ecb18a618352659bc3dec9bbcf41c5ee3370cd3351723903c385,6484ccc99dde36b4,,,USABLE,NONE,256,256,3,RGB,173815
TRAIN,Normal_Skin_645.png,Normal_Skin_645.png,C:\Users\Ashutosh Verma\OneDrive\Desktop\VET VISION AI\data\lsd\LumpySkinDisease_DataHub\LumpySkinDisease_DataHub\data-processed\lumpy_unbalanced\lumpy\Normal_Skin_645.png,Normal,0d2722c461f683900689f56306ce6fb9caab3ec7a847c17d48aeec0779785504,d0dcc6cfcf4f96a3,,,USABLE,NONE,256,256,3,RGB,133428
TRAIN,Normal_Skin_646.png,Normal_Skin_646.png,C:\Users\Ashutosh Verma\OneDrive\Desktop\VET VISION AI\data\lsd\LumpySkinDisease_DataHub\LumpySkinDisease_DataHub\data-processed\lumpy_unbalanced\lumpy\Normal_Skin_646.png,Normal,15635374789ee5ca37961314ba58d67d4e14717e1b7a382e05a1b235bb3498b5,001c968e16161600,,,USABLE,NONE,256,256,3,RGB,44937
TRAIN,Normal_Skin_647.png,Normal_Skin_647.png,C:\Users\Ashutosh Verma\OneDrive\Desktop\VET VISION AI\data\lsd\LumpySkinDisease_DataHub\LumpySkinDisease_DataHub\data-processed\lumpy_unbalanced\lumpy\Normal_Skin_647.png,Normal,74be3fddf8a271309643f2f6b5fa6e56ea71e33087b26ad5ede4319291af048f,dac88acec4d6cfce,,,USABLE,NONE,256,256,3,RGB,149567
TRAIN,Normal_Skin_648.png,Normal_Skin_648.png,C:\Users\Ashutosh Verma\OneDrive\Desktop\VET VISION AI\data\lsd\LumpySkinDisease_DataHub\LumpySkinDisease_DataHub\data-processed\lumpy_unbalanced\lumpy\Normal_Skin_648.png,Normal,cdb4407c4b24697ab78c8dcd82f89194c37018eca35f6afb04af6d1f23affa84,cccce97173fb9be4,,ND-SAME-0080,USABLE,NONE,256,256,3,RGB,126979
TRAIN,Normal_Skin_649.png,Normal_Skin_649.png,C:\Users\Ashutosh Verma\OneDrive\Desktop\VET VISION AI\data\lsd\LumpySkinDisease_DataHub\LumpySkinDisease_DataHub\data-processed\lumpy_unbalanced\lumpy\Normal_Skin_649.png,Normal,c3d18af45a8b2c9564e63ca664d9d2e59618305a6bcabf96203c123ad04423ff,f8e3a3982280d0a0,,,USABLE,NONE,256,256,3,RGB,166237
TRAIN,Normal_Skin_652.png,Normal_Skin_652.png,C:\Users\Ashutosh Verma\OneDrive\Desktop\VET VISION AI\data\lsd\LumpySkinDisease_DataHub\LumpySkinDisease_DataHub\data-processed\lumpy_unbalanced\lumpy\Normal_Skin_652.png,Normal,5b95876768d4d6b2229968fb790e0d98f671d932e4dd1ae995bf7821f8957964,cb38698929743434,,ND-SAME-0067,USABLE,NONE,256,256,3,RGB,129992
TRAIN,Normal_Skin_653.png,Normal_Skin_653.png,C:\Users\Ashutosh Verma\OneDrive\Desktop\VET VISION AI\data\lsd\LumpySkinDisease_DataHub\LumpySkinDisease_DataHub\data-processed\lumpy_unbalanced\lumpy\Normal_Skin_653.png,Normal,009a71755b86ae0799ffaff8fb5bbea2b7cd9c21125be2961d423ca01050b1d1,98a4a1802173efb8,,,USABLE,NONE,256,256,3,RGB,168176
TRAIN,Normal_Skin_654.png,Normal_Skin_654.png,C:\Users\Ashutosh Verma\OneDrive\Desktop\VET VISION AI\data\lsd\LumpySkinDisease_DataHub\LumpySkinDisease_DataHub\data-processed\lumpy_unbalanced\lumpy\Normal_Skin_654.png,Normal,826727931062cdfcac59fca146d68218bee79ff59316a6bdc857c7cb06b08586,c8e462b3f2d2a24e,,,USABLE,NONE,256,256,3,RGB,170543
TRAIN,Normal_Skin_655.png,Normal_Skin_655.png,C:\Users\Ashutosh Verma\OneDrive\Desktop\VET VISION AI\data\lsd\LumpySkinDisease_DataHub\LumpySkinDisease_DataHub\data-processed\lumpy_unbalanced\lumpy\Normal_Skin_655.png,Normal,e5aa0e98820a72599c5e424473823e765841cdc8f6def51f8d7a34d06e54aff5,637373f3b3c3c3c3,,,USABLE,NONE,256,256,3,RGB,179070
TRAIN,Normal_Skin_658.png,Normal_Skin_658.png,C:\Users\Ashutosh Verma\OneDrive\Desktop\VET VISION AI\data\lsd\LumpySkinDisease_DataHub\LumpySkinDisease_DataHub\data-processed\lumpy_unbalanced\lumpy\Normal_Skin_658.png,Normal,9e859de51e6e3b0e98b1bca16a7d73554e129386dca8d4ec5acc5911c7187380,96cecdc7c7c78793,,,USABLE,NONE,256,256,3,RGB,161322
TRAIN,Normal_Skin_659.png,Normal_Skin_659.png,C:\Users\Ashutosh Verma\OneDrive\Desktop\VET VISION AI\data\lsd\LumpySkinDisease_DataHub\LumpySkinDisease_DataHub\data-processed\lumpy_unbalanced\lumpy\Normal_Skin_659.png,Normal,dc2978955d5357a69b9a6ca23422ab7c61b58f98e84e642a871ed77929d66559,6665711b5f773506,,ND-SAME-0062,USABLE,NONE,256,256,3,RGB,97958
TRAIN,Normal_Skin_660.png,Normal_Skin_660.png,C:\Users\Ashutosh Verma\OneDrive\Desktop\VET VISION AI\data\lsd\LumpySkinDisease_DataHub\LumpySkinDisease_DataHub\data-processed\lumpy_unbalanced\lumpy\Normal_Skin_660.png,Normal,5489095ee5b4212a6dceaa2cebd3d6ab013b360303d206558b462e92c8a8b2a6,633496236151d11e,,,USABLE,NONE,256,256,3,RGB,178914
TRAIN,Normal_Skin_662.png,Normal_Skin_662.png,C:\Users\Ashutosh Verma\OneDrive\Desktop\VET VISION AI\data\lsd\LumpySkinDisease_DataHub\LumpySkinDisease_DataHub\data-processed\lumpy_unbalanced\lumpy\Normal_Skin_662.png,Normal,11d3606652e710be4b8633eba577734e0b9b9758f15c9e56455286fc72511a88,fc2773763eddcd98,,ND-SAME-0079,USABLE,NONE,256,256,3,RGB,181527
TRAIN,Normal_Skin_663.png,Normal_Skin_663.png,C:\Users\Ashutosh Verma\OneDrive\Desktop\VET VISION AI\data\lsd\LumpySkinDisease_DataHub\LumpySkinDisease_DataHub\data-processed\lumpy_unbalanced\lumpy\Normal_Skin_663.png,Normal,59d95aa89f3ff7a0f504c1b2d6e11605207d636d6e26f258f6b164e1ead58165,18492f3d2d61999e,,,USABLE,NONE,256,256,3,RGB,163006
TRAIN,Normal_Skin_664.png,Normal_Skin_664.png,C:\Users\Ashutosh Verma\OneDrive\Desktop\VET VISION AI\data\lsd\LumpySkinDisease_DataHub\LumpySkinDisease_DataHub\data-processed\lumpy_unbalanced\lumpy\Normal_Skin_664.png,Normal,4a193c7ea7f9bda4399555c44ba7fa01f30bc48b7e421baca1b945b08c9747a7,4c6442472d3878c2,,,USABLE,NONE,256,256,3,RGB,176406
TRAIN,Normal_Skin_665.png,Normal_Skin_665.png,C:\Users\Ashutosh Verma\OneDrive\Desktop\VET VISION AI\data\lsd\LumpySkinDisease_DataHub\LumpySkinDisease_DataHub\data-processed\lumpy_unbalanced\lumpy\Normal_Skin_665.png,Normal,128e9de90481472c7ea46a5005b0312e6be00f6113cd0dde2edae941a3e037d0,df9dd9f0f4f4fcfc,,,USABLE,NONE,256,256,3,RGB,150230
TRAIN,Normal_Skin_666.png,Normal_Skin_666.png,C:\Users\Ashutosh Verma\OneDrive\Desktop\VET VISION AI\data\lsd\LumpySkinDisease_DataHub\LumpySkinDisease_DataHub\data-processed\lumpy_unbalanced\lumpy\Normal_Skin_666.png,Normal,524b8a098950c66f932f483df8e8d771177b67dc494fb95e8c2a073671131f9c,6b49be746c6d2efb,,,USABLE,NONE,256,256,3,RGB,152997
TRAIN,Normal_Skin_67.png,Normal_Skin_67.png,C:\Users\Ashutosh Verma\OneDrive\Desktop\VET VISION AI\data\lsd\LumpySkinDisease_DataHub\LumpySkinDisease_DataHub\data-processed\lumpy_unbalanced\lumpy\Normal_Skin_67.png,Normal,1d47af06982483d1c13b27f3ec9682b58ddfd9a38d30287f916d97f2127850ac,6ea7b2f2f0f038a8,,,USABLE,NONE,256,256,3,RGB,161190
TRAIN,Normal_Skin_670.png,Normal_Skin_670.png,C:\Users\Ashutosh Verma\OneDrive\Desktop\VET VISION AI\data\lsd\LumpySkinDisease_DataHub\LumpySkinDisease_DataHub\data-processed\lumpy_unbalanced\lumpy\Normal_Skin_670.png,Normal,d4f910ae6cba3ec68aa097cbca0b9594457712f0353f8767f64f15f9495e3780,52cc0e0b8aca301f,,,USABLE,NONE,256,256,3,RGB,162987
TRAIN,Normal_Skin_672.png,Normal_Skin_672.png,C:\Users\Ashutosh Verma\OneDrive\Desktop\VET VISION AI\data\lsd\LumpySkinDisease_DataHub\LumpySkinDisease_DataHub\data-processed\lumpy_unbalanced\lumpy\Normal_Skin_672.png,Normal,6e6d2bbf04ee26495316faf8e5152fd177a8eac4f720233beb2bbbfb5d564415,b3387c680a5a4a4b,,,USABLE,NONE,256,256,4,RGBA,44482
TRAIN,Normal_Skin_674.png,Normal_Skin_674.png,C:\Users\Ashutosh Verma\OneDrive\Desktop\VET VISION AI\data\lsd\LumpySkinDisease_DataHub\LumpySkinDisease_DataHub\data-processed\lumpy_unbalanced\lumpy\Normal_Skin_674.png,Normal,a75cacd551573e6e26875523058886782a39bb722c3ad9bdc8bd90019c2cacab,6ba3c0c5a1b13536,,,USABLE,NONE,256,256,3,RGB,175464
TRAIN,Normal_Skin_675.png,Normal_Skin_675.png,C:\Users\Ashutosh Verma\OneDrive\Desktop\VET VISION AI\data\lsd\LumpySkinDisease_DataHub\LumpySkinDisease_DataHub\data-processed\lumpy_unbalanced\lumpy\Normal_Skin_675.png,Normal,a8ff8ff8f36d190c967ec1938de9121ec5182905ba83fb522db22207c226f438,f0f466609c9ce0e8,,,USABLE,NONE,256,256,3,RGB,163942
TRAIN,Normal_Skin_678.png,Normal_Skin_678.png,C:\Users\Ashutosh Verma\OneDrive\Desktop\VET VISION AI\data\lsd\LumpySkinDisease_DataHub\LumpySkinDisease_DataHub\data-processed\lumpy_unbalanced\lumpy\Normal_Skin_678.png,Normal,4d215a0bc881434ac732a0a92512f8a33aa27247d8663a97900000ca35a5261f,22456937372723b3,,,USABLE,NONE,256,256,3,RGB,127057
TRAIN,Normal_Skin_681.png,Normal_Skin_681.png,C:\Users\Ashutosh Verma\OneDrive\Desktop\VET VISION AI\data\lsd\LumpySkinDisease_DataHub\LumpySkinDisease_DataHub\data-processed\lumpy_unbalanced\lumpy\Normal_Skin_681.png,Normal,934986588fcfd75f2029cf50fc166ad5633d871ab31dd0bc2b8f7023b32d3895,df7d2d66c799bbc4,,,USABLE,NONE,256,256,3,RGB,172719
TRAIN,Normal_Skin_682.png,Normal_Skin_682.png,C:\Users\Ashutosh Verma\OneDrive\Desktop\VET VISION AI\data\lsd\LumpySkinDisease_DataHub\LumpySkinDisease_DataHub\data-processed\lumpy_unbalanced\lumpy\Normal_Skin_682.png,Normal,c10a69fd4b64eed1a6a42ff14ebe0c128566e8a8327e21ed8bf7df8516e8756a,e0689cccd4d4cc4c,,,USABLE,NONE,256,256,3,RGB,161633
TRAIN,Normal_Skin_683.png,Normal_Skin_683.png,C:\Users\Ashutosh Verma\OneDrive\Desktop\VET VISION AI\data\lsd\LumpySkinDisease_DataHub\LumpySkinDisease_DataHub\data-processed\lumpy_unbalanced\lumpy\Normal_Skin_683.png,Normal,40e7f97b6b7c9bb6804beea96e1940392cd0bed1edaa2fd7cfeb7698e4e4a016,4822a82a533b0400,,,USABLE,NONE,256,256,3,RGB,42577
TRAIN,Normal_Skin_684.png,Normal_Skin_684.png,C:\Users\Ashutosh Verma\OneDrive\Desktop\VET VISION AI\data\lsd\LumpySkinDisease_DataHub\LumpySkinDisease_DataHub\data-processed\lumpy_unbalanced\lumpy\Normal_Skin_684.png,Normal,10c748dc03b931402aba86fac95fab91b03ccee9f6bf42cb04ef23175ff30fc8,57d58de8f0e9e829,,,USABLE,NONE,256,256,3,RGB,169939
TRAIN,Normal_Skin_686.png,Normal_Skin_686.png,C:\Users\Ashutosh Verma\OneDrive\Desktop\VET VISION AI\data\lsd\LumpySkinDisease_DataHub\LumpySkinDisease_DataHub\data-processed\lumpy_unbalanced\lumpy\Normal_Skin_686.png,Normal,b6c3d819125464ef19d6a4d54a530f83ee2c4f30e72001c43e48662764610196,e6e9cbc8e6e7c9ec,,,USABLE,NONE,256,256,3,RGB,177848
TRAIN,Normal_Skin_687.png,Normal_Skin_687.png,C:\Users\Ashutosh Verma\OneDrive\Desktop\VET VISION AI\data\lsd\LumpySkinDisease_DataHub\LumpySkinDisease_DataHub\data-processed\lumpy_unbalanced\lumpy\Normal_Skin_687.png,Normal,419f3354d656415f8a5a8b2a795d80c74af8bd41c85788256c8e8dd39ed5b3c1,9994a8cc6e6c3b4a,,,USABLE,NONE,256,256,3,RGB,176666
TRAIN,Normal_Skin_688.png,Normal_Skin_688.png,C:\Users\Ashutosh Verma\OneDrive\Desktop\VET VISION AI\data\lsd\LumpySkinDisease_DataHub\LumpySkinDisease_DataHub\data-processed\lumpy_unbalanced\lumpy\Normal_Skin_688.png,Normal,c79690cdfa6ba66426d095d1a037a9b4992c45468ad981a4391451c5bfc2a9cd,023636331c3d2d2a,,,USABLE,NONE,256,256,3,RGB,155271
TRAIN,Normal_Skin_689.png,Normal_Skin_689.png,C:\Users\Ashutosh Verma\OneDrive\Desktop\VET VISION AI\data\lsd\LumpySkinDisease_DataHub\LumpySkinDisease_DataHub\data-processed\lumpy_unbalanced\lumpy\Normal_Skin_689.png,Normal,2d78a242df0bb919628e31e7331bb27d5da99b23c47f3fe0a717c7b06924ba1f,bfd4c6c6dadac694,,,USABLE,NONE,256,256,4,RGBA,189328
TRAIN,Normal_Skin_69.png,Normal_Skin_69.png,C:\Users\Ashutosh Verma\OneDrive\Desktop\VET VISION AI\data\lsd\LumpySkinDisease_DataHub\LumpySkinDisease_DataHub\data-processed\lumpy_unbalanced\lumpy\Normal_Skin_69.png,Normal,c70cacf3ef9b7af04aa8433e75ee94b11dd90525b1b6e7f38536bbc8fbe8f542,0f2ce866c699a333,,ND-SAME-0056,USABLE,NONE,256,256,3,RGB,173862
TRAIN,Normal_Skin_690.png,Normal_Skin_690.png,C:\Users\Ashutosh Verma\OneDrive\Desktop\VET VISION AI\data\lsd\LumpySkinDisease_DataHub\LumpySkinDisease_DataHub\data-processed\lumpy_unbalanced\lumpy\Normal_Skin_690.png,Normal,da72bbd3965010129e6b77f1f96edd7448a82d70f72014882bbbbe8f6b0708e3,ecc6ccd88eccd8cd,,,USABLE,NONE,256,256,3,RGB,159504
TRAIN,Normal_Skin_695.png,Normal_Skin_695.png,C:\Users\Ashutosh Verma\OneDrive\Desktop\VET VISION AI\data\lsd\LumpySkinDisease_DataHub\LumpySkinDisease_DataHub\data-processed\lumpy_unbalanced\lumpy\Normal_Skin_695.png,Normal,985ce3054431588d6bc4cc4dbd7d58a1ae0bbd4c4d96d1bbbcdc20db2d6a53a3,fc90d2e4e5c5e866,,,USABLE,NONE,256,256,3,RGB,179132
TRAIN,Normal_Skin_699.png,Normal_Skin_699.png,C:\Users\Ashutosh Verma\OneDrive\Desktop\VET VISION AI\data\lsd\LumpySkinDisease_DataHub\LumpySkinDisease_DataHub\data-processed\lumpy_unbalanced\lumpy\Normal_Skin_699.png,Normal,748b9cb3e8b9f186ca582f955f16092b86e94cf10e59ac53c66f5b976031fdcf,935d5d1ccfcf67f1,,,USABLE,NONE,256,256,3,RGB,123253
TRAIN,Normal_Skin_7.png,Normal_Skin_7.png,C:\Users\Ashutosh Verma\OneDrive\Desktop\VET VISION AI\data\lsd\LumpySkinDisease_DataHub\LumpySkinDisease_DataHub\data-processed\lumpy_unbalanced\lumpy\Normal_Skin_7.png,Normal,c1c30cccaa29f262ff9b5c7f29193917b50374222029941c094a161d525bb316,a6a3eb9ccd6d6860,,ND-SAME-0055,USABLE,NONE,256,256,3,RGB,189027
TRAIN,Normal_Skin_700.png,Normal_Skin_700.png,C:\Users\Ashutosh Verma\OneDrive\Desktop\VET VISION AI\data\lsd\LumpySkinDisease_DataHub\LumpySkinDisease_DataHub\data-processed\lumpy_unbalanced\lumpy\Normal_Skin_700.png,Normal,4add7a2c7e1ef8967e3ed812718ea5cbc1a70422dfd325fdc1f34fc25492d279,37273b2b23230307,,,USABLE,NONE,256,256,3,RGB,124593
TRAIN,Normal_Skin_701.png,Normal_Skin_701.png,C:\Users\Ashutosh Verma\OneDrive\Desktop\VET VISION AI\data\lsd\LumpySkinDisease_DataHub\LumpySkinDisease_DataHub\data-processed\lumpy_unbalanced\lumpy\Normal_Skin_701.png,Normal,b527cf7074737417c8876ed05545bdd27d67fba958425872ec36cdc4d650f13a,dbff6f4d491ccb91,,,USABLE,NONE,256,256,3,RGB,145796
TRAIN,Normal_Skin_704.png,Normal_Skin_704.png,C:\Users\Ashutosh Verma\OneDrive\Desktop\VET VISION AI\data\lsd\LumpySkinDisease_DataHub\LumpySkinDisease_DataHub\data-processed\lumpy_unbalanced\lumpy\Normal_Skin_704.png,Normal,3ae8ce492cced42c1633f9925556ebd9b97d07e445c8e854d3a10a55785369de,63657434549391f1,,,USABLE,NONE,256,256,3,RGB,166545
TRAIN,Normal_Skin_706.png,Normal_Skin_706.png,C:\Users\Ashutosh Verma\OneDrive\Desktop\VET VISION AI\data\lsd\LumpySkinDisease_DataHub\LumpySkinDisease_DataHub\data-processed\lumpy_unbalanced\lumpy\Normal_Skin_706.png,Normal,d1bd905f3f616bf7515a6bfe710cb6d2f827177503b9d2294ec0355488e87273,2e6f7226262872bc,,,USABLE,NONE,256,256,3,RGB,178997
TRAIN,Normal_Skin_708.png,Normal_Skin_708.png,C:\Users\Ashutosh Verma\OneDrive\Desktop\VET VISION AI\data\lsd\LumpySkinDisease_DataHub\LumpySkinDisease_DataHub\data-processed\lumpy_unbalanced\lumpy\Normal_Skin_708.png,Normal,a8b07411e2fa677d4e62dfa9d7d9e7406f3ea1bcfd19a6be19c03bd2e164f0cc,8cb2964c46c7c7e9,,ND-SAME-0050,USABLE,NONE,256,256,3,RGB,127401
TRAIN,Normal_Skin_709.png,Normal_Skin_709.png,C:\Users\Ashutosh Verma\OneDrive\Desktop\VET VISION AI\data\lsd\LumpySkinDisease_DataHub\LumpySkinDisease_DataHub\data-processed\lumpy_unbalanced\lumpy\Normal_Skin_709.png,Normal,178625b4008d224ac3bf10df1676cd86a8e08f5e3db8f44c921e833d1ed9e72f,89e96c0c8cec8d8c,,,USABLE,NONE,256,256,3,RGB,178290
TRAIN,Normal_Skin_71.png,Normal_Skin_71.png,C:\Users\Ashutosh Verma\OneDrive\Desktop\VET VISION AI\data\lsd\LumpySkinDisease_DataHub\LumpySkinDisease_DataHub\data-processed\lumpy_unbalanced\lumpy\Normal_Skin_71.png,Normal,f9dde63cced4f34878570b06e338b373219d55fcf37ce07ad79da8e7f10335af,95961e869f9d9d99,,,USABLE,NONE,256,256,3,RGB,170285
TRAIN,Normal_Skin_710.png,Normal_Skin_710.png,C:\Users\Ashutosh Verma\OneDrive\Desktop\VET VISION AI\data\lsd\LumpySkinDisease_DataHub\LumpySkinDisease_DataHub\data-processed\lumpy_unbalanced\lumpy\Normal_Skin_710.png,Normal,519555c87c0db8747afe71cdf38e0e49e5481090871208c37b8402595045832a,2c4cb62e2c252d1b,,,USABLE,NONE,256,256,3,RGB,139511
TRAIN,Normal_Skin_711.png,Normal_Skin_711.png,C:\Users\Ashutosh Verma\OneDrive\Desktop\VET VISION AI\data\lsd\LumpySkinDisease_DataHub\LumpySkinDisease_DataHub\data-processed\lumpy_unbalanced\lumpy\Normal_Skin_711.png,Normal,a0167b4b2bd7b8903378709e39d65f0442e17a45704604bece31740d285dd809,d99e8e0606cbcb8f,,,USABLE,NONE,256,256,3,RGB,168110
TRAIN,Normal_Skin_712.png,Normal_Skin_712.png,C:\Users\Ashutosh Verma\OneDrive\Desktop\VET VISION AI\data\lsd\LumpySkinDisease_DataHub\LumpySkinDisease_DataHub\data-processed\lumpy_unbalanced\lumpy\Normal_Skin_712.png,Normal,4f4163764472bc2b0b75ab4846932e90634a4e032486000e3aa060c5ba6634d9,c743a6963636b626,,ND-SAME-0083,USABLE,NONE,256,256,3,RGB,124852
TRAIN,Normal_Skin_713.png,Normal_Skin_713.png,C:\Users\Ashutosh Verma\OneDrive\Desktop\VET VISION AI\data\lsd\LumpySkinDisease_DataHub\LumpySkinDisease_DataHub\data-processed\lumpy_unbalanced\lumpy\Normal_Skin_713.png,Normal,2c2ad5e6c29c78bd4d4d49e0ed32aefc94782db108c65a336fc4dcacccbe9de2,c1880e221644fc1c,,ND-SAME-0057,USABLE,NONE,256,256,3,RGB,159235
TRAIN,Normal_Skin_715.png,Normal_Skin_715.png,C:\Users\Ashutosh Verma\OneDrive\Desktop\VET VISION AI\data\lsd\LumpySkinDisease_DataHub\LumpySkinDisease_DataHub\data-processed\lumpy_unbalanced\lumpy\Normal_Skin_715.png,Normal,f3a4825a08fb00fb922f41f89dc22440547c521ca8b4f3d11f41b32e68a07970,b3d594584d94248c,,ND-SAME-0061,USABLE,NONE,256,256,3,RGB,179887
TRAIN,Normal_Skin_72.png,Normal_Skin_72.png,C:\Users\Ashutosh Verma\OneDrive\Desktop\VET VISION AI\data\lsd\LumpySkinDisease_DataHub\LumpySkinDisease_DataHub\data-processed\lumpy_unbalanced\lumpy\Normal_Skin_72.png,Normal,e76fa52f24defee1a689f17fd95da00292e6f6a9ae1edc0432a963ea8c427162,ecc696c6c4d6d666,,,USABLE,NONE,256,256,3,RGB,157777
TRAIN,Normal_Skin_73.png,Normal_Skin_73.png,C:\Users\Ashutosh Verma\OneDrive\Desktop\VET VISION AI\data\lsd\LumpySkinDisease_DataHub\LumpySkinDisease_DataHub\data-processed\lumpy_unbalanced\lumpy\Normal_Skin_73.png,Normal,c6582d85cff65d0e12d5338d0bf6f0e6d3c511486d3a83379080d49a96e746e0,a3757033a79193ea,,ND-SAME-0078,USABLE,NONE,256,256,3,RGB,187612
TRAIN,Normal_Skin_75.png,Normal_Skin_75.png,C:\Users\Ashutosh Verma\OneDrive\Desktop\VET VISION AI\data\lsd\LumpySkinDisease_DataHub\LumpySkinDisease_DataHub\data-processed\lumpy_unbalanced\lumpy\Normal_Skin_75.png,Normal,da65d063c0b97af18540e2675fa7d4aa4e2420be8693cba83950c6534f2887ab,888c3c7654c54cc8,,,USABLE,NONE,256,256,3,RGB,184714
TRAIN,Normal_Skin_76.png,Normal_Skin_76.png,C:\Users\Ashutosh Verma\OneDrive\Desktop\VET VISION AI\data\lsd\LumpySkinDisease_DataHub\LumpySkinDisease_DataHub\data-processed\lumpy_unbalanced\lumpy\Normal_Skin_76.png,Normal,f2fe3286c01ceeff7e1a4a9340cd648cfe55ed88bbc0a67421840a94a32c5e01,c9bbe3c6d2cad880,,,USABLE,NONE,256,256,3,RGB,169299
TRAIN,Normal_Skin_77.png,Normal_Skin_77.png,C:\Users\Ashutosh Verma\OneDrive\Desktop\VET VISION AI\data\lsd\LumpySkinDisease_DataHub\LumpySkinDisease_DataHub\data-processed\lumpy_unbalanced\lumpy\Normal_Skin_77.png,Normal,c4b449b1fdc17706e0eac898580069b558b49cfdafeeaf7c438737486c88673b,c4c4c4c54a929393,,,USABLE,NONE,256,256,4,RGBA,204638
TRAIN,Normal_Skin_78.png,Normal_Skin_78.png,C:\Users\Ashutosh Verma\OneDrive\Desktop\VET VISION AI\data\lsd\LumpySkinDisease_DataHub\LumpySkinDisease_DataHub\data-processed\lumpy_unbalanced\lumpy\Normal_Skin_78.png,Normal,43fac957667df3b68a4269f5b3b373a8984514a20022e8e28e8b55bcc8a3e9e7,2e525889a94dcc9a,,ND-SAME-0060,USABLE,NONE,256,256,3,RGB,168311
TRAIN,Normal_Skin_79.png,Normal_Skin_79.png,C:\Users\Ashutosh Verma\OneDrive\Desktop\VET VISION AI\data\lsd\LumpySkinDisease_DataHub\LumpySkinDisease_DataHub\data-processed\lumpy_unbalanced\lumpy\Normal_Skin_79.png,Normal,dc3c81e013699e2c8ac56450984e75c7b758878fe1d8422a487674ea137dad53,06158c9e4ed09613,,ND-SAME-0063,USABLE,NONE,256,256,3,RGB,174506
TRAIN,Normal_Skin_82.png,Normal_Skin_82.png,C:\Users\Ashutosh Verma\OneDrive\Desktop\VET VISION AI\data\lsd\LumpySkinDisease_DataHub\LumpySkinDisease_DataHub\data-processed\lumpy_unbalanced\lumpy\Normal_Skin_82.png,Normal,6bd916deef4829a9c5aa67cf91e617998d1f8bdde0e00ba9f595f13c6c9b9bb8,c5961e488aeb6951,,ND-SAME-0075,USABLE,NONE,256,256,3,RGB,187585
TRAIN,Normal_Skin_83.png,Normal_Skin_83.png,C:\Users\Ashutosh Verma\OneDrive\Desktop\VET VISION AI\data\lsd\LumpySkinDisease_DataHub\LumpySkinDisease_DataHub\data-processed\lumpy_unbalanced\lumpy\Normal_Skin_83.png,Normal,07998c66a7f0651868fd90159334aaeac27bd2ce01035fc36a1c5da5d1bcb31a,bd696b89cb6f249c,,ND-SAME-0074,USABLE,NONE,256,256,3,RGB,156637
TRAIN,Normal_Skin_84.png,Normal_Skin_84.png,C:\Users\Ashutosh Verma\OneDrive\Desktop\VET VISION AI\data\lsd\LumpySkinDisease_DataHub\LumpySkinDisease_DataHub\data-processed\lumpy_unbalanced\lumpy\Normal_Skin_84.png,Normal,2e1cd6898f45138e82fb8860b4664791a000f25944a396556c9d57e042521d66,d45534a4a62626a6,,ND-SAME-0058,USABLE,NONE,256,256,4,RGBA,183697
TRAIN,Normal_Skin_86.png,Normal_Skin_86.png,C:\Users\Ashutosh Verma\OneDrive\Desktop\VET VISION AI\data\lsd\LumpySkinDisease_DataHub\LumpySkinDisease_DataHub\data-processed\lumpy_unbalanced\lumpy\Normal_Skin_86.png,Normal,fb2fd58ae0f53b0e82114baa7f1e94ce1c1aafd055bc8ea90e8533f1e7743f6b,2ccc6cb3138ff800,,,USABLE,NONE,256,256,3,RGB,187149
TRAIN,Normal_Skin_87.png,Normal_Skin_87.png,C:\Users\Ashutosh Verma\OneDrive\Desktop\VET VISION AI\data\lsd\LumpySkinDisease_DataHub\LumpySkinDisease_DataHub\data-processed\lumpy_unbalanced\lumpy\Normal_Skin_87.png,Normal,ab00200e5159a1cc17e262af4f1a2e9c7e2fc75e1b9b41c5e953436dbfcb9cee,616c42c7cbb2f6e0,,ND-SAME-0065,USABLE,NONE,256,256,3,RGB,175647
TRAIN,Normal_Skin_88.png,Normal_Skin_88.png,C:\Users\Ashutosh Verma\OneDrive\Desktop\VET VISION AI\data\lsd\LumpySkinDisease_DataHub\LumpySkinDisease_DataHub\data-processed\lumpy_unbalanced\lumpy\Normal_Skin_88.png,Normal,e329ddd2cf448ead53793fe0f65fb2ddd575f906174c530f10d2730addd13ed3,d696155e494906e0,,,USABLE,NONE,256,256,3,RGB,167167
TRAIN,Normal_Skin_89.png,Normal_Skin_89.png,C:\Users\Ashutosh Verma\OneDrive\Desktop\VET VISION AI\data\lsd\LumpySkinDisease_DataHub\LumpySkinDisease_DataHub\data-processed\lumpy_unbalanced\lumpy\Normal_Skin_89.png,Normal,c5b9f3cbc179bdefe8935917880bf6c87e9ed11c1f84171555393870d18731c3,344c8cec6c642666,,ND-SAME-0066,USABLE,NONE,256,256,3,RGB,182497
TRAIN,Normal_Skin_9.png,Normal_Skin_9.png,C:\Users\Ashutosh Verma\OneDrive\Desktop\VET VISION AI\data\lsd\LumpySkinDisease_DataHub\LumpySkinDisease_DataHub\data-processed\lumpy_unbalanced\lumpy\Normal_Skin_9.png,Normal,fa51fc70f6d8ed0064d368e7280b3790c7f1eeb8be56d005782be5e0359eef1b,3f9fd09a9a696d8b,,ND-SAME-0082,USABLE,NONE,256,256,3,RGB,171290
TRAIN,Normal_Skin_90.png,Normal_Skin_90.png,C:\Users\Ashutosh Verma\OneDrive\Desktop\VET VISION AI\data\lsd\LumpySkinDisease_DataHub\LumpySkinDisease_DataHub\data-processed\lumpy_unbalanced\lumpy\Normal_Skin_90.png,Normal,280047046b8344935830b13621733b4d83679dcd7fa0b0533e591ae3be09e6da,0f6bdb63e6dcf0e0,,ND-SAME-0069,USABLE,NONE,256,256,3,RGB,179587
TRAIN,Normal_Skin_93.png,Normal_Skin_93.png,C:\Users\Ashutosh Verma\OneDrive\Desktop\VET VISION AI\data\lsd\LumpySkinDisease_DataHub\LumpySkinDisease_DataHub\data-processed\lumpy_unbalanced\lumpy\Normal_Skin_93.png,Normal,c5cd3a6cdaa4b7b1ff06446b8921d9bf40934cad6e3b8eb1a7a8b67fbdc7b608,8c7382f26669e330,,,USABLE,NONE,256,256,3,RGB,160094
TRAIN,Normal_Skin_95.png,Normal_Skin_95.png,C:\Users\Ashutosh Verma\OneDrive\Desktop\VET VISION AI\data\lsd\LumpySkinDisease_DataHub\LumpySkinDisease_DataHub\data-processed\lumpy_unbalanced\lumpy\Normal_Skin_95.png,Normal,e653794d90509ca410a80fb529b4b501afa86c9cb131923a5d2a80aed93d78e3,6c348d1f27a72607,,,USABLE,NONE,256,256,3,RGB,158520
TRAIN,Normal_Skin_96.png,Normal_Skin_96.png,C:\Users\Ashutosh Verma\OneDrive\Desktop\VET VISION AI\data\lsd\LumpySkinDisease_DataHub\LumpySkinDisease_DataHub\data-processed\lumpy_unbalanced\lumpy\Normal_Skin_96.png,Normal,c55569656b76816e3e49f091e855f60dc76eb9dc4754a6d517102e72b31afe67,6791b59697d3b9d1,,,USABLE,NONE,256,256,3,RGB,169135
TRAIN,Normal_Skin_97.png,Normal_Skin_97.png,C:\Users\Ashutosh Verma\OneDrive\Desktop\VET VISION AI\data\lsd\LumpySkinDisease_DataHub\LumpySkinDisease_DataHub\data-processed\lumpy_unbalanced\lumpy\Normal_Skin_97.png,Normal,eeeadd6dd9fdb8be5809de46b6487a3c5830440af0ae89fabd2e3d8b6e87df0d,9b2a294a2b0f3463,,,USABLE,NONE,256,256,3,RGB,170688
TRAIN,Normal_Skin_99.png,Normal_Skin_99.png,C:\Users\Ashutosh Verma\OneDrive\Desktop\VET VISION AI\data\lsd\LumpySkinDisease_DataHub\LumpySkinDisease_DataHub\data-processed\lumpy_unbalanced\lumpy\Normal_Skin_99.png,Normal,fdabe93869526cd27fbf7f3656839cf3022d43adcda4b865d2e2e86ff951dcf0,0c2f37179b1b1319,,,USABLE,NONE,256,256,3,RGB,58631
TRAIN,Severe_1.png,Severe_1.png,C:\Users\Ashutosh Verma\OneDrive\Desktop\VET VISION AI\data\lsd\LumpySkinDisease_DataHub\LumpySkinDisease_DataHub\data-processed\lumpy_unbalanced\lumpy\Severe_1.png,Severe,9d31b6948117d958db0ccaa3d8d52e959507c6af63b958f5e07d7fdbe21622fe,7363095339971ac6,,ND-SAME-0090,USABLE,NONE,256,256,3,RGB,184224
TRAIN,Severe_12.png,Severe_12.png,C:\Users\Ashutosh Verma\OneDrive\Desktop\VET VISION AI\data\lsd\LumpySkinDisease_DataHub\LumpySkinDisease_DataHub\data-processed\lumpy_unbalanced\lumpy\Severe_12.png,Severe,d03bd5aae4ec1e810d92c7cf7d8676b96d94ed0226842cacf6796c4e634c96eb,adacdad0f0f1e7c7,,,USABLE,NONE,256,256,3,RGB,185571
TRAIN,Severe_13.png,Severe_13.png,C:\Users\Ashutosh Verma\OneDrive\Desktop\VET VISION AI\data\lsd\LumpySkinDisease_DataHub\LumpySkinDisease_DataHub\data-processed\lumpy_unbalanced\lumpy\Severe_13.png,Severe,3730d25b8f5f2e89bccfb661a2c3c3842f28a236d1ce983ed7bfc14847d2c82b,eb4b81556f2b1919,,ND-SAME-0091,USABLE,NONE,256,256,3,RGB,184860
TRAIN,Severe_14.png,Severe_14.png,C:\Users\Ashutosh Verma\OneDrive\Desktop\VET VISION AI\data\lsd\LumpySkinDisease_DataHub\LumpySkinDisease_DataHub\data-processed\lumpy_unbalanced\lumpy\Severe_14.png,Severe,f3c87f14b0f762bdc8156a57c2055e532e46db8aac46f2061db7e9036862a071,90b6c6c4c1d1313a,,ND-SAME-0092,USABLE,NONE,256,256,3,RGB,181235
TRAIN,Severe_15.png,Severe_15.png,C:\Users\Ashutosh Verma\OneDrive\Desktop\VET VISION AI\data\lsd\LumpySkinDisease_DataHub\LumpySkinDisease_DataHub\data-processed\lumpy_unbalanced\lumpy\Severe_15.png,Severe,ea654e3df40c7579803658df4651502a17bbf446ad003770be6e5b9ad9f5c070,524098b020212226,,ND-SAME-0093,USABLE,NONE,256,256,3,RGB,177186
TRAIN,Severe_17.png,Severe_17.png,C:\Users\Ashutosh Verma\OneDrive\Desktop\VET VISION AI\data\lsd\LumpySkinDisease_DataHub\LumpySkinDisease_DataHub\data-processed\lumpy_unbalanced\lumpy\Severe_17.png,Severe,424919f221d0d5d6814ea6d7751a55764b031e91a5a1aada82c62246d4a47436,dddbc5edc3f576fe,,ND-SAME-0094,USABLE,NONE,256,256,3,RGB,180167
TRAIN,Severe_18.png,Severe_18.png,C:\Users\Ashutosh Verma\OneDrive\Desktop\VET VISION AI\data\lsd\LumpySkinDisease_DataHub\LumpySkinDisease_DataHub\data-processed\lumpy_unbalanced\lumpy\Severe_18.png,Severe,d81e0f93c596c62710cd8db1534f4e90eb32b9c7cfc83e3b8a65eb99b76b68ac,fe9f5e747071980c,,ND-SAME-0095,USABLE,NONE,256,256,3,RGB,145213
TRAIN,Severe_19.png,Severe_19.png,C:\Users\Ashutosh Verma\OneDrive\Desktop\VET VISION AI\data\lsd\LumpySkinDisease_DataHub\LumpySkinDisease_DataHub\data-processed\lumpy_unbalanced\lumpy\Severe_19.png,Severe,50c848323f01547d9a002d153fbd4238ff3f5a6c6e2ba78e8824a20cac3e5ca3,bcb86a60b052e4b4,,ND-SAME-0096,USABLE,NONE,256,256,3,RGB,161685
TRAIN,Severe_2.png,Severe_2.png,C:\Users\Ashutosh Verma\OneDrive\Desktop\VET VISION AI\data\lsd\LumpySkinDisease_DataHub\LumpySkinDisease_DataHub\data-processed\lumpy_unbalanced\lumpy\Severe_2.png,Severe,258b89f8497f6314ae34bccbaa57ee6e4fc8a12b54276414a9413236d5cc615d,fe9f5e747071980c,,ND-SAME-0095,USABLE,NONE,256,256,3,RGB,155252
TRAIN,Severe_20.png,Severe_20.png,C:\Users\Ashutosh Verma\OneDrive\Desktop\VET VISION AI\data\lsd\LumpySkinDisease_DataHub\LumpySkinDisease_DataHub\data-processed\lumpy_unbalanced\lumpy\Severe_20.png,Severe,966c4b332aff408cba3b1b73f6524492c006b81801a36f35bbd16ffae4dcd227,ee7ededfe6123ede,,ND-SAME-0097,USABLE,NONE,256,256,3,RGB,171126
TRAIN,Severe_23.png,Severe_23.png,C:\Users\Ashutosh Verma\OneDrive\Desktop\VET VISION AI\data\lsd\LumpySkinDisease_DataHub\LumpySkinDisease_DataHub\data-processed\lumpy_unbalanced\lumpy\Severe_23.png,Severe,2998e8ce33b7806dcf294f17870162c66e7522d08881550bf5b10b6e4572bc98,c6d796bd1bdb7939,,,USABLE,NONE,256,256,3,RGB,182072
TRAIN,Severe_26.png,Severe_26.png,C:\Users\Ashutosh Verma\OneDrive\Desktop\VET VISION AI\data\lsd\LumpySkinDisease_DataHub\LumpySkinDisease_DataHub\data-processed\lumpy_unbalanced\lumpy\Severe_26.png,Severe,9db8d6690e6cd3a2d10ddbe3deab8127f5a5c6de0d8f64bda49fb4f2ff0663a3,93bea5e031d13313,,,USABLE,NONE,256,256,3,RGB,158497
TRAIN,Severe_27.png,Severe_27.png,C:\Users\Ashutosh Verma\OneDrive\Desktop\VET VISION AI\data\lsd\LumpySkinDisease_DataHub\LumpySkinDisease_DataHub\data-processed\lumpy_unbalanced\lumpy\Severe_27.png,Severe,8f066c43e3b6e995dc00968f3bd1d0f5a37b210ebb269d4364f1c44ddd9ecc4f,04592937395d5b47,,,USABLE,NONE,256,256,3,RGB,35426
TRAIN,Severe_28.png,Severe_28.png,C:\Users\Ashutosh Verma\OneDrive\Desktop\VET VISION AI\data\lsd\LumpySkinDisease_DataHub\LumpySkinDisease_DataHub\data-processed\lumpy_unbalanced\lumpy\Severe_28.png,Severe,d2a1f18f3c05c50005dddaccfbd2fc0cdfe93b0e650f4c9272870e020610305d,1913d3cb09093960,,,USABLE,NONE,256,256,3,RGB,186607
TRAIN,Severe_29.png,Severe_29.png,C:\Users\Ashutosh Verma\OneDrive\Desktop\VET VISION AI\data\lsd\LumpySkinDisease_DataHub\LumpySkinDisease_DataHub\data-processed\lumpy_unbalanced\lumpy\Severe_29.png,Severe,ea9392211015156c6536d4e146b59e64e66c571a39c3be5ccb0626f65c7ad8ef,bb2b2b3b33131397,,,USABLE,NONE,256,256,3,RGB,170367
TRAIN,Severe_3.png,Severe_3.png,C:\Users\Ashutosh Verma\OneDrive\Desktop\VET VISION AI\data\lsd\LumpySkinDisease_DataHub\LumpySkinDisease_DataHub\data-processed\lumpy_unbalanced\lumpy\Severe_3.png,Severe,312864e0ee900aac48c5c53f2fd45295ca490d2497038682010a1802f5353b8f,ee7ededfe6123ede,,ND-SAME-0097,USABLE,NONE,256,256,3,RGB,174948
TRAIN,Severe_32.png,Severe_32.png,C:\Users\Ashutosh Verma\OneDrive\Desktop\VET VISION AI\data\lsd\LumpySkinDisease_DataHub\LumpySkinDisease_DataHub\data-processed\lumpy_unbalanced\lumpy\Severe_32.png,Severe,435eb111d8ec8f38e1a4e70d006123485daf2ef3819e46b9cf14187d76293505,656d0901191372b6,,,USABLE,NONE,256,256,3,RGB,160156
TRAIN,Severe_34.png,Severe_34.png,C:\Users\Ashutosh Verma\OneDrive\Desktop\VET VISION AI\data\lsd\LumpySkinDisease_DataHub\LumpySkinDisease_DataHub\data-processed\lumpy_unbalanced\lumpy\Severe_34.png,Severe,8b80d03826231d2de081204c769b82afd1e79b1ae07c87b9a6dd915f222d591b,5252028a8e9ab272,,,USABLE,NONE,256,256,3,RGB,184548
TRAIN,Severe_35.png,Severe_35.png,C:\Users\Ashutosh Verma\OneDrive\Desktop\VET VISION AI\data\lsd\LumpySkinDisease_DataHub\LumpySkinDisease_DataHub\data-processed\lumpy_unbalanced\lumpy\Severe_35.png,Severe,d788fde4fa7da4d7e2cddb0bb519a64e0303d0046b6683ea27a9f13d371c1639,79796e5c6473797d,,,USABLE,NONE,256,256,3,RGB,111990
TRAIN,Severe_36.png,Severe_36.png,C:\Users\Ashutosh Verma\OneDrive\Desktop\VET VISION AI\data\lsd\LumpySkinDisease_DataHub\LumpySkinDisease_DataHub\data-processed\lumpy_unbalanced\lumpy\Severe_36.png,Severe,3c4d85a310627aa2e4bcc70f6f9dd5c5e9fa05269362e4896e479fb92ce70c14,316f746cc13010f5,,ND-SAME-0098,USABLE,NONE,256,256,3,RGB,170409
TRAIN,Severe_37.png,Severe_37.png,C:\Users\Ashutosh Verma\OneDrive\Desktop\VET VISION AI\data\lsd\LumpySkinDisease_DataHub\LumpySkinDisease_DataHub\data-processed\lumpy_unbalanced\lumpy\Severe_37.png,Severe,7d0575cc2d71021238adc73e1ec64c32871790c161bab7bc06a8cab84c0e96a8,44cc497b135bc2e2,,ND-SAME-0099,USABLE,NONE,256,256,3,RGB,171151
TRAIN,Severe_39.png,Severe_39.png,C:\Users\Ashutosh Verma\OneDrive\Desktop\VET VISION AI\data\lsd\LumpySkinDisease_DataHub\LumpySkinDisease_DataHub\data-processed\lumpy_unbalanced\lumpy\Severe_39.png,Severe,3f1832463299b8d4c12059e74886e46dacfe93727c7cb4a64cafbaaa2a3ef7ff,377761d543c3cd8d,,ND-SAME-0100,USABLE,NONE,256,256,3,RGB,188403
TRAIN,Severe_4.png,Severe_4.png,C:\Users\Ashutosh Verma\OneDrive\Desktop\VET VISION AI\data\lsd\LumpySkinDisease_DataHub\LumpySkinDisease_DataHub\data-processed\lumpy_unbalanced\lumpy\Severe_4.png,Severe,3911b84b9b3f2c7fc9da05b94878af3e860bc59b274a9a1933e9c93231b70922,eb4b81556f2b1919,,ND-SAME-0091,USABLE,NONE,256,256,3,RGB,182488
TRAIN,Severe_41.png,Severe_41.png,C:\Users\Ashutosh Verma\OneDrive\Desktop\VET VISION AI\data\lsd\LumpySkinDisease_DataHub\LumpySkinDisease_DataHub\data-processed\lumpy_unbalanced\lumpy\Severe_41.png,Severe,c5fae5773b3bb0504b40d39f69b26d49887823943152f91bd91d0b91183096ed,c9e7666424e0e5e5,,,USABLE,NONE,256,256,3,RGB,175519
TRAIN,Severe_42.png,Severe_42.png,C:\Users\Ashutosh Verma\OneDrive\Desktop\VET VISION AI\data\lsd\LumpySkinDisease_DataHub\LumpySkinDisease_DataHub\data-processed\lumpy_unbalanced\lumpy\Severe_42.png,Severe,a2f3bfe404a40600e95c679b8b548abc1af56caba7e208669e1ff6c72cd1d894,1e162647474f9abe,,,USABLE,NONE,256,256,3,RGB,179854
TRAIN,Severe_44.png,Severe_44.png,C:\Users\Ashutosh Verma\OneDrive\Desktop\VET VISION AI\data\lsd\LumpySkinDisease_DataHub\LumpySkinDisease_DataHub\data-processed\lumpy_unbalanced\lumpy\Severe_44.png,Severe,3f1eaf9badb441619d60c360d1e914d172ba2efea2adfb29347eade322617bff,91d5454d6f393999,,,USABLE,NONE,256,256,3,RGB,182399
TRAIN,Severe_45.png,Severe_45.png,C:\Users\Ashutosh Verma\OneDrive\Desktop\VET VISION AI\data\lsd\LumpySkinDisease_DataHub\LumpySkinDisease_DataHub\data-processed\lumpy_unbalanced\lumpy\Severe_45.png,Severe,255613e4506751ccc6309fc95790d90d119901d2703d8dc2b53dc0e1b21fc9b2,981898b123664c9a,,,USABLE,NONE,256,256,3,RGB,149750
TRAIN,Severe_46.png,Severe_46.png,C:\Users\Ashutosh Verma\OneDrive\Desktop\VET VISION AI\data\lsd\LumpySkinDisease_DataHub\LumpySkinDisease_DataHub\data-processed\lumpy_unbalanced\lumpy\Severe_46.png,Severe,86e6d77f458da344ea0a76b9f2c50b8acfc65d20369c0661c2a3940471f08d5a,f9f0b684c0441cd8,,,USABLE,NONE,256,256,3,RGB,145673
TRAIN,Severe_47.png,Severe_47.png,C:\Users\Ashutosh Verma\OneDrive\Desktop\VET VISION AI\data\lsd\LumpySkinDisease_DataHub\LumpySkinDisease_DataHub\data-processed\lumpy_unbalanced\lumpy\Severe_47.png,Severe,e6691f3e459c889264ba02d09048e46f10d5890a3b6cb171f2bcbc353a4e1f91,26201c1c2c0c263a,,,USABLE,NONE,256,256,3,RGB,185191
TRAIN,Severe_48.png,Severe_48.png,C:\Users\Ashutosh Verma\OneDrive\Desktop\VET VISION AI\data\lsd\LumpySkinDisease_DataHub\LumpySkinDisease_DataHub\data-processed\lumpy_unbalanced\lumpy\Severe_48.png,Severe,21ebe9f8fb194c816a3477d2016ee9e2c6e5487ee06dbc555fa94716400e0bd9,7363095339971bc6,,ND-SAME-0090,USABLE,NONE,256,256,3,RGB,185646
TRAIN,Severe_49.png,Severe_49.png,C:\Users\Ashutosh Verma\OneDrive\Desktop\VET VISION AI\data\lsd\LumpySkinDisease_DataHub\LumpySkinDisease_DataHub\data-processed\lumpy_unbalanced\lumpy\Severe_49.png,Severe,de809056cab31215a33435201d3bcc35b28c33e7b73ed0d18d8976bade2fd99f,301c4d5b191d3070,,,USABLE,NONE,256,256,3,RGB,154241
TRAIN,Severe_5.png,Severe_5.png,C:\Users\Ashutosh Verma\OneDrive\Desktop\VET VISION AI\data\lsd\LumpySkinDisease_DataHub\LumpySkinDisease_DataHub\data-processed\lumpy_unbalanced\lumpy\Severe_5.png,Severe,75a4cdcf0aa89f4f4333ffb072ac9f96f015c6e9a67b62814d6f5afa56a2eb75,90b6c6c4c1d1313a,,ND-SAME-0092,USABLE,NONE,256,256,3,RGB,173514
TRAIN,Severe_52.png,Severe_52.png,C:\Users\Ashutosh Verma\OneDrive\Desktop\VET VISION AI\data\lsd\LumpySkinDisease_DataHub\LumpySkinDisease_DataHub\data-processed\lumpy_unbalanced\lumpy\Severe_52.png,Severe,ed52e3ae8fdb6dcaca7661974376de5b70f4d938205570577936f003ce1dd721,46de9424394e4272,,,USABLE,NONE,256,256,3,RGB,165351
TRAIN,Severe_54.png,Severe_54.png,C:\Users\Ashutosh Verma\OneDrive\Desktop\VET VISION AI\data\lsd\LumpySkinDisease_DataHub\LumpySkinDisease_DataHub\data-processed\lumpy_unbalanced\lumpy\Severe_54.png,Severe,1208ba333e24d97cf943d36730cc475e01731b8351204d55426dfaa102add27b,18180c3c3c333323,,,USABLE,NONE,256,256,3,RGB,160510
TRAIN,Severe_55.png,Severe_55.png,C:\Users\Ashutosh Verma\OneDrive\Desktop\VET VISION AI\data\lsd\LumpySkinDisease_DataHub\LumpySkinDisease_DataHub\data-processed\lumpy_unbalanced\lumpy\Severe_55.png,Severe,c986737d1eee1ce9e3b48995c60be3279c444d86a4f438608b9011ade92a9b2a,92260b0f09094d4d,,,USABLE,NONE,256,256,3,RGB,154102
TRAIN,Severe_57.png,Severe_57.png,C:\Users\Ashutosh Verma\OneDrive\Desktop\VET VISION AI\data\lsd\LumpySkinDisease_DataHub\LumpySkinDisease_DataHub\data-processed\lumpy_unbalanced\lumpy\Severe_57.png,Severe,1bcabbbe7361fd60b9b3669c05e8f76472fa982d4ca585a2e4620dee030bce9a,1c8c22387ece9a9a,,,USABLE,NONE,256,256,3,RGB,150206
TRAIN,Severe_58.png,Severe_58.png,C:\Users\Ashutosh Verma\OneDrive\Desktop\VET VISION AI\data\lsd\LumpySkinDisease_DataHub\LumpySkinDisease_DataHub\data-processed\lumpy_unbalanced\lumpy\Severe_58.png,Severe,7f1479c3a34e26aabe35d504de2ea3c40d4e1eaa99b7e3bbb5f97e8ea535cdc7,6f9f6ebc7c5c8e47,,,USABLE,NONE,256,256,3,RGB,186096
TRAIN,Severe_59.png,Severe_59.png,C:\Users\Ashutosh Verma\OneDrive\Desktop\VET VISION AI\data\lsd\LumpySkinDisease_DataHub\LumpySkinDisease_DataHub\data-processed\lumpy_unbalanced\lumpy\Severe_59.png,Severe,83852ec7520d975e4cc82e022c928a96da56373b77f7e092b6dc15123770500f,d6f2aaaecbeba3a7,,,USABLE,NONE,256,256,3,RGB,182751
TRAIN,Severe_6.png,Severe_6.png,C:\Users\Ashutosh Verma\OneDrive\Desktop\VET VISION AI\data\lsd\LumpySkinDisease_DataHub\LumpySkinDisease_DataHub\data-processed\lumpy_unbalanced\lumpy\Severe_6.png,Severe,bbc4727ab6ccad1c325f80338d8b8866bd574e9581f3318d9f777d53c3f6e2b7,d8fb2e5b4b686b4b,,ND-SAME-0103,USABLE,NONE,256,256,3,RGB,149764
TRAIN,Severe_61.png,Severe_61.png,C:\Users\Ashutosh Verma\OneDrive\Desktop\VET VISION AI\data\lsd\LumpySkinDisease_DataHub\LumpySkinDisease_DataHub\data-processed\lumpy_unbalanced\lumpy\Severe_61.png,Severe,6b53b0f6a99553051e7f5f618326301788825c6afbc503a8d5595ac8b2357d42,e46c9e9b654b4bc8,,,USABLE,NONE,256,256,3,RGB,171592
TRAIN,Severe_62.png,Severe_62.png,C:\Users\Ashutosh Verma\OneDrive\Desktop\VET VISION AI\data\lsd\LumpySkinDisease_DataHub\LumpySkinDisease_DataHub\data-processed\lumpy_unbalanced\lumpy\Severe_62.png,Severe,f7d535d4e53af1fb374820adb2395cc232126ce5a7b9648ddc3bcff62c7d6bdf,ad7ed1f4f0e5c7d6,,,USABLE,NONE,256,256,3,RGB,182441
TRAIN,Severe_63.png,Severe_63.png,C:\Users\Ashutosh Verma\OneDrive\Desktop\VET VISION AI\data\lsd\LumpySkinDisease_DataHub\LumpySkinDisease_DataHub\data-processed\lumpy_unbalanced\lumpy\Severe_63.png,Severe,75eda04f0d7d46bb8ffa62a1b91f6ac75d5f23e6a76cd545503b0ea89a9e5026,61f0322329a3b190,,,USABLE,NONE,256,256,3,RGB,185421
TRAIN,Severe_66.png,Severe_66.png,C:\Users\Ashutosh Verma\OneDrive\Desktop\VET VISION AI\data\lsd\LumpySkinDisease_DataHub\LumpySkinDisease_DataHub\data-processed\lumpy_unbalanced\lumpy\Severe_66.png,Severe,9c5fb8eb78c9d8e5b4a290c50ba5bd4acf92b3458aafae02b53b9037c78353b2,dbf3cbafb7cd6d21,,,USABLE,NONE,256,256,3,RGB,185440
TRAIN,Severe_67.png,Severe_67.png,C:\Users\Ashutosh Verma\OneDrive\Desktop\VET VISION AI\data\lsd\LumpySkinDisease_DataHub\LumpySkinDisease_DataHub\data-processed\lumpy_unbalanced\lumpy\Severe_67.png,Severe,9938ad1a44d282371ba5bd1fe28c2f973a3fb2245f4841cbb266f6a8a0cb1b1c,1d9b132ba97bf7be,,ND-SAME-0105,USABLE,NONE,256,256,3,RGB,172724
TRAIN,Severe_7.png,Severe_7.png,C:\Users\Ashutosh Verma\OneDrive\Desktop\VET VISION AI\data\lsd\LumpySkinDisease_DataHub\LumpySkinDisease_DataHub\data-processed\lumpy_unbalanced\lumpy\Severe_7.png,Severe,21e2fcb47169ab523db29c8289c38e31e7a5cf3aa8f83dae2e22a1a44a716151,1d9b132ba97bf7be,,ND-SAME-0105,USABLE,NONE,256,256,4,RGBA,193112
TRAIN,Severe_70.png,Severe_70.png,C:\Users\Ashutosh Verma\OneDrive\Desktop\VET VISION AI\data\lsd\LumpySkinDisease_DataHub\LumpySkinDisease_DataHub\data-processed\lumpy_unbalanced\lumpy\Severe_70.png,Severe,f66ccbbec79a45ecddcd0f7d248b8a7cae9f76a1f04c6b266b14628099c0339b,d8fb2e5b4b686b4b,,ND-SAME-0103,USABLE,NONE,256,256,3,RGB,153542
TRAIN,Severe_73.png,Severe_73.png,C:\Users\Ashutosh Verma\OneDrive\Desktop\VET VISION AI\data\lsd\LumpySkinDisease_DataHub\LumpySkinDisease_DataHub\data-processed\lumpy_unbalanced\lumpy\Severe_73.png,Severe,e4af2d46cf21e00f3f853694a0181bda2182bbbf21dbde34b372f1cab3c31ff0,390f4d5767643693,,,USABLE,NONE,256,256,3,RGB,183839
TRAIN,Severe_74.png,Severe_74.png,C:\Users\Ashutosh Verma\OneDrive\Desktop\VET VISION AI\data\lsd\LumpySkinDisease_DataHub\LumpySkinDisease_DataHub\data-processed\lumpy_unbalanced\lumpy\Severe_74.png,Severe,a582309a4cb871f95b9e8dbf4cdb6046352bef5211fdc237288a67b9d5a1426b,424d27b6979a1626,,,USABLE,NONE,256,256,3,RGB,186835
TRAIN,Severe_76.png,Severe_76.png,C:\Users\Ashutosh Verma\OneDrive\Desktop\VET VISION AI\data\lsd\LumpySkinDisease_DataHub\LumpySkinDisease_DataHub\data-processed\lumpy_unbalanced\lumpy\Severe_76.png,Severe,a07bb1cbb494eea13aff30ef89bb6cf2289f8cfed4575d9d459ed2d66fee05cd,524298b020212226,,ND-SAME-0093,USABLE,NONE,256,256,3,RGB,180344
TRAIN,Severe_78.png,Severe_78.png,C:\Users\Ashutosh Verma\OneDrive\Desktop\VET VISION AI\data\lsd\LumpySkinDisease_DataHub\LumpySkinDisease_DataHub\data-processed\lumpy_unbalanced\lumpy\Severe_78.png,Severe,821822f03229032c7a623ed0be4c9f78ad2e246924d024722cef738ca62441e7,dddbc5edc3f576fe,,ND-SAME-0094,USABLE,NONE,256,256,3,RGB,183030
TRAIN,Severe_8.png,Severe_8.png,C:\Users\Ashutosh Verma\OneDrive\Desktop\VET VISION AI\data\lsd\LumpySkinDisease_DataHub\LumpySkinDisease_DataHub\data-processed\lumpy_unbalanced\lumpy\Severe_8.png,Severe,b63a71e32e254254412d6ed15346b6617c060bb9948e91f55be207f98358a999,fb79b2c21b1a3931,,,USABLE,NONE,256,256,3,RGB,172135
TRAIN,Severe_81.png,Severe_81.png,C:\Users\Ashutosh Verma\OneDrive\Desktop\VET VISION AI\data\lsd\LumpySkinDisease_DataHub\LumpySkinDisease_DataHub\data-processed\lumpy_unbalanced\lumpy\Severe_81.png,Severe,c01a16667bd74d5d9fcaf519488b2904ae256d284ed8a44383b031b03f746595,bcb86a60b052e4b4,,ND-SAME-0096,USABLE,NONE,256,256,3,RGB,167900
TRAIN,Severe_82.png,Severe_82.png,C:\Users\Ashutosh Verma\OneDrive\Desktop\VET VISION AI\data\lsd\LumpySkinDisease_DataHub\LumpySkinDisease_DataHub\data-processed\lumpy_unbalanced\lumpy\Severe_82.png,Severe,d82b4b4b5ee5d137952cee04678882270bd7f30a9e33a3926799be39a14b70b6,96bcb862e09046a4,,,USABLE,NONE,256,256,3,RGB,166397
TRAIN,Severe_83.png,Severe_83.png,C:\Users\Ashutosh Verma\OneDrive\Desktop\VET VISION AI\data\lsd\LumpySkinDisease_DataHub\LumpySkinDisease_DataHub\data-processed\lumpy_unbalanced\lumpy\Severe_83.png,Severe,cce1cd1bf44c1ea87336c265db3fa6764d7b4bf1212a472b3edb7f0e6a2f018d,316f746cc13010f7,,ND-SAME-0098,USABLE,NONE,256,256,3,RGB,179136
TRAIN,Severe_85.png,Severe_85.png,C:\Users\Ashutosh Verma\OneDrive\Desktop\VET VISION AI\data\lsd\LumpySkinDisease_DataHub\LumpySkinDisease_DataHub\data-processed\lumpy_unbalanced\lumpy\Severe_85.png,Severe,a5535192241abf0c8e19fa2f0ca153c68caa757315959bfdff8dc84d406b5d02,377761d543e3cd8d,,ND-SAME-0100,USABLE,NONE,256,256,3,RGB,187054
TRAIN,Severe_86.png,Severe_86.png,C:\Users\Ashutosh Verma\OneDrive\Desktop\VET VISION AI\data\lsd\LumpySkinDisease_DataHub\LumpySkinDisease_DataHub\data-processed\lumpy_unbalanced\lumpy\Severe_86.png,Severe,befe3c7ce2185656ab8a2f55afac457c2e9a8763ea7488ac9fd82a0372d975e0,2527171717178f9b,,,USABLE,NONE,256,256,3,RGB,170004
TRAIN,Severe_87.png,Severe_87.png,C:\Users\Ashutosh Verma\OneDrive\Desktop\VET VISION AI\data\lsd\LumpySkinDisease_DataHub\LumpySkinDisease_DataHub\data-processed\lumpy_unbalanced\lumpy\Severe_87.png,Severe,208c85193f8ce3b21c69164efff304c59b4e9ab474125ea9a2fc629aab36337c,adaed2f0f0e1c7d6,,,USABLE,NONE,256,256,3,RGB,184615
TRAIN,Severe_88.png,Severe_88.png,C:\Users\Ashutosh Verma\OneDrive\Desktop\VET VISION AI\data\lsd\LumpySkinDisease_DataHub\LumpySkinDisease_DataHub\data-processed\lumpy_unbalanced\lumpy\Severe_88.png,Severe,436313467fdd9112e34217ccca9525c1fa6891b20f974c26d6ad5936ba4226c1,44cc497b135bc2e2,,ND-SAME-0099,USABLE,NONE,256,256,3,RGB,171628
TRAIN,Severe_9.png,Severe_9.png,C:\Users\Ashutosh Verma\OneDrive\Desktop\VET VISION AI\data\lsd\LumpySkinDisease_DataHub\LumpySkinDisease_DataHub\data-processed\lumpy_unbalanced\lumpy\Severe_9.png,Severe,4106a92a60453d98249b33046f52755acbae9c58cb9ab962c42ad71f3f3f7ece,b7767a5333b1b1bb,,,USABLE,NONE,256,256,3,RGB,146013
VALIDATION,Mild_101.png,Mild_101.png,C:\Users\Ashutosh Verma\OneDrive\Desktop\VET VISION AI\data\lsd\LumpySkinDisease_DataHub\LumpySkinDisease_DataHub\data-processed\lumpy_unbalanced\lumpy\Mild_101.png,Mild,8c03c1f9a4efa8245a0c9f35d534f1b147c97f5b4dd5396cd992a229e98f54de,98cec65233030929,,,USABLE,NONE,256,256,3,RGB,165094
VALIDATION,Mild_107.png,Mild_107.png,C:\Users\Ashutosh Verma\OneDrive\Desktop\VET VISION AI\data\lsd\LumpySkinDisease_DataHub\LumpySkinDisease_DataHub\data-processed\lumpy_unbalanced\lumpy\Mild_107.png,Mild,2e1e91dea15104c6c9e5ab45d01a48c4e79ddd7853e2773bf4959042faf031ff,cd7969279b8ef6da,,,USABLE,NONE,256,256,3,RGB,160241
VALIDATION,Mild_113.png,Mild_113.png,C:\Users\Ashutosh Verma\OneDrive\Desktop\VET VISION AI\data\lsd\LumpySkinDisease_DataHub\LumpySkinDisease_DataHub\data-processed\lumpy_unbalanced\lumpy\Mild_113.png,Mild,dead754d89bc2ed07f389a98acfb3aaec12988fba88cae3936c2ad5a28da8b40,0252193332170c02,,,USABLE,NONE,256,256,3,RGB,162135
VALIDATION,Mild_127.png,Mild_127.png,C:\Users\Ashutosh Verma\OneDrive\Desktop\VET VISION AI\data\lsd\LumpySkinDisease_DataHub\LumpySkinDisease_DataHub\data-processed\lumpy_unbalanced\lumpy\Mild_127.png,Mild,b7f8771bb6ea5f56ff09d3aea5fb98d35fedc4b8eb07d24d854aff37bc2bd651,bea21a5e5e5cccce,,,USABLE,NONE,256,256,3,RGB,161514
VALIDATION,Mild_138.png,Mild_138.png,C:\Users\Ashutosh Verma\OneDrive\Desktop\VET VISION AI\data\lsd\LumpySkinDisease_DataHub\LumpySkinDisease_DataHub\data-processed\lumpy_unbalanced\lumpy\Mild_138.png,Mild,e0b79cea611cb265aa826067a0faa94fca4bad047cde9434440e836c3adb887a,9fcfc6cb4a6ee7f9,,,USABLE,NONE,256,256,3,RGB,176083
VALIDATION,Mild_145.png,Mild_145.png,C:\Users\Ashutosh Verma\OneDrive\Desktop\VET VISION AI\data\lsd\LumpySkinDisease_DataHub\LumpySkinDisease_DataHub\data-processed\lumpy_unbalanced\lumpy\Mild_145.png,Mild,9f305eb246fc0a2dac762cb343f3ed09c3012b35d1c5e71929a0ffeab957d27d,248ca09492a2cf07,,,USABLE,NONE,256,256,3,RGB,159981
VALIDATION,Mild_146.png,Mild_146.png,C:\Users\Ashutosh Verma\OneDrive\Desktop\VET VISION AI\data\lsd\LumpySkinDisease_DataHub\LumpySkinDisease_DataHub\data-processed\lumpy_unbalanced\lumpy\Mild_146.png,Mild,abb8546188ddd9286cba49fb70506760464b24f582f4652fc2e8a68e8f62a321,d23636129f95c7c7,,,USABLE,NONE,256,256,3,RGB,161862
VALIDATION,Mild_149.png,Mild_149.png,C:\Users\Ashutosh Verma\OneDrive\Desktop\VET VISION AI\data\lsd\LumpySkinDisease_DataHub\LumpySkinDisease_DataHub\data-processed\lumpy_unbalanced\lumpy\Mild_149.png,Mild,79a23e8d7da17969734b931738eec52b2eed2c76c6a6c6bc91822f668b115c8b,5397d6ddc9db97b7,,,USABLE,NONE,256,256,3,RGB,167010
VALIDATION,Mild_153.png,Mild_153.png,C:\Users\Ashutosh Verma\OneDrive\Desktop\VET VISION AI\data\lsd\LumpySkinDisease_DataHub\LumpySkinDisease_DataHub\data-processed\lumpy_unbalanced\lumpy\Mild_153.png,Mild,f4fced61fc1de54d0469c424d978c26c273dc2707c48bf2a832f1b06992abb15,28af8fcccd391937,,,USABLE,NONE,256,256,3,RGB,162534
VALIDATION,Mild_156.png,Mild_156.png,C:\Users\Ashutosh Verma\OneDrive\Desktop\VET VISION AI\data\lsd\LumpySkinDisease_DataHub\LumpySkinDisease_DataHub\data-processed\lumpy_unbalanced\lumpy\Mild_156.png,Mild,62fce2560bc2b457ffee1eb52021c42c2fdb0bca876566922e9fb1427e795543,7d2d61811b49492a,,ND-SAME-0009,USABLE,NONE,256,256,3,RGB,164934
VALIDATION,Mild_158.png,Mild_158.png,C:\Users\Ashutosh Verma\OneDrive\Desktop\VET VISION AI\data\lsd\LumpySkinDisease_DataHub\LumpySkinDisease_DataHub\data-processed\lumpy_unbalanced\lumpy\Mild_158.png,Mild,32a38e2813b422cf6d5b3d68374a241afa78322526dac7efcd164518e1eb1757,ecc8d4dcdcf4f0c8,,,USABLE,NONE,256,256,3,RGB,106333
VALIDATION,Mild_16.png,Mild_16.png,C:\Users\Ashutosh Verma\OneDrive\Desktop\VET VISION AI\data\lsd\LumpySkinDisease_DataHub\LumpySkinDisease_DataHub\data-processed\lumpy_unbalanced\lumpy\Mild_16.png,Mild,f0f1a45768d80406decfb18633ac39047ce8496351eec433ad6c90f1d9e99617,a8f133717373bbba,,ND-SAME-0011,USABLE,NONE,256,256,3,RGB,181637
VALIDATION,Mild_164.png,Mild_164.png,C:\Users\Ashutosh Verma\OneDrive\Desktop\VET VISION AI\data\lsd\LumpySkinDisease_DataHub\LumpySkinDisease_DataHub\data-processed\lumpy_unbalanced\lumpy\Mild_164.png,Mild,30c0d459a49b8c95695a6552ecef2e607c6d7cb7034bde22e6e439fc4ff51ae9,d37cfdbbb929292d,,,USABLE,NONE,256,256,3,RGB,178378
VALIDATION,Mild_168.png,Mild_168.png,C:\Users\Ashutosh Verma\OneDrive\Desktop\VET VISION AI\data\lsd\LumpySkinDisease_DataHub\LumpySkinDisease_DataHub\data-processed\lumpy_unbalanced\lumpy\Mild_168.png,Mild,a583bf3d84b837b9dfd325938a72ca0999d1950f03ae74173bbe500a8e68a74f,e6e6eee6c6870727,,,USABLE,NONE,256,256,3,RGB,168128
VALIDATION,Mild_170.png,Mild_170.png,C:\Users\Ashutosh Verma\OneDrive\Desktop\VET VISION AI\data\lsd\LumpySkinDisease_DataHub\LumpySkinDisease_DataHub\data-processed\lumpy_unbalanced\lumpy\Mild_170.png,Mild,a405aa5f037b28ca06df28666f42801b4901653141bd5fd3e8dc70aa01abef6b,ce9f3cbe9ddc1814,,,USABLE,NONE,256,256,3,RGB,162325
VALIDATION,Mild_174.png,Mild_174.png,C:\Users\Ashutosh Verma\OneDrive\Desktop\VET VISION AI\data\lsd\LumpySkinDisease_DataHub\LumpySkinDisease_DataHub\data-processed\lumpy_unbalanced\lumpy\Mild_174.png,Mild,62d56eb430723a95972099cebdaec25b6d7254f6341c8771e70ad7f3bef33b12,996d69793d2d4c4d,,,USABLE,NONE,256,256,3,RGB,187635
VALIDATION,Mild_180.png,Mild_180.png,C:\Users\Ashutosh Verma\OneDrive\Desktop\VET VISION AI\data\lsd\LumpySkinDisease_DataHub\LumpySkinDisease_DataHub\data-processed\lumpy_unbalanced\lumpy\Mild_180.png,Mild,155c4b4ba86dd375cd173b3b8dcda9b9def549f0ea843798968468061c69f457,49076c454d0d3733,,,USABLE,NONE,256,256,3,RGB,164476
VALIDATION,Mild_20.png,Mild_20.png,C:\Users\Ashutosh Verma\OneDrive\Desktop\VET VISION AI\data\lsd\LumpySkinDisease_DataHub\LumpySkinDisease_DataHub\data-processed\lumpy_unbalanced\lumpy\Mild_20.png,Mild,5549ef672ec494f39c238686e0be9d4b37a3ac20acc8074b5313c273a8a4706b,de5844484fa436b6,,ND-SAME-0021,USABLE,NONE,256,256,3,RGB,156785
VALIDATION,Mild_203.png,Mild_203.png,C:\Users\Ashutosh Verma\OneDrive\Desktop\VET VISION AI\data\lsd\LumpySkinDisease_DataHub\LumpySkinDisease_DataHub\data-processed\lumpy_unbalanced\lumpy\Mild_203.png,Mild,e9fdf1a73eadf7f45125bcc47a8315a0a7e92d4fa170f11f8087bdff9a2a3eea,f0e0c87831664332,,,USABLE,NONE,256,256,3,RGB,59471
VALIDATION,Mild_207.png,Mild_207.png,C:\Users\Ashutosh Verma\OneDrive\Desktop\VET VISION AI\data\lsd\LumpySkinDisease_DataHub\LumpySkinDisease_DataHub\data-processed\lumpy_unbalanced\lumpy\Mild_207.png,Mild,9383a4e035804585b8a2a29ccee3ffb150816aa8808fa9ca7241ef6282307e36,9f85b113078f8d98,,,USABLE,NONE,256,256,3,RGB,143816
VALIDATION,Mild_217.png,Mild_217.png,C:\Users\Ashutosh Verma\OneDrive\Desktop\VET VISION AI\data\lsd\LumpySkinDisease_DataHub\LumpySkinDisease_DataHub\data-processed\lumpy_unbalanced\lumpy\Mild_217.png,Mild,2ec8e0c29fb245f9a19f54b1e8edc00212fbec2b5d0b721f60104a6ea36b830c,6426a46667233b43,,,USABLE,NONE,256,256,3,RGB,180933
VALIDATION,Mild_218.png,Mild_218.png,C:\Users\Ashutosh Verma\OneDrive\Desktop\VET VISION AI\data\lsd\LumpySkinDisease_DataHub\LumpySkinDisease_DataHub\data-processed\lumpy_unbalanced\lumpy\Mild_218.png,Mild,d3f60ce18218f083d6f8ff21760cd63607cc1d92d4783b10040ee0f213e4eb95,7d2d61811b49492a,,ND-SAME-0009,USABLE,NONE,256,256,3,RGB,171506
VALIDATION,Mild_225.png,Mild_225.png,C:\Users\Ashutosh Verma\OneDrive\Desktop\VET VISION AI\data\lsd\LumpySkinDisease_DataHub\LumpySkinDisease_DataHub\data-processed\lumpy_unbalanced\lumpy\Mild_225.png,Mild,77bcb9ceb5815d646be793a6f2554207ab83beaf7ad7479ecec246169c891577,b8a8a01a5a2b3a1c,,,USABLE,NONE,256,256,3,RGB,148562
VALIDATION,Mild_27.png,Mild_27.png,C:\Users\Ashutosh Verma\OneDrive\Desktop\VET VISION AI\data\lsd\LumpySkinDisease_DataHub\LumpySkinDisease_DataHub\data-processed\lumpy_unbalanced\lumpy\Mild_27.png,Mild,06a8b6b6c6ea858bd0113045ac22774b48ca1216bdb96e3c9b5392ebdddeafa5,a8f333717373baae,,ND-SAME-0011,USABLE,NONE,256,256,3,RGB,171032
VALIDATION,Mild_34.png,Mild_34.png,C:\Users\Ashutosh Verma\OneDrive\Desktop\VET VISION AI\data\lsd\LumpySkinDisease_DataHub\LumpySkinDisease_DataHub\data-processed\lumpy_unbalanced\lumpy\Mild_34.png,Mild,bbab9aa06197db53ec4e6ad3fd4cf896b08ab18104f02e94daf900805e297b2c,28989004494846c2,,,USABLE,NONE,256,256,3,RGB,167178
VALIDATION,Mild_40.png,Mild_40.png,C:\Users\Ashutosh Verma\OneDrive\Desktop\VET VISION AI\data\lsd\LumpySkinDisease_DataHub\LumpySkinDisease_DataHub\data-processed\lumpy_unbalanced\lumpy\Mild_40.png,Mild,1f51f3a7a371dddd8153441fbadd576d4bddcaddc20bbe82f4012fd5ab166106,a8f333717373baae,,ND-SAME-0011,USABLE,NONE,256,256,3,RGB,170526
VALIDATION,Mild_49.png,Mild_49.png,C:\Users\Ashutosh Verma\OneDrive\Desktop\VET VISION AI\data\lsd\LumpySkinDisease_DataHub\LumpySkinDisease_DataHub\data-processed\lumpy_unbalanced\lumpy\Mild_49.png,Mild,94dee9e2324ec2945486a0febf55327cfb56bd4c41343643c61badf808ec3491,f0e0acec5c303232,,,USABLE,NONE,256,256,3,RGB,149645
VALIDATION,Mild_67.png,Mild_67.png,C:\Users\Ashutosh Verma\OneDrive\Desktop\VET VISION AI\data\lsd\LumpySkinDisease_DataHub\LumpySkinDisease_DataHub\data-processed\lumpy_unbalanced\lumpy\Mild_67.png,Mild,43d0e20c5eb24bfdabec3197df3a7a9f580ef03f2d94829741f55b481795b106,4f4fe0b4a7439ba7,,,USABLE,NONE,256,256,3,RGB,170586
VALIDATION,Mild_71.png,Mild_71.png,C:\Users\Ashutosh Verma\OneDrive\Desktop\VET VISION AI\data\lsd\LumpySkinDisease_DataHub\LumpySkinDisease_DataHub\data-processed\lumpy_unbalanced\lumpy\Mild_71.png,Mild,bb1a56e89fed9117bb7ea4498fa2dd3f2d6fa0ee4893b6fe1ee505449ac7dbc3,de5844484fa436b6,,ND-SAME-0021,USABLE,NONE,256,256,3,RGB,157319
VALIDATION,Mild_77.png,Mild_77.png,C:\Users\Ashutosh Verma\OneDrive\Desktop\VET VISION AI\data\lsd\LumpySkinDisease_DataHub\LumpySkinDisease_DataHub\data-processed\lumpy_unbalanced\lumpy\Mild_77.png,Mild,d36059a9cc0fe48f38fdf6e05a69ad0eb3b77186c0039ba1fe1aa9307757b03b,cd2432d1d3b2a318,,,USABLE,NONE,256,256,3,RGB,149442
VALIDATION,Mild_79.png,Mild_79.png,C:\Users\Ashutosh Verma\OneDrive\Desktop\VET VISION AI\data\lsd\LumpySkinDisease_DataHub\LumpySkinDisease_DataHub\data-processed\lumpy_unbalanced\lumpy\Mild_79.png,Mild,6e28d16e816f627d0356779822c04ef3cd8c757688aaba7be96692cb65e79c58,fff4c1c277cf346e,,,USABLE,NONE,256,256,3,RGB,185329
VALIDATION,Mild_8.png,Mild_8.png,C:\Users\Ashutosh Verma\OneDrive\Desktop\VET VISION AI\data\lsd\LumpySkinDisease_DataHub\LumpySkinDisease_DataHub\data-processed\lumpy_unbalanced\lumpy\Mild_8.png,Mild,eaf4b008963c9eac11a1037650623d3f0772dd84b9e723816f752e5f456a5bb1,3331bcb6366c2dcd,,,USABLE,NONE,256,256,3,RGB,138901
VALIDATION,Mild_95.png,Mild_95.png,C:\Users\Ashutosh Verma\OneDrive\Desktop\VET VISION AI\data\lsd\LumpySkinDisease_DataHub\LumpySkinDisease_DataHub\data-processed\lumpy_unbalanced\lumpy\Mild_95.png,Mild,5a48ce89ed3f89849bc6b521cae74da9fb0a2fef51dd9ce0ccde442fb7556327,1fbc868c8f633375,,,USABLE,NONE,256,256,3,RGB,148019
VALIDATION,Normal_Skin_10.png,Normal_Skin_10.png,C:\Users\Ashutosh Verma\OneDrive\Desktop\VET VISION AI\data\lsd\LumpySkinDisease_DataHub\LumpySkinDisease_DataHub\data-processed\lumpy_unbalanced\lumpy\Normal_Skin_10.png,Normal,dbdc01e4c253242a6fdd1c9f5eaba788935b7c72da7b14114bdcb850d4b03227,108884c86ef3f1c0,,,USABLE,NONE,256,256,3,RGB,177128
VALIDATION,Normal_Skin_101.png,Normal_Skin_101.png,C:\Users\Ashutosh Verma\OneDrive\Desktop\VET VISION AI\data\lsd\LumpySkinDisease_DataHub\LumpySkinDisease_DataHub\data-processed\lumpy_unbalanced\lumpy\Normal_Skin_101.png,Normal,6daf87d52a988dc3dcc87a7911ac8bd7e3240188bfe4900469f1b8daa3b0ece9,6d6859d17054e752,,ND-SAME-0034,USABLE,NONE,256,256,3,RGB,168032
VALIDATION,Normal_Skin_102.png,Normal_Skin_102.png,C:\Users\Ashutosh Verma\OneDrive\Desktop\VET VISION AI\data\lsd\LumpySkinDisease_DataHub\LumpySkinDisease_DataHub\data-processed\lumpy_unbalanced\lumpy\Normal_Skin_102.png,Normal,33c9b7015994379513a7d6f9e353712fd1fd794cf840c01ef76c72d783bc5c87,f0cc17148cccccce,,,USABLE,NONE,256,256,3,RGB,141593
VALIDATION,Normal_Skin_103.png,Normal_Skin_103.png,C:\Users\Ashutosh Verma\OneDrive\Desktop\VET VISION AI\data\lsd\LumpySkinDisease_DataHub\LumpySkinDisease_DataHub\data-processed\lumpy_unbalanced\lumpy\Normal_Skin_103.png,Normal,3461334e3d4401f5c7f9d8a9cdd898e6ee9d2ba8df093ae5314e579ae7673b22,56968dc9f8b6895b,,,USABLE,NONE,256,256,3,RGB,154065
VALIDATION,Normal_Skin_111.png,Normal_Skin_111.png,C:\Users\Ashutosh Verma\OneDrive\Desktop\VET VISION AI\data\lsd\LumpySkinDisease_DataHub\LumpySkinDisease_DataHub\data-processed\lumpy_unbalanced\lumpy\Normal_Skin_111.png,Normal,e83d0aa9ad799f5d4a327b8166a8a414737b6139a639e282ee7182aed50ea0a9,ffffbf3718dae4c0,,,USABLE,NONE,256,256,3,RGB,161309
VALIDATION,Normal_Skin_116.png,Normal_Skin_116.png,C:\Users\Ashutosh Verma\OneDrive\Desktop\VET VISION AI\data\lsd\LumpySkinDisease_DataHub\LumpySkinDisease_DataHub\data-processed\lumpy_unbalanced\lumpy\Normal_Skin_116.png,Normal,6bbdc37ab21a069a17b4b3cbe5300da7a9e10dc70af2f029aa9a05fb9876ec14,3f333d8c4c2f5212,,,USABLE,NONE,256,256,3,RGB,163514
VALIDATION,Normal_Skin_119.png,Normal_Skin_119.png,C:\Users\Ashutosh Verma\OneDrive\Desktop\VET VISION AI\data\lsd\LumpySkinDisease_DataHub\LumpySkinDisease_DataHub\data-processed\lumpy_unbalanced\lumpy\Normal_Skin_119.png,Normal,57327b4fd96c38fd2ef5bb26b5ce354630f326040c0502fac6a90d4c637e7f1e,c0980b0657139dc1,,,USABLE,NONE,256,256,3,RGB,173425
VALIDATION,Normal_Skin_131.png,Normal_Skin_131.png,C:\Users\Ashutosh Verma\OneDrive\Desktop\VET VISION AI\data\lsd\LumpySkinDisease_DataHub\LumpySkinDisease_DataHub\data-processed\lumpy_unbalanced\lumpy\Normal_Skin_131.png,Normal,3ed02575fa3a83e5a564a9c601dac848a05a3c4a36a11a8ed1be9a7a17b0c3cf,6d92aeee736b3810,,,USABLE,NONE,256,256,3,RGB,174153
VALIDATION,Normal_Skin_138.png,Normal_Skin_138.png,C:\Users\Ashutosh Verma\OneDrive\Desktop\VET VISION AI\data\lsd\LumpySkinDisease_DataHub\LumpySkinDisease_DataHub\data-processed\lumpy_unbalanced\lumpy\Normal_Skin_138.png,Normal,a4d5a6cdb351c4e633c05dd7d69f02cc6f206ab5db4804bc36d0c770551d8e90,0d105812b2a05959,,ND-SAME-0045,USABLE,NONE,256,256,3,RGB,159152
VALIDATION,Normal_Skin_148.png,Normal_Skin_148.png,C:\Users\Ashutosh Verma\OneDrive\Desktop\VET VISION AI\data\lsd\LumpySkinDisease_DataHub\LumpySkinDisease_DataHub\data-processed\lumpy_unbalanced\lumpy\Normal_Skin_148.png,Normal,ac626c0c3d9cfbc54fb2947d6b5ffcb10bf178be827cbd4a0ca17b2315394f5c,8ec4f0f99988db48,,ND-SAME-0048,USABLE,NONE,256,256,3,RGB,169441
VALIDATION,Normal_Skin_154.png,Normal_Skin_154.png,C:\Users\Ashutosh Verma\OneDrive\Desktop\VET VISION AI\data\lsd\LumpySkinDisease_DataHub\LumpySkinDisease_DataHub\data-processed\lumpy_unbalanced\lumpy\Normal_Skin_154.png,Normal,17c95fea2551c56b316a80cc84a86cadf623ee5d8c7d81a79b1f558c0278b8b7,72b696ccc9637802,,ND-SAME-0051,USABLE,NONE,256,256,3,RGB,177135
VALIDATION,Normal_Skin_169.png,Normal_Skin_169.png,C:\Users\Ashutosh Verma\OneDrive\Desktop\VET VISION AI\data\lsd\LumpySkinDisease_DataHub\LumpySkinDisease_DataHub\data-processed\lumpy_unbalanced\lumpy\Normal_Skin_169.png,Normal,1b7a0c88a167847f4d8e7ac6e6d409f149371bd54ba8dc18632949532dfcb66e,d91b1e1e1b1b4321,,,USABLE,NONE,256,256,3,RGB,186337
VALIDATION,Normal_Skin_171.png,Normal_Skin_171.png,C:\Users\Ashutosh Verma\OneDrive\Desktop\VET VISION AI\data\lsd\LumpySkinDisease_DataHub\LumpySkinDisease_DataHub\data-processed\lumpy_unbalanced\lumpy\Normal_Skin_171.png,Normal,11b3d3794df84ea4fc22a1fb078fbaf35a2731259529fe8c6a287e59574efa6c,fb37863a9c8ca868,,ND-SAME-0059,USABLE,NONE,256,256,3,RGB,153564
VALIDATION,Normal_Skin_186.png,Normal_Skin_186.png,C:\Users\Ashutosh Verma\OneDrive\Desktop\VET VISION AI\data\lsd\LumpySkinDisease_DataHub\LumpySkinDisease_DataHub\data-processed\lumpy_unbalanced\lumpy\Normal_Skin_186.png,Normal,e43fc589697d708f531a02d3e5accf50f1bd4eeba92b2e45da4126f08d6d7032,692981338e4ee8cc,,,USABLE,NONE,256,256,3,RGB,169580
VALIDATION,Normal_Skin_19.png,Normal_Skin_19.png,C:\Users\Ashutosh Verma\OneDrive\Desktop\VET VISION AI\data\lsd\LumpySkinDisease_DataHub\LumpySkinDisease_DataHub\data-processed\lumpy_unbalanced\lumpy\Normal_Skin_19.png,Normal,030cc63e53d5888729e87859c8c47fb89191569b2d62bd32c573f4e3a9aa1339,c4d25b5b333d1cd0,,,USABLE,NONE,256,256,3,RGB,160946
VALIDATION,Normal_Skin_190.png,Normal_Skin_190.png,C:\Users\Ashutosh Verma\OneDrive\Desktop\VET VISION AI\data\lsd\LumpySkinDisease_DataHub\LumpySkinDisease_DataHub\data-processed\lumpy_unbalanced\lumpy\Normal_Skin_190.png,Normal,bcaeddd887cf1bab928b791ff11eed548ffe5daaff26104e702897e96cda23c5,e48c3e968e6f6f3b,,,USABLE,NONE,256,256,3,RGB,174106
VALIDATION,Normal_Skin_209.png,Normal_Skin_209.png,C:\Users\Ashutosh Verma\OneDrive\Desktop\VET VISION AI\data\lsd\LumpySkinDisease_DataHub\LumpySkinDisease_DataHub\data-processed\lumpy_unbalanced\lumpy\Normal_Skin_209.png,Normal,9ff867e0ba380153e20012cc1c07d1bec5fd76e76c517d7fdf56d3973d1b3b33,c62739f3e34a9a43,,,USABLE,NONE,256,256,3,RGB,150476
VALIDATION,Normal_Skin_217.png,Normal_Skin_217.png,C:\Users\Ashutosh Verma\OneDrive\Desktop\VET VISION AI\data\lsd\LumpySkinDisease_DataHub\LumpySkinDisease_DataHub\data-processed\lumpy_unbalanced\lumpy\Normal_Skin_217.png,Normal,3766f50add22091cb6ef1610900a718e0c4c013aa0ef552a97e57196ed808374,2d89cfce4c5c4e91,,,USABLE,NONE,256,256,3,RGB,181630
VALIDATION,Normal_Skin_22.png,Normal_Skin_22.png,C:\Users\Ashutosh Verma\OneDrive\Desktop\VET VISION AI\data\lsd\LumpySkinDisease_DataHub\LumpySkinDisease_DataHub\data-processed\lumpy_unbalanced\lumpy\Normal_Skin_22.png,Normal,786b405b1a1c63f35c45031871425207f0ee0e09a64536439e83be9a40f5313d,318eca4b878792c6,,,USABLE,NONE,256,256,3,RGB,175392
VALIDATION,Normal_Skin_229.png,Normal_Skin_229.png,C:\Users\Ashutosh Verma\OneDrive\Desktop\VET VISION AI\data\lsd\LumpySkinDisease_DataHub\LumpySkinDisease_DataHub\data-processed\lumpy_unbalanced\lumpy\Normal_Skin_229.png,Normal,dfef4503a7683f428ab2e0bc5c58d251c1225693134c905e41a49170e0bf7d03,c50d0d1b70f5339a,,,USABLE,NONE,256,256,3,RGB,185701
VALIDATION,Normal_Skin_232.png,Normal_Skin_232.png,C:\Users\Ashutosh Verma\OneDrive\Desktop\VET VISION AI\data\lsd\LumpySkinDisease_DataHub\LumpySkinDisease_DataHub\data-processed\lumpy_unbalanced\lumpy\Normal_Skin_232.png,Normal,19f85a4970a92e43b61e9ada0a8f4e1a3f2762c8d5ac2dc194d48b15e16a172e,1143cbc686476427,,,USABLE,NONE,256,256,3,RGB,57936
VALIDATION,Normal_Skin_246.png,Normal_Skin_246.png,C:\Users\Ashutosh Verma\OneDrive\Desktop\VET VISION AI\data\lsd\LumpySkinDisease_DataHub\LumpySkinDisease_DataHub\data-processed\lumpy_unbalanced\lumpy\Normal_Skin_246.png,Normal,07b3faa2eb45ecd5d825763d6e2f2013cda9c0cdeeb9bb1a39b04dda2e4b2394,84263cdc24262726,,,USABLE,NONE,256,256,3,RGB,178003
VALIDATION,Normal_Skin_251.png,Normal_Skin_251.png,C:\Users\Ashutosh Verma\OneDrive\Desktop\VET VISION AI\data\lsd\LumpySkinDisease_DataHub\LumpySkinDisease_DataHub\data-processed\lumpy_unbalanced\lumpy\Normal_Skin_251.png,Normal,5b782f1c54cb41e805f973447660c7303624aff5785446c1449aa9669ac60148,981e3633fbc34f46,,,USABLE,NONE,256,256,3,RGB,137618
VALIDATION,Normal_Skin_254.png,Normal_Skin_254.png,C:\Users\Ashutosh Verma\OneDrive\Desktop\VET VISION AI\data\lsd\LumpySkinDisease_DataHub\LumpySkinDisease_DataHub\data-processed\lumpy_unbalanced\lumpy\Normal_Skin_254.png,Normal,b0122f8954bd4902f1c44dece677816d811f55646acf94e234b18447fe16fb6d,0b4bd39a36340564,,,USABLE,NONE,256,256,3,RGB,164872
VALIDATION,Normal_Skin_255.png,Normal_Skin_255.png,C:\Users\Ashutosh Verma\OneDrive\Desktop\VET VISION AI\data\lsd\LumpySkinDisease_DataHub\LumpySkinDisease_DataHub\data-processed\lumpy_unbalanced\lumpy\Normal_Skin_255.png,Normal,263e640dfa9f61828ee930a8ec04ffa59ffd4b8b6c8dbbfdbc5d54c9b08d758d,4f7de2635a925737,,,USABLE,NONE,256,256,3,RGB,171340
VALIDATION,Normal_Skin_259.png,Normal_Skin_259.png,C:\Users\Ashutosh Verma\OneDrive\Desktop\VET VISION AI\data\lsd\LumpySkinDisease_DataHub\LumpySkinDisease_DataHub\data-processed\lumpy_unbalanced\lumpy\Normal_Skin_259.png,Normal,371ab412252b994273621b229919e12c58f0d8d4329f57e62bf7f642b7fd32c4,5273723aaac3642f,,,USABLE,NONE,256,256,3,RGB,175095
VALIDATION,Normal_Skin_271.png,Normal_Skin_271.png,C:\Users\Ashutosh Verma\OneDrive\Desktop\VET VISION AI\data\lsd\LumpySkinDisease_DataHub\LumpySkinDisease_DataHub\data-processed\lumpy_unbalanced\lumpy\Normal_Skin_271.png,Normal,969466bbb03122974108e0832a418a55c1e0508897827d98ac5d8bc0496e7e07,d84aea81a18383c6,,,USABLE,NONE,256,256,3,RGB,172905
VALIDATION,Normal_Skin_272.png,Normal_Skin_272.png,C:\Users\Ashutosh Verma\OneDrive\Desktop\VET VISION AI\data\lsd\LumpySkinDisease_DataHub\LumpySkinDisease_DataHub\data-processed\lumpy_unbalanced\lumpy\Normal_Skin_272.png,Normal,2b8d4234d6bded3feb0bad8417b38cf16a7c0019b297ecd577aec0f3070e3d9d,03230b4b23332733,,,USABLE,NONE,256,256,3,RGB,72943
VALIDATION,Normal_Skin_281.png,Normal_Skin_281.png,C:\Users\Ashutosh Verma\OneDrive\Desktop\VET VISION AI\data\lsd\LumpySkinDisease_DataHub\LumpySkinDisease_DataHub\data-processed\lumpy_unbalanced\lumpy\Normal_Skin_281.png,Normal,84e9c3e66e222f185641c4d8a0fabf5063d2ecf466f74929eaae9da7a27ba716,ecd01c669a99c4b4,,,USABLE,NONE,256,256,3,RGB,141501
VALIDATION,Normal_Skin_284.png,Normal_Skin_284.png,C:\Users\Ashutosh Verma\OneDrive\Desktop\VET VISION AI\data\lsd\LumpySkinDisease_DataHub\LumpySkinDisease_DataHub\data-processed\lumpy_unbalanced\lumpy\Normal_Skin_284.png,Normal,7df420d6cb2a7390681a2fa798e120d3766b2c01fd12f38c272484cd155fa6b0,46134313130b293b,,,USABLE,NONE,256,256,3,RGB,69101
VALIDATION,Normal_Skin_295.png,Normal_Skin_295.png,C:\Users\Ashutosh Verma\OneDrive\Desktop\VET VISION AI\data\lsd\LumpySkinDisease_DataHub\LumpySkinDisease_DataHub\data-processed\lumpy_unbalanced\lumpy\Normal_Skin_295.png,Normal,e4a01ea57357305e4b78700a0992a56628e8a40d38bed1417fe06360af88b9c7,c33babe5e6b33348,,,USABLE,NONE,256,256,3,RGB,144261
VALIDATION,Normal_Skin_308.png,Normal_Skin_308.png,C:\Users\Ashutosh Verma\OneDrive\Desktop\VET VISION AI\data\lsd\LumpySkinDisease_DataHub\LumpySkinDisease_DataHub\data-processed\lumpy_unbalanced\lumpy\Normal_Skin_308.png,Normal,b59cafbfd1b83ecb5ab606ef2882060a58cf5e64d0253d81a97671a6398102a9,03274689120842c6,,,USABLE,NONE,256,256,3,RGB,112091
VALIDATION,Normal_Skin_311.png,Normal_Skin_311.png,C:\Users\Ashutosh Verma\OneDrive\Desktop\VET VISION AI\data\lsd\LumpySkinDisease_DataHub\LumpySkinDisease_DataHub\data-processed\lumpy_unbalanced\lumpy\Normal_Skin_311.png,Normal,f41dc84a7db6ec5d521d48e87eb5bff0a53f3bf2d042851df6fc6a9c80cd10c2,e9989bf2f8e8e8d8,,,USABLE,NONE,256,256,3,RGB,130636
VALIDATION,Normal_Skin_32.png,Normal_Skin_32.png,C:\Users\Ashutosh Verma\OneDrive\Desktop\VET VISION AI\data\lsd\LumpySkinDisease_DataHub\LumpySkinDisease_DataHub\data-processed\lumpy_unbalanced\lumpy\Normal_Skin_32.png,Normal,0e166255d0eb47b8b5123ebe3298730cfdeaf6f2d133e56fa2a01c9024730fa9,9c9ea2cb8303c78d,,,USABLE,NONE,256,256,3,RGB,184194
VALIDATION,Normal_Skin_324.png,Normal_Skin_324.png,C:\Users\Ashutosh Verma\OneDrive\Desktop\VET VISION AI\data\lsd\LumpySkinDisease_DataHub\LumpySkinDisease_DataHub\data-processed\lumpy_unbalanced\lumpy\Normal_Skin_324.png,Normal,57d66baf7651f45f7c0c7f63803e7372dc3f82aa9d362d1cee115643d737e695,e4777f9b9c78caf8,,,USABLE,NONE,256,256,3,RGB,163345
VALIDATION,Normal_Skin_328.png,Normal_Skin_328.png,C:\Users\Ashutosh Verma\OneDrive\Desktop\VET VISION AI\data\lsd\LumpySkinDisease_DataHub\LumpySkinDisease_DataHub\data-processed\lumpy_unbalanced\lumpy\Normal_Skin_328.png,Normal,cd4a742df9ff0b82fc67f713735cb7a89780a9e5d4f21c0ff2f545269b47304f,486a6992330ece91,,,USABLE,NONE,256,256,3,RGB,169110
VALIDATION,Normal_Skin_33.png,Normal_Skin_33.png,C:\Users\Ashutosh Verma\OneDrive\Desktop\VET VISION AI\data\lsd\LumpySkinDisease_DataHub\LumpySkinDisease_DataHub\data-processed\lumpy_unbalanced\lumpy\Normal_Skin_33.png,Normal,855b5a569ae03aaea5238ba6fa1eaca434c3c5cb88044a29acb351652a2692eb,2e0b9186a498b8a0,,,USABLE,NONE,256,256,3,RGB,151293
VALIDATION,Normal_Skin_333.png,Normal_Skin_333.png,C:\Users\Ashutosh Verma\OneDrive\Desktop\VET VISION AI\data\lsd\LumpySkinDisease_DataHub\LumpySkinDisease_DataHub\data-processed\lumpy_unbalanced\lumpy\Normal_Skin_333.png,Normal,a4f588f581d7e350c6139559fe5ddb0485ec92a62d60e1cf4764a2c3172eee09,c8511a2c2cb9b9b9,,,USABLE,NONE,256,256,3,RGB,163594
VALIDATION,Normal_Skin_346.png,Normal_Skin_346.png,C:\Users\Ashutosh Verma\OneDrive\Desktop\VET VISION AI\data\lsd\LumpySkinDisease_DataHub\LumpySkinDisease_DataHub\data-processed\lumpy_unbalanced\lumpy\Normal_Skin_346.png,Normal,f6c45b33d44219c353f8f20c2d8bbfb15209c5e33159922c44278b1ab070eca4,f0ecacb0f2bad9e1,,,USABLE,NONE,256,256,3,RGB,153920
VALIDATION,Normal_Skin_357.png,Normal_Skin_357.png,C:\Users\Ashutosh Verma\OneDrive\Desktop\VET VISION AI\data\lsd\LumpySkinDisease_DataHub\LumpySkinDisease_DataHub\data-processed\lumpy_unbalanced\lumpy\Normal_Skin_357.png,Normal,58a2962d3fe6ff6fc832e2ea4cd30fba54db54ad13879dbd17a4a13deca583ab,61b6268ba37125a5,,,USABLE,NONE,256,256,3,RGB,164494
VALIDATION,Normal_Skin_361.png,Normal_Skin_361.png,C:\Users\Ashutosh Verma\OneDrive\Desktop\VET VISION AI\data\lsd\LumpySkinDisease_DataHub\LumpySkinDisease_DataHub\data-processed\lumpy_unbalanced\lumpy\Normal_Skin_361.png,Normal,c153d7e2523a4b06279f66892d9d3fe02e4d74323a57299538e2f57fcc8dce6c,406071f1b1f08407,,,USABLE,NONE,256,256,3,RGB,44888
VALIDATION,Normal_Skin_383.png,Normal_Skin_383.png,C:\Users\Ashutosh Verma\OneDrive\Desktop\VET VISION AI\data\lsd\LumpySkinDisease_DataHub\LumpySkinDisease_DataHub\data-processed\lumpy_unbalanced\lumpy\Normal_Skin_383.png,Normal,887441454eba2af9ba0ffab90f09a42be9173154d48a507948f94ddf0d9f8bbf,cd4ca4968ca6341e,,,USABLE,NONE,256,256,3,RGB,168491
VALIDATION,Normal_Skin_398.png,Normal_Skin_398.png,C:\Users\Ashutosh Verma\OneDrive\Desktop\VET VISION AI\data\lsd\LumpySkinDisease_DataHub\LumpySkinDisease_DataHub\data-processed\lumpy_unbalanced\lumpy\Normal_Skin_398.png,Normal,f832cdfaf80f5509abea1970137828c3454533c10657fcce2101578ea2eca10e,30331b1dd41c1309,,,USABLE,NONE,256,256,3,RGB,161605
VALIDATION,Normal_Skin_41.png,Normal_Skin_41.png,C:\Users\Ashutosh Verma\OneDrive\Desktop\VET VISION AI\data\lsd\LumpySkinDisease_DataHub\LumpySkinDisease_DataHub\data-processed\lumpy_unbalanced\lumpy\Normal_Skin_41.png,Normal,6849d36e086e3a8cafa49917cb3d4d87632682dcb5cae4fc8fecf0a72ed05892,00100cb2320c0000,,,USABLE,NONE,256,256,3,RGB,7585
VALIDATION,Normal_Skin_413.png,Normal_Skin_413.png,C:\Users\Ashutosh Verma\OneDrive\Desktop\VET VISION AI\data\lsd\LumpySkinDisease_DataHub\LumpySkinDisease_DataHub\data-processed\lumpy_unbalanced\lumpy\Normal_Skin_413.png,Normal,d29721c595c0bd0fe4a8d67930b661cef1be859be8675d0ad3bb3393926dff7f,d99898193a1ab150,,,USABLE,NONE,256,256,3,RGB,182833
VALIDATION,Normal_Skin_417.png,Normal_Skin_417.png,C:\Users\Ashutosh Verma\OneDrive\Desktop\VET VISION AI\data\lsd\LumpySkinDisease_DataHub\LumpySkinDisease_DataHub\data-processed\lumpy_unbalanced\lumpy\Normal_Skin_417.png,Normal,c4c2285de75f3330ee5f7cb6baabc0ebc140925f266bdc4ae56ecc51d0ab871f,3f9fffdfed2d9bb7,,,USABLE,NONE,256,256,3,RGB,145989
VALIDATION,Normal_Skin_419.png,Normal_Skin_419.png,C:\Users\Ashutosh Verma\OneDrive\Desktop\VET VISION AI\data\lsd\LumpySkinDisease_DataHub\LumpySkinDisease_DataHub\data-processed\lumpy_unbalanced\lumpy\Normal_Skin_419.png,Normal,9785c5376cc182e4ab1da29589baa547778cfae2dfc79e541256efca2ce354fb,4f2b0f1f3c35379e,,,USABLE,NONE,256,256,3,RGB,139564
VALIDATION,Normal_Skin_421.png,Normal_Skin_421.png,C:\Users\Ashutosh Verma\OneDrive\Desktop\VET VISION AI\data\lsd\LumpySkinDisease_DataHub\LumpySkinDisease_DataHub\data-processed\lumpy_unbalanced\lumpy\Normal_Skin_421.png,Normal,6664cfc15857ed363f4d338945245f9627022d602248ce59238c554b9f1e33ce,9fd98d8f8b09d933,,,USABLE,NONE,256,256,3,RGB,188405
VALIDATION,Normal_Skin_430.png,Normal_Skin_430.png,C:\Users\Ashutosh Verma\OneDrive\Desktop\VET VISION AI\data\lsd\LumpySkinDisease_DataHub\LumpySkinDisease_DataHub\data-processed\lumpy_unbalanced\lumpy\Normal_Skin_430.png,Normal,3ac492bbe94a6882c0553f74b62d0ef53779924af36dc432ba2be436e387fb9a,ed6666a6b2328a0d,,,USABLE,NONE,256,256,3,RGB,167042
VALIDATION,Normal_Skin_434.png,Normal_Skin_434.png,C:\Users\Ashutosh Verma\OneDrive\Desktop\VET VISION AI\data\lsd\LumpySkinDisease_DataHub\LumpySkinDisease_DataHub\data-processed\lumpy_unbalanced\lumpy\Normal_Skin_434.png,Normal,8ed09a926bd2d45bdc8b62f6509677fb624bbebef57b08a9febb3d2b387629ff,a6c4b42ca8c89c3c,,,USABLE,NONE,256,256,3,RGB,172213
VALIDATION,Normal_Skin_441.png,Normal_Skin_441.png,C:\Users\Ashutosh Verma\OneDrive\Desktop\VET VISION AI\data\lsd\LumpySkinDisease_DataHub\LumpySkinDisease_DataHub\data-processed\lumpy_unbalanced\lumpy\Normal_Skin_441.png,Normal,efbf34babf09dbdaca2afda1531dc70ba558577c85bf39ebf452fa53e24efb67,74313c1fd972e3e3,,,USABLE,NONE,256,256,3,RGB,110174
VALIDATION,Normal_Skin_457.png,Normal_Skin_457.png,C:\Users\Ashutosh Verma\OneDrive\Desktop\VET VISION AI\data\lsd\LumpySkinDisease_DataHub\LumpySkinDisease_DataHub\data-processed\lumpy_unbalanced\lumpy\Normal_Skin_457.png,Normal,aeb851f956c289c32d4e40a2fcfdb56e7ce79cb1ae4e360653020745ac631ce3,2d6dafac3cb82d36,,,USABLE,NONE,256,256,3,RGB,164339
VALIDATION,Normal_Skin_459.png,Normal_Skin_459.png,C:\Users\Ashutosh Verma\OneDrive\Desktop\VET VISION AI\data\lsd\LumpySkinDisease_DataHub\LumpySkinDisease_DataHub\data-processed\lumpy_unbalanced\lumpy\Normal_Skin_459.png,Normal,be5759338cc49a9e0303b2ac39e3364281060581cfc19bb3a3bbe93065e5182d,c9e33c3f131b8bc7,,,USABLE,NONE,256,256,3,RGB,178189
VALIDATION,Normal_Skin_462.png,Normal_Skin_462.png,C:\Users\Ashutosh Verma\OneDrive\Desktop\VET VISION AI\data\lsd\LumpySkinDisease_DataHub\LumpySkinDisease_DataHub\data-processed\lumpy_unbalanced\lumpy\Normal_Skin_462.png,Normal,d97faf60e469f625ad60d3feb4aa5e8d155e064278217a95f759e6609acf631a,391d5d1647474745,,,USABLE,NONE,256,256,3,RGB,177356
VALIDATION,Normal_Skin_466.png,Normal_Skin_466.png,C:\Users\Ashutosh Verma\OneDrive\Desktop\VET VISION AI\data\lsd\LumpySkinDisease_DataHub\LumpySkinDisease_DataHub\data-processed\lumpy_unbalanced\lumpy\Normal_Skin_466.png,Normal,4356171d286f8e7ce22adb857ede36895d7e03b3729cbd1c5781d8457f29a4b1,f3b0d6d6d4d68eee,,,USABLE,NONE,256,256,3,RGB,167038
VALIDATION,Normal_Skin_475.png,Normal_Skin_475.png,C:\Users\Ashutosh Verma\OneDrive\Desktop\VET VISION AI\data\lsd\LumpySkinDisease_DataHub\LumpySkinDisease_DataHub\data-processed\lumpy_unbalanced\lumpy\Normal_Skin_475.png,Normal,73d5c914049306c8df55893937da8b528c9dab92e39594d69cedf7ff907d71d9,6c6859d17054e752,,ND-SAME-0034,USABLE,NONE,256,256,3,RGB,170868
VALIDATION,Normal_Skin_486.png,Normal_Skin_486.png,C:\Users\Ashutosh Verma\OneDrive\Desktop\VET VISION AI\data\lsd\LumpySkinDisease_DataHub\LumpySkinDisease_DataHub\data-processed\lumpy_unbalanced\lumpy\Normal_Skin_486.png,Normal,b63906276d6a5d0dafd5c1a6203c973c0c548a171bee00b9539ee9b2382b8068,9a1a3235353c30b0,,,USABLE,NONE,256,256,3,RGB,161743
VALIDATION,Normal_Skin_487.png,Normal_Skin_487.png,C:\Users\Ashutosh Verma\OneDrive\Desktop\VET VISION AI\data\lsd\LumpySkinDisease_DataHub\LumpySkinDisease_DataHub\data-processed\lumpy_unbalanced\lumpy\Normal_Skin_487.png,Normal,3b34bbcbae823612358fc8988a17914b22dbba9572a581f359dded6594640c96,fafcfc99d5dddaac,,,USABLE,NONE,256,256,3,RGB,156914
VALIDATION,Normal_Skin_499.png,Normal_Skin_499.png,C:\Users\Ashutosh Verma\OneDrive\Desktop\VET VISION AI\data\lsd\LumpySkinDisease_DataHub\LumpySkinDisease_DataHub\data-processed\lumpy_unbalanced\lumpy\Normal_Skin_499.png,Normal,6c7c7d1aaf39bd292d0f9b237ca226eb1bb69564efd8a104cd8b60e18b2194d6,a1e4cc9bbbab0430,,,USABLE,NONE,256,256,3,RGB,174024
VALIDATION,Normal_Skin_500.png,Normal_Skin_500.png,C:\Users\Ashutosh Verma\OneDrive\Desktop\VET VISION AI\data\lsd\LumpySkinDisease_DataHub\LumpySkinDisease_DataHub\data-processed\lumpy_unbalanced\lumpy\Normal_Skin_500.png,Normal,364ff56d5f1acd61ff7ac74c07ba7b93e7b898a82ec93f0cba62ed26bdd5f997,f5a1db83a3ab69e1,,,USABLE,NONE,256,256,3,RGB,172419
VALIDATION,Normal_Skin_501.png,Normal_Skin_501.png,C:\Users\Ashutosh Verma\OneDrive\Desktop\VET VISION AI\data\lsd\LumpySkinDisease_DataHub\LumpySkinDisease_DataHub\data-processed\lumpy_unbalanced\lumpy\Normal_Skin_501.png,Normal,e8d13e9aa294b5285c03481e460a87c331952e79ec240d63ae5e8bdf700e15e5,c9d929694d0d4941,,,USABLE,NONE,256,256,3,RGB,180513
VALIDATION,Normal_Skin_504.png,Normal_Skin_504.png,C:\Users\Ashutosh Verma\OneDrive\Desktop\VET VISION AI\data\lsd\LumpySkinDisease_DataHub\LumpySkinDisease_DataHub\data-processed\lumpy_unbalanced\lumpy\Normal_Skin_504.png,Normal,b59a8151f8b52ffa606ff94451128a67582a9d9d35088db860ea38fc47f8bc21,d0ce29b6b68491d4,,,USABLE,NONE,256,256,3,RGB,179385
VALIDATION,Normal_Skin_506.png,Normal_Skin_506.png,C:\Users\Ashutosh Verma\OneDrive\Desktop\VET VISION AI\data\lsd\LumpySkinDisease_DataHub\LumpySkinDisease_DataHub\data-processed\lumpy_unbalanced\lumpy\Normal_Skin_506.png,Normal,389aaaf094e4af2768da07802e841f6ef06a8f9964d150b85e855fdc1f48abd2,c9a93a9ed2cab634,,,USABLE,NONE,256,256,3,RGB,177676
VALIDATION,Normal_Skin_516.png,Normal_Skin_516.png,C:\Users\Ashutosh Verma\OneDrive\Desktop\VET VISION AI\data\lsd\LumpySkinDisease_DataHub\LumpySkinDisease_DataHub\data-processed\lumpy_unbalanced\lumpy\Normal_Skin_516.png,Normal,11b625d362e1a17ccb5ce22fdb25a7d6cbe6e14ab97d3eb52f341cfe3f833e11,0d8de1339f9dad8f,,,USABLE,NONE,256,256,3,RGB,151467
VALIDATION,Normal_Skin_524.png,Normal_Skin_524.png,C:\Users\Ashutosh Verma\OneDrive\Desktop\VET VISION AI\data\lsd\LumpySkinDisease_DataHub\LumpySkinDisease_DataHub\data-processed\lumpy_unbalanced\lumpy\Normal_Skin_524.png,Normal,c94c69652aef992d660cb0367efbe4ad51f058c12ac1573a7f8af4db57dfecf4,712608204a668d55,,,USABLE,NONE,256,256,3,RGB,173948
VALIDATION,Normal_Skin_527.png,Normal_Skin_527.png,C:\Users\Ashutosh Verma\OneDrive\Desktop\VET VISION AI\data\lsd\LumpySkinDisease_DataHub\LumpySkinDisease_DataHub\data-processed\lumpy_unbalanced\lumpy\Normal_Skin_527.png,Normal,82a342ea33e2048eb0540f7bf53d502c5c774d9293afbc317d58d1bb09aa75ff,01a5ac0b2f2f0581,,,USABLE,NONE,256,256,3,RGB,156823
VALIDATION,Normal_Skin_537.png,Normal_Skin_537.png,C:\Users\Ashutosh Verma\OneDrive\Desktop\VET VISION AI\data\lsd\LumpySkinDisease_DataHub\LumpySkinDisease_DataHub\data-processed\lumpy_unbalanced\lumpy\Normal_Skin_537.png,Normal,b232c79441b9f3e2e20ddf38ab56771e1eab4080630ede56cbb49766a3092f8d,0023213b57566718,,,USABLE,NONE,256,256,3,RGB,54277
VALIDATION,Normal_Skin_54.png,Normal_Skin_54.png,C:\Users\Ashutosh Verma\OneDrive\Desktop\VET VISION AI\data\lsd\LumpySkinDisease_DataHub\LumpySkinDisease_DataHub\data-processed\lumpy_unbalanced\lumpy\Normal_Skin_54.png,Normal,4723125500f48cc83523d2704627245a88fd628e66159dab0c1b259c916bb802,fb37861a9c8ca868,,ND-SAME-0059,USABLE,NONE,256,256,3,RGB,155678
VALIDATION,Normal_Skin_55.png,Normal_Skin_55.png,C:\Users\Ashutosh Verma\OneDrive\Desktop\VET VISION AI\data\lsd\LumpySkinDisease_DataHub\LumpySkinDisease_DataHub\data-processed\lumpy_unbalanced\lumpy\Normal_Skin_55.png,Normal,9bdd9229e37e7f64ecb9fd2ff7bd05bb8d4d56b80ceac1f0645ccd9863ca9dde,b2e3c8d8dac96c34,,,USABLE,NONE,256,256,3,RGB,180831
VALIDATION,Normal_Skin_555.png,Normal_Skin_555.png,C:\Users\Ashutosh Verma\OneDrive\Desktop\VET VISION AI\data\lsd\LumpySkinDisease_DataHub\LumpySkinDisease_DataHub\data-processed\lumpy_unbalanced\lumpy\Normal_Skin_555.png,Normal,927811aa983fdb19cadf4fb600c4140c061b0bb07f077b0a5a61caef63f60e94,c4aca8c828a99c40,,,USABLE,NONE,256,256,3,RGB,159260
VALIDATION,Normal_Skin_561.png,Normal_Skin_561.png,C:\Users\Ashutosh Verma\OneDrive\Desktop\VET VISION AI\data\lsd\LumpySkinDisease_DataHub\LumpySkinDisease_DataHub\data-processed\lumpy_unbalanced\lumpy\Normal_Skin_561.png,Normal,0c3ed3bec256a5219528680414ff21cdf5abc8f0fa030399bf81403b002c35c6,f2f392ae6ae8a8a8,,,USABLE,NONE,256,256,3,RGB,181394
VALIDATION,Normal_Skin_568.png,Normal_Skin_568.png,C:\Users\Ashutosh Verma\OneDrive\Desktop\VET VISION AI\data\lsd\LumpySkinDisease_DataHub\LumpySkinDisease_DataHub\data-processed\lumpy_unbalanced\lumpy\Normal_Skin_568.png,Normal,55339c49b0d05862a6e7ab28a8551283aea968895df2c0828a2697a4d8911218,33b3cc49d594f0c2,,,USABLE,NONE,256,256,3,RGB,160091
VALIDATION,Normal_Skin_577.png,Normal_Skin_577.png,C:\Users\Ashutosh Verma\OneDrive\Desktop\VET VISION AI\data\lsd\LumpySkinDisease_DataHub\LumpySkinDisease_DataHub\data-processed\lumpy_unbalanced\lumpy\Normal_Skin_577.png,Normal,e09dc327af69185f4e856eb03ab5d85b48f30a5ed82c7d9274e7d299e4b67d03,8ec4f0f99988db48,,ND-SAME-0048,USABLE,NONE,256,256,3,RGB,156374
VALIDATION,Normal_Skin_579.png,Normal_Skin_579.png,C:\Users\Ashutosh Verma\OneDrive\Desktop\VET VISION AI\data\lsd\LumpySkinDisease_DataHub\LumpySkinDisease_DataHub\data-processed\lumpy_unbalanced\lumpy\Normal_Skin_579.png,Normal,29e118081e4712286acad4763f2d701337ce05cdfdcd6338d106c432a14fe796,232627a7a3b3b3b3,,,USABLE,NONE,256,256,3,RGB,120099
VALIDATION,Normal_Skin_593.png,Normal_Skin_593.png,C:\Users\Ashutosh Verma\OneDrive\Desktop\VET VISION AI\data\lsd\LumpySkinDisease_DataHub\LumpySkinDisease_DataHub\data-processed\lumpy_unbalanced\lumpy\Normal_Skin_593.png,Normal,a7e0ccc1c3208834bcb87995e92dd7c6cccafa675f5dd90656ba3c4d747488b8,ba8f8c1cccc0e3ad,,,USABLE,NONE,256,256,3,RGB,181342
VALIDATION,Normal_Skin_6.png,Normal_Skin_6.png,C:\Users\Ashutosh Verma\OneDrive\Desktop\VET VISION AI\data\lsd\LumpySkinDisease_DataHub\LumpySkinDisease_DataHub\data-processed\lumpy_unbalanced\lumpy\Normal_Skin_6.png,Normal,c14f425f5048f19012a1ec01fbf215bb6f0135e1c9513a3aa1d65720ee6a530d,f0eee1a153c6cc47,,,USABLE,NONE,256,256,3,RGB,135938
VALIDATION,Normal_Skin_601.png,Normal_Skin_601.png,C:\Users\Ashutosh Verma\OneDrive\Desktop\VET VISION AI\data\lsd\LumpySkinDisease_DataHub\LumpySkinDisease_DataHub\data-processed\lumpy_unbalanced\lumpy\Normal_Skin_601.png,Normal,315e0025ce2e6456f70e6f058ae64c9278effc79c6fc4ac6814a5ded8d7378b9,e1a6f2839b92b202,,,USABLE,NONE,256,256,3,RGB,174652
VALIDATION,Normal_Skin_607.png,Normal_Skin_607.png,C:\Users\Ashutosh Verma\OneDrive\Desktop\VET VISION AI\data\lsd\LumpySkinDisease_DataHub\LumpySkinDisease_DataHub\data-processed\lumpy_unbalanced\lumpy\Normal_Skin_607.png,Normal,648c06c6cbd64604da5b7084895610610aac5bfd12412e5280001bfd7b17b520,84e2e03c3c1a7b41,,,USABLE,NONE,256,256,3,RGB,169686
VALIDATION,Normal_Skin_621.png,Normal_Skin_621.png,C:\Users\Ashutosh Verma\OneDrive\Desktop\VET VISION AI\data\lsd\LumpySkinDisease_DataHub\LumpySkinDisease_DataHub\data-processed\lumpy_unbalanced\lumpy\Normal_Skin_621.png,Normal,33c0e12297bddb5aef47accdef85b0b5ffce6a7b06b347a1c571c472adad41c1,f1dc7cfcd852d0d4,,ND-SAME-0086,USABLE,NONE,256,256,3,RGB,166548
VALIDATION,Normal_Skin_626.png,Normal_Skin_626.png,C:\Users\Ashutosh Verma\OneDrive\Desktop\VET VISION AI\data\lsd\LumpySkinDisease_DataHub\LumpySkinDisease_DataHub\data-processed\lumpy_unbalanced\lumpy\Normal_Skin_626.png,Normal,25b3c0284f902b3f3d2adbb38ef21a83b03363d33dc0f3c083e72dc243d2a92a,0d105812baa05959,,ND-SAME-0045,USABLE,NONE,256,256,3,RGB,162879
VALIDATION,Normal_Skin_628.png,Normal_Skin_628.png,C:\Users\Ashutosh Verma\OneDrive\Desktop\VET VISION AI\data\lsd\LumpySkinDisease_DataHub\LumpySkinDisease_DataHub\data-processed\lumpy_unbalanced\lumpy\Normal_Skin_628.png,Normal,befe936509089551fb1cf056614244e8e280172b567b058df078662d6d5cc2be,465127636377350b,,ND-SAME-0087,USABLE,NONE,256,256,3,RGB,187401
VALIDATION,Normal_Skin_63.png,Normal_Skin_63.png,C:\Users\Ashutosh Verma\OneDrive\Desktop\VET VISION AI\data\lsd\LumpySkinDisease_DataHub\LumpySkinDisease_DataHub\data-processed\lumpy_unbalanced\lumpy\Normal_Skin_63.png,Normal,901bd9468452e314824de9ab10d30d995f242b71e3f26bcfd0485dcc3fa848d3,efbdb673fb769efc,,,USABLE,NONE,256,256,3,RGB,136096
VALIDATION,Normal_Skin_630.png,Normal_Skin_630.png,C:\Users\Ashutosh Verma\OneDrive\Desktop\VET VISION AI\data\lsd\LumpySkinDisease_DataHub\LumpySkinDisease_DataHub\data-processed\lumpy_unbalanced\lumpy\Normal_Skin_630.png,Normal,8c630c2ff22884afd791588bd044b400dcc708a9b4c0d5ecf7113db422027883,31c34bc9c96dcb61,,ND-SAME-0088,USABLE,NONE,256,256,3,RGB,145987
VALIDATION,Normal_Skin_631.png,Normal_Skin_631.png,C:\Users\Ashutosh Verma\OneDrive\Desktop\VET VISION AI\data\lsd\LumpySkinDisease_DataHub\LumpySkinDisease_DataHub\data-processed\lumpy_unbalanced\lumpy\Normal_Skin_631.png,Normal,e4c31a5090d101eea46251835aa36f41c96b3b9aaee507d145e5416b6db60736,599db85edeb220da,,,USABLE,NONE,256,256,3,RGB,159156
VALIDATION,Normal_Skin_632.png,Normal_Skin_632.png,C:\Users\Ashutosh Verma\OneDrive\Desktop\VET VISION AI\data\lsd\LumpySkinDisease_DataHub\LumpySkinDisease_DataHub\data-processed\lumpy_unbalanced\lumpy\Normal_Skin_632.png,Normal,a835edf8d22ae03101e480dc9f88c97c3ade119a53414264192097ecc542795c,dd6b3ae26872fa68,,ND-SAME-0089,USABLE,NONE,256,256,3,RGB,161906
VALIDATION,Normal_Skin_633.png,Normal_Skin_633.png,C:\Users\Ashutosh Verma\OneDrive\Desktop\VET VISION AI\data\lsd\LumpySkinDisease_DataHub\LumpySkinDisease_DataHub\data-processed\lumpy_unbalanced\lumpy\Normal_Skin_633.png,Normal,0d32eb6ddcac6df2776df1e60dacb78868d1042739a15e2309cdbdb41459954a,9819650c9aa7d1f7,,,USABLE,NONE,256,256,3,RGB,163280
VALIDATION,Normal_Skin_65.png,Normal_Skin_65.png,C:\Users\Ashutosh Verma\OneDrive\Desktop\VET VISION AI\data\lsd\LumpySkinDisease_DataHub\LumpySkinDisease_DataHub\data-processed\lumpy_unbalanced\lumpy\Normal_Skin_65.png,Normal,d6b0df07619e64878d4bf77bc63155e9ecbaacae58ebbfdcb393bf7fd7327cfb,c3d3d1c4c5c8e8ab,,,USABLE,NONE,256,256,3,RGB,161766
VALIDATION,Normal_Skin_651.png,Normal_Skin_651.png,C:\Users\Ashutosh Verma\OneDrive\Desktop\VET VISION AI\data\lsd\LumpySkinDisease_DataHub\LumpySkinDisease_DataHub\data-processed\lumpy_unbalanced\lumpy\Normal_Skin_651.png,Normal,5b3f216131ea911e5edd1c1b1489d68494b30fa4938a2716f2e571e3bba04bfc,10b0b232b1317292,,,USABLE,NONE,256,256,3,RGB,169958
VALIDATION,Normal_Skin_668.png,Normal_Skin_668.png,C:\Users\Ashutosh Verma\OneDrive\Desktop\VET VISION AI\data\lsd\LumpySkinDisease_DataHub\LumpySkinDisease_DataHub\data-processed\lumpy_unbalanced\lumpy\Normal_Skin_668.png,Normal,0d68722f776c2ff6ce73b4993ead551b3d0435ce7aa9cde95412a4b382db204c,820d07174f4c6c6c,,,USABLE,NONE,256,256,3,RGB,59364
VALIDATION,Normal_Skin_669.png,Normal_Skin_669.png,C:\Users\Ashutosh Verma\OneDrive\Desktop\VET VISION AI\data\lsd\LumpySkinDisease_DataHub\LumpySkinDisease_DataHub\data-processed\lumpy_unbalanced\lumpy\Normal_Skin_669.png,Normal,00768cf44df7648e1fd8a99701cbf90506929b25652172159d8dfbe25ee06c4a,5ddd43401cb43521,,,USABLE,NONE,256,256,3,RGB,160418
VALIDATION,Normal_Skin_671.png,Normal_Skin_671.png,C:\Users\Ashutosh Verma\OneDrive\Desktop\VET VISION AI\data\lsd\LumpySkinDisease_DataHub\LumpySkinDisease_DataHub\data-processed\lumpy_unbalanced\lumpy\Normal_Skin_671.png,Normal,5b4a47babc57341478b9c0545e160c4e6f112b5bc6f5bc37877a210cd38d7964,8ecdc5e5c5a5e5e1,,,USABLE,NONE,256,256,3,RGB,173597
VALIDATION,Normal_Skin_679.png,Normal_Skin_679.png,C:\Users\Ashutosh Verma\OneDrive\Desktop\VET VISION AI\data\lsd\LumpySkinDisease_DataHub\LumpySkinDisease_DataHub\data-processed\lumpy_unbalanced\lumpy\Normal_Skin_679.png,Normal,8fd05d81054d6760213b83ba7190e32abffb2201781ca114951a9384354970b2,a7ccd983939b4a42,,,USABLE,NONE,256,256,3,RGB,168241
VALIDATION,Normal_Skin_685.png,Normal_Skin_685.png,C:\Users\Ashutosh Verma\OneDrive\Desktop\VET VISION AI\data\lsd\LumpySkinDisease_DataHub\LumpySkinDisease_DataHub\data-processed\lumpy_unbalanced\lumpy\Normal_Skin_685.png,Normal,2bb2e6ff9045e259b84be3af5e9896e1b7151516238602d587131a8e528f8403,f1dc7cfcd850d0d4,,ND-SAME-0086,USABLE,NONE,256,256,3,RGB,166236
VALIDATION,Normal_Skin_691.png,Normal_Skin_691.png,C:\Users\Ashutosh Verma\OneDrive\Desktop\VET VISION AI\data\lsd\LumpySkinDisease_DataHub\LumpySkinDisease_DataHub\data-processed\lumpy_unbalanced\lumpy\Normal_Skin_691.png,Normal,9ec6c3601a265f21c9e4d7c82ae2281e8936c0c4acc021aa875cc576327fabae,b7371b3316766526,,,USABLE,NONE,256,256,3,RGB,85455
VALIDATION,Normal_Skin_692.png,Normal_Skin_692.png,C:\Users\Ashutosh Verma\OneDrive\Desktop\VET VISION AI\data\lsd\LumpySkinDisease_DataHub\LumpySkinDisease_DataHub\data-processed\lumpy_unbalanced\lumpy\Normal_Skin_692.png,Normal,13653d79be1303d69c1199f574f3b1930fbdb7756537b195ce213d35e461fda6,52513133159c5812,,,USABLE,NONE,256,256,3,RGB,83629
VALIDATION,Normal_Skin_698.png,Normal_Skin_698.png,C:\Users\Ashutosh Verma\OneDrive\Desktop\VET VISION AI\data\lsd\LumpySkinDisease_DataHub\LumpySkinDisease_DataHub\data-processed\lumpy_unbalanced\lumpy\Normal_Skin_698.png,Normal,64e809d2995a29bfb5afbec737c684f28b946f45acf072d0fb558c29a040724f,31c34bc9c92dcb61,,ND-SAME-0088,USABLE,NONE,256,256,3,RGB,133784
VALIDATION,Normal_Skin_702.png,Normal_Skin_702.png,C:\Users\Ashutosh Verma\OneDrive\Desktop\VET VISION AI\data\lsd\LumpySkinDisease_DataHub\LumpySkinDisease_DataHub\data-processed\lumpy_unbalanced\lumpy\Normal_Skin_702.png,Normal,ff4a53e4e1ea25772f68a57aea0190cccbdab6585433eeb5b6102c21525bfafe,f6f6e6c3e3e3e4d4,,,USABLE,NONE,256,256,3,RGB,161361
VALIDATION,Normal_Skin_705.png,Normal_Skin_705.png,C:\Users\Ashutosh Verma\OneDrive\Desktop\VET VISION AI\data\lsd\LumpySkinDisease_DataHub\LumpySkinDisease_DataHub\data-processed\lumpy_unbalanced\lumpy\Normal_Skin_705.png,Normal,4e37f70a65cc08a20a09b7a417fb32db014908fa02259bf5ac81b13028fe87d6,14969636363633b7,,,USABLE,NONE,256,256,3,RGB,171408
VALIDATION,Normal_Skin_707.png,Normal_Skin_707.png,C:\Users\Ashutosh Verma\OneDrive\Desktop\VET VISION AI\data\lsd\LumpySkinDisease_DataHub\LumpySkinDisease_DataHub\data-processed\lumpy_unbalanced\lumpy\Normal_Skin_707.png,Normal,f1d24a2f57ce288a00bba569bbb92d073b611d11bff40e70c9cd4050498cb656,dd6b3ae26872fa68,,ND-SAME-0089,USABLE,NONE,256,256,3,RGB,171065
VALIDATION,Normal_Skin_714.png,Normal_Skin_714.png,C:\Users\Ashutosh Verma\OneDrive\Desktop\VET VISION AI\data\lsd\LumpySkinDisease_DataHub\LumpySkinDisease_DataHub\data-processed\lumpy_unbalanced\lumpy\Normal_Skin_714.png,Normal,32ed0623fa6b762e9e0258823c188877792bd114ae3271cd59a7f1f7ffa17a43,0033338317591997,,,USABLE,NONE,256,256,3,RGB,59282
VALIDATION,Normal_Skin_74.png,Normal_Skin_74.png,C:\Users\Ashutosh Verma\OneDrive\Desktop\VET VISION AI\data\lsd\LumpySkinDisease_DataHub\LumpySkinDisease_DataHub\data-processed\lumpy_unbalanced\lumpy\Normal_Skin_74.png,Normal,a6b531dddec8688e518d61fba1640fc450395451f97ddf1dea010e48cac03fb7,465127636377350b,,ND-SAME-0087,USABLE,NONE,256,256,4,RGBA,205133
VALIDATION,Normal_Skin_80.png,Normal_Skin_80.png,C:\Users\Ashutosh Verma\OneDrive\Desktop\VET VISION AI\data\lsd\LumpySkinDisease_DataHub\LumpySkinDisease_DataHub\data-processed\lumpy_unbalanced\lumpy\Normal_Skin_80.png,Normal,0f216ff466a7392c6583b339aa509c622f90de49e27a45a56ffe09ab7dec605c,bced253624caca4a,,,USABLE,NONE,256,256,3,RGB,182702
VALIDATION,Normal_Skin_91.png,Normal_Skin_91.png,C:\Users\Ashutosh Verma\OneDrive\Desktop\VET VISION AI\data\lsd\LumpySkinDisease_DataHub\LumpySkinDisease_DataHub\data-processed\lumpy_unbalanced\lumpy\Normal_Skin_91.png,Normal,2854c70f693855efe782c9ccb2c79ab8de386c876456b23e1d63847aa3694916,72b696ccc9637802,,ND-SAME-0051,USABLE,NONE,256,256,3,RGB,177603
VALIDATION,Normal_Skin_94.png,Normal_Skin_94.png,C:\Users\Ashutosh Verma\OneDrive\Desktop\VET VISION AI\data\lsd\LumpySkinDisease_DataHub\LumpySkinDisease_DataHub\data-processed\lumpy_unbalanced\lumpy\Normal_Skin_94.png,Normal,be6e42fd036e2a615bfe9c8aa96be73d4c6301d6a207a065d2e1aeeb1145f82d,143c6d7979387673,,,USABLE,NONE,256,256,3,RGB,179989
VALIDATION,Severe_21.png,Severe_21.png,C:\Users\Ashutosh Verma\OneDrive\Desktop\VET VISION AI\data\lsd\LumpySkinDisease_DataHub\LumpySkinDisease_DataHub\data-processed\lumpy_unbalanced\lumpy\Severe_21.png,Severe,88ca04fe128aac9f354b40d7977711ee1c78e19b2299fe81975b91671620c214,2d22b3a363674d0d,,,USABLE,NONE,256,256,3,RGB,184533
VALIDATION,Severe_25.png,Severe_25.png,C:\Users\Ashutosh Verma\OneDrive\Desktop\VET VISION AI\data\lsd\LumpySkinDisease_DataHub\LumpySkinDisease_DataHub\data-processed\lumpy_unbalanced\lumpy\Severe_25.png,Severe,f86858ad5dd2f6931211ed7fad0162123dc3efc24e7b8098108afc0d73168484,8322a7a533617086,,,USABLE,NONE,256,256,3,RGB,187768
VALIDATION,Severe_30.png,Severe_30.png,C:\Users\Ashutosh Verma\OneDrive\Desktop\VET VISION AI\data\lsd\LumpySkinDisease_DataHub\LumpySkinDisease_DataHub\data-processed\lumpy_unbalanced\lumpy\Severe_30.png,Severe,bb799b218b7a8e744be3fa0406deab171728c40baa80e19922872b901c1c7874,b3b3da1bc3e3f3e1,,,USABLE,NONE,256,256,3,RGB,178995
VALIDATION,Severe_38.png,Severe_38.png,C:\Users\Ashutosh Verma\OneDrive\Desktop\VET VISION AI\data\lsd\LumpySkinDisease_DataHub\LumpySkinDisease_DataHub\data-processed\lumpy_unbalanced\lumpy\Severe_38.png,Severe,f49741f1ca3bfce3600ad81ef86d0eb572ee72459c3d55d790d8b3b3ad97162b,322323e18d8d1fb9,,,USABLE,NONE,256,256,3,RGB,176448
VALIDATION,Severe_43.png,Severe_43.png,C:\Users\Ashutosh Verma\OneDrive\Desktop\VET VISION AI\data\lsd\LumpySkinDisease_DataHub\LumpySkinDisease_DataHub\data-processed\lumpy_unbalanced\lumpy\Severe_43.png,Severe,5f972ae50057523fdc4e763e061b159d46603de6a6161f11c94b375a81a79022,c8e8c0c060108080,,ND-SAME-0101,USABLE,NONE,256,256,3,RGB,169771
VALIDATION,Severe_51.png,Severe_51.png,C:\Users\Ashutosh Verma\OneDrive\Desktop\VET VISION AI\data\lsd\LumpySkinDisease_DataHub\LumpySkinDisease_DataHub\data-processed\lumpy_unbalanced\lumpy\Severe_51.png,Severe,1438662b7c834ed4179967c61cbb507e0f1fda088106c2988b8925f123c07e15,f8b8b8f9b9bcee68,,ND-SAME-0102,USABLE,NONE,256,256,3,RGB,157331
VALIDATION,Severe_56.png,Severe_56.png,C:\Users\Ashutosh Verma\OneDrive\Desktop\VET VISION AI\data\lsd\LumpySkinDisease_DataHub\LumpySkinDisease_DataHub\data-processed\lumpy_unbalanced\lumpy\Severe_56.png,Severe,a7835f8cbea03606fdd5bc01376a48c0540b0d849e657cc559124a7bbfa87f9a,82c451b9e62d18b6,,,USABLE,NONE,256,256,3,RGB,159775
VALIDATION,Severe_65.png,Severe_65.png,C:\Users\Ashutosh Verma\OneDrive\Desktop\VET VISION AI\data\lsd\LumpySkinDisease_DataHub\LumpySkinDisease_DataHub\data-processed\lumpy_unbalanced\lumpy\Severe_65.png,Severe,7676ce77874616e4977249cbf3627a7cae7ceabb562d5c57072f714a061f0af7,0dad6d6d2bdb89cd,,,USABLE,NONE,256,256,3,RGB,181695
VALIDATION,Severe_69.png,Severe_69.png,C:\Users\Ashutosh Verma\OneDrive\Desktop\VET VISION AI\data\lsd\LumpySkinDisease_DataHub\LumpySkinDisease_DataHub\data-processed\lumpy_unbalanced\lumpy\Severe_69.png,Severe,45fc143092173eaaac0e7e88895f381a75dc7922a9b9bb02dd6558239571170f,6b61d5d757c3c3cf,,,USABLE,NONE,256,256,3,RGB,186120
VALIDATION,Severe_71.png,Severe_71.png,C:\Users\Ashutosh Verma\OneDrive\Desktop\VET VISION AI\data\lsd\LumpySkinDisease_DataHub\LumpySkinDisease_DataHub\data-processed\lumpy_unbalanced\lumpy\Severe_71.png,Severe,ec7cb138314c129a0af50f370631ef217d3676f0f36268f4b499919ea00778c2,c8e0c0c060100080,,ND-SAME-0101,USABLE,NONE,256,256,3,RGB,163947
VALIDATION,Severe_72.png,Severe_72.png,C:\Users\Ashutosh Verma\OneDrive\Desktop\VET VISION AI\data\lsd\LumpySkinDisease_DataHub\LumpySkinDisease_DataHub\data-processed\lumpy_unbalanced\lumpy\Severe_72.png,Severe,f5d1a1a1f59bf8849b8d412b294bec0d41367184abbfdd02f62678f0b853d051,b1237330b29a2b0a,,ND-SAME-0106,USABLE,NONE,256,256,3,RGB,180601
VALIDATION,Severe_80.png,Severe_80.png,C:\Users\Ashutosh Verma\OneDrive\Desktop\VET VISION AI\data\lsd\LumpySkinDisease_DataHub\LumpySkinDisease_DataHub\data-processed\lumpy_unbalanced\lumpy\Severe_80.png,Severe,89c9802b2a0aa8e0e509e48ed4e14cbabdb1b58cfa38f6be775de123bc66ee87,f8b8b8f9b9bcee68,,ND-SAME-0102,USABLE,NONE,256,256,3,RGB,163050
VALIDATION,Severe_89.png,Severe_89.png,C:\Users\Ashutosh Verma\OneDrive\Desktop\VET VISION AI\data\lsd\LumpySkinDisease_DataHub\LumpySkinDisease_DataHub\data-processed\lumpy_unbalanced\lumpy\Severe_89.png,Severe,ae48828d131be574247cee70715c97c59c6fd8a5538441b1bc13a1244f73f3b5,b1237330929a2b0a,EXACT-0005,ND-SAME-0106,USABLE,NONE,256,256,3,RGB,175570
TEST,Mild_1.png,Mild_1.png,C:\Users\Ashutosh Verma\OneDrive\Desktop\VET VISION AI\data\lsd\LumpySkinDisease_DataHub\LumpySkinDisease_DataHub\data-processed\lumpy_unbalanced\lumpy\Mild_1.png,Mild,5d6e4b002f9aac47b84f1b954e09a4944177c9e2f3ff255b24bdf1bf6e808ed3,bcb433f3b1b6a69e,,,USABLE,NONE,256,256,3,RGB,177183
TEST,Mild_11.png,Mild_11.png,C:\Users\Ashutosh Verma\OneDrive\Desktop\VET VISION AI\data\lsd\LumpySkinDisease_DataHub\LumpySkinDisease_DataHub\data-processed\lumpy_unbalanced\lumpy\Mild_11.png,Mild,324649899f73efea47a217f5cf2a35973eadf25f0fef17ecad1151b482871f53,839d31f7bf0d698d,,,USABLE,NONE,256,256,3,RGB,169084
TEST,Mild_117.png,Mild_117.png,C:\Users\Ashutosh Verma\OneDrive\Desktop\VET VISION AI\data\lsd\LumpySkinDisease_DataHub\LumpySkinDisease_DataHub\data-processed\lumpy_unbalanced\lumpy\Mild_117.png,Mild,c5a01041ccf77dfc012b11168c8961dad362c5f631453553bb9d4753fec1beec,4d58c8e62424a424,,,USABLE,NONE,256,256,3,RGB,174518
TEST,Mild_128.png,Mild_128.png,C:\Users\Ashutosh Verma\OneDrive\Desktop\VET VISION AI\data\lsd\LumpySkinDisease_DataHub\LumpySkinDisease_DataHub\data-processed\lumpy_unbalanced\lumpy\Mild_128.png,Mild,9f25852927af9857302cc703c5171df8a0cde820eae327dcae7c175a451e6031,e44c3e9b65494948,,,USABLE,NONE,256,256,3,RGB,168104
TEST,Mild_129.png,Mild_129.png,C:\Users\Ashutosh Verma\OneDrive\Desktop\VET VISION AI\data\lsd\LumpySkinDisease_DataHub\LumpySkinDisease_DataHub\data-processed\lumpy_unbalanced\lumpy\Mild_129.png,Mild,4922756ad9bf95b92755e1a97e90bec7baf7dfc4be39770cd10ef3d3e5e897d1,65f9184c491b99bd,,,USABLE,NONE,256,256,3,RGB,153715
TEST,Mild_13.png,Mild_13.png,C:\Users\Ashutosh Verma\OneDrive\Desktop\VET VISION AI\data\lsd\LumpySkinDisease_DataHub\LumpySkinDisease_DataHub\data-processed\lumpy_unbalanced\lumpy\Mild_13.png,Mild,e19cf939d59eaae7db1fa5d6b2c31e82ce940e5ac5089be6f55e5ec6332f8c2a,785ccc620d9cd55c,,,USABLE,NONE,256,256,3,RGB,149862
TEST,Mild_134.png,Mild_134.png,C:\Users\Ashutosh Verma\OneDrive\Desktop\VET VISION AI\data\lsd\LumpySkinDisease_DataHub\LumpySkinDisease_DataHub\data-processed\lumpy_unbalanced\lumpy\Mild_134.png,Mild,cabf7410e9a12913e75edd5f12f85439cd546b8725163856a87a1d18c15205e2,61a4c00822cacad5,,,USABLE,NONE,256,256,3,RGB,149455
TEST,Mild_136.png,Mild_136.png,C:\Users\Ashutosh Verma\OneDrive\Desktop\VET VISION AI\data\lsd\LumpySkinDisease_DataHub\LumpySkinDisease_DataHub\data-processed\lumpy_unbalanced\lumpy\Mild_136.png,Mild,35e37f4767641154a5a9e61d0381bf3a68bdcb01af1f7fec27850012e13d1911,e6c3f32f2c25a5b5,,,USABLE,NONE,256,256,3,RGB,171388
TEST,Mild_137.png,Mild_137.png,C:\Users\Ashutosh Verma\OneDrive\Desktop\VET VISION AI\data\lsd\LumpySkinDisease_DataHub\LumpySkinDisease_DataHub\data-processed\lumpy_unbalanced\lumpy\Mild_137.png,Mild,abbbcf20c845a3f8e4d21d89d4b92c179c7819df9913000b5cb7b57ef0b18950,c2c833f3b12113a6,,,USABLE,NONE,256,256,3,RGB,175956
TEST,Mild_150.png,Mild_150.png,C:\Users\Ashutosh Verma\OneDrive\Desktop\VET VISION AI\data\lsd\LumpySkinDisease_DataHub\LumpySkinDisease_DataHub\data-processed\lumpy_unbalanced\lumpy\Mild_150.png,Mild,81b354401e1a41a32beeb374b37028fd8ecedb2721949168c317fe4e796ad002,f13d2941092d292d,,,USABLE,NONE,256,256,3,RGB,164303
TEST,Mild_154.png,Mild_154.png,C:\Users\Ashutosh Verma\OneDrive\Desktop\VET VISION AI\data\lsd\LumpySkinDisease_DataHub\LumpySkinDisease_DataHub\data-processed\lumpy_unbalanced\lumpy\Mild_154.png,Mild,28c08b1b5366098665b8220a9aa807deee4c337cc3c9d2b1e739352a06ec360c,0e8b4116961e7dc7,,,USABLE,NONE,256,256,3,RGB,138016
TEST,Mild_157.png,Mild_157.png,C:\Users\Ashutosh Verma\OneDrive\Desktop\VET VISION AI\data\lsd\LumpySkinDisease_DataHub\LumpySkinDisease_DataHub\data-processed\lumpy_unbalanced\lumpy\Mild_157.png,Mild,eb4cb4f1097e9508dbce56dd85885837dbcab30db42f5ca759ba9707560f06b3,18326064a554564c,,ND-SAME-0010,USABLE,NONE,256,256,3,RGB,187531
TEST,Mild_171.png,Mild_171.png,C:\Users\Ashutosh Verma\OneDrive\Desktop\VET VISION AI\data\lsd\LumpySkinDisease_DataHub\LumpySkinDisease_DataHub\data-processed\lumpy_unbalanced\lumpy\Mild_171.png,Mild,5901c229274dc2e38044b3b69b3a17d7949a62a28cf2dfa48d94f0b2fa18c8d0,2e25019190604baa,,,USABLE,NONE,256,256,3,RGB,142514
TEST,Mild_172.png,Mild_172.png,C:\Users\Ashutosh Verma\OneDrive\Desktop\VET VISION AI\data\lsd\LumpySkinDisease_DataHub\LumpySkinDisease_DataHub\data-processed\lumpy_unbalanced\lumpy\Mild_172.png,Mild,9826f601bc3f930c33476aad0cabc08fe4a6f1b09f764fc596f55215204b3242,f4f4a18bd27c3ef3,,,USABLE,NONE,256,256,3,RGB,168862
TEST,Mild_194.png,Mild_194.png,C:\Users\Ashutosh Verma\OneDrive\Desktop\VET VISION AI\data\lsd\LumpySkinDisease_DataHub\LumpySkinDisease_DataHub\data-processed\lumpy_unbalanced\lumpy\Mild_194.png,Mild,ceac74a3c8234924b62fe6b36693eba7d9cbed504f87a99ab24184dafa93d2e1,b8bcacbc1c1a1e4c,EXACT-0003,,USABLE,NONE,256,256,3,RGB,187939
TEST,Mild_201.png,Mild_201.png,C:\Users\Ashutosh Verma\OneDrive\Desktop\VET VISION AI\data\lsd\LumpySkinDisease_DataHub\LumpySkinDisease_DataHub\data-processed\lumpy_unbalanced\lumpy\Mild_201.png,Mild,254ff931d856ec0e8226c74929c8ddfd7eb3ecc08724f37564b1a2742f2c2157,8333796921250505,,,USABLE,NONE,256,256,3,RGB,152234
TEST,Mild_204.png,Mild_204.png,C:\Users\Ashutosh Verma\OneDrive\Desktop\VET VISION AI\data\lsd\LumpySkinDisease_DataHub\LumpySkinDisease_DataHub\data-processed\lumpy_unbalanced\lumpy\Mild_204.png,Mild,fb8440c6a1df31b060dfa25db4be9b8a57cd619842ab7730e2628e5302d962e7,1b644e72e5e549fb,,,USABLE,NONE,256,256,3,RGB,159736
TEST,Mild_213.png,Mild_213.png,C:\Users\Ashutosh Verma\OneDrive\Desktop\VET VISION AI\data\lsd\LumpySkinDisease_DataHub\LumpySkinDisease_DataHub\data-processed\lumpy_unbalanced\lumpy\Mild_213.png,Mild,f84c21e21c5531cb34124c4b1e72f8cc587652c3340575331d3fc6900500cff8,18326064a554564c,,ND-SAME-0010,USABLE,NONE,256,256,3,RGB,187398
TEST,Mild_24.png,Mild_24.png,C:\Users\Ashutosh Verma\OneDrive\Desktop\VET VISION AI\data\lsd\LumpySkinDisease_DataHub\LumpySkinDisease_DataHub\data-processed\lumpy_unbalanced\lumpy\Mild_24.png,Mild,1146a3eacc505ea2c8779f5576c80ad789bc9bdd64d4867cff5f76d92dc30e18,b858b9bffcefb3b7,,,USABLE,NONE,256,256,3,RGB,166329
TEST,Mild_3.png,Mild_3.png,C:\Users\Ashutosh Verma\OneDrive\Desktop\VET VISION AI\data\lsd\LumpySkinDisease_DataHub\LumpySkinDisease_DataHub\data-processed\lumpy_unbalanced\lumpy\Mild_3.png,Mild,e2771621c0512e66aacd7e2d53d0899a4e6695eca4d69bbf9489fef0deec9482,98f0206061d3b304,,ND-SAME-0028,USABLE,NONE,256,256,3,RGB,183368
TEST,Mild_30.png,Mild_30.png,C:\Users\Ashutosh Verma\OneDrive\Desktop\VET VISION AI\data\lsd\LumpySkinDisease_DataHub\LumpySkinDisease_DataHub\data-processed\lumpy_unbalanced\lumpy\Mild_30.png,Mild,f788b0e55242bb40718da00efaef771b35c28cd190685f8f0c40acefbd9c5026,f37b79f175095666,,ND-SAME-0029,USABLE,NONE,256,256,3,RGB,150605
TEST,Mild_50.png,Mild_50.png,C:\Users\Ashutosh Verma\OneDrive\Desktop\VET VISION AI\data\lsd\LumpySkinDisease_DataHub\LumpySkinDisease_DataHub\data-processed\lumpy_unbalanced\lumpy\Mild_50.png,Mild,7ead06d9e410bcb05ba05cd1e587bb9f4a9fdcd5b73dd16ea2f988f02dc1641a,b42cbab034263636,,,USABLE,NONE,256,256,3,RGB,153904
TEST,Mild_51.png,Mild_51.png,C:\Users\Ashutosh Verma\OneDrive\Desktop\VET VISION AI\data\lsd\LumpySkinDisease_DataHub\LumpySkinDisease_DataHub\data-processed\lumpy_unbalanced\lumpy\Mild_51.png,Mild,0903b27e6b764f7cbe77644b0c46f2e6c91926858c43c20e33b39e7d63454aca,1c1cd8b82c34eba6,,,USABLE,NONE,256,256,3,RGB,148656
TEST,Mild_55.png,Mild_55.png,C:\Users\Ashutosh Verma\OneDrive\Desktop\VET VISION AI\data\lsd\LumpySkinDisease_DataHub\LumpySkinDisease_DataHub\data-processed\lumpy_unbalanced\lumpy\Mild_55.png,Mild,0036d7cc3ea7521ba11a867775c7827da556969445110774978f28cf5df94ae0,f4cff6f6f4e16060,,,USABLE,NONE,256,256,3,RGB,152103
TEST,Mild_58.png,Mild_58.png,C:\Users\Ashutosh Verma\OneDrive\Desktop\VET VISION AI\data\lsd\LumpySkinDisease_DataHub\LumpySkinDisease_DataHub\data-processed\lumpy_unbalanced\lumpy\Mild_58.png,Mild,c333a743eb4da0d10daacd64836529741686a1b3cfbe6b83d297463ca345fd66,98a0206061d3f304,,ND-SAME-0028,USABLE,NONE,256,256,3,RGB,181836
TEST,Mild_59.png,Mild_59.png,C:\Users\Ashutosh Verma\OneDrive\Desktop\VET VISION AI\data\lsd\LumpySkinDisease_DataHub\LumpySkinDisease_DataHub\data-processed\lumpy_unbalanced\lumpy\Mild_59.png,Mild,ca2a71bba4036ea8e12c70cd3ae06d94c0e4342f0e28d43792d7ba43082a030f,39b26aab2e593b1e,,,USABLE,NONE,256,256,3,RGB,159292
TEST,Mild_64.png,Mild_64.png,C:\Users\Ashutosh Verma\OneDrive\Desktop\VET VISION AI\data\lsd\LumpySkinDisease_DataHub\LumpySkinDisease_DataHub\data-processed\lumpy_unbalanced\lumpy\Mild_64.png,Mild,bb963ffc3cc545864db1926d9996e7ebda8e46710e11ebf02c7638626bf1de4c,d2f2b3f575717357,,,USABLE,NONE,256,256,3,RGB,155390
TEST,Mild_73.png,Mild_73.png,C:\Users\Ashutosh Verma\OneDrive\Desktop\VET VISION AI\data\lsd\LumpySkinDisease_DataHub\LumpySkinDisease_DataHub\data-processed\lumpy_unbalanced\lumpy\Mild_73.png,Mild,50ecdf59c68e10128ae913bc16c0cfeea67d4b888bce9ef68a5915c9b218ca81,6f3939f98c8ccc56,,,USABLE,NONE,256,256,3,RGB,166094
TEST,Mild_78.png,Mild_78.png,C:\Users\Ashutosh Verma\OneDrive\Desktop\VET VISION AI\data\lsd\LumpySkinDisease_DataHub\LumpySkinDisease_DataHub\data-processed\lumpy_unbalanced\lumpy\Mild_78.png,Mild,53ae48f93db897605c59dfdbddac9d0444b3fb56df5ebb0f1cdbf814155f1593,7b68eadbfbb35f79,,,USABLE,NONE,256,256,3,RGB,177233
TEST,Mild_83.png,Mild_83.png,C:\Users\Ashutosh Verma\OneDrive\Desktop\VET VISION AI\data\lsd\LumpySkinDisease_DataHub\LumpySkinDisease_DataHub\data-processed\lumpy_unbalanced\lumpy\Mild_83.png,Mild,e85d7607d9465bc95ccdc0f48858ee8ebe6d6d69c92b86d41b96e3be4d001a6e,2bccc4a489cfcd18,,,USABLE,NONE,256,256,3,RGB,138357
TEST,Mild_89.png,Mild_89.png,C:\Users\Ashutosh Verma\OneDrive\Desktop\VET VISION AI\data\lsd\LumpySkinDisease_DataHub\LumpySkinDisease_DataHub\data-processed\lumpy_unbalanced\lumpy\Mild_89.png,Mild,89f3658298e44a7e8d3ded3cccef253bfbb8162c87c8e0b345e13ae0ed77e1f5,f3e664d8d8d89002,,,USABLE,NONE,256,256,3,RGB,145607
TEST,Mild_94.png,Mild_94.png,C:\Users\Ashutosh Verma\OneDrive\Desktop\VET VISION AI\data\lsd\LumpySkinDisease_DataHub\LumpySkinDisease_DataHub\data-processed\lumpy_unbalanced\lumpy\Mild_94.png,Mild,827c9b96f203c825b701a7559334379527a74b75e37c9daf47367397f589d1f4,3f5dde8c91a373b3,,,USABLE,NONE,256,256,3,RGB,191267
TEST,Mild_97.png,Mild_97.png,C:\Users\Ashutosh Verma\OneDrive\Desktop\VET VISION AI\data\lsd\LumpySkinDisease_DataHub\LumpySkinDisease_DataHub\data-processed\lumpy_unbalanced\lumpy\Mild_97.png,Mild,cca46aec3898ca45dd0c45e9063f36f37cd7687cf53cc7f1e564ee57a62e547b,f37b79f175095666,,ND-SAME-0029,USABLE,NONE,256,256,3,RGB,150568
TEST,Normal_Skin_104.png,Normal_Skin_104.png,C:\Users\Ashutosh Verma\OneDrive\Desktop\VET VISION AI\data\lsd\LumpySkinDisease_DataHub\LumpySkinDisease_DataHub\data-processed\lumpy_unbalanced\lumpy\Normal_Skin_104.png,Normal,29a68c14b07a1ed1b7916ce2f4364d165dd89da75404b74ff97fc787d8668b70,9896c703371c9e92,,,USABLE,NONE,256,256,3,RGB,183115
TEST,Normal_Skin_105.png,Normal_Skin_105.png,C:\Users\Ashutosh Verma\OneDrive\Desktop\VET VISION AI\data\lsd\LumpySkinDisease_DataHub\LumpySkinDisease_DataHub\data-processed\lumpy_unbalanced\lumpy\Normal_Skin_105.png,Normal,96dbbc07a69c975724eb9427ab1ab5ff8ef6475023f65511e83e4784059fbf3c,d8f1b1582c2c1eae,,ND-SAME-0035,USABLE,NONE,256,256,3,RGB,174797
TEST,Normal_Skin_115.png,Normal_Skin_115.png,C:\Users\Ashutosh Verma\OneDrive\Desktop\VET VISION AI\data\lsd\LumpySkinDisease_DataHub\LumpySkinDisease_DataHub\data-processed\lumpy_unbalanced\lumpy\Normal_Skin_115.png,Normal,c7d0343d2970f81a2e5389b70edb49c14bae743a78448963614597be66db5822,84716929274e4c0a,,,USABLE,NONE,256,256,3,RGB,158590
TEST,Normal_Skin_124.png,Normal_Skin_124.png,C:\Users\Ashutosh Verma\OneDrive\Desktop\VET VISION AI\data\lsd\LumpySkinDisease_DataHub\LumpySkinDisease_DataHub\data-processed\lumpy_unbalanced\lumpy\Normal_Skin_124.png,Normal,07d3f53b8f3ac6b90fcd444fdcb5b80529cfe68a0ec3da9644e3e42e9b4aab42,2b2b0b0353595951,,,USABLE,NONE,256,256,3,RGB,75777
TEST,Normal_Skin_129.png,Normal_Skin_129.png,C:\Users\Ashutosh Verma\OneDrive\Desktop\VET VISION AI\data\lsd\LumpySkinDisease_DataHub\LumpySkinDisease_DataHub\data-processed\lumpy_unbalanced\lumpy\Normal_Skin_129.png,Normal,cf6721989a872bcfa995fcf870c5fc10d4e863d73cb86f7ef74705fe18e4d57a,86363e7afaeaf991,,,USABLE,NONE,256,256,3,RGB,171577
TEST,Normal_Skin_134.png,Normal_Skin_134.png,C:\Users\Ashutosh Verma\OneDrive\Desktop\VET VISION AI\data\lsd\LumpySkinDisease_DataHub\LumpySkinDisease_DataHub\data-processed\lumpy_unbalanced\lumpy\Normal_Skin_134.png,Normal,ad1a2ebcb2309e31412de04ec9c4284f500ba928b88b4bc4709a575dc02023d2,c6e68c9e970bcb4e,,,USABLE,NONE,256,256,3,RGB,162557
TEST,Normal_Skin_137.png,Normal_Skin_137.png,C:\Users\Ashutosh Verma\OneDrive\Desktop\VET VISION AI\data\lsd\LumpySkinDisease_DataHub\LumpySkinDisease_DataHub\data-processed\lumpy_unbalanced\lumpy\Normal_Skin_137.png,Normal,91af4e5133c2bae5d0562944c82ce9c6469c7bab1dbb9291665d2043aa089d6a,fe3939961eacc8f4,,,USABLE,NONE,256,256,3,RGB,148034
TEST,Normal_Skin_147.png,Normal_Skin_147.png,C:\Users\Ashutosh Verma\OneDrive\Desktop\VET VISION AI\data\lsd\LumpySkinDisease_DataHub\LumpySkinDisease_DataHub\data-processed\lumpy_unbalanced\lumpy\Normal_Skin_147.png,Normal,055da06a972fe706b95cc7a4e4e91f06ac1b762ba0e8db961e075681fa31b3e8,66982b3b8f8f330c,,,USABLE,NONE,256,256,3,RGB,50435
TEST,Normal_Skin_150.png,Normal_Skin_150.png,C:\Users\Ashutosh Verma\OneDrive\Desktop\VET VISION AI\data\lsd\LumpySkinDisease_DataHub\LumpySkinDisease_DataHub\data-processed\lumpy_unbalanced\lumpy\Normal_Skin_150.png,Normal,6b5f60b8b667ad80931913c0f4cb95b8477334f4f2fb0643c317c35dc5d75c1c,b792cac9d29bad8f,,,USABLE,NONE,256,256,3,RGB,177405
TEST,Normal_Skin_155.png,Normal_Skin_155.png,C:\Users\Ashutosh Verma\OneDrive\Desktop\VET VISION AI\data\lsd\LumpySkinDisease_DataHub\LumpySkinDisease_DataHub\data-processed\lumpy_unbalanced\lumpy\Normal_Skin_155.png,Normal,2e2ce0646341a57a73a0930970300885914d078e135b34e5099259d3e601af00,242429b9eb531924,,ND-SAME-0052,USABLE,NONE,256,256,3,RGB,175330
TEST,Normal_Skin_157.png,Normal_Skin_157.png,C:\Users\Ashutosh Verma\OneDrive\Desktop\VET VISION AI\data\lsd\LumpySkinDisease_DataHub\LumpySkinDisease_DataHub\data-processed\lumpy_unbalanced\lumpy\Normal_Skin_157.png,Normal,7816935d844a6217d91e661598299f2db7c745724f9e6c9a31bafa0c1490b97e,8ccdec706ca66cf0,,ND-SAME-0054,USABLE,NONE,256,256,3,RGB,146751
TEST,Normal_Skin_161.png,Normal_Skin_161.png,C:\Users\Ashutosh Verma\OneDrive\Desktop\VET VISION AI\data\lsd\LumpySkinDisease_DataHub\LumpySkinDisease_DataHub\data-processed\lumpy_unbalanced\lumpy\Normal_Skin_161.png,Normal,c8b06a4e1ff95f21262cb5c38cb81af203be92366a24b2ebb00abc8756940eff,99d995c45cda1ad6,,,USABLE,NONE,256,256,3,RGB,168693
TEST,Normal_Skin_165.png,Normal_Skin_165.png,C:\Users\Ashutosh Verma\OneDrive\Desktop\VET VISION AI\data\lsd\LumpySkinDisease_DataHub\LumpySkinDisease_DataHub\data-processed\lumpy_unbalanced\lumpy\Normal_Skin_165.png,Normal,52fd242fcccd900ec5a4587db35cc92fb69ede3d15013bb688d4b56abb40e79b,7c7c39f9e9a5e4e4,,,USABLE,NONE,256,256,3,RGB,176062
TEST,Normal_Skin_177.png,Normal_Skin_177.png,C:\Users\Ashutosh Verma\OneDrive\Desktop\VET VISION AI\data\lsd\LumpySkinDisease_DataHub\LumpySkinDisease_DataHub\data-processed\lumpy_unbalanced\lumpy\Normal_Skin_177.png,Normal,780c1053770487dae9c7dee145bde83ba85a490174f215bbaf6f11cc055cb3fd,05240c44c8ccccdc,,,USABLE,NONE,256,256,3,RGB,176499
TEST,Normal_Skin_18.png,Normal_Skin_18.png,C:\Users\Ashutosh Verma\OneDrive\Desktop\VET VISION AI\data\lsd\LumpySkinDisease_DataHub\LumpySkinDisease_DataHub\data-processed\lumpy_unbalanced\lumpy\Normal_Skin_18.png,Normal,c773112e5cc06c7758d8a89966facaa0568158c299756f09b5a9350d4afaf3a4,2200733b1b911300,,,USABLE,NONE,256,256,3,RGB,47123
TEST,Normal_Skin_181.png,Normal_Skin_181.png,C:\Users\Ashutosh Verma\OneDrive\Desktop\VET VISION AI\data\lsd\LumpySkinDisease_DataHub\LumpySkinDisease_DataHub\data-processed\lumpy_unbalanced\lumpy\Normal_Skin_181.png,Normal,22199225c9748ba6e7d3516a656f7129d0cdd6d04800e6d3f9ec2ed4296b58f8,bffdbb73435553da,,,USABLE,NONE,256,256,3,RGB,109006
TEST,Normal_Skin_184.png,Normal_Skin_184.png,C:\Users\Ashutosh Verma\OneDrive\Desktop\VET VISION AI\data\lsd\LumpySkinDisease_DataHub\LumpySkinDisease_DataHub\data-processed\lumpy_unbalanced\lumpy\Normal_Skin_184.png,Normal,c66c692e18e8c522d62141a6d3d56a6fe2cade5429b004e32bd1c800409e6d75,b4a7164e16547456,,,USABLE,NONE,256,256,3,RGB,168611
TEST,Normal_Skin_197.png,Normal_Skin_197.png,C:\Users\Ashutosh Verma\OneDrive\Desktop\VET VISION AI\data\lsd\LumpySkinDisease_DataHub\LumpySkinDisease_DataHub\data-processed\lumpy_unbalanced\lumpy\Normal_Skin_197.png,Normal,5c3934189de53a039a2e7a320d4e165f0e52b4dbfad58cde4c2143447a1f9cac,512b2b2b2faf0e0c,,,USABLE,NONE,256,256,3,RGB,147768
TEST,Normal_Skin_199.png,Normal_Skin_199.png,C:\Users\Ashutosh Verma\OneDrive\Desktop\VET VISION AI\data\lsd\LumpySkinDisease_DataHub\LumpySkinDisease_DataHub\data-processed\lumpy_unbalanced\lumpy\Normal_Skin_199.png,Normal,30bf6b552dc0c5ee533dbcc70999340fdff8c66845ed567c8a28ee77bd5641af,8166662d2d6c6c6c,,,USABLE,NONE,256,256,3,RGB,116842
TEST,Normal_Skin_20.png,Normal_Skin_20.png,C:\Users\Ashutosh Verma\OneDrive\Desktop\VET VISION AI\data\lsd\LumpySkinDisease_DataHub\LumpySkinDisease_DataHub\data-processed\lumpy_unbalanced\lumpy\Normal_Skin_20.png,Normal,680409eae48c5dd392b43678c22d80598357c48da7b04bea321ae6b8557e8310,906a6aa228acccbc,,,USABLE,NONE,256,256,3,RGB,173810
TEST,Normal_Skin_201.png,Normal_Skin_201.png,C:\Users\Ashutosh Verma\OneDrive\Desktop\VET VISION AI\data\lsd\LumpySkinDisease_DataHub\LumpySkinDisease_DataHub\data-processed\lumpy_unbalanced\lumpy\Normal_Skin_201.png,Normal,c523f4788849978da140e7c649d2defcbefa163f66ffa88930cc40882a5ad458,550c4c3411999898,,,USABLE,NONE,256,256,3,RGB,143654
TEST,Normal_Skin_211.png,Normal_Skin_211.png,C:\Users\Ashutosh Verma\OneDrive\Desktop\VET VISION AI\data\lsd\LumpySkinDisease_DataHub\LumpySkinDisease_DataHub\data-processed\lumpy_unbalanced\lumpy\Normal_Skin_211.png,Normal,92d51e48cf20348711894be778d7404e841a1c94825fae0237c5be0eafa4679e,d2a438b9456b22e6,,,USABLE,NONE,256,256,3,RGB,169999
TEST,Normal_Skin_214.png,Normal_Skin_214.png,C:\Users\Ashutosh Verma\OneDrive\Desktop\VET VISION AI\data\lsd\LumpySkinDisease_DataHub\LumpySkinDisease_DataHub\data-processed\lumpy_unbalanced\lumpy\Normal_Skin_214.png,Normal,79a75f2167fcbb8e16218f89a20e716ab858ce5f615560ba076b6c44b694cae6,b0b0d5e5c58422d3,,,USABLE,NONE,256,256,3,RGB,178518
TEST,Normal_Skin_216.png,Normal_Skin_216.png,C:\Users\Ashutosh Verma\OneDrive\Desktop\VET VISION AI\data\lsd\LumpySkinDisease_DataHub\LumpySkinDisease_DataHub\data-processed\lumpy_unbalanced\lumpy\Normal_Skin_216.png,Normal,2a30ba131daf855caf93265a7bd1595cf284ddbce273a17522b728c72ffdf6ca,bc4919b989cca6b5,,,USABLE,NONE,256,256,3,RGB,168125
TEST,Normal_Skin_230.png,Normal_Skin_230.png,C:\Users\Ashutosh Verma\OneDrive\Desktop\VET VISION AI\data\lsd\LumpySkinDisease_DataHub\LumpySkinDisease_DataHub\data-processed\lumpy_unbalanced\lumpy\Normal_Skin_230.png,Normal,af45c4624ad1b63642c4ff860f3775514f0cb84ba9d4e41283386ad85b298706,f8f2f4e9e0e54af9,,,USABLE,NONE,256,256,3,RGB,152678
TEST,Normal_Skin_235.png,Normal_Skin_235.png,C:\Users\Ashutosh Verma\OneDrive\Desktop\VET VISION AI\data\lsd\LumpySkinDisease_DataHub\LumpySkinDisease_DataHub\data-processed\lumpy_unbalanced\lumpy\Normal_Skin_235.png,Normal,1a79249f08b28a0b9f50b739404d0b9f24642febe4bf79c21c4d91766f817465,c005169e862627a7,,,USABLE,NONE,256,256,3,RGB,163941
TEST,Normal_Skin_236.png,Normal_Skin_236.png,C:\Users\Ashutosh Verma\OneDrive\Desktop\VET VISION AI\data\lsd\LumpySkinDisease_DataHub\LumpySkinDisease_DataHub\data-processed\lumpy_unbalanced\lumpy\Normal_Skin_236.png,Normal,8db10831b951c74b236f832697c903025c37b807fbe36d036160634382a08c68,292f07d3ca8b9b13,,,USABLE,NONE,256,256,3,RGB,176811
TEST,Normal_Skin_257.png,Normal_Skin_257.png,C:\Users\Ashutosh Verma\OneDrive\Desktop\VET VISION AI\data\lsd\LumpySkinDisease_DataHub\LumpySkinDisease_DataHub\data-processed\lumpy_unbalanced\lumpy\Normal_Skin_257.png,Normal,ed9c2cfb940e52493bdc2e08e7e408588434a6d664489ffe2e0f9731132a7ae3,ff088e4ec989c446,,,USABLE,NONE,256,256,3,RGB,117316
TEST,Normal_Skin_261.png,Normal_Skin_261.png,C:\Users\Ashutosh Verma\OneDrive\Desktop\VET VISION AI\data\lsd\LumpySkinDisease_DataHub\LumpySkinDisease_DataHub\data-processed\lumpy_unbalanced\lumpy\Normal_Skin_261.png,Normal,fc4713e2c2c94b5245e20af7f2e51af2dadb43b40d5fa64e81c5f3c62f778c5f,0832206463c7c153,,,USABLE,NONE,256,256,3,RGB,143073
TEST,Normal_Skin_262.png,Normal_Skin_262.png,C:\Users\Ashutosh Verma\OneDrive\Desktop\VET VISION AI\data\lsd\LumpySkinDisease_DataHub\LumpySkinDisease_DataHub\data-processed\lumpy_unbalanced\lumpy\Normal_Skin_262.png,Normal,34b133cc32b1b13fc3c930397d16421cecec0c10ffafa4c42c4697f823ab51f1,068c0c7163242c29,,,USABLE,NONE,256,256,3,RGB,179902
TEST,Normal_Skin_267.png,Normal_Skin_267.png,C:\Users\Ashutosh Verma\OneDrive\Desktop\VET VISION AI\data\lsd\LumpySkinDisease_DataHub\LumpySkinDisease_DataHub\data-processed\lumpy_unbalanced\lumpy\Normal_Skin_267.png,Normal,a441670e02da2bf26d3d818d7a4fe2c042ffa382c52eab429c9286db85cf8905,fb3737646466d6df,,ND-SAME-0070,USABLE,NONE,256,256,3,RGB,166942
TEST,Normal_Skin_27.png,Normal_Skin_27.png,C:\Users\Ashutosh Verma\OneDrive\Desktop\VET VISION AI\data\lsd\LumpySkinDisease_DataHub\LumpySkinDisease_DataHub\data-processed\lumpy_unbalanced\lumpy\Normal_Skin_27.png,Normal,32dba820bcdcaa762b9608150c007d58d55178fd0c6f0f87f19f444b8291f539,c887bcc8cc87a3f4,,ND-SAME-0071,USABLE,NONE,256,256,3,RGB,165847
TEST,Normal_Skin_273.png,Normal_Skin_273.png,C:\Users\Ashutosh Verma\OneDrive\Desktop\VET VISION AI\data\lsd\LumpySkinDisease_DataHub\LumpySkinDisease_DataHub\data-processed\lumpy_unbalanced\lumpy\Normal_Skin_273.png,Normal,5d1cc1a3c4602cfe61dc0d6dc61eb0a5c8c2460992da414605d69b739c56d632,e8f6791948b91939,,,USABLE,NONE,256,256,3,RGB,130083
TEST,Normal_Skin_279.png,Normal_Skin_279.png,C:\Users\Ashutosh Verma\OneDrive\Desktop\VET VISION AI\data\lsd\LumpySkinDisease_DataHub\LumpySkinDisease_DataHub\data-processed\lumpy_unbalanced\lumpy\Normal_Skin_279.png,Normal,0bdeddcddcdfd1b9ee91c17a82a671d57075ee1c158c95667eb80740cacbf398,e198e2c2cc8dc78c,,,USABLE,NONE,256,256,3,RGB,175432
TEST,Normal_Skin_280.png,Normal_Skin_280.png,C:\Users\Ashutosh Verma\OneDrive\Desktop\VET VISION AI\data\lsd\LumpySkinDisease_DataHub\LumpySkinDisease_DataHub\data-processed\lumpy_unbalanced\lumpy\Normal_Skin_280.png,Normal,64f1cd245617a5cebb7382fa61797b493e9fedb0f016eb7148fe556b851b1870,34b5e4d95839c971,,,USABLE,NONE,256,256,3,RGB,177510
TEST,Normal_Skin_286.png,Normal_Skin_286.png,C:\Users\Ashutosh Verma\OneDrive\Desktop\VET VISION AI\data\lsd\LumpySkinDisease_DataHub\LumpySkinDisease_DataHub\data-processed\lumpy_unbalanced\lumpy\Normal_Skin_286.png,Normal,773db6b775e992e61b53f16147c7f87f626ec7b5ce878634879a940dfa22611f,03a0aca9b1b4b6e3,,,USABLE,NONE,256,256,3,RGB,146671
TEST,Normal_Skin_291.png,Normal_Skin_291.png,C:\Users\Ashutosh Verma\OneDrive\Desktop\VET VISION AI\data\lsd\LumpySkinDisease_DataHub\LumpySkinDisease_DataHub\data-processed\lumpy_unbalanced\lumpy\Normal_Skin_291.png,Normal,080d55b342ae0a763fa94dc69710868be3ec4e7d295825002f77e9de194d7222,b0b84d4a5a380b82,,,USABLE,NONE,256,256,3,RGB,174845
TEST,Normal_Skin_293.png,Normal_Skin_293.png,C:\Users\Ashutosh Verma\OneDrive\Desktop\VET VISION AI\data\lsd\LumpySkinDisease_DataHub\LumpySkinDisease_DataHub\data-processed\lumpy_unbalanced\lumpy\Normal_Skin_293.png,Normal,bf4c5bcbcc5e6f905194884a279ffd2b10b98f7d2d5de68910639287476c60e8,a4ec944023329c3c,,,USABLE,NONE,256,256,3,RGB,167518
TEST,Normal_Skin_3.png,Normal_Skin_3.png,C:\Users\Ashutosh Verma\OneDrive\Desktop\VET VISION AI\data\lsd\LumpySkinDisease_DataHub\LumpySkinDisease_DataHub\data-processed\lumpy_unbalanced\lumpy\Normal_Skin_3.png,Normal,598fd953d099b8ea17a4949d609f7334196c32b0bafee8934f66c6810b75311d,f4458595c9693b96,,ND-SAME-0073,USABLE,NONE,256,256,3,RGB,172319
TEST,Normal_Skin_301.png,Normal_Skin_301.png,C:\Users\Ashutosh Verma\OneDrive\Desktop\VET VISION AI\data\lsd\LumpySkinDisease_DataHub\LumpySkinDisease_DataHub\data-processed\lumpy_unbalanced\lumpy\Normal_Skin_301.png,Normal,c0249292085bfa90eec04bac9a2f00a0d6768409e93dd273590730364c0ce501,cda623378676228d,,,USABLE,NONE,256,256,3,RGB,160467
TEST,Normal_Skin_303.png,Normal_Skin_303.png,C:\Users\Ashutosh Verma\OneDrive\Desktop\VET VISION AI\data\lsd\LumpySkinDisease_DataHub\LumpySkinDisease_DataHub\data-processed\lumpy_unbalanced\lumpy\Normal_Skin_303.png,Normal,469b8a8938b3015089915c817e941b2c6569b7c8fd7e074d065ddda695904e9f,f4458595c9693b96,,ND-SAME-0073,USABLE,NONE,256,256,3,RGB,175084
TEST,Normal_Skin_304.png,Normal_Skin_304.png,C:\Users\Ashutosh Verma\OneDrive\Desktop\VET VISION AI\data\lsd\LumpySkinDisease_DataHub\LumpySkinDisease_DataHub\data-processed\lumpy_unbalanced\lumpy\Normal_Skin_304.png,Normal,bebc7d2895a5e99335a9c7ff5255e03ab3bfebede08484eb0595383ece1e0a31,d8f1b1582c2c1eae,,ND-SAME-0035,USABLE,NONE,256,256,3,RGB,171959
TEST,Normal_Skin_312.png,Normal_Skin_312.png,C:\Users\Ashutosh Verma\OneDrive\Desktop\VET VISION AI\data\lsd\LumpySkinDisease_DataHub\LumpySkinDisease_DataHub\data-processed\lumpy_unbalanced\lumpy\Normal_Skin_312.png,Normal,46f8b9b936948f8e3c06a66872e2b237f27721ede33f61d231db12b659193d76,ed02a86c46a660db,,,USABLE,NONE,256,256,3,RGB,150316
TEST,Normal_Skin_326.png,Normal_Skin_326.png,C:\Users\Ashutosh Verma\OneDrive\Desktop\VET VISION AI\data\lsd\LumpySkinDisease_DataHub\LumpySkinDisease_DataHub\data-processed\lumpy_unbalanced\lumpy\Normal_Skin_326.png,Normal,dfae852228b5e67fe4f45674cc7091146552b0f13f87cf80122bb8f68598e237,c62e1e1e1f26262a,,,USABLE,NONE,256,256,3,RGB,148660
TEST,Normal_Skin_330.png,Normal_Skin_330.png,C:\Users\Ashutosh Verma\OneDrive\Desktop\VET VISION AI\data\lsd\LumpySkinDisease_DataHub\LumpySkinDisease_DataHub\data-processed\lumpy_unbalanced\lumpy\Normal_Skin_330.png,Normal,9526a93959542337a1e76b8ca969f9d7527a42bc49d599ded4c813e296c8bde1,939b2db91b0b4fee,,,USABLE,NONE,256,256,3,RGB,180532
TEST,Normal_Skin_334.png,Normal_Skin_334.png,C:\Users\Ashutosh Verma\OneDrive\Desktop\VET VISION AI\data\lsd\LumpySkinDisease_DataHub\LumpySkinDisease_DataHub\data-processed\lumpy_unbalanced\lumpy\Normal_Skin_334.png,Normal,b434b6b0017ecafd9c4f496d8556ab53323f13a5aa95b45daabb95e966d4ff29,cc5dbe0f3b9f9b9b,,,USABLE,NONE,256,256,3,RGB,118002
TEST,Normal_Skin_345.png,Normal_Skin_345.png,C:\Users\Ashutosh Verma\OneDrive\Desktop\VET VISION AI\data\lsd\LumpySkinDisease_DataHub\LumpySkinDisease_DataHub\data-processed\lumpy_unbalanced\lumpy\Normal_Skin_345.png,Normal,280c539ca70df0adc3d63be017e8426b174ff87b3d66e11ba41e1abc9ee6e09f,53cca893d374d733,,,USABLE,NONE,256,256,3,RGB,171066
TEST,Normal_Skin_353.png,Normal_Skin_353.png,C:\Users\Ashutosh Verma\OneDrive\Desktop\VET VISION AI\data\lsd\LumpySkinDisease_DataHub\LumpySkinDisease_DataHub\data-processed\lumpy_unbalanced\lumpy\Normal_Skin_353.png,Normal,08ee5ec3d934c9aef3ede169b528050414bff7d21611da4e695ed693ae00a597,f159c9c9cd9b8b23,,,USABLE,NONE,256,256,3,RGB,167029
TEST,Normal_Skin_36.png,Normal_Skin_36.png,C:\Users\Ashutosh Verma\OneDrive\Desktop\VET VISION AI\data\lsd\LumpySkinDisease_DataHub\LumpySkinDisease_DataHub\data-processed\lumpy_unbalanced\lumpy\Normal_Skin_36.png,Normal,563949a544a520691931dc17d4dcb99e2bdeb1873590a9571510583e7482cd30,889999c9d2cc5e43,,,USABLE,NONE,256,256,3,RGB,181026
TEST,Normal_Skin_377.png,Normal_Skin_377.png,C:\Users\Ashutosh Verma\OneDrive\Desktop\VET VISION AI\data\lsd\LumpySkinDisease_DataHub\LumpySkinDisease_DataHub\data-processed\lumpy_unbalanced\lumpy\Normal_Skin_377.png,Normal,244576f064a20440ba27870c094f01ee0e5923a4f2f1ecef501b45512ade0d9f,b9b192737636252d,,,USABLE,NONE,256,256,3,RGB,177516
TEST,Normal_Skin_387.png,Normal_Skin_387.png,C:\Users\Ashutosh Verma\OneDrive\Desktop\VET VISION AI\data\lsd\LumpySkinDisease_DataHub\LumpySkinDisease_DataHub\data-processed\lumpy_unbalanced\lumpy\Normal_Skin_387.png,Normal,63c92ff517da16e6452972851b1af7bf557e5dd530f057b27c53e601f40d4bdf,f061230f47330f23,,,USABLE,NONE,256,256,3,RGB,156806
TEST,Normal_Skin_391.png,Normal_Skin_391.png,C:\Users\Ashutosh Verma\OneDrive\Desktop\VET VISION AI\data\lsd\LumpySkinDisease_DataHub\LumpySkinDisease_DataHub\data-processed\lumpy_unbalanced\lumpy\Normal_Skin_391.png,Normal,5b033c2b154bdad240b273a1c1aba3491f222480626707ef21c830b8b6d8f190,a5573e4a24272fb0,,,USABLE,NONE,256,256,3,RGB,163823
TEST,Normal_Skin_392.png,Normal_Skin_392.png,C:\Users\Ashutosh Verma\OneDrive\Desktop\VET VISION AI\data\lsd\LumpySkinDisease_DataHub\LumpySkinDisease_DataHub\data-processed\lumpy_unbalanced\lumpy\Normal_Skin_392.png,Normal,ba5a1b26a5cfff4dcc62cac0d652034db7065a8f2e731d508ef4fffedab5ea1a,50ee35319b122c6e,,,USABLE,NONE,256,256,3,RGB,144016
TEST,Normal_Skin_393.png,Normal_Skin_393.png,C:\Users\Ashutosh Verma\OneDrive\Desktop\VET VISION AI\data\lsd\LumpySkinDisease_DataHub\LumpySkinDisease_DataHub\data-processed\lumpy_unbalanced\lumpy\Normal_Skin_393.png,Normal,a2ea354bf5b8b0e76ed36ff2323ab8cffd0329065123f9c5f0605647da783f2f,204013476f273717,,,USABLE,NONE,256,256,3,RGB,156597
TEST,Normal_Skin_397.png,Normal_Skin_397.png,C:\Users\Ashutosh Verma\OneDrive\Desktop\VET VISION AI\data\lsd\LumpySkinDisease_DataHub\LumpySkinDisease_DataHub\data-processed\lumpy_unbalanced\lumpy\Normal_Skin_397.png,Normal,4fed50c460e66597166c9de87553d5a1c9c2a2267ab4d844fc1cf8c525689955,7c33177737377dae,,,USABLE,NONE,256,256,3,RGB,152253
TEST,Normal_Skin_4.png,Normal_Skin_4.png,C:\Users\Ashutosh Verma\OneDrive\Desktop\VET VISION AI\data\lsd\LumpySkinDisease_DataHub\LumpySkinDisease_DataHub\data-processed\lumpy_unbalanced\lumpy\Normal_Skin_4.png,Normal,31905291f8a5bbd36a0475290c3c11574071a70310f7c9f47944f399fc528a0f,60c0f6f7e411b17a,,,USABLE,NONE,256,256,3,RGB,171523
TEST,Normal_Skin_403.png,Normal_Skin_403.png,C:\Users\Ashutosh Verma\OneDrive\Desktop\VET VISION AI\data\lsd\LumpySkinDisease_DataHub\LumpySkinDisease_DataHub\data-processed\lumpy_unbalanced\lumpy\Normal_Skin_403.png,Normal,e16823d90702dc43557f986b0602afc1cd143080d3220a6b7233cf1c1642a75c,030f3faab12547e5,,,USABLE,NONE,256,256,3,RGB,139976
TEST,Normal_Skin_406.png,Normal_Skin_406.png,C:\Users\Ashutosh Verma\OneDrive\Desktop\VET VISION AI\data\lsd\LumpySkinDisease_DataHub\LumpySkinDisease_DataHub\data-processed\lumpy_unbalanced\lumpy\Normal_Skin_406.png,Normal,bdfb5edfe23f81417eb7f7234bb3b2a607287c62e00fe3e199bc1bbd42a32651,dba337332684cc8c,,,USABLE,NONE,256,256,3,RGB,158457
TEST,Normal_Skin_422.png,Normal_Skin_422.png,C:\Users\Ashutosh Verma\OneDrive\Desktop\VET VISION AI\data\lsd\LumpySkinDisease_DataHub\LumpySkinDisease_DataHub\data-processed\lumpy_unbalanced\lumpy\Normal_Skin_422.png,Normal,c53cb0d9ea79f28a81ff429aa96234dc63fc918a035c6ad171ec9958e2e77e2f,7a8cf0b89e3e2fc3,,,USABLE,NONE,256,256,3,RGB,182626
TEST,Normal_Skin_436.png,Normal_Skin_436.png,C:\Users\Ashutosh Verma\OneDrive\Desktop\VET VISION AI\data\lsd\LumpySkinDisease_DataHub\LumpySkinDisease_DataHub\data-processed\lumpy_unbalanced\lumpy\Normal_Skin_436.png,Normal,1c7c477f248b8062ef503bf746fc5795043c1cc010ccc0259dadcfbe9f362613,5372701090cdd116,,,USABLE,NONE,256,256,3,RGB,183342
TEST,Normal_Skin_437.png,Normal_Skin_437.png,C:\Users\Ashutosh Verma\OneDrive\Desktop\VET VISION AI\data\lsd\LumpySkinDisease_DataHub\LumpySkinDisease_DataHub\data-processed\lumpy_unbalanced\lumpy\Normal_Skin_437.png,Normal,eb87bcfde26ccfe142ec329c083dc0fd11b19ec7e93a410c7335baeff51ab356,0507a19135a1333e,,,USABLE,NONE,256,256,3,RGB,184386
TEST,Normal_Skin_454.png,Normal_Skin_454.png,C:\Users\Ashutosh Verma\OneDrive\Desktop\VET VISION AI\data\lsd\LumpySkinDisease_DataHub\LumpySkinDisease_DataHub\data-processed\lumpy_unbalanced\lumpy\Normal_Skin_454.png,Normal,3a82e025d5331713dd7b6402a265270e189af9560e90208f4e5d969abeaa6f48,de66e2e12162c7d3,,,USABLE,NONE,256,256,3,RGB,141540
TEST,Normal_Skin_455.png,Normal_Skin_455.png,C:\Users\Ashutosh Verma\OneDrive\Desktop\VET VISION AI\data\lsd\LumpySkinDisease_DataHub\LumpySkinDisease_DataHub\data-processed\lumpy_unbalanced\lumpy\Normal_Skin_455.png,Normal,3baea82d5b14aca04cb2c9bb950d2f8ad06c2e0a86e39d0660188a31c9523e29,ea68edc7c5cbcbcb,,,USABLE,NONE,256,256,3,RGB,187299
TEST,Normal_Skin_491.png,Normal_Skin_491.png,C:\Users\Ashutosh Verma\OneDrive\Desktop\VET VISION AI\data\lsd\LumpySkinDisease_DataHub\LumpySkinDisease_DataHub\data-processed\lumpy_unbalanced\lumpy\Normal_Skin_491.png,Normal,6e7c575996c25cbf827429667d1f36daf506be1961edd5128e170164689514c6,88894d693d4d4d5d,,,USABLE,NONE,256,256,3,RGB,56809
TEST,Normal_Skin_493.png,Normal_Skin_493.png,C:\Users\Ashutosh Verma\OneDrive\Desktop\VET VISION AI\data\lsd\LumpySkinDisease_DataHub\LumpySkinDisease_DataHub\data-processed\lumpy_unbalanced\lumpy\Normal_Skin_493.png,Normal,7e49e50e7cbd7e96091631b0c9fbd21ac3e555a1256b87745d2a54d29ff65a25,34a4a66caccda3ab,,,USABLE,NONE,256,256,3,RGB,157295
TEST,Normal_Skin_497.png,Normal_Skin_497.png,C:\Users\Ashutosh Verma\OneDrive\Desktop\VET VISION AI\data\lsd\LumpySkinDisease_DataHub\LumpySkinDisease_DataHub\data-processed\lumpy_unbalanced\lumpy\Normal_Skin_497.png,Normal,7a3dd31045db0e413f8ffc019bf9911571a3ad6fbc25dc604cd4291470da43e2,f8ddfaeacdedeefc,,,USABLE,NONE,256,256,3,RGB,159755
TEST,Normal_Skin_51.png,Normal_Skin_51.png,C:\Users\Ashutosh Verma\OneDrive\Desktop\VET VISION AI\data\lsd\LumpySkinDisease_DataHub\LumpySkinDisease_DataHub\data-processed\lumpy_unbalanced\lumpy\Normal_Skin_51.png,Normal,d27f231f4ecebd9357d95adc1d3c0776b3d07b599a669f8d4a266a8c5bbe63bb,213d3f1f1b5d4db6,,,USABLE,NONE,256,256,3,RGB,46478
TEST,Normal_Skin_519.png,Normal_Skin_519.png,C:\Users\Ashutosh Verma\OneDrive\Desktop\VET VISION AI\data\lsd\LumpySkinDisease_DataHub\LumpySkinDisease_DataHub\data-processed\lumpy_unbalanced\lumpy\Normal_Skin_519.png,Normal,4e75bd6214e0cafc037fb7adc77b7149cd9cc45a54830420f1bb2929bd7c9e8c,cccccc96a7ebf35b,,,USABLE,NONE,256,256,3,RGB,135084
TEST,Normal_Skin_522.png,Normal_Skin_522.png,C:\Users\Ashutosh Verma\OneDrive\Desktop\VET VISION AI\data\lsd\LumpySkinDisease_DataHub\LumpySkinDisease_DataHub\data-processed\lumpy_unbalanced\lumpy\Normal_Skin_522.png,Normal,edb156fd9e240ff9e458143dcf391b4797c92a17021b83d353f0e0cd9b7f7eda,b0d95bdb74f490f0,,,USABLE,NONE,256,256,3,RGB,160684
TEST,Normal_Skin_523.png,Normal_Skin_523.png,C:\Users\Ashutosh Verma\OneDrive\Desktop\VET VISION AI\data\lsd\LumpySkinDisease_DataHub\LumpySkinDisease_DataHub\data-processed\lumpy_unbalanced\lumpy\Normal_Skin_523.png,Normal,96a99c513d62f0d2be760bf42dff8a8599b36c389f4e78fbbe90b6ef576f152a,c99930989392c0e0,,,USABLE,NONE,256,256,3,RGB,142980
TEST,Normal_Skin_525.png,Normal_Skin_525.png,C:\Users\Ashutosh Verma\OneDrive\Desktop\VET VISION AI\data\lsd\LumpySkinDisease_DataHub\LumpySkinDisease_DataHub\data-processed\lumpy_unbalanced\lumpy\Normal_Skin_525.png,Normal,85fa762667d866cc604b568ac5932d9b3084f4425723d3066fccf8fa4e8d8230,f4dd7dbeeeeee7a7,,,USABLE,NONE,256,256,3,RGB,119546
TEST,Normal_Skin_531.png,Normal_Skin_531.png,C:\Users\Ashutosh Verma\OneDrive\Desktop\VET VISION AI\data\lsd\LumpySkinDisease_DataHub\LumpySkinDisease_DataHub\data-processed\lumpy_unbalanced\lumpy\Normal_Skin_531.png,Normal,0901813795aff609a68f21374f009c7f634520ad27972bcc82fac4824552b48c,361c9c9c9e2c34d8,,ND-SAME-0081,USABLE,NONE,256,256,3,RGB,163819
TEST,Normal_Skin_534.png,Normal_Skin_534.png,C:\Users\Ashutosh Verma\OneDrive\Desktop\VET VISION AI\data\lsd\LumpySkinDisease_DataHub\LumpySkinDisease_DataHub\data-processed\lumpy_unbalanced\lumpy\Normal_Skin_534.png,Normal,64d1254fe6cf043e02b8c555e315c688b091bd20ada26f6d9cabf2bd1582b8de,2d309c9c1c1733b8,,,USABLE,NONE,256,256,3,RGB,148052
TEST,Normal_Skin_535.png,Normal_Skin_535.png,C:\Users\Ashutosh Verma\OneDrive\Desktop\VET VISION AI\data\lsd\LumpySkinDisease_DataHub\LumpySkinDisease_DataHub\data-processed\lumpy_unbalanced\lumpy\Normal_Skin_535.png,Normal,c7be924088e23785cc985330eea6c5097443ec9557523e3bdd7fbf3628541457,dc8c0948bb290c88,,,USABLE,NONE,256,256,3,RGB,157381
TEST,Normal_Skin_540.png,Normal_Skin_540.png,C:\Users\Ashutosh Verma\OneDrive\Desktop\VET VISION AI\data\lsd\LumpySkinDisease_DataHub\LumpySkinDisease_DataHub\data-processed\lumpy_unbalanced\lumpy\Normal_Skin_540.png,Normal,0b33c0931b6aaa24df6b884c48294b45af963f775ef0666631b8cdf8185ff11b,004421290e862321,,,USABLE,NONE,256,256,3,RGB,113279
TEST,Normal_Skin_550.png,Normal_Skin_550.png,C:\Users\Ashutosh Verma\OneDrive\Desktop\VET VISION AI\data\lsd\LumpySkinDisease_DataHub\LumpySkinDisease_DataHub\data-processed\lumpy_unbalanced\lumpy\Normal_Skin_550.png,Normal,204825d610184a734fcdd18faf14dcb2acb6e95442d16cba574a37ea26cf62f3,d52ab795c97397da,,,USABLE,NONE,256,256,3,RGB,103711
TEST,Normal_Skin_553.png,Normal_Skin_553.png,C:\Users\Ashutosh Verma\OneDrive\Desktop\VET VISION AI\data\lsd\LumpySkinDisease_DataHub\LumpySkinDisease_DataHub\data-processed\lumpy_unbalanced\lumpy\Normal_Skin_553.png,Normal,2d09448d3b1de3716ec952ac4b4473a3f8be7259b7d79f3538b4342bbd7a55d3,c2e4e73339393194,,,USABLE,NONE,256,256,3,RGB,140041
TEST,Normal_Skin_556.png,Normal_Skin_556.png,C:\Users\Ashutosh Verma\OneDrive\Desktop\VET VISION AI\data\lsd\LumpySkinDisease_DataHub\LumpySkinDisease_DataHub\data-processed\lumpy_unbalanced\lumpy\Normal_Skin_556.png,Normal,93cc2d258258b19e4fc50135e7e7ba27ce3dd5360006c45f4c63798c909f44cc,a1c42c0d9753c42d,,,USABLE,NONE,256,256,3,RGB,174143
TEST,Normal_Skin_558.png,Normal_Skin_558.png,C:\Users\Ashutosh Verma\OneDrive\Desktop\VET VISION AI\data\lsd\LumpySkinDisease_DataHub\LumpySkinDisease_DataHub\data-processed\lumpy_unbalanced\lumpy\Normal_Skin_558.png,Normal,676ff1c14af3ee5ac1409212f88df3dab95a45dfa9651d158d500e07ef072517,ec24c8a4b31bbd91,,,USABLE,NONE,256,256,3,RGB,174184
TEST,Normal_Skin_574.png,Normal_Skin_574.png,C:\Users\Ashutosh Verma\OneDrive\Desktop\VET VISION AI\data\lsd\LumpySkinDisease_DataHub\LumpySkinDisease_DataHub\data-processed\lumpy_unbalanced\lumpy\Normal_Skin_574.png,Normal,6df85ac93dda00071682b1cfa32685771e276c989155805443a93ff1b983538c,30c8e1e4656eebeb,,,USABLE,NONE,256,256,3,RGB,155230
TEST,Normal_Skin_585.png,Normal_Skin_585.png,C:\Users\Ashutosh Verma\OneDrive\Desktop\VET VISION AI\data\lsd\LumpySkinDisease_DataHub\LumpySkinDisease_DataHub\data-processed\lumpy_unbalanced\lumpy\Normal_Skin_585.png,Normal,3cebae2e1ab63125d8bdbdd00b3d9673978da3281b37d87d2d2af622d661d47d,203035b5e76666f3,,,USABLE,NONE,256,256,3,RGB,171189
TEST,Normal_Skin_59.png,Normal_Skin_59.png,C:\Users\Ashutosh Verma\OneDrive\Desktop\VET VISION AI\data\lsd\LumpySkinDisease_DataHub\LumpySkinDisease_DataHub\data-processed\lumpy_unbalanced\lumpy\Normal_Skin_59.png,Normal,57db870a30e0b596b464d5956fcdb0080c0ccc4f1a5b141f431db88a0a4d8857,ff7337646466dedf,,ND-SAME-0070,USABLE,NONE,256,256,3,RGB,162824
TEST,Normal_Skin_590.png,Normal_Skin_590.png,C:\Users\Ashutosh Verma\OneDrive\Desktop\VET VISION AI\data\lsd\LumpySkinDisease_DataHub\LumpySkinDisease_DataHub\data-processed\lumpy_unbalanced\lumpy\Normal_Skin_590.png,Normal,ebd7d9f9ca1e86683f3160625323a5fc471c8b77115bdfa8e1f27ad47c84bc40,327239310715595b,,ND-SAME-0085,USABLE,NONE,256,256,3,RGB,152514
TEST,Normal_Skin_598.png,Normal_Skin_598.png,C:\Users\Ashutosh Verma\OneDrive\Desktop\VET VISION AI\data\lsd\LumpySkinDisease_DataHub\LumpySkinDisease_DataHub\data-processed\lumpy_unbalanced\lumpy\Normal_Skin_598.png,Normal,728bceaf6a75c35cb258935eb698d9fadf5a33efa76823d6b2d348dea0f1212f,c807bcc8cc87a3f4,,ND-SAME-0071,USABLE,NONE,256,256,3,RGB,168285
TEST,Normal_Skin_60.png,Normal_Skin_60.png,C:\Users\Ashutosh Verma\OneDrive\Desktop\VET VISION AI\data\lsd\LumpySkinDisease_DataHub\LumpySkinDisease_DataHub\data-processed\lumpy_unbalanced\lumpy\Normal_Skin_60.png,Normal,6e58757d567bd8c8629b29f96f949583d8266a43697965052681299378c8f3b6,361c9c9c9e2c34d8,,ND-SAME-0081,USABLE,NONE,256,256,3,RGB,159180
TEST,Normal_Skin_604.png,Normal_Skin_604.png,C:\Users\Ashutosh Verma\OneDrive\Desktop\VET VISION AI\data\lsd\LumpySkinDisease_DataHub\LumpySkinDisease_DataHub\data-processed\lumpy_unbalanced\lumpy\Normal_Skin_604.png,Normal,7ee47c1ff3c64ff207b955239ca1fc3634af9e5de6b3b725d681a401adc25774,eaec4236b36b6773,,,USABLE,NONE,256,256,3,RGB,176605
TEST,Normal_Skin_616.png,Normal_Skin_616.png,C:\Users\Ashutosh Verma\OneDrive\Desktop\VET VISION AI\data\lsd\LumpySkinDisease_DataHub\LumpySkinDisease_DataHub\data-processed\lumpy_unbalanced\lumpy\Normal_Skin_616.png,Normal,61a47376345df9c6f0bbed50933d14bd7bab4a45b8cf2297ea8dd34a2f1e9a9c,2da9e92db6e7e3a3,,,USABLE,NONE,256,256,3,RGB,177617
TEST,Normal_Skin_619.png,Normal_Skin_619.png,C:\Users\Ashutosh Verma\OneDrive\Desktop\VET VISION AI\data\lsd\LumpySkinDisease_DataHub\LumpySkinDisease_DataHub\data-processed\lumpy_unbalanced\lumpy\Normal_Skin_619.png,Normal,2ec812803d4e2f2a80b0aa8a594d792263eeffc54e20aa3557e0692df8394b07,3e62d2dadcd696b5,,,USABLE,NONE,256,256,3,RGB,128896
TEST,Normal_Skin_639.png,Normal_Skin_639.png,C:\Users\Ashutosh Verma\OneDrive\Desktop\VET VISION AI\data\lsd\LumpySkinDisease_DataHub\LumpySkinDisease_DataHub\data-processed\lumpy_unbalanced\lumpy\Normal_Skin_639.png,Normal,358e7bf1f17247940ed9e6c1000037af68adecacf3464b45169972bcd99f31d0,f2484b342d249213,,,USABLE,NONE,256,256,3,RGB,42167
TEST,Normal_Skin_644.png,Normal_Skin_644.png,C:\Users\Ashutosh Verma\OneDrive\Desktop\VET VISION AI\data\lsd\LumpySkinDisease_DataHub\LumpySkinDisease_DataHub\data-processed\lumpy_unbalanced\lumpy\Normal_Skin_644.png,Normal,82abe00677cb7d7b48d35ed138a202077b727b453339dfc1aeb3e8a755033086,6843c2c2c898c8d8,,,USABLE,NONE,256,256,3,RGB,158227
TEST,Normal_Skin_650.png,Normal_Skin_650.png,C:\Users\Ashutosh Verma\OneDrive\Desktop\VET VISION AI\data\lsd\LumpySkinDisease_DataHub\LumpySkinDisease_DataHub\data-processed\lumpy_unbalanced\lumpy\Normal_Skin_650.png,Normal,470c0eec9068887fd1cff8ebe170f08a1e721be851ed6ebe721e1ccba2b249c2,b393919d6968da17,,,USABLE,NONE,256,256,3,RGB,168286
TEST,Normal_Skin_656.png,Normal_Skin_656.png,C:\Users\Ashutosh Verma\OneDrive\Desktop\VET VISION AI\data\lsd\LumpySkinDisease_DataHub\LumpySkinDisease_DataHub\data-processed\lumpy_unbalanced\lumpy\Normal_Skin_656.png,Normal,15977765eb259637c74e1b3f14c33dca95d622353e0cf5756927a9b8c8a8a607,8ccdec706ca66cf0,,ND-SAME-0054,USABLE,NONE,256,256,3,RGB,143537
TEST,Normal_Skin_66.png,Normal_Skin_66.png,C:\Users\Ashutosh Verma\OneDrive\Desktop\VET VISION AI\data\lsd\LumpySkinDisease_DataHub\LumpySkinDisease_DataHub\data-processed\lumpy_unbalanced\lumpy\Normal_Skin_66.png,Normal,86ddc920d9d59077f98649a27e3e01a4ed49623c9d19f218529cffe571784ef8,327239310715595b,,ND-SAME-0085,USABLE,NONE,256,256,3,RGB,137399
TEST,Normal_Skin_661.png,Normal_Skin_661.png,C:\Users\Ashutosh Verma\OneDrive\Desktop\VET VISION AI\data\lsd\LumpySkinDisease_DataHub\LumpySkinDisease_DataHub\data-processed\lumpy_unbalanced\lumpy\Normal_Skin_661.png,Normal,410c8bef5a9682554d3bce5177403ebb62c2653832d009c081f23f537d63e370,4c188ccaca5959da,,,USABLE,NONE,256,256,3,RGB,158129
TEST,Normal_Skin_673.png,Normal_Skin_673.png,C:\Users\Ashutosh Verma\OneDrive\Desktop\VET VISION AI\data\lsd\LumpySkinDisease_DataHub\LumpySkinDisease_DataHub\data-processed\lumpy_unbalanced\lumpy\Normal_Skin_673.png,Normal,397e129906173040da32f20cab6baf939ced7e1f50dac58b7129a5aadaba3425,8c88a1a6a426b724,,,USABLE,NONE,256,256,3,RGB,178055
TEST,Normal_Skin_676.png,Normal_Skin_676.png,C:\Users\Ashutosh Verma\OneDrive\Desktop\VET VISION AI\data\lsd\LumpySkinDisease_DataHub\LumpySkinDisease_DataHub\data-processed\lumpy_unbalanced\lumpy\Normal_Skin_676.png,Normal,7f36ec520cc8b805cbaf1dceb6653a0f0ddb54593fb2c3383c9a557c1cc02bb4,3dccce3a8c9ad286,,,USABLE,NONE,256,256,3,RGB,175912
TEST,Normal_Skin_677.png,Normal_Skin_677.png,C:\Users\Ashutosh Verma\OneDrive\Desktop\VET VISION AI\data\lsd\LumpySkinDisease_DataHub\LumpySkinDisease_DataHub\data-processed\lumpy_unbalanced\lumpy\Normal_Skin_677.png,Normal,2f93fe0c0983f6f387a171b66297ad7b28c28c901e4c62599246a025e2c6c6c8,e10e0f7967666a50,,,USABLE,NONE,256,256,4,RGBA,50091
TEST,Normal_Skin_680.png,Normal_Skin_680.png,C:\Users\Ashutosh Verma\OneDrive\Desktop\VET VISION AI\data\lsd\LumpySkinDisease_DataHub\LumpySkinDisease_DataHub\data-processed\lumpy_unbalanced\lumpy\Normal_Skin_680.png,Normal,f9606fbd16f93f8c5bc3925c91bf162f14780e8e943ce67eed7c475f1b68cc6e,a9b8bcd64b0f6d07,,,USABLE,NONE,256,256,3,RGB,169985
TEST,Normal_Skin_693.png,Normal_Skin_693.png,C:\Users\Ashutosh Verma\OneDrive\Desktop\VET VISION AI\data\lsd\LumpySkinDisease_DataHub\LumpySkinDisease_DataHub\data-processed\lumpy_unbalanced\lumpy\Normal_Skin_693.png,Normal,b1a59236a369f2f912a3fae64438743307d23693379aa8fce4d4581a7b4463f6,33cc12170b4b4b4c,,,USABLE,NONE,256,256,3,RGB,39690
TEST,Normal_Skin_70.png,Normal_Skin_70.png,C:\Users\Ashutosh Verma\OneDrive\Desktop\VET VISION AI\data\lsd\LumpySkinDisease_DataHub\LumpySkinDisease_DataHub\data-processed\lumpy_unbalanced\lumpy\Normal_Skin_70.png,Normal,45cf9def38a1bebd635bd5a364101644ea2e8089da1c2cff5cd73d9a70c8c49a,05d17371191d26c8,,,USABLE,NONE,256,256,3,RGB,171115
TEST,Normal_Skin_703.png,Normal_Skin_703.png,C:\Users\Ashutosh Verma\OneDrive\Desktop\VET VISION AI\data\lsd\LumpySkinDisease_DataHub\LumpySkinDisease_DataHub\data-processed\lumpy_unbalanced\lumpy\Normal_Skin_703.png,Normal,fe76e1e8bdf36cbf7623cc93d737d791250e8d90d24b3d069ba120649c500e15,e11319331f5676b6,,,USABLE,NONE,256,256,3,RGB,159632
TEST,Normal_Skin_8.png,Normal_Skin_8.png,C:\Users\Ashutosh Verma\OneDrive\Desktop\VET VISION AI\data\lsd\LumpySkinDisease_DataHub\LumpySkinDisease_DataHub\data-processed\lumpy_unbalanced\lumpy\Normal_Skin_8.png,Normal,028ad11e3348c5179a34eaac5dcf32ee6fe8ca265baf405c36254e722bb2104b,0e31f3b3394fcfa6,,,USABLE,NONE,256,256,3,RGB,148712
TEST,Normal_Skin_98.png,Normal_Skin_98.png,C:\Users\Ashutosh Verma\OneDrive\Desktop\VET VISION AI\data\lsd\LumpySkinDisease_DataHub\LumpySkinDisease_DataHub\data-processed\lumpy_unbalanced\lumpy\Normal_Skin_98.png,Normal,d16278fb3d664ca0dee1d28692532f24d40c1d5d2b5806bcc07ac7c53b142f6a,242429b9eb531924,,ND-SAME-0052,USABLE,NONE,256,256,3,RGB,175505
TEST,Severe_10.png,Severe_10.png,C:\Users\Ashutosh Verma\OneDrive\Desktop\VET VISION AI\data\lsd\LumpySkinDisease_DataHub\LumpySkinDisease_DataHub\data-processed\lumpy_unbalanced\lumpy\Severe_10.png,Severe,d230e1550ad7da104e6291215290b9183fedd13be24c2e81d0920f48d83642e3,e36de5f075f75f34,,,USABLE,NONE,256,256,3,RGB,174537
TEST,Severe_22.png,Severe_22.png,C:\Users\Ashutosh Verma\OneDrive\Desktop\VET VISION AI\data\lsd\LumpySkinDisease_DataHub\LumpySkinDisease_DataHub\data-processed\lumpy_unbalanced\lumpy\Severe_22.png,Severe,04ddb9e06e343ce4315d89fad2efd2e26ff6393dc1851cccadd70c082be9331c,4d6b2f3f99393938,,,USABLE,NONE,256,256,3,RGB,174686
TEST,Severe_24.png,Severe_24.png,C:\Users\Ashutosh Verma\OneDrive\Desktop\VET VISION AI\data\lsd\LumpySkinDisease_DataHub\LumpySkinDisease_DataHub\data-processed\lumpy_unbalanced\lumpy\Severe_24.png,Severe,04eb32a9a6fa26d0a1da33938a03780094dc55e1c88de48a00ffadfeb25ab514,266624323a5e9b7b,,,USABLE,NONE,256,256,3,RGB,181153
TEST,Severe_33.png,Severe_33.png,C:\Users\Ashutosh Verma\OneDrive\Desktop\VET VISION AI\data\lsd\LumpySkinDisease_DataHub\LumpySkinDisease_DataHub\data-processed\lumpy_unbalanced\lumpy\Severe_33.png,Severe,57fb7674ea79f9676ee45244a54c780c480a0e5ae5c06f215ace11e68e285ffb,563c7a6160134624,,,USABLE,NONE,256,256,3,RGB,144094
TEST,Severe_40.png,Severe_40.png,C:\Users\Ashutosh Verma\OneDrive\Desktop\VET VISION AI\data\lsd\LumpySkinDisease_DataHub\LumpySkinDisease_DataHub\data-processed\lumpy_unbalanced\lumpy\Severe_40.png,Severe,a96fd3d847f1c188cf96db2e3399c4eb2a9bad58384d8caed53661faf6f14172,0d6185997edee636,,,USABLE,NONE,256,256,3,RGB,178723
TEST,Severe_50.png,Severe_50.png,C:\Users\Ashutosh Verma\OneDrive\Desktop\VET VISION AI\data\lsd\LumpySkinDisease_DataHub\LumpySkinDisease_DataHub\data-processed\lumpy_unbalanced\lumpy\Severe_50.png,Severe,ee53adcb5ae859417d4bb4b4dbd3698fcd83a34a353e61ce7d8aebef7c67f7c9,337f74ecc17091f7,,,USABLE,NONE,256,256,3,RGB,138257
TEST,Severe_53.png,Severe_53.png,C:\Users\Ashutosh Verma\OneDrive\Desktop\VET VISION AI\data\lsd\LumpySkinDisease_DataHub\LumpySkinDisease_DataHub\data-processed\lumpy_unbalanced\lumpy\Severe_53.png,Severe,3d4afd3aa610737c6bbad420168cae69c0201262088bd658cb99d4b728777ad0,cf8fdfdfd9d0dc4c,,,USABLE,NONE,256,256,3,RGB,160608
TEST,Severe_60.png,Severe_60.png,C:\Users\Ashutosh Verma\OneDrive\Desktop\VET VISION AI\data\lsd\LumpySkinDisease_DataHub\LumpySkinDisease_DataHub\data-processed\lumpy_unbalanced\lumpy\Severe_60.png,Severe,58c46875c985963ead96a19b1196156dcda8e66dc97df28aa83673b240bf21a0,048c495b3317c2c2,,,USABLE,NONE,256,256,3,RGB,175408
TEST,Severe_64.png,Severe_64.png,C:\Users\Ashutosh Verma\OneDrive\Desktop\VET VISION AI\data\lsd\LumpySkinDisease_DataHub\LumpySkinDisease_DataHub\data-processed\lumpy_unbalanced\lumpy\Severe_64.png,Severe,4c3e22d952aaa7a0de113ef84561471fa25ab097492251955077732534d8bac2,909026246866264d,,ND-SAME-0104,USABLE,NONE,256,256,3,RGB,178301
TEST,Severe_68.png,Severe_68.png,C:\Users\Ashutosh Verma\OneDrive\Desktop\VET VISION AI\data\lsd\LumpySkinDisease_DataHub\LumpySkinDisease_DataHub\data-processed\lumpy_unbalanced\lumpy\Severe_68.png,Severe,77c890b54e8fc8addc7f05484f1470d4fd0953ea371dcd1883a1bcc4a185dc07,d37df4f0f2735f72,,,USABLE,NONE,256,256,3,RGB,170627
TEST,Severe_75.png,Severe_75.png,C:\Users\Ashutosh Verma\OneDrive\Desktop\VET VISION AI\data\lsd\LumpySkinDisease_DataHub\LumpySkinDisease_DataHub\data-processed\lumpy_unbalanced\lumpy\Severe_75.png,Severe,2ed5b77666f5718cfa5337e171b8dbd3e83ce8a4de4232b5a4721fc3e6d3668a,964667973733b919,,,USABLE,NONE,256,256,3,RGB,179375
TEST,Severe_91.png,Severe_91.png,C:\Users\Ashutosh Verma\OneDrive\Desktop\VET VISION AI\data\lsd\LumpySkinDisease_DataHub\LumpySkinDisease_DataHub\data-processed\lumpy_unbalanced\lumpy\Severe_91.png,Severe,4b03194035f2ffad4b478a4cf37a19edd122238c89060deeb9fe34d4e613853d,909026246866264d,,ND-SAME-0104,USABLE,NONE,256,256,3,RGB,173740
