pair_id,image_1,class_1,image_2,class_2,hamming_distance,is_cross_class_conflict,dhash_1,dhash_2
NEAR-00001,Mild1002.png,Mild,Mild1214.png,Mild,0,False,42666779332e2f4d,42666779332e2f4d
NEAR-00002,Mild1002.png,Mild,Mild1225.png,Mild,0,False,42666779332e2f4d,42666779332e2f4d
NEAR-00003,Mild1002.png,Mild,Mild1368.png,Mild,0,False,42666779332e2f4d,42666779332e2f4d
NEAR-00007,Mild1016.png,Mild,Mild798.png,Mild,0,False,f37b79f175095666,f37b79f175095666
NEAR-00008,Mild1022.png,Mild,Mild1047.png,Mild,0,False,7a4d8c98cc3c330b,7a4d8c98cc3c330b
NEAR-00009,Mild1022.png,Mild,Mild1111.png,Mild,0,False,7a4d8c98cc3c330b,7a4d8c98cc3c330b
NEAR-00010,Mild1022.png,Mild,Mild1326.png,Mild,0,False,7a4d8c98cc3c330b,7a4d8c98cc3c330b
NEAR-00011,Mild1022.png,Mild,Mild804.png,Mild,0,False,7a4d8c98cc3c330b,7a4d8c98cc3c330b
NEAR-00014,Mild1027.png,Mild,Mild1062.png,Mild,0,False,fcbad1d0d3b29334,fcbad1d0d3b29334
NEAR-00015,Mild1027.png,Mild,Mild1109.png,Mild,0,False,fcbad1d0d3b29334,fcbad1d0d3b29334
NEAR-00019,Mild1037.png,Mild,Mild1062.png,Mild,0,False,fcbad1d0d3b29334,fcbad1d0d3b29334
NEAR-00020,Mild1037.png,Mild,Mild1109.png,Mild,0,False,fcbad1d0d3b29334,fcbad1d0d3b29334
NEAR-00022,Mild1046.png,Mild,Severe1454.png,Severe,0,True,4ca43031a92c4447,4ca43031a92c4447
NEAR-00023,Mild1046.png,Mild,Severe1458.png,Severe,0,True,4ca43031a92c4447,4ca43031a92c4447
NEAR-00024,Mild1046.png,Mild,Severe1647.png,Severe,0,True,4ca43031a92c4447,4ca43031a92c4447
NEAR-00025,Mild1046.png,Mild,Severe1697.png,Severe,0,True,4ca43031a92c4447,4ca43031a92c4447
NEAR-00026,Mild1046.png,Mild,Severe1753.png,Severe,0,True,4ca43031a92c4447,4ca43031a92c4447
NEAR-00027,Mild1046.png,Mild,Severe1837.png,Severe,0,True,4ca43031a92c4447,4ca43031a92c4447
NEAR-00028,Mild1046.png,Mild,Severe1962.png,Severe,0,True,4ca43031a92c4447,4ca43031a92c4447
NEAR-00029,Mild1047.png,Mild,Mild929.png,Mild,0,False,7a4d8c98cc3c330b,7a4d8c98cc3c330b
NEAR-00030,Mild1055.png,Mild,Mild1307.png,Mild,0,False,a39b09cd2d0dc4e4,a39b09cd2d0dc4e4
NEAR-00031,Mild1056.png,Mild,Mild1214.png,Mild,0,False,42666779332e2f4d,42666779332e2f4d
NEAR-00032,Mild1056.png,Mild,Mild1225.png,Mild,0,False,42666779332e2f4d,42666779332e2f4d
NEAR-00033,Mild1056.png,Mild,Mild1368.png,Mild,0,False,42666779332e2f4d,42666779332e2f4d
NEAR-00034,Mild1062.png,Mild,Mild1281.png,Mild,0,False,fcbad1d0d3b29334,fcbad1d0d3b29334
NEAR-00035,Mild1062.png,Mild,Mild855.png,Mild,0,False,fcbad1d0d3b29334,fcbad1d0d3b29334
NEAR-00036,Mild1069.png,Mild,Mild1078.png,Mild,0,False,18326064a554564c,18326064a554564c
NEAR-00037,Mild1069.png,Mild,Mild1282.png,Mild,0,False,18326064a554564c,18326064a554564c
NEAR-00038,Mild1069.png,Mild,Mild1337.png,Mild,0,False,18326064a554564c,18326064a554564c
NEAR-00039,Mild1069.png,Mild,Mild824.png,Mild,0,False,18326064a554564c,18326064a554564c
NEAR-00040,Mild1072.png,Mild,Mild798.png,Mild,0,False,f37b79f175095666,f37b79f175095666
NEAR-00041,Mild1074.png,Mild,Mild1300.png,Mild,0,False,78ab9389ba7173ba,78ab9389ba7173ba
NEAR-00042,Mild1074.png,Mild,Mild823.png,Mild,0,False,78ab9389ba7173ba,78ab9389ba7173ba
NEAR-00043,Mild1078.png,Mild,Mild1278.png,Mild,0,False,18326064a554564c,18326064a554564c
NEAR-00044,Mild1078.png,Mild,Mild857.png,Mild,0,False,18326064a554564c,18326064a554564c
NEAR-00045,Mild1078.png,Mild,Mild925.png,Mild,0,False,18326064a554564c,18326064a554564c
NEAR-00046,Mild1083.png,Mild,Mild1292.png,Mild,0,False,7d2d61811b49492a,7d2d61811b49492a
NEAR-00050,Mild1099.png,Mild,Mild883.png,Mild,0,False,a3b4ada9b2fcf8ee,a3b4ada9b2fcf8ee
NEAR-00051,Mild1109.png,Mild,Mild1281.png,Mild,0,False,fcbad1d0d3b29334,fcbad1d0d3b29334
NEAR-00052,Mild1109.png,Mild,Mild855.png,Mild,0,False,fcbad1d0d3b29334,fcbad1d0d3b29334
NEAR-00053,Mild1111.png,Mild,Mild929.png,Mild,0,False,7a4d8c98cc3c330b,7a4d8c98cc3c330b
NEAR-00072,Mild1128.png,Mild,Mild1151.png,Mild,0,False,de5844484fa436b6,de5844484fa436b6
NEAR-00073,Mild1128.png,Mild,Mild1302.png,Mild,0,False,de5844484fa436b6,de5844484fa436b6
NEAR-00074,Mild1128.png,Mild,Mild933.png,Mild,0,False,de5844484fa436b6,de5844484fa436b6
NEAR-00077,Mild1142.png,Mild,Mild883.png,Mild,0,False,a3b4ada9b2fcf8ee,a3b4ada9b2fcf8ee
NEAR-00086,Mild1146.png,Mild,Mild868.png,Mild,0,False,93643c34b4d4ca4b,93643c34b4d4ca4b
NEAR-00087,Mild1146.png,Mild,Mild968.png,Mild,0,False,93643c34b4d4ca4b,93643c34b4d4ca4b
NEAR-00088,Mild1148.png,Mild,Mild883.png,Mild,0,False,a3b4ada9b2fcf8ee,a3b4ada9b2fcf8ee
NEAR-00089,Mild1151.png,Mild,Mild1265.png,Mild,0,False,de5844484fa436b6,de5844484fa436b6
NEAR-00090,Mild1151.png,Mild,Mild1334.png,Mild,0,False,de5844484fa436b6,de5844484fa436b6
NEAR-00091,Mild1151.png,Mild,Mild721.png,Mild,0,False,de5844484fa436b6,de5844484fa436b6
NEAR-00092,Mild1151.png,Mild,Mild926.png,Mild,0,False,de5844484fa436b6,de5844484fa436b6
NEAR-00093,Mild1151.png,Mild,Mild951.png,Mild,0,False,de5844484fa436b6,de5844484fa436b6
NEAR-00094,Mild1157.png,Mild,Mild1221.png,Mild,0,False,fbfbecdab3b75b79,fbfbecdab3b75b79
NEAR-00095,Mild1157.png,Mild,Mild1290.png,Mild,0,False,fbfbecdab3b75b79,fbfbecdab3b75b79
NEAR-00115,Mild1176.png,Mild,Mild1300.png,Mild,0,False,78ab9389ba7173ba,78ab9389ba7173ba
NEAR-00116,Mild1176.png,Mild,Mild823.png,Mild,0,False,78ab9389ba7173ba,78ab9389ba7173ba
NEAR-00119,Mild1179.png,Mild,Mild1207.png,Mild,0,False,e7c4d4c5ade7c4cd,e7c4d4c5ade7c4cd
NEAR-00120,Mild1179.png,Mild,Mild1208.png,Mild,0,False,e7c4d4c5ade7c4cd,e7c4d4c5ade7c4cd
NEAR-00122,Mild1179.png,Mild,Mild724.png,Mild,0,False,e7c4d4c5ade7c4cd,e7c4d4c5ade7c4cd
NEAR-00123,Mild1179.png,Mild,Mild776.png,Mild,0,False,e7c4d4c5ade7c4cd,e7c4d4c5ade7c4cd
NEAR-00124,Mild1186.png,Mild,Mild1214.png,Mild,0,False,42666779332e2f4d,42666779332e2f4d
NEAR-00125,Mild1186.png,Mild,Mild1225.png,Mild,0,False,42666779332e2f4d,42666779332e2f4d
NEAR-00126,Mild1186.png,Mild,Mild1368.png,Mild,0,False,42666779332e2f4d,42666779332e2f4d
NEAR-00127,Mild1201.png,Mild,Mild798.png,Mild,0,False,f37b79f175095666,f37b79f175095666
NEAR-00128,Mild1207.png,Mild,Mild1219.png,Mild,0,False,e7c4d4c5ade7c4cd,e7c4d4c5ade7c4cd
NEAR-00129,Mild1207.png,Mild,Mild1288.png,Mild,0,False,e7c4d4c5ade7c4cd,e7c4d4c5ade7c4cd
NEAR-00131,Mild1207.png,Mild,Mild1345.png,Mild,0,False,e7c4d4c5ade7c4cd,e7c4d4c5ade7c4cd
NEAR-00132,Mild1207.png,Mild,Mild746.png,Mild,0,False,e7c4d4c5ade7c4cd,e7c4d4c5ade7c4cd
NEAR-00133,Mild1207.png,Mild,Mild828.png,Mild,0,False,e7c4d4c5ade7c4cd,e7c4d4c5ade7c4cd
NEAR-00134,Mild1207.png,Mild,Mild836.png,Mild,0,False,e7c4d4c5ade7c4cd,e7c4d4c5ade7c4cd
NEAR-00135,Mild1208.png,Mild,Mild1219.png,Mild,0,False,e7c4d4c5ade7c4cd,e7c4d4c5ade7c4cd
NEAR-00136,Mild1208.png,Mild,Mild1288.png,Mild,0,False,e7c4d4c5ade7c4cd,e7c4d4c5ade7c4cd
NEAR-00138,Mild1208.png,Mild,Mild1345.png,Mild,0,False,e7c4d4c5ade7c4cd,e7c4d4c5ade7c4cd
NEAR-00139,Mild1208.png,Mild,Mild746.png,Mild,0,False,e7c4d4c5ade7c4cd,e7c4d4c5ade7c4cd
NEAR-00140,Mild1208.png,Mild,Mild828.png,Mild,0,False,e7c4d4c5ade7c4cd,e7c4d4c5ade7c4cd
NEAR-00141,Mild1208.png,Mild,Mild836.png,Mild,0,False,e7c4d4c5ade7c4cd,e7c4d4c5ade7c4cd
NEAR-00142,Mild1214.png,Mild,Mild1257.png,Mild,0,False,42666779332e2f4d,42666779332e2f4d
NEAR-00143,Mild1214.png,Mild,Mild918.png,Mild,0,False,42666779332e2f4d,42666779332e2f4d
NEAR-00144,Mild1214.png,Mild,Normal450.png,Normal,0,True,42666779332e2f4d,42666779332e2f4d
NEAR-00147,Mild1219.png,Mild,Mild724.png,Mild,0,False,e7c4d4c5ade7c4cd,e7c4d4c5ade7c4cd
NEAR-00148,Mild1219.png,Mild,Mild776.png,Mild,0,False,e7c4d4c5ade7c4cd,e7c4d4c5ade7c4cd
NEAR-00149,Mild1220.png,Mild,Severe1454.png,Severe,0,True,4ca43031a92c4447,4ca43031a92c4447
NEAR-00150,Mild1220.png,Mild,Severe1458.png,Severe,0,True,4ca43031a92c4447,4ca43031a92c4447
NEAR-00151,Mild1220.png,Mild,Severe1647.png,Severe,0,True,4ca43031a92c4447,4ca43031a92c4447
NEAR-00152,Mild1220.png,Mild,Severe1697.png,Severe,0,True,4ca43031a92c4447,4ca43031a92c4447
NEAR-00153,Mild1220.png,Mild,Severe1753.png,Severe,0,True,4ca43031a92c4447,4ca43031a92c4447
NEAR-00154,Mild1220.png,Mild,Severe1837.png,Severe,0,True,4ca43031a92c4447,4ca43031a92c4447
NEAR-00155,Mild1220.png,Mild,Severe1962.png,Severe,0,True,4ca43031a92c4447,4ca43031a92c4447
NEAR-00156,Mild1225.png,Mild,Mild1257.png,Mild,0,False,42666779332e2f4d,42666779332e2f4d
NEAR-00157,Mild1225.png,Mild,Mild918.png,Mild,0,False,42666779332e2f4d,42666779332e2f4d
NEAR-00158,Mild1225.png,Mild,Normal450.png,Normal,0,True,42666779332e2f4d,42666779332e2f4d
NEAR-00159,Mild1230.png,Mild,Mild883.png,Mild,0,False,a3b4ada9b2fcf8ee,a3b4ada9b2fcf8ee
NEAR-00165,Mild1245.png,Mild,Severe1452.png,Severe,0,True,a797e577317367e3,a797e577317367e3
NEAR-00166,Mild1245.png,Mild,Severe1799.png,Severe,0,True,a797e577317367e3,a797e577317367e3
NEAR-00167,Mild1245.png,Mild,Severe1871.png,Severe,0,True,a797e577317367e3,a797e577317367e3
NEAR-00169,Mild1257.png,Mild,Mild1368.png,Mild,0,False,42666779332e2f4d,42666779332e2f4d
NEAR-00170,Mild1265.png,Mild,Mild1302.png,Mild,0,False,de5844484fa436b6,de5844484fa436b6
NEAR-00171,Mild1265.png,Mild,Mild933.png,Mild,0,False,de5844484fa436b6,de5844484fa436b6
NEAR-00176,Mild1278.png,Mild,Mild1282.png,Mild,0,False,18326064a554564c,18326064a554564c
NEAR-00177,Mild1278.png,Mild,Mild1337.png,Mild,0,False,18326064a554564c,18326064a554564c
NEAR-00178,Mild1278.png,Mild,Mild824.png,Mild,0,False,18326064a554564c,18326064a554564c
NEAR-00179,Mild1282.png,Mild,Mild857.png,Mild,0,False,18326064a554564c,18326064a554564c
NEAR-00180,Mild1282.png,Mild,Mild925.png,Mild,0,False,18326064a554564c,18326064a554564c
NEAR-00193,Mild1288.png,Mild,Mild724.png,Mild,0,False,e7c4d4c5ade7c4cd,e7c4d4c5ade7c4cd
NEAR-00194,Mild1288.png,Mild,Mild776.png,Mild,0,False,e7c4d4c5ade7c4cd,e7c4d4c5ade7c4cd
NEAR-00200,Mild1292.png,Mild,Mild861.png,Mild,0,False,7d2d61811b49492a,7d2d61811b49492a
NEAR-00202,Mild1299.png,Mild,Severe1454.png,Severe,0,True,4ca43031a92c4447,4ca43031a92c4447
NEAR-00203,Mild1299.png,Mild,Severe1458.png,Severe,0,True,4ca43031a92c4447,4ca43031a92c4447
NEAR-00204,Mild1299.png,Mild,Severe1647.png,Severe,0,True,4ca43031a92c4447,4ca43031a92c4447
NEAR-00205,Mild1299.png,Mild,Severe1697.png,Severe,0,True,4ca43031a92c4447,4ca43031a92c4447
NEAR-00206,Mild1299.png,Mild,Severe1753.png,Severe,0,True,4ca43031a92c4447,4ca43031a92c4447
NEAR-00207,Mild1299.png,Mild,Severe1837.png,Severe,0,True,4ca43031a92c4447,4ca43031a92c4447
NEAR-00208,Mild1299.png,Mild,Severe1962.png,Severe,0,True,4ca43031a92c4447,4ca43031a92c4447
NEAR-00209,Mild1302.png,Mild,Mild1334.png,Mild,0,False,de5844484fa436b6,de5844484fa436b6
NEAR-00210,Mild1302.png,Mild,Mild721.png,Mild,0,False,de5844484fa436b6,de5844484fa436b6
NEAR-00211,Mild1302.png,Mild,Mild926.png,Mild,0,False,de5844484fa436b6,de5844484fa436b6
NEAR-00212,Mild1302.png,Mild,Mild951.png,Mild,0,False,de5844484fa436b6,de5844484fa436b6
NEAR-00221,Mild1307.png,Mild,Mild1369.png,Mild,0,False,a39b09cd2d0dc4e4,a39b09cd2d0dc4e4
NEAR-00222,Mild1307.png,Mild,Mild786.png,Mild,0,False,a39b09cd2d0dc4e4,a39b09cd2d0dc4e4
NEAR-00223,Mild1307.png,Mild,Mild790.png,Mild,0,False,a39b09cd2d0dc4e4,a39b09cd2d0dc4e4
NEAR-00224,Mild1318.png,Mild,Severe1454.png,Severe,0,True,4ca43031a92c4447,4ca43031a92c4447
NEAR-00225,Mild1318.png,Mild,Severe1458.png,Severe,0,True,4ca43031a92c4447,4ca43031a92c4447
NEAR-00226,Mild1318.png,Mild,Severe1647.png,Severe,0,True,4ca43031a92c4447,4ca43031a92c4447
NEAR-00227,Mild1318.png,Mild,Severe1697.png,Severe,0,True,4ca43031a92c4447,4ca43031a92c4447
NEAR-00228,Mild1318.png,Mild,Severe1753.png,Severe,0,True,4ca43031a92c4447,4ca43031a92c4447
NEAR-00229,Mild1318.png,Mild,Severe1837.png,Severe,0,True,4ca43031a92c4447,4ca43031a92c4447
NEAR-00230,Mild1318.png,Mild,Severe1962.png,Severe,0,True,4ca43031a92c4447,4ca43031a92c4447
NEAR-00232,Mild1326.png,Mild,Mild929.png,Mild,0,False,7a4d8c98cc3c330b,7a4d8c98cc3c330b
NEAR-00242,Mild1334.png,Mild,Mild933.png,Mild,0,False,de5844484fa436b6,de5844484fa436b6
NEAR-00243,Mild1337.png,Mild,Mild857.png,Mild,0,False,18326064a554564c,18326064a554564c
NEAR-00244,Mild1337.png,Mild,Mild925.png,Mild,0,False,18326064a554564c,18326064a554564c
NEAR-00250,Mild1339.png,Mild,Mild798.png,Mild,0,False,f37b79f175095666,f37b79f175095666
NEAR-00254,Mild1345.png,Mild,Mild724.png,Mild,0,False,e7c4d4c5ade7c4cd,e7c4d4c5ade7c4cd
NEAR-00255,Mild1345.png,Mild,Mild776.png,Mild,0,False,e7c4d4c5ade7c4cd,e7c4d4c5ade7c4cd
NEAR-00258,Mild1368.png,Mild,Mild918.png,Mild,0,False,42666779332e2f4d,42666779332e2f4d
NEAR-00259,Mild1368.png,Mild,Normal450.png,Normal,0,True,42666779332e2f4d,42666779332e2f4d
NEAR-00292,Mild721.png,Mild,Mild933.png,Mild,0,False,de5844484fa436b6,de5844484fa436b6
NEAR-00293,Mild724.png,Mild,Mild746.png,Mild,0,False,e7c4d4c5ade7c4cd,e7c4d4c5ade7c4cd
NEAR-00294,Mild724.png,Mild,Mild828.png,Mild,0,False,e7c4d4c5ade7c4cd,e7c4d4c5ade7c4cd
NEAR-00295,Mild724.png,Mild,Mild836.png,Mild,0,False,e7c4d4c5ade7c4cd,e7c4d4c5ade7c4cd
NEAR-00300,Mild742.png,Mild,Mild883.png,Mild,0,False,a3b4ada9b2fcf8ee,a3b4ada9b2fcf8ee
NEAR-00301,Mild746.png,Mild,Mild776.png,Mild,0,False,e7c4d4c5ade7c4cd,e7c4d4c5ade7c4cd
NEAR-00327,Mild768.png,Mild,Mild883.png,Mild,0,False,a3b4ada9b2fcf8ee,a3b4ada9b2fcf8ee
NEAR-00332,Mild776.png,Mild,Mild828.png,Mild,0,False,e7c4d4c5ade7c4cd,e7c4d4c5ade7c4cd
NEAR-00333,Mild776.png,Mild,Mild836.png,Mild,0,False,e7c4d4c5ade7c4cd,e7c4d4c5ade7c4cd
NEAR-00338,Mild795.png,Mild,Mild868.png,Mild,0,False,93643c34b4d4ca4b,93643c34b4d4ca4b
NEAR-00339,Mild795.png,Mild,Mild968.png,Mild,0,False,93643c34b4d4ca4b,93643c34b4d4ca4b
NEAR-00344,Mild804.png,Mild,Mild929.png,Mild,0,False,7a4d8c98cc3c330b,7a4d8c98cc3c330b
NEAR-00347,Mild810.png,Mild,Severe1452.png,Severe,0,True,a797e577317367e3,a797e577317367e3
NEAR-00348,Mild810.png,Mild,Severe1799.png,Severe,0,True,a797e577317367e3,a797e577317367e3
NEAR-00349,Mild810.png,Mild,Severe1871.png,Severe,0,True,a797e577317367e3,a797e577317367e3
NEAR-00350,Mild814.png,Mild,Mild883.png,Mild,0,False,a3b4ada9b2fcf8ee,a3b4ada9b2fcf8ee
NEAR-00353,Mild824.png,Mild,Mild857.png,Mild,0,False,18326064a554564c,18326064a554564c
NEAR-00354,Mild824.png,Mild,Mild925.png,Mild,0,False,18326064a554564c,18326064a554564c
NEAR-00370,Mild883.png,Mild,Mild910.png,Mild,0,False,a3b4ada9b2fcf8ee,a3b4ada9b2fcf8ee
NEAR-00382,Mild926.png,Mild,Mild933.png,Mild,0,False,de5844484fa436b6,de5844484fa436b6
NEAR-00383,Mild933.png,Mild,Mild951.png,Mild,0,False,de5844484fa436b6,de5844484fa436b6
NEAR-00385,Mild952.png,Mild,Severe1452.png,Severe,0,True,a797e577317367e3,a797e577317367e3
NEAR-00386,Mild952.png,Mild,Severe1799.png,Severe,0,True,a797e577317367e3,a797e577317367e3
NEAR-00387,Mild952.png,Mild,Severe1871.png,Severe,0,True,a797e577317367e3,a797e577317367e3
NEAR-00389,Mild996.png,Mild,Severe1454.png,Severe,0,True,4ca43031a92c4447,4ca43031a92c4447
NEAR-00390,Mild996.png,Mild,Severe1458.png,Severe,0,True,4ca43031a92c4447,4ca43031a92c4447
NEAR-00391,Mild996.png,Mild,Severe1647.png,Severe,0,True,4ca43031a92c4447,4ca43031a92c4447
NEAR-00392,Mild996.png,Mild,Severe1697.png,Severe,0,True,4ca43031a92c4447,4ca43031a92c4447
NEAR-00393,Mild996.png,Mild,Severe1753.png,Severe,0,True,4ca43031a92c4447,4ca43031a92c4447
NEAR-00394,Mild996.png,Mild,Severe1837.png,Severe,0,True,4ca43031a92c4447,4ca43031a92c4447
NEAR-00395,Mild996.png,Mild,Severe1962.png,Severe,0,True,4ca43031a92c4447,4ca43031a92c4447
NEAR-00398,Normal130.png,Normal,Normal685.png,Normal,0,False,a6a3eb9ccd6d6860,a6a3eb9ccd6d6860
NEAR-00413,Normal18.png,Normal,Normal83.png,Normal,0,False,d8f1b1582c2c1eae,d8f1b1582c2c1eae
NEAR-00414,Normal185.png,Normal,Normal547.png,Normal,0,False,e864c2c9e3e3d9f9,e864c2c9e3e3d9f9
NEAR-00415,Normal185.png,Normal,Normal69.png,Normal,0,False,e864c2c9e3e3d9f9,e864c2c9e3e3d9f9
NEAR-00418,Normal23.png,Normal,Normal479.png,Normal,0,False,a28df8f074e0e8da,a28df8f074e0e8da
NEAR-00419,Normal237.png,Normal,Normal479.png,Normal,0,False,a28df8f074e0e8da,a28df8f074e0e8da
NEAR-00422,Normal264.png,Normal,Normal479.png,Normal,0,False,a28df8f074e0e8da,a28df8f074e0e8da
NEAR-00423,Normal266.png,Normal,Normal680.png,Normal,0,False,dd6b3ae26872fa68,dd6b3ae26872fa68
NEAR-00431,Normal333.png,Normal,Normal436.png,Normal,0,False,f834841616363646,f834841616363646
NEAR-00432,Normal355.png,Normal,Normal479.png,Normal,0,False,a28df8f074e0e8da,a28df8f074e0e8da
NEAR-00439,Normal412.png,Normal,Normal83.png,Normal,0,False,d8f1b1582c2c1eae,d8f1b1582c2c1eae
NEAR-00440,Normal420.png,Normal,Normal569.png,Normal,0,False,d45534a4a62626a6,d45534a4a62626a6
NEAR-00453,Normal454.png,Normal,Normal685.png,Normal,0,False,a6a3eb9ccd6d6860,a6a3eb9ccd6d6860
NEAR-00455,Normal466.png,Normal,Normal83.png,Normal,0,False,d8f1b1582c2c1eae,d8f1b1582c2c1eae
NEAR-00456,Normal497.png,Normal,Normal540.png,Normal,0,False,465127636377350b,465127636377350b
NEAR-00457,Normal547.png,Normal,Normal593.png,Normal,0,False,e864c2c9e3e3d9f9,e864c2c9e3e3d9f9
NEAR-00459,Normal557.png,Normal,Normal569.png,Normal,0,False,d45534a4a62626a6,d45534a4a62626a6
NEAR-00461,Normal593.png,Normal,Normal69.png,Normal,0,False,e864c2c9e3e3d9f9,e864c2c9e3e3d9f9
NEAR-00464,Normal644.png,Normal,Normal680.png,Normal,0,False,dd6b3ae26872fa68,dd6b3ae26872fa68
NEAR-00470,Severe1399.png,Severe,Severe1424.png,Severe,0,False,bcb86a60b052e4b4,bcb86a60b052e4b4
NEAR-00471,Severe1399.png,Severe,Severe1848.png,Severe,0,False,bcb86a60b052e4b4,bcb86a60b052e4b4
NEAR-00472,Severe1399.png,Severe,Severe2061.png,Severe,0,False,bcb86a60b052e4b4,bcb86a60b052e4b4
NEAR-00473,Severe1400.png,Severe,Severe1594.png,Severe,0,False,fe9f5e747071980c,fe9f5e747071980c
NEAR-00474,Severe1400.png,Severe,Severe1634.png,Severe,0,False,fe9f5e747071980c,fe9f5e747071980c
NEAR-00475,Severe1400.png,Severe,Severe1655.png,Severe,0,False,fe9f5e747071980c,fe9f5e747071980c
NEAR-00476,Severe1400.png,Severe,Severe1675.png,Severe,0,False,fe9f5e747071980c,fe9f5e747071980c
NEAR-00477,Severe1400.png,Severe,Severe1888.png,Severe,0,False,fe9f5e747071980c,fe9f5e747071980c
NEAR-00478,Severe1400.png,Severe,Severe1963.png,Severe,0,False,fe9f5e747071980c,fe9f5e747071980c
NEAR-00479,Severe1400.png,Severe,Severe1994.png,Severe,0,False,fe9f5e747071980c,fe9f5e747071980c
NEAR-00480,Severe1400.png,Severe,Severe2036.png,Severe,0,False,fe9f5e747071980c,fe9f5e747071980c
NEAR-00481,Severe1400.png,Severe,Severe2039.png,Severe,0,False,fe9f5e747071980c,fe9f5e747071980c
NEAR-00482,Severe1403.png,Severe,Severe1554.png,Severe,0,False,909026246866264d,909026246866264d
NEAR-00483,Severe1403.png,Severe,Severe1575.png,Severe,0,False,909026246866264d,909026246866264d
NEAR-00484,Severe1403.png,Severe,Severe1589.png,Severe,0,False,909026246866264d,909026246866264d
NEAR-00485,Severe1403.png,Severe,Severe1615.png,Severe,0,False,909026246866264d,909026246866264d
NEAR-00486,Severe1403.png,Severe,Severe1666.png,Severe,0,False,909026246866264d,909026246866264d
NEAR-00491,Severe1409.png,Severe,Severe1693.png,Severe,0,False,ee7ededfe6123ede,ee7ededfe6123ede
NEAR-00492,Severe1409.png,Severe,Severe1768.png,Severe,0,False,ee7ededfe6123ede,ee7ededfe6123ede
NEAR-00493,Severe1409.png,Severe,Severe1843.png,Severe,0,False,ee7ededfe6123ede,ee7ededfe6123ede
NEAR-00494,Severe1409.png,Severe,Severe1858.png,Severe,0,False,ee7ededfe6123ede,ee7ededfe6123ede
NEAR-00495,Severe1409.png,Severe,Severe1948.png,Severe,0,False,ee7ededfe6123ede,ee7ededfe6123ede
NEAR-00496,Severe1409.png,Severe,Severe2065.png,Severe,0,False,ee7ededfe6123ede,ee7ededfe6123ede
NEAR-00497,Severe1414.png,Severe,Severe1424.png,Severe,0,False,bcb86a60b052e4b4,bcb86a60b052e4b4
NEAR-00498,Severe1414.png,Severe,Severe1848.png,Severe,0,False,bcb86a60b052e4b4,bcb86a60b052e4b4
NEAR-00499,Severe1414.png,Severe,Severe2061.png,Severe,0,False,bcb86a60b052e4b4,bcb86a60b052e4b4
NEAR-00500,Severe1421.png,Severe,Severe1592.png,Severe,0,False,1d9b132ba97bf7be,1d9b132ba97bf7be
NEAR-00501,Severe1421.png,Severe,Severe1673.png,Severe,0,False,1d9b132ba97bf7be,1d9b132ba97bf7be
NEAR-00502,Severe1421.png,Severe,Severe1732.png,Severe,0,False,1d9b132ba97bf7be,1d9b132ba97bf7be
NEAR-00503,Severe1421.png,Severe,Severe1733.png,Severe,0,False,1d9b132ba97bf7be,1d9b132ba97bf7be
NEAR-00504,Severe1421.png,Severe,Severe1968.png,Severe,0,False,1d9b132ba97bf7be,1d9b132ba97bf7be
NEAR-00505,Severe1421.png,Severe,Severe2003.png,Severe,0,False,1d9b132ba97bf7be,1d9b132ba97bf7be
NEAR-00506,Severe1421.png,Severe,Severe2033.png,Severe,0,False,1d9b132ba97bf7be,1d9b132ba97bf7be
NEAR-00507,Severe1421.png,Severe,Severe2048.png,Severe,0,False,1d9b132ba97bf7be,1d9b132ba97bf7be
NEAR-00521,Severe1424.png,Severe,Severe1476.png,Severe,0,False,bcb86a60b052e4b4,bcb86a60b052e4b4
NEAR-00522,Severe1424.png,Severe,Severe1497.png,Severe,0,False,bcb86a60b052e4b4,bcb86a60b052e4b4
NEAR-00523,Severe1424.png,Severe,Severe1506.png,Severe,0,False,bcb86a60b052e4b4,bcb86a60b052e4b4
NEAR-00524,Severe1424.png,Severe,Severe1796.png,Severe,0,False,bcb86a60b052e4b4,bcb86a60b052e4b4
NEAR-00525,Severe1424.png,Severe,Severe1870.png,Severe,0,False,bcb86a60b052e4b4,bcb86a60b052e4b4
NEAR-00526,Severe1424.png,Severe,Severe1916.png,Severe,0,False,bcb86a60b052e4b4,bcb86a60b052e4b4
NEAR-00527,Severe1424.png,Severe,Severe1954.png,Severe,0,False,bcb86a60b052e4b4,bcb86a60b052e4b4
NEAR-00528,Severe1424.png,Severe,Severe1985.png,Severe,0,False,bcb86a60b052e4b4,bcb86a60b052e4b4
NEAR-00534,Severe1428.png,Severe,Severe1723.png,Severe,0,False,90b6c6c4c1d1313a,90b6c6c4c1d1313a
NEAR-00535,Severe1428.png,Severe,Severe1757.png,Severe,0,False,90b6c6c4c1d1313a,90b6c6c4c1d1313a
NEAR-00536,Severe1428.png,Severe,Severe1778.png,Severe,0,False,90b6c6c4c1d1313a,90b6c6c4c1d1313a
NEAR-00537,Severe1428.png,Severe,Severe1781.png,Severe,0,False,90b6c6c4c1d1313a,90b6c6c4c1d1313a
NEAR-00538,Severe1428.png,Severe,Severe1807.png,Severe,0,False,90b6c6c4c1d1313a,90b6c6c4c1d1313a
NEAR-00539,Severe1428.png,Severe,Severe1956.png,Severe,0,False,90b6c6c4c1d1313a,90b6c6c4c1d1313a
NEAR-00540,Severe1441.png,Severe,Severe1501.png,Severe,0,False,dddbc5edc3f576fe,dddbc5edc3f576fe
NEAR-00541,Severe1441.png,Severe,Severe1522.png,Severe,0,False,dddbc5edc3f576fe,dddbc5edc3f576fe
NEAR-00542,Severe1441.png,Severe,Severe1755.png,Severe,0,False,dddbc5edc3f576fe,dddbc5edc3f576fe
NEAR-00543,Severe1441.png,Severe,Severe1810.png,Severe,0,False,dddbc5edc3f576fe,dddbc5edc3f576fe
NEAR-00544,Severe1441.png,Severe,Severe1887.png,Severe,0,False,dddbc5edc3f576fe,dddbc5edc3f576fe
NEAR-00545,Severe1441.png,Severe,Severe1911.png,Severe,0,False,dddbc5edc3f576fe,dddbc5edc3f576fe
NEAR-00546,Severe1441.png,Severe,Severe1949.png,Severe,0,False,dddbc5edc3f576fe,dddbc5edc3f576fe
NEAR-00547,Severe1441.png,Severe,Severe1951.png,Severe,0,False,dddbc5edc3f576fe,dddbc5edc3f576fe
NEAR-00548,Severe1441.png,Severe,Severe2037.png,Severe,0,False,dddbc5edc3f576fe,dddbc5edc3f576fe
NEAR-00553,Severe1447.png,Severe,Severe1594.png,Severe,0,False,fe9f5e747071980c,fe9f5e747071980c
NEAR-00554,Severe1447.png,Severe,Severe1634.png,Severe,0,False,fe9f5e747071980c,fe9f5e747071980c
NEAR-00555,Severe1447.png,Severe,Severe1655.png,Severe,0,False,fe9f5e747071980c,fe9f5e747071980c
NEAR-00556,Severe1447.png,Severe,Severe1675.png,Severe,0,False,fe9f5e747071980c,fe9f5e747071980c
NEAR-00557,Severe1447.png,Severe,Severe1888.png,Severe,0,False,fe9f5e747071980c,fe9f5e747071980c
NEAR-00558,Severe1447.png,Severe,Severe1963.png,Severe,0,False,fe9f5e747071980c,fe9f5e747071980c
NEAR-00559,Severe1447.png,Severe,Severe1994.png,Severe,0,False,fe9f5e747071980c,fe9f5e747071980c
NEAR-00560,Severe1447.png,Severe,Severe2036.png,Severe,0,False,fe9f5e747071980c,fe9f5e747071980c
NEAR-00561,Severe1447.png,Severe,Severe2039.png,Severe,0,False,fe9f5e747071980c,fe9f5e747071980c
NEAR-00572,Severe1455.png,Severe,Severe1554.png,Severe,0,False,909026246866264d,909026246866264d
NEAR-00573,Severe1455.png,Severe,Severe1575.png,Severe,0,False,909026246866264d,909026246866264d
NEAR-00574,Severe1455.png,Severe,Severe1589.png,Severe,0,False,909026246866264d,909026246866264d
NEAR-00575,Severe1455.png,Severe,Severe1615.png,Severe,0,False,909026246866264d,909026246866264d
NEAR-00576,Severe1455.png,Severe,Severe1666.png,Severe,0,False,909026246866264d,909026246866264d
NEAR-00593,Severe1473.png,Severe,Severe1693.png,Severe,0,False,ee7ededfe6123ede,ee7ededfe6123ede
NEAR-00594,Severe1473.png,Severe,Severe1768.png,Severe,0,False,ee7ededfe6123ede,ee7ededfe6123ede
NEAR-00595,Severe1473.png,Severe,Severe1843.png,Severe,0,False,ee7ededfe6123ede,ee7ededfe6123ede
NEAR-00596,Severe1473.png,Severe,Severe1858.png,Severe,0,False,ee7ededfe6123ede,ee7ededfe6123ede
NEAR-00597,Severe1473.png,Severe,Severe1948.png,Severe,0,False,ee7ededfe6123ede,ee7ededfe6123ede
NEAR-00598,Severe1473.png,Severe,Severe2065.png,Severe,0,False,ee7ededfe6123ede,ee7ededfe6123ede
NEAR-00599,Severe1474.png,Severe,Severe1693.png,Severe,0,False,ee7ededfe6123ede,ee7ededfe6123ede
NEAR-00600,Severe1474.png,Severe,Severe1768.png,Severe,0,False,ee7ededfe6123ede,ee7ededfe6123ede
NEAR-00601,Severe1474.png,Severe,Severe1843.png,Severe,0,False,ee7ededfe6123ede,ee7ededfe6123ede
NEAR-00602,Severe1474.png,Severe,Severe1858.png,Severe,0,False,ee7ededfe6123ede,ee7ededfe6123ede
NEAR-00603,Severe1474.png,Severe,Severe1948.png,Severe,0,False,ee7ededfe6123ede,ee7ededfe6123ede
NEAR-00604,Severe1474.png,Severe,Severe2065.png,Severe,0,False,ee7ededfe6123ede,ee7ededfe6123ede
NEAR-00605,Severe1476.png,Severe,Severe1848.png,Severe,0,False,bcb86a60b052e4b4,bcb86a60b052e4b4
NEAR-00606,Severe1476.png,Severe,Severe2061.png,Severe,0,False,bcb86a60b052e4b4,bcb86a60b052e4b4
NEAR-00642,Severe1491.png,Severe,Severe1553.png,Severe,0,False,eb4b81556f2b1919,eb4b81556f2b1919
NEAR-00643,Severe1491.png,Severe,Severe1564.png,Severe,0,False,eb4b81556f2b1919,eb4b81556f2b1919
NEAR-00644,Severe1491.png,Severe,Severe1687.png,Severe,0,False,eb4b81556f2b1919,eb4b81556f2b1919
NEAR-00645,Severe1491.png,Severe,Severe1913.png,Severe,0,False,eb4b81556f2b1919,eb4b81556f2b1919
NEAR-00646,Severe1491.png,Severe,Severe2025.png,Severe,0,False,eb4b81556f2b1919,eb4b81556f2b1919
NEAR-00647,Severe1491.png,Severe,Severe2051.png,Severe,0,False,eb4b81556f2b1919,eb4b81556f2b1919
NEAR-00648,Severe1497.png,Severe,Severe1848.png,Severe,0,False,bcb86a60b052e4b4,bcb86a60b052e4b4
NEAR-00649,Severe1497.png,Severe,Severe2061.png,Severe,0,False,bcb86a60b052e4b4,bcb86a60b052e4b4
NEAR-00650,Severe1498.png,Severe,Severe1709.png,Severe,0,False,44cc497b135bc2e2,44cc497b135bc2e2
NEAR-00651,Severe1498.png,Severe,Severe1727.png,Severe,0,False,44cc497b135bc2e2,44cc497b135bc2e2
NEAR-00652,Severe1498.png,Severe,Severe1756.png,Severe,0,False,44cc497b135bc2e2,44cc497b135bc2e2
NEAR-00653,Severe1498.png,Severe,Severe1797.png,Severe,0,False,44cc497b135bc2e2,44cc497b135bc2e2
NEAR-00654,Severe1498.png,Severe,Severe1802.png,Severe,0,False,44cc497b135bc2e2,44cc497b135bc2e2
NEAR-00655,Severe1498.png,Severe,Severe1943.png,Severe,0,False,44cc497b135bc2e2,44cc497b135bc2e2
NEAR-00656,Severe1498.png,Severe,Severe2001.png,Severe,0,False,44cc497b135bc2e2,44cc497b135bc2e2
NEAR-00657,Severe1498.png,Severe,Severe2030.png,Severe,0,False,44cc497b135bc2e2,44cc497b135bc2e2
NEAR-00658,Severe1498.png,Severe,Severe2041.png,Severe,0,False,44cc497b135bc2e2,44cc497b135bc2e2
NEAR-00659,Severe1498.png,Severe,Severe2055.png,Severe,0,False,44cc497b135bc2e2,44cc497b135bc2e2
NEAR-00660,Severe1498.png,Severe,Severe2057.png,Severe,0,False,44cc497b135bc2e2,44cc497b135bc2e2
NEAR-00661,Severe1498.png,Severe,Severe2066.png,Severe,0,False,44cc497b135bc2e2,44cc497b135bc2e2
NEAR-00662,Severe1501.png,Severe,Severe1790.png,Severe,0,False,dddbc5edc3f576fe,dddbc5edc3f576fe
NEAR-00663,Severe1502.png,Severe,Severe1530.png,Severe,0,False,d8fb2e5b4b686b4b,d8fb2e5b4b686b4b
NEAR-00664,Severe1502.png,Severe,Severe1557.png,Severe,0,False,d8fb2e5b4b686b4b,d8fb2e5b4b686b4b
NEAR-00665,Severe1502.png,Severe,Severe1623.png,Severe,0,False,d8fb2e5b4b686b4b,d8fb2e5b4b686b4b
NEAR-00666,Severe1502.png,Severe,Severe1704.png,Severe,0,False,d8fb2e5b4b686b4b,d8fb2e5b4b686b4b
NEAR-00667,Severe1502.png,Severe,Severe1726.png,Severe,0,False,d8fb2e5b4b686b4b,d8fb2e5b4b686b4b
NEAR-00668,Severe1502.png,Severe,Severe1915.png,Severe,0,False,d8fb2e5b4b686b4b,d8fb2e5b4b686b4b
NEAR-00669,Severe1502.png,Severe,Severe1952.png,Severe,0,False,d8fb2e5b4b686b4b,d8fb2e5b4b686b4b
NEAR-00670,Severe1502.png,Severe,Severe2052.png,Severe,0,False,d8fb2e5b4b686b4b,d8fb2e5b4b686b4b
NEAR-00671,Severe1506.png,Severe,Severe1848.png,Severe,0,False,bcb86a60b052e4b4,bcb86a60b052e4b4
NEAR-00672,Severe1506.png,Severe,Severe2061.png,Severe,0,False,bcb86a60b052e4b4,bcb86a60b052e4b4
NEAR-00688,Severe1517.png,Severe,Severe1723.png,Severe,0,False,90b6c6c4c1d1313a,90b6c6c4c1d1313a
NEAR-00689,Severe1517.png,Severe,Severe1757.png,Severe,0,False,90b6c6c4c1d1313a,90b6c6c4c1d1313a
NEAR-00690,Severe1517.png,Severe,Severe1778.png,Severe,0,False,90b6c6c4c1d1313a,90b6c6c4c1d1313a
NEAR-00691,Severe1517.png,Severe,Severe1781.png,Severe,0,False,90b6c6c4c1d1313a,90b6c6c4c1d1313a
NEAR-00692,Severe1517.png,Severe,Severe1807.png,Severe,0,False,90b6c6c4c1d1313a,90b6c6c4c1d1313a
NEAR-00693,Severe1517.png,Severe,Severe1956.png,Severe,0,False,90b6c6c4c1d1313a,90b6c6c4c1d1313a
NEAR-00694,Severe1522.png,Severe,Severe1790.png,Severe,0,False,dddbc5edc3f576fe,dddbc5edc3f576fe
NEAR-00695,Severe1523.png,Severe,Severe1693.png,Severe,0,False,ee7ededfe6123ede,ee7ededfe6123ede
NEAR-00696,Severe1523.png,Severe,Severe1768.png,Severe,0,False,ee7ededfe6123ede,ee7ededfe6123ede
NEAR-00697,Severe1523.png,Severe,Severe1843.png,Severe,0,False,ee7ededfe6123ede,ee7ededfe6123ede
NEAR-00698,Severe1523.png,Severe,Severe1858.png,Severe,0,False,ee7ededfe6123ede,ee7ededfe6123ede
NEAR-00699,Severe1523.png,Severe,Severe1948.png,Severe,0,False,ee7ededfe6123ede,ee7ededfe6123ede
NEAR-00700,Severe1523.png,Severe,Severe2065.png,Severe,0,False,ee7ededfe6123ede,ee7ededfe6123ede
NEAR-00701,Severe1524.png,Severe,Severe1723.png,Severe,0,False,90b6c6c4c1d1313a,90b6c6c4c1d1313a
NEAR-00702,Severe1524.png,Severe,Severe1757.png,Severe,0,False,90b6c6c4c1d1313a,90b6c6c4c1d1313a
NEAR-00703,Severe1524.png,Severe,Severe1778.png,Severe,0,False,90b6c6c4c1d1313a,90b6c6c4c1d1313a
NEAR-00704,Severe1524.png,Severe,Severe1781.png,Severe,0,False,90b6c6c4c1d1313a,90b6c6c4c1d1313a
NEAR-00705,Severe1524.png,Severe,Severe1807.png,Severe,0,False,90b6c6c4c1d1313a,90b6c6c4c1d1313a
NEAR-00706,Severe1524.png,Severe,Severe1956.png,Severe,0,False,90b6c6c4c1d1313a,90b6c6c4c1d1313a
NEAR-00707,Severe1526.png,Severe,Severe1530.png,Severe,0,False,d8fb2e5b4b686b4b,d8fb2e5b4b686b4b
NEAR-00708,Severe1526.png,Severe,Severe1557.png,Severe,0,False,d8fb2e5b4b686b4b,d8fb2e5b4b686b4b
NEAR-00709,Severe1526.png,Severe,Severe1623.png,Severe,0,False,d8fb2e5b4b686b4b,d8fb2e5b4b686b4b
NEAR-00710,Severe1526.png,Severe,Severe1704.png,Severe,0,False,d8fb2e5b4b686b4b,d8fb2e5b4b686b4b
NEAR-00711,Severe1526.png,Severe,Severe1726.png,Severe,0,False,d8fb2e5b4b686b4b,d8fb2e5b4b686b4b
NEAR-00712,Severe1526.png,Severe,Severe1915.png,Severe,0,False,d8fb2e5b4b686b4b,d8fb2e5b4b686b4b
NEAR-00713,Severe1526.png,Severe,Severe1952.png,Severe,0,False,d8fb2e5b4b686b4b,d8fb2e5b4b686b4b
NEAR-00714,Severe1526.png,Severe,Severe2052.png,Severe,0,False,d8fb2e5b4b686b4b,d8fb2e5b4b686b4b
NEAR-00715,Severe1527.png,Severe,Severe1709.png,Severe,0,False,44cc497b135bc2e2,44cc497b135bc2e2
NEAR-00716,Severe1527.png,Severe,Severe1727.png,Severe,0,False,44cc497b135bc2e2,44cc497b135bc2e2
NEAR-00717,Severe1527.png,Severe,Severe1756.png,Severe,0,False,44cc497b135bc2e2,44cc497b135bc2e2
NEAR-00718,Severe1527.png,Severe,Severe1797.png,Severe,0,False,44cc497b135bc2e2,44cc497b135bc2e2
NEAR-00719,Severe1527.png,Severe,Severe1802.png,Severe,0,False,44cc497b135bc2e2,44cc497b135bc2e2
NEAR-00720,Severe1527.png,Severe,Severe1943.png,Severe,0,False,44cc497b135bc2e2,44cc497b135bc2e2
NEAR-00721,Severe1527.png,Severe,Severe2001.png,Severe,0,False,44cc497b135bc2e2,44cc497b135bc2e2
NEAR-00722,Severe1527.png,Severe,Severe2030.png,Severe,0,False,44cc497b135bc2e2,44cc497b135bc2e2
NEAR-00723,Severe1527.png,Severe,Severe2041.png,Severe,0,False,44cc497b135bc2e2,44cc497b135bc2e2
NEAR-00724,Severe1527.png,Severe,Severe2055.png,Severe,0,False,44cc497b135bc2e2,44cc497b135bc2e2
NEAR-00725,Severe1527.png,Severe,Severe2057.png,Severe,0,False,44cc497b135bc2e2,44cc497b135bc2e2
NEAR-00726,Severe1527.png,Severe,Severe2066.png,Severe,0,False,44cc497b135bc2e2,44cc497b135bc2e2
NEAR-00727,Severe1530.png,Severe,Severe1662.png,Severe,0,False,d8fb2e5b4b686b4b,d8fb2e5b4b686b4b
NEAR-00728,Severe1530.png,Severe,Severe1670.png,Severe,0,False,d8fb2e5b4b686b4b,d8fb2e5b4b686b4b
NEAR-00729,Severe1530.png,Severe,Severe1852.png,Severe,0,False,d8fb2e5b4b686b4b,d8fb2e5b4b686b4b
NEAR-00730,Severe1530.png,Severe,Severe1960.png,Severe,0,False,d8fb2e5b4b686b4b,d8fb2e5b4b686b4b
NEAR-00731,Severe1530.png,Severe,Severe1999.png,Severe,0,False,d8fb2e5b4b686b4b,d8fb2e5b4b686b4b
NEAR-00746,Severe1534.png,Severe,Severe1723.png,Severe,0,False,90b6c6c4c1d1313a,90b6c6c4c1d1313a
NEAR-00747,Severe1534.png,Severe,Severe1757.png,Severe,0,False,90b6c6c4c1d1313a,90b6c6c4c1d1313a
NEAR-00748,Severe1534.png,Severe,Severe1778.png,Severe,0,False,90b6c6c4c1d1313a,90b6c6c4c1d1313a
NEAR-00749,Severe1534.png,Severe,Severe1781.png,Severe,0,False,90b6c6c4c1d1313a,90b6c6c4c1d1313a
NEAR-00750,Severe1534.png,Severe,Severe1807.png,Severe,0,False,90b6c6c4c1d1313a,90b6c6c4c1d1313a
NEAR-00751,Severe1534.png,Severe,Severe1956.png,Severe,0,False,90b6c6c4c1d1313a,90b6c6c4c1d1313a
NEAR-00752,Severe1536.png,Severe,Severe1709.png,Severe,0,False,44cc497b135bc2e2,44cc497b135bc2e2
NEAR-00753,Severe1536.png,Severe,Severe1727.png,Severe,0,False,44cc497b135bc2e2,44cc497b135bc2e2
NEAR-00754,Severe1536.png,Severe,Severe1756.png,Severe,0,False,44cc497b135bc2e2,44cc497b135bc2e2
NEAR-00755,Severe1536.png,Severe,Severe1797.png,Severe,0,False,44cc497b135bc2e2,44cc497b135bc2e2
NEAR-00756,Severe1536.png,Severe,Severe1802.png,Severe,0,False,44cc497b135bc2e2,44cc497b135bc2e2
NEAR-00757,Severe1536.png,Severe,Severe1943.png,Severe,0,False,44cc497b135bc2e2,44cc497b135bc2e2
NEAR-00758,Severe1536.png,Severe,Severe2001.png,Severe,0,False,44cc497b135bc2e2,44cc497b135bc2e2
NEAR-00759,Severe1536.png,Severe,Severe2030.png,Severe,0,False,44cc497b135bc2e2,44cc497b135bc2e2
NEAR-00760,Severe1536.png,Severe,Severe2041.png,Severe,0,False,44cc497b135bc2e2,44cc497b135bc2e2
NEAR-00761,Severe1536.png,Severe,Severe2055.png,Severe,0,False,44cc497b135bc2e2,44cc497b135bc2e2
NEAR-00762,Severe1536.png,Severe,Severe2057.png,Severe,0,False,44cc497b135bc2e2,44cc497b135bc2e2
NEAR-00763,Severe1536.png,Severe,Severe2066.png,Severe,0,False,44cc497b135bc2e2,44cc497b135bc2e2
NEAR-00764,Severe1537.png,Severe,Severe1542.png,Severe,0,False,f8b8b8f9b9bcee68,f8b8b8f9b9bcee68
NEAR-00765,Severe1537.png,Severe,Severe1586.png,Severe,0,False,f8b8b8f9b9bcee68,f8b8b8f9b9bcee68
NEAR-00766,Severe1537.png,Severe,Severe1622.png,Severe,0,False,f8b8b8f9b9bcee68,f8b8b8f9b9bcee68
NEAR-00767,Severe1537.png,Severe,Severe1736.png,Severe,0,False,f8b8b8f9b9bcee68,f8b8b8f9b9bcee68
NEAR-00768,Severe1537.png,Severe,Severe1839.png,Severe,0,False,f8b8b8f9b9bcee68,f8b8b8f9b9bcee68
NEAR-00769,Severe1537.png,Severe,Severe1846.png,Severe,0,False,f8b8b8f9b9bcee68,f8b8b8f9b9bcee68
NEAR-00770,Severe1537.png,Severe,Severe1886.png,Severe,0,False,f8b8b8f9b9bcee68,f8b8b8f9b9bcee68
NEAR-00771,Severe1537.png,Severe,Severe1938.png,Severe,0,False,f8b8b8f9b9bcee68,f8b8b8f9b9bcee68
NEAR-00772,Severe1537.png,Severe,Severe1967.png,Severe,0,False,f8b8b8f9b9bcee68,f8b8b8f9b9bcee68
NEAR-00773,Severe1537.png,Severe,Severe2000.png,Severe,0,False,f8b8b8f9b9bcee68,f8b8b8f9b9bcee68
NEAR-00774,Severe1537.png,Severe,Severe2085.png,Severe,0,False,f8b8b8f9b9bcee68,f8b8b8f9b9bcee68
NEAR-00775,Severe1542.png,Severe,Severe1565.png,Severe,0,False,f8b8b8f9b9bcee68,f8b8b8f9b9bcee68
NEAR-00776,Severe1542.png,Severe,Severe1610.png,Severe,0,False,f8b8b8f9b9bcee68,f8b8b8f9b9bcee68
NEAR-00777,Severe1542.png,Severe,Severe1899.png,Severe,0,False,f8b8b8f9b9bcee68,f8b8b8f9b9bcee68
NEAR-00778,Severe1545.png,Severe,Severe1592.png,Severe,0,False,1d9b132ba97bf7be,1d9b132ba97bf7be
NEAR-00779,Severe1545.png,Severe,Severe1673.png,Severe,0,False,1d9b132ba97bf7be,1d9b132ba97bf7be
NEAR-00780,Severe1545.png,Severe,Severe1732.png,Severe,0,False,1d9b132ba97bf7be,1d9b132ba97bf7be
NEAR-00781,Severe1545.png,Severe,Severe1733.png,Severe,0,False,1d9b132ba97bf7be,1d9b132ba97bf7be
NEAR-00782,Severe1545.png,Severe,Severe1968.png,Severe,0,False,1d9b132ba97bf7be,1d9b132ba97bf7be
NEAR-00783,Severe1545.png,Severe,Severe2003.png,Severe,0,False,1d9b132ba97bf7be,1d9b132ba97bf7be
NEAR-00784,Severe1545.png,Severe,Severe2033.png,Severe,0,False,1d9b132ba97bf7be,1d9b132ba97bf7be
NEAR-00785,Severe1545.png,Severe,Severe2048.png,Severe,0,False,1d9b132ba97bf7be,1d9b132ba97bf7be
NEAR-00791,Severe1553.png,Severe,Severe1645.png,Severe,0,False,eb4b81556f2b1919,eb4b81556f2b1919
NEAR-00792,Severe1553.png,Severe,Severe1780.png,Severe,0,False,eb4b81556f2b1919,eb4b81556f2b1919
NEAR-00793,Severe1553.png,Severe,Severe1914.png,Severe,0,False,eb4b81556f2b1919,eb4b81556f2b1919
NEAR-00794,Severe1553.png,Severe,Severe2031.png,Severe,0,False,eb4b81556f2b1919,eb4b81556f2b1919
NEAR-00795,Severe1554.png,Severe,Severe1559.png,Severe,0,False,909026246866264d,909026246866264d
NEAR-00796,Severe1554.png,Severe,Severe1570.png,Severe,0,False,909026246866264d,909026246866264d
NEAR-00797,Severe1554.png,Severe,Severe1581.png,Severe,0,False,909026246866264d,909026246866264d
NEAR-00798,Severe1554.png,Severe,Severe1708.png,Severe,0,False,909026246866264d,909026246866264d
NEAR-00799,Severe1554.png,Severe,Severe1857.png,Severe,0,False,909026246866264d,909026246866264d
NEAR-00800,Severe1554.png,Severe,Severe2069.png,Severe,0,False,909026246866264d,909026246866264d
NEAR-00801,Severe1554.png,Severe,Severe2072.png,Severe,0,False,909026246866264d,909026246866264d
NEAR-00802,Severe1555.png,Severe,Severe1723.png,Severe,0,False,90b6c6c4c1d1313a,90b6c6c4c1d1313a
NEAR-00803,Severe1555.png,Severe,Severe1757.png,Severe,0,False,90b6c6c4c1d1313a,90b6c6c4c1d1313a
NEAR-00804,Severe1555.png,Severe,Severe1778.png,Severe,0,False,90b6c6c4c1d1313a,90b6c6c4c1d1313a
NEAR-00805,Severe1555.png,Severe,Severe1781.png,Severe,0,False,90b6c6c4c1d1313a,90b6c6c4c1d1313a
NEAR-00806,Severe1555.png,Severe,Severe1807.png,Severe,0,False,90b6c6c4c1d1313a,90b6c6c4c1d1313a
NEAR-00807,Severe1555.png,Severe,Severe1956.png,Severe,0,False,90b6c6c4c1d1313a,90b6c6c4c1d1313a
NEAR-00808,Severe1557.png,Severe,Severe1662.png,Severe,0,False,d8fb2e5b4b686b4b,d8fb2e5b4b686b4b
NEAR-00809,Severe1557.png,Severe,Severe1670.png,Severe,0,False,d8fb2e5b4b686b4b,d8fb2e5b4b686b4b
NEAR-00810,Severe1557.png,Severe,Severe1852.png,Severe,0,False,d8fb2e5b4b686b4b,d8fb2e5b4b686b4b
NEAR-00811,Severe1557.png,Severe,Severe1960.png,Severe,0,False,d8fb2e5b4b686b4b,d8fb2e5b4b686b4b
NEAR-00812,Severe1557.png,Severe,Severe1999.png,Severe,0,False,d8fb2e5b4b686b4b,d8fb2e5b4b686b4b
NEAR-00813,Severe1559.png,Severe,Severe1575.png,Severe,0,False,909026246866264d,909026246866264d
NEAR-00814,Severe1559.png,Severe,Severe1589.png,Severe,0,False,909026246866264d,909026246866264d
NEAR-00815,Severe1559.png,Severe,Severe1615.png,Severe,0,False,909026246866264d,909026246866264d
NEAR-00816,Severe1559.png,Severe,Severe1666.png,Severe,0,False,909026246866264d,909026246866264d
NEAR-00820,Severe1564.png,Severe,Severe1645.png,Severe,0,False,eb4b81556f2b1919,eb4b81556f2b1919
NEAR-00821,Severe1564.png,Severe,Severe1780.png,Severe,0,False,eb4b81556f2b1919,eb4b81556f2b1919
NEAR-00822,Severe1564.png,Severe,Severe1914.png,Severe,0,False,eb4b81556f2b1919,eb4b81556f2b1919
NEAR-00823,Severe1564.png,Severe,Severe2031.png,Severe,0,False,eb4b81556f2b1919,eb4b81556f2b1919
NEAR-00824,Severe1565.png,Severe,Severe1586.png,Severe,0,False,f8b8b8f9b9bcee68,f8b8b8f9b9bcee68
NEAR-00825,Severe1565.png,Severe,Severe1622.png,Severe,0,False,f8b8b8f9b9bcee68,f8b8b8f9b9bcee68
NEAR-00826,Severe1565.png,Severe,Severe1736.png,Severe,0,False,f8b8b8f9b9bcee68,f8b8b8f9b9bcee68
NEAR-00827,Severe1565.png,Severe,Severe1839.png,Severe,0,False,f8b8b8f9b9bcee68,f8b8b8f9b9bcee68
NEAR-00828,Severe1565.png,Severe,Severe1846.png,Severe,0,False,f8b8b8f9b9bcee68,f8b8b8f9b9bcee68
NEAR-00829,Severe1565.png,Severe,Severe1886.png,Severe,0,False,f8b8b8f9b9bcee68,f8b8b8f9b9bcee68
NEAR-00830,Severe1565.png,Severe,Severe1938.png,Severe,0,False,f8b8b8f9b9bcee68,f8b8b8f9b9bcee68
NEAR-00831,Severe1565.png,Severe,Severe1967.png,Severe,0,False,f8b8b8f9b9bcee68,f8b8b8f9b9bcee68
NEAR-00832,Severe1565.png,Severe,Severe2000.png,Severe,0,False,f8b8b8f9b9bcee68,f8b8b8f9b9bcee68
NEAR-00833,Severe1565.png,Severe,Severe2085.png,Severe,0,False,f8b8b8f9b9bcee68,f8b8b8f9b9bcee68
NEAR-00834,Severe1570.png,Severe,Severe1575.png,Severe,0,False,909026246866264d,909026246866264d
NEAR-00835,Severe1570.png,Severe,Severe1589.png,Severe,0,False,909026246866264d,909026246866264d
NEAR-00836,Severe1570.png,Severe,Severe1615.png,Severe,0,False,909026246866264d,909026246866264d
NEAR-00837,Severe1570.png,Severe,Severe1666.png,Severe,0,False,909026246866264d,909026246866264d
NEAR-00838,Severe1575.png,Severe,Severe1581.png,Severe,0,False,909026246866264d,909026246866264d
NEAR-00839,Severe1575.png,Severe,Severe1708.png,Severe,0,False,909026246866264d,909026246866264d
NEAR-00840,Severe1575.png,Severe,Severe1857.png,Severe,0,False,909026246866264d,909026246866264d
NEAR-00841,Severe1575.png,Severe,Severe2069.png,Severe,0,False,909026246866264d,909026246866264d
NEAR-00842,Severe1575.png,Severe,Severe2072.png,Severe,0,False,909026246866264d,909026246866264d
NEAR-00853,Severe1581.png,Severe,Severe1589.png,Severe,0,False,909026246866264d,909026246866264d
NEAR-00854,Severe1581.png,Severe,Severe1615.png,Severe,0,False,909026246866264d,909026246866264d
NEAR-00855,Severe1581.png,Severe,Severe1666.png,Severe,0,False,909026246866264d,909026246866264d
NEAR-00856,Severe1583.png,Severe,Severe1693.png,Severe,0,False,ee7ededfe6123ede,ee7ededfe6123ede
NEAR-00857,Severe1583.png,Severe,Severe1768.png,Severe,0,False,ee7ededfe6123ede,ee7ededfe6123ede
NEAR-00858,Severe1583.png,Severe,Severe1843.png,Severe,0,False,ee7ededfe6123ede,ee7ededfe6123ede
NEAR-00859,Severe1583.png,Severe,Severe1858.png,Severe,0,False,ee7ededfe6123ede,ee7ededfe6123ede
NEAR-00860,Severe1583.png,Severe,Severe1948.png,Severe,0,False,ee7ededfe6123ede,ee7ededfe6123ede
NEAR-00861,Severe1583.png,Severe,Severe2065.png,Severe,0,False,ee7ededfe6123ede,ee7ededfe6123ede
NEAR-00866,Severe1586.png,Severe,Severe1610.png,Severe,0,False,f8b8b8f9b9bcee68,f8b8b8f9b9bcee68
NEAR-00867,Severe1586.png,Severe,Severe1899.png,Severe,0,False,f8b8b8f9b9bcee68,f8b8b8f9b9bcee68
NEAR-00868,Severe1589.png,Severe,Severe1708.png,Severe,0,False,909026246866264d,909026246866264d
NEAR-00869,Severe1589.png,Severe,Severe1857.png,Severe,0,False,909026246866264d,909026246866264d
NEAR-00870,Severe1589.png,Severe,Severe2069.png,Severe,0,False,909026246866264d,909026246866264d
NEAR-00871,Severe1589.png,Severe,Severe2072.png,Severe,0,False,909026246866264d,909026246866264d
NEAR-00880,Severe1592.png,Severe,Severe1651.png,Severe,0,False,1d9b132ba97bf7be,1d9b132ba97bf7be
NEAR-00881,Severe1592.png,Severe,Severe1700.png,Severe,0,False,1d9b132ba97bf7be,1d9b132ba97bf7be
NEAR-00882,Severe1592.png,Severe,Severe1801.png,Severe,0,False,1d9b132ba97bf7be,1d9b132ba97bf7be
NEAR-00883,Severe1592.png,Severe,Severe1901.png,Severe,0,False,1d9b132ba97bf7be,1d9b132ba97bf7be
NEAR-00884,Severe1592.png,Severe,Severe1975.png,Severe,0,False,1d9b132ba97bf7be,1d9b132ba97bf7be
NEAR-00885,Severe1592.png,Severe,Severe2053.png,Severe,0,False,1d9b132ba97bf7be,1d9b132ba97bf7be
NEAR-00886,Severe1592.png,Severe,Severe2070.png,Severe,0,False,1d9b132ba97bf7be,1d9b132ba97bf7be
NEAR-00889,Severe1594.png,Severe,Severe1604.png,Severe,0,False,fe9f5e747071980c,fe9f5e747071980c
NEAR-00890,Severe1594.png,Severe,Severe1607.png,Severe,0,False,fe9f5e747071980c,fe9f5e747071980c
NEAR-00891,Severe1594.png,Severe,Severe1829.png,Severe,0,False,fe9f5e747071980c,fe9f5e747071980c
NEAR-00892,Severe1594.png,Severe,Severe1980.png,Severe,0,False,fe9f5e747071980c,fe9f5e747071980c
NEAR-00893,Severe1594.png,Severe,Severe2007.png,Severe,0,False,fe9f5e747071980c,fe9f5e747071980c
NEAR-00919,Severe1604.png,Severe,Severe1634.png,Severe,0,False,fe9f5e747071980c,fe9f5e747071980c
NEAR-00920,Severe1604.png,Severe,Severe1655.png,Severe,0,False,fe9f5e747071980c,fe9f5e747071980c
NEAR-00921,Severe1604.png,Severe,Severe1675.png,Severe,0,False,fe9f5e747071980c,fe9f5e747071980c
NEAR-00922,Severe1604.png,Severe,Severe1888.png,Severe,0,False,fe9f5e747071980c,fe9f5e747071980c
NEAR-00923,Severe1604.png,Severe,Severe1963.png,Severe,0,False,fe9f5e747071980c,fe9f5e747071980c
NEAR-00924,Severe1604.png,Severe,Severe1994.png,Severe,0,False,fe9f5e747071980c,fe9f5e747071980c
NEAR-00925,Severe1604.png,Severe,Severe2036.png,Severe,0,False,fe9f5e747071980c,fe9f5e747071980c
NEAR-00926,Severe1604.png,Severe,Severe2039.png,Severe,0,False,fe9f5e747071980c,fe9f5e747071980c
NEAR-00934,Severe1607.png,Severe,Severe1634.png,Severe,0,False,fe9f5e747071980c,fe9f5e747071980c
NEAR-00935,Severe1607.png,Severe,Severe1655.png,Severe,0,False,fe9f5e747071980c,fe9f5e747071980c
NEAR-00936,Severe1607.png,Severe,Severe1675.png,Severe,0,False,fe9f5e747071980c,fe9f5e747071980c
NEAR-00937,Severe1607.png,Severe,Severe1888.png,Severe,0,False,fe9f5e747071980c,fe9f5e747071980c
NEAR-00938,Severe1607.png,Severe,Severe1963.png,Severe,0,False,fe9f5e747071980c,fe9f5e747071980c
NEAR-00939,Severe1607.png,Severe,Severe1994.png,Severe,0,False,fe9f5e747071980c,fe9f5e747071980c
NEAR-00940,Severe1607.png,Severe,Severe2036.png,Severe,0,False,fe9f5e747071980c,fe9f5e747071980c
NEAR-00941,Severe1607.png,Severe,Severe2039.png,Severe,0,False,fe9f5e747071980c,fe9f5e747071980c
NEAR-00942,Severe1608.png,Severe,Severe1693.png,Severe,0,False,ee7ededfe6123ede,ee7ededfe6123ede
NEAR-00943,Severe1608.png,Severe,Severe1768.png,Severe,0,False,ee7ededfe6123ede,ee7ededfe6123ede
NEAR-00944,Severe1608.png,Severe,Severe1843.png,Severe,0,False,ee7ededfe6123ede,ee7ededfe6123ede
NEAR-00945,Severe1608.png,Severe,Severe1858.png,Severe,0,False,ee7ededfe6123ede,ee7ededfe6123ede
NEAR-00946,Severe1608.png,Severe,Severe1948.png,Severe,0,False,ee7ededfe6123ede,ee7ededfe6123ede
NEAR-00947,Severe1608.png,Severe,Severe2065.png,Severe,0,False,ee7ededfe6123ede,ee7ededfe6123ede
NEAR-00948,Severe1610.png,Severe,Severe1622.png,Severe,0,False,f8b8b8f9b9bcee68,f8b8b8f9b9bcee68
NEAR-00949,Severe1610.png,Severe,Severe1736.png,Severe,0,False,f8b8b8f9b9bcee68,f8b8b8f9b9bcee68
NEAR-00950,Severe1610.png,Severe,Severe1839.png,Severe,0,False,f8b8b8f9b9bcee68,f8b8b8f9b9bcee68
NEAR-00951,Severe1610.png,Severe,Severe1846.png,Severe,0,False,f8b8b8f9b9bcee68,f8b8b8f9b9bcee68
NEAR-00952,Severe1610.png,Severe,Severe1886.png,Severe,0,False,f8b8b8f9b9bcee68,f8b8b8f9b9bcee68
NEAR-00953,Severe1610.png,Severe,Severe1938.png,Severe,0,False,f8b8b8f9b9bcee68,f8b8b8f9b9bcee68
NEAR-00954,Severe1610.png,Severe,Severe1967.png,Severe,0,False,f8b8b8f9b9bcee68,f8b8b8f9b9bcee68
NEAR-00955,Severe1610.png,Severe,Severe2000.png,Severe,0,False,f8b8b8f9b9bcee68,f8b8b8f9b9bcee68
NEAR-00956,Severe1610.png,Severe,Severe2085.png,Severe,0,False,f8b8b8f9b9bcee68,f8b8b8f9b9bcee68
NEAR-00960,Severe1615.png,Severe,Severe1708.png,Severe,0,False,909026246866264d,909026246866264d
NEAR-00961,Severe1615.png,Severe,Severe1857.png,Severe,0,False,909026246866264d,909026246866264d
NEAR-00962,Severe1615.png,Severe,Severe2069.png,Severe,0,False,909026246866264d,909026246866264d
NEAR-00963,Severe1615.png,Severe,Severe2072.png,Severe,0,False,909026246866264d,909026246866264d
NEAR-00982,Severe1622.png,Severe,Severe1899.png,Severe,0,False,f8b8b8f9b9bcee68,f8b8b8f9b9bcee68
NEAR-00983,Severe1623.png,Severe,Severe1662.png,Severe,0,False,d8fb2e5b4b686b4b,d8fb2e5b4b686b4b
NEAR-00984,Severe1623.png,Severe,Severe1670.png,Severe,0,False,d8fb2e5b4b686b4b,d8fb2e5b4b686b4b
NEAR-00985,Severe1623.png,Severe,Severe1852.png,Severe,0,False,d8fb2e5b4b686b4b,d8fb2e5b4b686b4b
NEAR-00986,Severe1623.png,Severe,Severe1960.png,Severe,0,False,d8fb2e5b4b686b4b,d8fb2e5b4b686b4b
NEAR-00987,Severe1623.png,Severe,Severe1999.png,Severe,0,False,d8fb2e5b4b686b4b,d8fb2e5b4b686b4b
NEAR-00993,Severe1634.png,Severe,Severe1829.png,Severe,0,False,fe9f5e747071980c,fe9f5e747071980c
NEAR-00994,Severe1634.png,Severe,Severe1980.png,Severe,0,False,fe9f5e747071980c,fe9f5e747071980c
NEAR-00995,Severe1634.png,Severe,Severe2007.png,Severe,0,False,fe9f5e747071980c,fe9f5e747071980c
NEAR-00996,Severe1645.png,Severe,Severe1687.png,Severe,0,False,eb4b81556f2b1919,eb4b81556f2b1919
NEAR-00997,Severe1645.png,Severe,Severe1913.png,Severe,0,False,eb4b81556f2b1919,eb4b81556f2b1919
NEAR-00998,Severe1645.png,Severe,Severe2025.png,Severe,0,False,eb4b81556f2b1919,eb4b81556f2b1919
NEAR-00999,Severe1645.png,Severe,Severe2051.png,Severe,0,False,eb4b81556f2b1919,eb4b81556f2b1919
NEAR-01000,Severe1651.png,Severe,Severe1673.png,Severe,0,False,1d9b132ba97bf7be,1d9b132ba97bf7be
NEAR-01001,Severe1651.png,Severe,Severe1732.png,Severe,0,False,1d9b132ba97bf7be,1d9b132ba97bf7be
NEAR-01002,Severe1651.png,Severe,Severe1733.png,Severe,0,False,1d9b132ba97bf7be,1d9b132ba97bf7be
NEAR-01003,Severe1651.png,Severe,Severe1968.png,Severe,0,False,1d9b132ba97bf7be,1d9b132ba97bf7be
NEAR-01004,Severe1651.png,Severe,Severe2003.png,Severe,0,False,1d9b132ba97bf7be,1d9b132ba97bf7be
NEAR-01005,Severe1651.png,Severe,Severe2033.png,Severe,0,False,1d9b132ba97bf7be,1d9b132ba97bf7be
NEAR-01006,Severe1651.png,Severe,Severe2048.png,Severe,0,False,1d9b132ba97bf7be,1d9b132ba97bf7be
NEAR-01008,Severe1655.png,Severe,Severe1829.png,Severe,0,False,fe9f5e747071980c,fe9f5e747071980c
NEAR-01009,Severe1655.png,Severe,Severe1980.png,Severe,0,False,fe9f5e747071980c,fe9f5e747071980c
NEAR-01010,Severe1655.png,Severe,Severe2007.png,Severe,0,False,fe9f5e747071980c,fe9f5e747071980c
NEAR-01011,Severe1662.png,Severe,Severe1704.png,Severe,0,False,d8fb2e5b4b686b4b,d8fb2e5b4b686b4b
NEAR-01012,Severe1662.png,Severe,Severe1726.png,Severe,0,False,d8fb2e5b4b686b4b,d8fb2e5b4b686b4b
NEAR-01013,Severe1662.png,Severe,Severe1915.png,Severe,0,False,d8fb2e5b4b686b4b,d8fb2e5b4b686b4b
NEAR-01014,Severe1662.png,Severe,Severe1952.png,Severe,0,False,d8fb2e5b4b686b4b,d8fb2e5b4b686b4b
NEAR-01015,Severe1662.png,Severe,Severe2052.png,Severe,0,False,d8fb2e5b4b686b4b,d8fb2e5b4b686b4b
NEAR-01017,Severe1666.png,Severe,Severe1708.png,Severe,0,False,909026246866264d,909026246866264d
NEAR-01018,Severe1666.png,Severe,Severe1857.png,Severe,0,False,909026246866264d,909026246866264d
NEAR-01019,Severe1666.png,Severe,Severe2069.png,Severe,0,False,909026246866264d,909026246866264d
NEAR-01020,Severe1666.png,Severe,Severe2072.png,Severe,0,False,909026246866264d,909026246866264d
NEAR-01027,Severe1670.png,Severe,Severe1704.png,Severe,0,False,d8fb2e5b4b686b4b,d8fb2e5b4b686b4b
NEAR-01028,Severe1670.png,Severe,Severe1726.png,Severe,0,False,d8fb2e5b4b686b4b,d8fb2e5b4b686b4b
NEAR-01029,Severe1670.png,Severe,Severe1915.png,Severe,0,False,d8fb2e5b4b686b4b,d8fb2e5b4b686b4b
NEAR-01030,Severe1670.png,Severe,Severe1952.png,Severe,0,False,d8fb2e5b4b686b4b,d8fb2e5b4b686b4b
NEAR-01031,Severe1670.png,Severe,Severe2052.png,Severe,0,False,d8fb2e5b4b686b4b,d8fb2e5b4b686b4b
NEAR-01032,Severe1673.png,Severe,Severe1700.png,Severe,0,False,1d9b132ba97bf7be,1d9b132ba97bf7be
NEAR-01033,Severe1673.png,Severe,Severe1801.png,Severe,0,False,1d9b132ba97bf7be,1d9b132ba97bf7be
NEAR-01034,Severe1673.png,Severe,Severe1901.png,Severe,0,False,1d9b132ba97bf7be,1d9b132ba97bf7be
NEAR-01035,Severe1673.png,Severe,Severe1975.png,Severe,0,False,1d9b132ba97bf7be,1d9b132ba97bf7be
NEAR-01036,Severe1673.png,Severe,Severe2053.png,Severe,0,False,1d9b132ba97bf7be,1d9b132ba97bf7be
NEAR-01037,Severe1673.png,Severe,Severe2070.png,Severe,0,False,1d9b132ba97bf7be,1d9b132ba97bf7be
NEAR-01038,Severe1675.png,Severe,Severe1829.png,Severe,0,False,fe9f5e747071980c,fe9f5e747071980c
NEAR-01039,Severe1675.png,Severe,Severe1980.png,Severe,0,False,fe9f5e747071980c,fe9f5e747071980c
NEAR-01040,Severe1675.png,Severe,Severe2007.png,Severe,0,False,fe9f5e747071980c,fe9f5e747071980c
NEAR-01056,Severe1687.png,Severe,Severe1780.png,Severe,0,False,eb4b81556f2b1919,eb4b81556f2b1919
NEAR-01057,Severe1687.png,Severe,Severe1914.png,Severe,0,False,eb4b81556f2b1919,eb4b81556f2b1919
NEAR-01058,Severe1687.png,Severe,Severe2031.png,Severe,0,False,eb4b81556f2b1919,eb4b81556f2b1919
NEAR-01068,Severe1693.png,Severe,Severe1742.png,Severe,0,False,ee7ededfe6123ede,ee7ededfe6123ede
NEAR-01069,Severe1693.png,Severe,Severe1774.png,Severe,0,False,ee7ededfe6123ede,ee7ededfe6123ede
NEAR-01070,Severe1693.png,Severe,Severe1869.png,Severe,0,False,ee7ededfe6123ede,ee7ededfe6123ede
NEAR-01071,Severe1693.png,Severe,Severe1931.png,Severe,0,False,ee7ededfe6123ede,ee7ededfe6123ede
NEAR-01083,Severe1700.png,Severe,Severe1732.png,Severe,0,False,1d9b132ba97bf7be,1d9b132ba97bf7be
NEAR-01084,Severe1700.png,Severe,Severe1733.png,Severe,0,False,1d9b132ba97bf7be,1d9b132ba97bf7be
NEAR-01085,Severe1700.png,Severe,Severe1968.png,Severe,0,False,1d9b132ba97bf7be,1d9b132ba97bf7be
NEAR-01086,Severe1700.png,Severe,Severe2003.png,Severe,0,False,1d9b132ba97bf7be,1d9b132ba97bf7be
NEAR-01087,Severe1700.png,Severe,Severe2033.png,Severe,0,False,1d9b132ba97bf7be,1d9b132ba97bf7be
NEAR-01088,Severe1700.png,Severe,Severe2048.png,Severe,0,False,1d9b132ba97bf7be,1d9b132ba97bf7be
NEAR-01089,Severe1704.png,Severe,Severe1852.png,Severe,0,False,d8fb2e5b4b686b4b,d8fb2e5b4b686b4b
NEAR-01090,Severe1704.png,Severe,Severe1960.png,Severe,0,False,d8fb2e5b4b686b4b,d8fb2e5b4b686b4b
NEAR-01091,Severe1704.png,Severe,Severe1999.png,Severe,0,False,d8fb2e5b4b686b4b,d8fb2e5b4b686b4b
NEAR-01098,Severe1709.png,Severe,Severe1859.png,Severe,0,False,44cc497b135bc2e2,44cc497b135bc2e2
NEAR-01099,Severe1709.png,Severe,Severe1934.png,Severe,0,False,44cc497b135bc2e2,44cc497b135bc2e2
NEAR-01109,Severe1723.png,Severe,Severe1907.png,Severe,0,False,90b6c6c4c1d1313a,90b6c6c4c1d1313a
NEAR-01110,Severe1723.png,Severe,Severe2086.png,Severe,0,False,90b6c6c4c1d1313a,90b6c6c4c1d1313a
NEAR-01111,Severe1726.png,Severe,Severe1852.png,Severe,0,False,d8fb2e5b4b686b4b,d8fb2e5b4b686b4b
NEAR-01112,Severe1726.png,Severe,Severe1960.png,Severe,0,False,d8fb2e5b4b686b4b,d8fb2e5b4b686b4b
NEAR-01113,Severe1726.png,Severe,Severe1999.png,Severe,0,False,d8fb2e5b4b686b4b,d8fb2e5b4b686b4b
NEAR-01114,Severe1727.png,Severe,Severe1859.png,Severe,0,False,44cc497b135bc2e2,44cc497b135bc2e2
NEAR-01115,Severe1727.png,Severe,Severe1934.png,Severe,0,False,44cc497b135bc2e2,44cc497b135bc2e2
NEAR-01124,Severe1732.png,Severe,Severe1801.png,Severe,0,False,1d9b132ba97bf7be,1d9b132ba97bf7be
NEAR-01125,Severe1732.png,Severe,Severe1901.png,Severe,0,False,1d9b132ba97bf7be,1d9b132ba97bf7be
NEAR-01126,Severe1732.png,Severe,Severe1975.png,Severe,0,False,1d9b132ba97bf7be,1d9b132ba97bf7be
NEAR-01127,Severe1732.png,Severe,Severe2053.png,Severe,0,False,1d9b132ba97bf7be,1d9b132ba97bf7be
NEAR-01128,Severe1732.png,Severe,Severe2070.png,Severe,0,False,1d9b132ba97bf7be,1d9b132ba97bf7be
NEAR-01129,Severe1733.png,Severe,Severe1801.png,Severe,0,False,1d9b132ba97bf7be,1d9b132ba97bf7be
NEAR-01130,Severe1733.png,Severe,Severe1901.png,Severe,0,False,1d9b132ba97bf7be,1d9b132ba97bf7be
NEAR-01131,Severe1733.png,Severe,Severe1975.png,Severe,0,False,1d9b132ba97bf7be,1d9b132ba97bf7be
NEAR-01132,Severe1733.png,Severe,Severe2053.png,Severe,0,False,1d9b132ba97bf7be,1d9b132ba97bf7be
NEAR-01133,Severe1733.png,Severe,Severe2070.png,Severe,0,False,1d9b132ba97bf7be,1d9b132ba97bf7be
NEAR-01143,Severe1736.png,Severe,Severe1899.png,Severe,0,False,f8b8b8f9b9bcee68,f8b8b8f9b9bcee68
NEAR-01149,Severe1742.png,Severe,Severe1768.png,Severe,0,False,ee7ededfe6123ede,ee7ededfe6123ede
NEAR-01150,Severe1742.png,Severe,Severe1843.png,Severe,0,False,ee7ededfe6123ede,ee7ededfe6123ede
NEAR-01151,Severe1742.png,Severe,Severe1858.png,Severe,0,False,ee7ededfe6123ede,ee7ededfe6123ede
NEAR-01152,Severe1742.png,Severe,Severe1948.png,Severe,0,False,ee7ededfe6123ede,ee7ededfe6123ede
NEAR-01153,Severe1742.png,Severe,Severe2065.png,Severe,0,False,ee7ededfe6123ede,ee7ededfe6123ede
NEAR-01160,Severe1755.png,Severe,Severe1790.png,Severe,0,False,dddbc5edc3f576fe,dddbc5edc3f576fe
NEAR-01161,Severe1756.png,Severe,Severe1859.png,Severe,0,False,44cc497b135bc2e2,44cc497b135bc2e2
NEAR-01162,Severe1756.png,Severe,Severe1934.png,Severe,0,False,44cc497b135bc2e2,44cc497b135bc2e2
NEAR-01163,Severe1757.png,Severe,Severe1907.png,Severe,0,False,90b6c6c4c1d1313a,90b6c6c4c1d1313a
NEAR-01164,Severe1757.png,Severe,Severe2086.png,Severe,0,False,90b6c6c4c1d1313a,90b6c6c4c1d1313a
NEAR-01169,Severe1768.png,Severe,Severe1774.png,Severe,0,False,ee7ededfe6123ede,ee7ededfe6123ede
NEAR-01170,Severe1768.png,Severe,Severe1869.png,Severe,0,False,ee7ededfe6123ede,ee7ededfe6123ede
NEAR-01171,Severe1768.png,Severe,Severe1931.png,Severe,0,False,ee7ededfe6123ede,ee7ededfe6123ede
NEAR-01176,Severe1774.png,Severe,Severe1843.png,Severe,0,False,ee7ededfe6123ede,ee7ededfe6123ede
NEAR-01177,Severe1774.png,Severe,Severe1858.png,Severe,0,False,ee7ededfe6123ede,ee7ededfe6123ede
NEAR-01178,Severe1774.png,Severe,Severe1948.png,Severe,0,False,ee7ededfe6123ede,ee7ededfe6123ede
NEAR-01179,Severe1774.png,Severe,Severe2065.png,Severe,0,False,ee7ededfe6123ede,ee7ededfe6123ede
NEAR-01180,Severe1778.png,Severe,Severe1907.png,Severe,0,False,90b6c6c4c1d1313a,90b6c6c4c1d1313a
NEAR-01181,Severe1778.png,Severe,Severe2086.png,Severe,0,False,90b6c6c4c1d1313a,90b6c6c4c1d1313a
NEAR-01182,Severe1780.png,Severe,Severe1913.png,Severe,0,False,eb4b81556f2b1919,eb4b81556f2b1919
NEAR-01183,Severe1780.png,Severe,Severe2025.png,Severe,0,False,eb4b81556f2b1919,eb4b81556f2b1919
NEAR-01184,Severe1780.png,Severe,Severe2051.png,Severe,0,False,eb4b81556f2b1919,eb4b81556f2b1919
NEAR-01185,Severe1781.png,Severe,Severe1907.png,Severe,0,False,90b6c6c4c1d1313a,90b6c6c4c1d1313a
NEAR-01186,Severe1781.png,Severe,Severe2086.png,Severe,0,False,90b6c6c4c1d1313a,90b6c6c4c1d1313a
NEAR-01188,Severe1790.png,Severe,Severe1810.png,Severe,0,False,dddbc5edc3f576fe,dddbc5edc3f576fe
NEAR-01189,Severe1790.png,Severe,Severe1887.png,Severe,0,False,dddbc5edc3f576fe,dddbc5edc3f576fe
NEAR-01190,Severe1790.png,Severe,Severe1911.png,Severe,0,False,dddbc5edc3f576fe,dddbc5edc3f576fe
NEAR-01191,Severe1790.png,Severe,Severe1949.png,Severe,0,False,dddbc5edc3f576fe,dddbc5edc3f576fe
NEAR-01192,Severe1790.png,Severe,Severe1951.png,Severe,0,False,dddbc5edc3f576fe,dddbc5edc3f576fe
NEAR-01193,Severe1790.png,Severe,Severe2037.png,Severe,0,False,dddbc5edc3f576fe,dddbc5edc3f576fe
NEAR-01194,Severe1796.png,Severe,Severe1848.png,Severe,0,False,bcb86a60b052e4b4,bcb86a60b052e4b4
NEAR-01195,Severe1796.png,Severe,Severe2061.png,Severe,0,False,bcb86a60b052e4b4,bcb86a60b052e4b4
NEAR-01196,Severe1797.png,Severe,Severe1859.png,Severe,0,False,44cc497b135bc2e2,44cc497b135bc2e2
NEAR-01197,Severe1797.png,Severe,Severe1934.png,Severe,0,False,44cc497b135bc2e2,44cc497b135bc2e2
NEAR-01200,Severe1801.png,Severe,Severe1968.png,Severe,0,False,1d9b132ba97bf7be,1d9b132ba97bf7be
NEAR-01201,Severe1801.png,Severe,Severe2003.png,Severe,0,False,1d9b132ba97bf7be,1d9b132ba97bf7be
NEAR-01202,Severe1801.png,Severe,Severe2033.png,Severe,0,False,1d9b132ba97bf7be,1d9b132ba97bf7be
NEAR-01203,Severe1801.png,Severe,Severe2048.png,Severe,0,False,1d9b132ba97bf7be,1d9b132ba97bf7be
NEAR-01204,Severe1802.png,Severe,Severe1859.png,Severe,0,False,44cc497b135bc2e2,44cc497b135bc2e2
NEAR-01205,Severe1802.png,Severe,Severe1934.png,Severe,0,False,44cc497b135bc2e2,44cc497b135bc2e2
NEAR-01209,Severe1807.png,Severe,Severe1907.png,Severe,0,False,90b6c6c4c1d1313a,90b6c6c4c1d1313a
NEAR-01210,Severe1807.png,Severe,Severe2086.png,Severe,0,False,90b6c6c4c1d1313a,90b6c6c4c1d1313a
NEAR-01230,Severe1829.png,Severe,Severe1888.png,Severe,0,False,fe9f5e747071980c,fe9f5e747071980c
NEAR-01231,Severe1829.png,Severe,Severe1963.png,Severe,0,False,fe9f5e747071980c,fe9f5e747071980c
NEAR-01232,Severe1829.png,Severe,Severe1994.png,Severe,0,False,fe9f5e747071980c,fe9f5e747071980c
NEAR-01233,Severe1829.png,Severe,Severe2036.png,Severe,0,False,fe9f5e747071980c,fe9f5e747071980c
NEAR-01234,Severe1829.png,Severe,Severe2039.png,Severe,0,False,fe9f5e747071980c,fe9f5e747071980c
NEAR-01235,Severe1839.png,Severe,Severe1899.png,Severe,0,False,f8b8b8f9b9bcee68,f8b8b8f9b9bcee68
NEAR-01236,Severe1843.png,Severe,Severe1869.png,Severe,0,False,ee7ededfe6123ede,ee7ededfe6123ede
NEAR-01237,Severe1843.png,Severe,Severe1931.png,Severe,0,False,ee7ededfe6123ede,ee7ededfe6123ede
NEAR-01238,Severe1846.png,Severe,Severe1899.png,Severe,0,False,f8b8b8f9b9bcee68,f8b8b8f9b9bcee68
NEAR-01239,Severe1848.png,Severe,Severe1870.png,Severe,0,False,bcb86a60b052e4b4,bcb86a60b052e4b4
NEAR-01240,Severe1848.png,Severe,Severe1916.png,Severe,0,False,bcb86a60b052e4b4,bcb86a60b052e4b4
NEAR-01241,Severe1848.png,Severe,Severe1954.png,Severe,0,False,bcb86a60b052e4b4,bcb86a60b052e4b4
NEAR-01242,Severe1848.png,Severe,Severe1985.png,Severe,0,False,bcb86a60b052e4b4,bcb86a60b052e4b4
NEAR-01243,Severe1852.png,Severe,Severe1915.png,Severe,0,False,d8fb2e5b4b686b4b,d8fb2e5b4b686b4b
NEAR-01244,Severe1852.png,Severe,Severe1952.png,Severe,0,False,d8fb2e5b4b686b4b,d8fb2e5b4b686b4b
NEAR-01245,Severe1852.png,Severe,Severe2052.png,Severe,0,False,d8fb2e5b4b686b4b,d8fb2e5b4b686b4b
NEAR-01248,Severe1858.png,Severe,Severe1869.png,Severe,0,False,ee7ededfe6123ede,ee7ededfe6123ede
NEAR-01249,Severe1858.png,Severe,Severe1931.png,Severe,0,False,ee7ededfe6123ede,ee7ededfe6123ede
NEAR-01250,Severe1859.png,Severe,Severe1943.png,Severe,0,False,44cc497b135bc2e2,44cc497b135bc2e2
NEAR-01251,Severe1859.png,Severe,Severe2001.png,Severe,0,False,44cc497b135bc2e2,44cc497b135bc2e2
NEAR-01252,Severe1859.png,Severe,Severe2030.png,Severe,0,False,44cc497b135bc2e2,44cc497b135bc2e2
NEAR-01253,Severe1859.png,Severe,Severe2041.png,Severe,0,False,44cc497b135bc2e2,44cc497b135bc2e2
NEAR-01254,Severe1859.png,Severe,Severe2055.png,Severe,0,False,44cc497b135bc2e2,44cc497b135bc2e2
NEAR-01255,Severe1859.png,Severe,Severe2057.png,Severe,0,False,44cc497b135bc2e2,44cc497b135bc2e2
NEAR-01256,Severe1859.png,Severe,Severe2066.png,Severe,0,False,44cc497b135bc2e2,44cc497b135bc2e2
NEAR-01263,Severe1869.png,Severe,Severe1948.png,Severe,0,False,ee7ededfe6123ede,ee7ededfe6123ede
NEAR-01264,Severe1869.png,Severe,Severe2065.png,Severe,0,False,ee7ededfe6123ede,ee7ededfe6123ede
NEAR-01265,Severe1870.png,Severe,Severe2061.png,Severe,0,False,bcb86a60b052e4b4,bcb86a60b052e4b4
NEAR-01268,Severe1886.png,Severe,Severe1899.png,Severe,0,False,f8b8b8f9b9bcee68,f8b8b8f9b9bcee68
NEAR-01269,Severe1888.png,Severe,Severe1980.png,Severe,0,False,fe9f5e747071980c,fe9f5e747071980c
NEAR-01270,Severe1888.png,Severe,Severe2007.png,Severe,0,False,fe9f5e747071980c,fe9f5e747071980c
NEAR-01275,Severe1899.png,Severe,Severe1938.png,Severe,0,False,f8b8b8f9b9bcee68,f8b8b8f9b9bcee68
NEAR-01276,Severe1899.png,Severe,Severe1967.png,Severe,0,False,f8b8b8f9b9bcee68,f8b8b8f9b9bcee68
NEAR-01277,Severe1899.png,Severe,Severe2000.png,Severe,0,False,f8b8b8f9b9bcee68,f8b8b8f9b9bcee68
NEAR-01278,Severe1899.png,Severe,Severe2085.png,Severe,0,False,f8b8b8f9b9bcee68,f8b8b8f9b9bcee68
NEAR-01279,Severe1901.png,Severe,Severe1968.png,Severe,0,False,1d9b132ba97bf7be,1d9b132ba97bf7be
NEAR-01280,Severe1901.png,Severe,Severe2003.png,Severe,0,False,1d9b132ba97bf7be,1d9b132ba97bf7be
NEAR-01281,Severe1901.png,Severe,Severe2033.png,Severe,0,False,1d9b132ba97bf7be,1d9b132ba97bf7be
NEAR-01282,Severe1901.png,Severe,Severe2048.png,Severe,0,False,1d9b132ba97bf7be,1d9b132ba97bf7be
NEAR-01285,Severe1907.png,Severe,Severe1956.png,Severe,0,False,90b6c6c4c1d1313a,90b6c6c4c1d1313a
NEAR-01288,Severe1913.png,Severe,Severe1914.png,Severe,0,False,eb4b81556f2b1919,eb4b81556f2b1919
NEAR-01289,Severe1913.png,Severe,Severe2031.png,Severe,0,False,eb4b81556f2b1919,eb4b81556f2b1919
NEAR-01290,Severe1914.png,Severe,Severe2025.png,Severe,0,False,eb4b81556f2b1919,eb4b81556f2b1919
NEAR-01291,Severe1914.png,Severe,Severe2051.png,Severe,0,False,eb4b81556f2b1919,eb4b81556f2b1919
NEAR-01292,Severe1915.png,Severe,Severe1960.png,Severe,0,False,d8fb2e5b4b686b4b,d8fb2e5b4b686b4b
NEAR-01293,Severe1915.png,Severe,Severe1999.png,Severe,0,False,d8fb2e5b4b686b4b,d8fb2e5b4b686b4b
NEAR-01294,Severe1916.png,Severe,Severe2061.png,Severe,0,False,bcb86a60b052e4b4,bcb86a60b052e4b4
NEAR-01295,Severe1931.png,Severe,Severe1948.png,Severe,0,False,ee7ededfe6123ede,ee7ededfe6123ede
NEAR-01296,Severe1931.png,Severe,Severe2065.png,Severe,0,False,ee7ededfe6123ede,ee7ededfe6123ede
NEAR-01299,Severe1934.png,Severe,Severe1943.png,Severe,0,False,44cc497b135bc2e2,44cc497b135bc2e2
NEAR-01300,Severe1934.png,Severe,Severe2001.png,Severe,0,False,44cc497b135bc2e2,44cc497b135bc2e2
NEAR-01301,Severe1934.png,Severe,Severe2030.png,Severe,0,False,44cc497b135bc2e2,44cc497b135bc2e2
NEAR-01302,Severe1934.png,Severe,Severe2041.png,Severe,0,False,44cc497b135bc2e2,44cc497b135bc2e2
NEAR-01303,Severe1934.png,Severe,Severe2055.png,Severe,0,False,44cc497b135bc2e2,44cc497b135bc2e2
NEAR-01304,Severe1934.png,Severe,Severe2057.png,Severe,0,False,44cc497b135bc2e2,44cc497b135bc2e2
NEAR-01305,Severe1934.png,Severe,Severe2066.png,Severe,0,False,44cc497b135bc2e2,44cc497b135bc2e2
NEAR-01306,Severe1952.png,Severe,Severe1960.png,Severe,0,False,d8fb2e5b4b686b4b,d8fb2e5b4b686b4b
NEAR-01307,Severe1952.png,Severe,Severe1999.png,Severe,0,False,d8fb2e5b4b686b4b,d8fb2e5b4b686b4b
NEAR-01308,Severe1954.png,Severe,Severe2061.png,Severe,0,False,bcb86a60b052e4b4,bcb86a60b052e4b4
NEAR-01309,Severe1956.png,Severe,Severe2086.png,Severe,0,False,90b6c6c4c1d1313a,90b6c6c4c1d1313a
NEAR-01310,Severe1960.png,Severe,Severe2052.png,Severe,0,False,d8fb2e5b4b686b4b,d8fb2e5b4b686b4b
NEAR-01311,Severe1963.png,Severe,Severe1980.png,Severe,0,False,fe9f5e747071980c,fe9f5e747071980c
NEAR-01312,Severe1963.png,Severe,Severe2007.png,Severe,0,False,fe9f5e747071980c,fe9f5e747071980c
NEAR-01313,Severe1968.png,Severe,Severe1975.png,Severe,0,False,1d9b132ba97bf7be,1d9b132ba97bf7be
NEAR-01314,Severe1968.png,Severe,Severe2053.png,Severe,0,False,1d9b132ba97bf7be,1d9b132ba97bf7be
NEAR-01315,Severe1968.png,Severe,Severe2070.png,Severe,0,False,1d9b132ba97bf7be,1d9b132ba97bf7be
NEAR-01318,Severe1975.png,Severe,Severe2003.png,Severe,0,False,1d9b132ba97bf7be,1d9b132ba97bf7be
NEAR-01319,Severe1975.png,Severe,Severe2033.png,Severe,0,False,1d9b132ba97bf7be,1d9b132ba97bf7be
NEAR-01320,Severe1975.png,Severe,Severe2048.png,Severe,0,False,1d9b132ba97bf7be,1d9b132ba97bf7be
NEAR-01322,Severe1980.png,Severe,Severe1994.png,Severe,0,False,fe9f5e747071980c,fe9f5e747071980c
NEAR-01323,Severe1980.png,Severe,Severe2036.png,Severe,0,False,fe9f5e747071980c,fe9f5e747071980c
NEAR-01324,Severe1980.png,Severe,Severe2039.png,Severe,0,False,fe9f5e747071980c,fe9f5e747071980c
NEAR-01326,Severe1985.png,Severe,Severe2061.png,Severe,0,False,bcb86a60b052e4b4,bcb86a60b052e4b4
NEAR-01328,Severe1994.png,Severe,Severe2007.png,Severe,0,False,fe9f5e747071980c,fe9f5e747071980c
NEAR-01329,Severe1999.png,Severe,Severe2052.png,Severe,0,False,d8fb2e5b4b686b4b,d8fb2e5b4b686b4b
NEAR-01330,Severe2003.png,Severe,Severe2053.png,Severe,0,False,1d9b132ba97bf7be,1d9b132ba97bf7be
NEAR-01331,Severe2003.png,Severe,Severe2070.png,Severe,0,False,1d9b132ba97bf7be,1d9b132ba97bf7be
NEAR-01334,Severe2007.png,Severe,Severe2036.png,Severe,0,False,fe9f5e747071980c,fe9f5e747071980c
NEAR-01335,Severe2007.png,Severe,Severe2039.png,Severe,0,False,fe9f5e747071980c,fe9f5e747071980c
NEAR-01337,Severe2025.png,Severe,Severe2031.png,Severe,0,False,eb4b81556f2b1919,eb4b81556f2b1919
NEAR-01339,Severe2031.png,Severe,Severe2051.png,Severe,0,False,eb4b81556f2b1919,eb4b81556f2b1919
NEAR-01340,Severe2033.png,Severe,Severe2053.png,Severe,0,False,1d9b132ba97bf7be,1d9b132ba97bf7be
NEAR-01341,Severe2033.png,Severe,Severe2070.png,Severe,0,False,1d9b132ba97bf7be,1d9b132ba97bf7be
NEAR-01344,Severe2048.png,Severe,Severe2053.png,Severe,0,False,1d9b132ba97bf7be,1d9b132ba97bf7be
NEAR-01345,Severe2048.png,Severe,Severe2070.png,Severe,0,False,1d9b132ba97bf7be,1d9b132ba97bf7be
NEAR-00004,Mild1007.png,Mild,Mild1170.png,Mild,1,False,a0390e2225bd8d65,a8390e2225bd8d65
NEAR-00005,Mild1007.png,Mild,Mild1234.png,Mild,1,False,a0390e2225bd8d65,a8390e2225bd8d65
NEAR-00006,Mild1007.png,Mild,Mild1271.png,Mild,1,False,a0390e2225bd8d65,a8390e2225bd8d65
NEAR-00012,Mild1025.png,Mild,Mild1276.png,Mild,1,False,49b92f8b9b8fa927,49b92f8b9b8fa92f
NEAR-00013,Mild1025.png,Mild,Mild875.png,Mild,1,False,49b92f8b9b8fa927,49b92f8b9b8fa92f
NEAR-00016,Mild1035.png,Mild,Mild1040.png,Mild,1,False,33d1e1d1d088cc48,33d1c1d1d088cc48
NEAR-00017,Mild1035.png,Mild,Mild1114.png,Mild,1,False,33d1e1d1d088cc48,33d1c1d1d088cc48
NEAR-00018,Mild1035.png,Mild,Mild946.png,Mild,1,False,33d1e1d1d088cc48,33d1c1d1d088cc48
NEAR-00021,Mild1040.png,Mild,Mild1256.png,Mild,1,False,33d1c1d1d088cc48,33d1e1d1d088cc48
NEAR-00047,Mild1088.png,Mild,Mild1170.png,Mild,1,False,a0390e2225bd8d65,a8390e2225bd8d65
NEAR-00048,Mild1088.png,Mild,Mild1234.png,Mild,1,False,a0390e2225bd8d65,a8390e2225bd8d65
NEAR-00049,Mild1088.png,Mild,Mild1271.png,Mild,1,False,a0390e2225bd8d65,a8390e2225bd8d65
NEAR-00054,Mild1114.png,Mild,Mild1256.png,Mild,1,False,33d1c1d1d088cc48,33d1e1d1d088cc48
NEAR-00059,Mild1123.png,Mild,Mild1338.png,Mild,1,False,a42d716b96c4e4e0,a42d716b96c4e4e1
NEAR-00060,Mild1123.png,Mild,Mild765.png,Mild,1,False,a42d716b96c4e4e0,a42d716b96c4e4e1
NEAR-00061,Mild1123.png,Mild,Mild830.png,Mild,1,False,a42d716b96c4e4e0,a42d716b96c4e4e1
NEAR-00062,Mild1123.png,Mild,Mild850.png,Mild,1,False,a42d716b96c4e4e0,a42d716b96c4e4e1
NEAR-00063,Mild1123.png,Mild,Mild860.png,Mild,1,False,a42d716b96c4e4e0,a42d716b96c4e4e1
NEAR-00064,Mild1125.png,Mild,Severe1513.png,Severe,1,True,1cb3ab92998b19e5,1cf3ab92998b19e5
NEAR-00065,Mild1125.png,Mild,Severe1518.png,Severe,1,True,1cb3ab92998b19e5,1cf3ab92998b19e5
NEAR-00066,Mild1125.png,Mild,Severe1632.png,Severe,1,True,1cb3ab92998b19e5,1cf3ab92998b19e5
NEAR-00067,Mild1125.png,Mild,Severe1689.png,Severe,1,True,1cb3ab92998b19e5,1cf3ab92998b19e5
NEAR-00068,Mild1125.png,Mild,Severe1836.png,Severe,1,True,1cb3ab92998b19e5,1cf3ab92998b19e5
NEAR-00069,Mild1125.png,Mild,Severe1865.png,Severe,1,True,1cb3ab92998b19e5,1cf3ab92998b19e5
NEAR-00070,Mild1125.png,Mild,Severe1921.png,Severe,1,True,1cb3ab92998b19e5,1cf3ab92998b19e5
NEAR-00071,Mild1125.png,Mild,Severe1929.png,Severe,1,True,1cb3ab92998b19e5,1cf3ab92998b19e5
NEAR-00078,Mild1144.png,Mild,Severe1513.png,Severe,1,True,1cb3ab92998b19e5,1cf3ab92998b19e5
NEAR-00079,Mild1144.png,Mild,Severe1518.png,Severe,1,True,1cb3ab92998b19e5,1cf3ab92998b19e5
NEAR-00080,Mild1144.png,Mild,Severe1632.png,Severe,1,True,1cb3ab92998b19e5,1cf3ab92998b19e5
NEAR-00081,Mild1144.png,Mild,Severe1689.png,Severe,1,True,1cb3ab92998b19e5,1cf3ab92998b19e5
NEAR-00082,Mild1144.png,Mild,Severe1836.png,Severe,1,True,1cb3ab92998b19e5,1cf3ab92998b19e5
NEAR-00083,Mild1144.png,Mild,Severe1865.png,Severe,1,True,1cb3ab92998b19e5,1cf3ab92998b19e5
NEAR-00084,Mild1144.png,Mild,Severe1921.png,Severe,1,True,1cb3ab92998b19e5,1cf3ab92998b19e5
NEAR-00085,Mild1144.png,Mild,Severe1929.png,Severe,1,True,1cb3ab92998b19e5,1cf3ab92998b19e5
NEAR-00096,Mild1161.png,Mild,Mild1242.png,Mild,1,False,4848cccc899327e3,4848ccccc99327e3
NEAR-00097,Mild1161.png,Mild,Mild1359.png,Mild,1,False,4848cccc899327e3,4848ccccc99327e3
NEAR-00098,Mild1161.png,Mild,Mild756.png,Mild,1,False,4848cccc899327e3,4848ccccc99327e3
NEAR-00099,Mild1161.png,Mild,Mild775.png,Mild,1,False,4848cccc899327e3,4848ccccc99327e3
NEAR-00100,Mild1161.png,Mild,Mild782.png,Mild,1,False,4848cccc899327e3,4848ccccc99327e3
NEAR-00101,Mild1164.png,Mild,Mild1338.png,Mild,1,False,a42d716b96c4e4e0,a42d716b96c4e4e1
NEAR-00102,Mild1164.png,Mild,Mild765.png,Mild,1,False,a42d716b96c4e4e0,a42d716b96c4e4e1
NEAR-00103,Mild1164.png,Mild,Mild830.png,Mild,1,False,a42d716b96c4e4e0,a42d716b96c4e4e1
NEAR-00104,Mild1164.png,Mild,Mild850.png,Mild,1,False,a42d716b96c4e4e0,a42d716b96c4e4e1
NEAR-00105,Mild1164.png,Mild,Mild860.png,Mild,1,False,a42d716b96c4e4e0,a42d716b96c4e4e1
NEAR-00109,Mild1170.png,Mild,Mild715.png,Mild,1,False,a8390e2225bd8d65,a0390e2225bd8d65
NEAR-00110,Mild1170.png,Mild,Mild791.png,Mild,1,False,a8390e2225bd8d65,a0390e2225bd8d65
NEAR-00111,Mild1170.png,Mild,Mild958.png,Mild,1,False,a8390e2225bd8d65,a0390e2225bd8d65
NEAR-00145,Mild1218.png,Mild,Mild866.png,Mild,1,False,8c5fcb91717873e4,8c5fcb9171787364
NEAR-00160,Mild1234.png,Mild,Mild715.png,Mild,1,False,a8390e2225bd8d65,a0390e2225bd8d65
NEAR-00161,Mild1234.png,Mild,Mild791.png,Mild,1,False,a8390e2225bd8d65,a0390e2225bd8d65
NEAR-00162,Mild1234.png,Mild,Mild958.png,Mild,1,False,a8390e2225bd8d65,a0390e2225bd8d65
NEAR-00163,Mild1242.png,Mild,Mild1384.png,Mild,1,False,4848ccccc99327e3,4848cccc899327e3
NEAR-00164,Mild1242.png,Mild,Mild998.png,Mild,1,False,4848ccccc99327e3,4848cccc899327e3
NEAR-00168,Mild1256.png,Mild,Mild946.png,Mild,1,False,33d1e1d1d088cc48,33d1c1d1d088cc48
NEAR-00172,Mild1271.png,Mild,Mild715.png,Mild,1,False,a8390e2225bd8d65,a0390e2225bd8d65
NEAR-00173,Mild1271.png,Mild,Mild791.png,Mild,1,False,a8390e2225bd8d65,a0390e2225bd8d65
NEAR-00174,Mild1271.png,Mild,Mild958.png,Mild,1,False,a8390e2225bd8d65,a0390e2225bd8d65
NEAR-00175,Mild1276.png,Mild,Mild1320.png,Mild,1,False,49b92f8b9b8fa92f,49b92f8b9b8fa927
NEAR-00181,Mild1284.png,Mild,Severe1429.png,Severe,1,True,c6445c4e287c1030,c6445c4e287c10b0
NEAR-00182,Mild1284.png,Mild,Severe1539.png,Severe,1,True,c6445c4e287c1030,c6445c4e287c10b0
NEAR-00183,Mild1284.png,Mild,Severe1543.png,Severe,1,True,c6445c4e287c1030,c6445c4e287c10b0
NEAR-00184,Mild1284.png,Mild,Severe1544.png,Severe,1,True,c6445c4e287c1030,c6445c4e287c10b0
NEAR-00185,Mild1284.png,Mild,Severe1551.png,Severe,1,True,c6445c4e287c1030,c6445c4e287c10b0
NEAR-00186,Mild1284.png,Mild,Severe1587.png,Severe,1,True,c6445c4e287c1030,c6445c4e287c10b0
NEAR-00187,Mild1284.png,Mild,Severe1694.png,Severe,1,True,c6445c4e287c1030,c6445c4e287c10b0
NEAR-00188,Mild1284.png,Mild,Severe1873.png,Severe,1,True,c6445c4e287c1030,c6445c4e287c10b0
NEAR-00189,Mild1284.png,Mild,Severe2028.png,Severe,1,True,c6445c4e287c1030,c6445c4e287c10b0
NEAR-00190,Mild1284.png,Mild,Severe2032.png,Severe,1,True,c6445c4e287c1030,c6445c4e287c10b0
NEAR-00191,Mild1286.png,Mild,Normal321.png,Normal,1,True,b36e6e6bcd941436,b36e6e6bcd941416
NEAR-00201,Mild1293.png,Mild,Normal321.png,Normal,1,True,b36e6e6bcd941436,b36e6e6bcd941416
NEAR-00216,Mild1304.png,Mild,Mild1338.png,Mild,1,False,a42d716b96c4e4e0,a42d716b96c4e4e1
NEAR-00217,Mild1304.png,Mild,Mild765.png,Mild,1,False,a42d716b96c4e4e0,a42d716b96c4e4e1
NEAR-00218,Mild1304.png,Mild,Mild830.png,Mild,1,False,a42d716b96c4e4e0,a42d716b96c4e4e1
NEAR-00219,Mild1304.png,Mild,Mild850.png,Mild,1,False,a42d716b96c4e4e0,a42d716b96c4e4e1
NEAR-00220,Mild1304.png,Mild,Mild860.png,Mild,1,False,a42d716b96c4e4e0,a42d716b96c4e4e1
NEAR-00231,Mild1320.png,Mild,Mild875.png,Mild,1,False,49b92f8b9b8fa927,49b92f8b9b8fa92f
NEAR-00245,Mild1338.png,Mild,Mild713.png,Mild,1,False,a42d716b96c4e4e1,a42d716b96c4e4e0
NEAR-00246,Mild1338.png,Mild,Mild789.png,Mild,1,False,a42d716b96c4e4e1,a42d716b96c4e4e0
NEAR-00247,Mild1338.png,Mild,Mild852.png,Mild,1,False,a42d716b96c4e4e1,a42d716b96c4e4e0
NEAR-00248,Mild1338.png,Mild,Mild930.png,Mild,1,False,a42d716b96c4e4e1,a42d716b96c4e4e0
NEAR-00249,Mild1338.png,Mild,Mild966.png,Mild,1,False,a42d716b96c4e4e1,a42d716b96c4e4e0
NEAR-00256,Mild1359.png,Mild,Mild1384.png,Mild,1,False,4848ccccc99327e3,4848cccc899327e3
NEAR-00257,Mild1359.png,Mild,Mild998.png,Mild,1,False,4848ccccc99327e3,4848cccc899327e3
NEAR-00260,Mild1378.png,Mild,Mild741.png,Mild,1,False,8bc73f5c33b96726,8bc53f5c33b96726
NEAR-00261,Mild1378.png,Mild,Mild772.png,Mild,1,False,8bc73f5c33b96726,8bc53f5c33b96726
NEAR-00262,Mild1378.png,Mild,Mild854.png,Mild,1,False,8bc73f5c33b96726,8bc53f5c33b96726
NEAR-00263,Mild1378.png,Mild,Mild982.png,Mild,1,False,8bc73f5c33b96726,8bc53f5c33b96726
NEAR-00264,Mild1384.png,Mild,Mild756.png,Mild,1,False,4848cccc899327e3,4848ccccc99327e3
NEAR-00265,Mild1384.png,Mild,Mild775.png,Mild,1,False,4848cccc899327e3,4848ccccc99327e3
NEAR-00266,Mild1384.png,Mild,Mild782.png,Mild,1,False,4848cccc899327e3,4848ccccc99327e3
NEAR-00268,Mild700.png,Mild,Severe1429.png,Severe,1,True,c6445c4e287c1030,c6445c4e287c10b0
NEAR-00269,Mild700.png,Mild,Severe1539.png,Severe,1,True,c6445c4e287c1030,c6445c4e287c10b0
NEAR-00270,Mild700.png,Mild,Severe1543.png,Severe,1,True,c6445c4e287c1030,c6445c4e287c10b0
NEAR-00271,Mild700.png,Mild,Severe1544.png,Severe,1,True,c6445c4e287c1030,c6445c4e287c10b0
NEAR-00272,Mild700.png,Mild,Severe1551.png,Severe,1,True,c6445c4e287c1030,c6445c4e287c10b0
NEAR-00273,Mild700.png,Mild,Severe1587.png,Severe,1,True,c6445c4e287c1030,c6445c4e287c10b0
NEAR-00274,Mild700.png,Mild,Severe1694.png,Severe,1,True,c6445c4e287c1030,c6445c4e287c10b0
NEAR-00275,Mild700.png,Mild,Severe1873.png,Severe,1,True,c6445c4e287c1030,c6445c4e287c10b0
NEAR-00276,Mild700.png,Mild,Severe2028.png,Severe,1,True,c6445c4e287c1030,c6445c4e287c10b0
NEAR-00277,Mild700.png,Mild,Severe2032.png,Severe,1,True,c6445c4e287c1030,c6445c4e287c10b0
NEAR-00278,Mild709.png,Mild,Severe1429.png,Severe,1,True,c6445c4e287c1030,c6445c4e287c10b0
NEAR-00279,Mild709.png,Mild,Severe1539.png,Severe,1,True,c6445c4e287c1030,c6445c4e287c10b0
NEAR-00280,Mild709.png,Mild,Severe1543.png,Severe,1,True,c6445c4e287c1030,c6445c4e287c10b0
NEAR-00281,Mild709.png,Mild,Severe1544.png,Severe,1,True,c6445c4e287c1030,c6445c4e287c10b0
NEAR-00282,Mild709.png,Mild,Severe1551.png,Severe,1,True,c6445c4e287c1030,c6445c4e287c10b0
NEAR-00283,Mild709.png,Mild,Severe1587.png,Severe,1,True,c6445c4e287c1030,c6445c4e287c10b0
NEAR-00284,Mild709.png,Mild,Severe1694.png,Severe,1,True,c6445c4e287c1030,c6445c4e287c10b0
NEAR-00285,Mild709.png,Mild,Severe1873.png,Severe,1,True,c6445c4e287c1030,c6445c4e287c10b0
NEAR-00286,Mild709.png,Mild,Severe2028.png,Severe,1,True,c6445c4e287c1030,c6445c4e287c10b0
NEAR-00287,Mild709.png,Mild,Severe2032.png,Severe,1,True,c6445c4e287c1030,c6445c4e287c10b0
NEAR-00288,Mild713.png,Mild,Mild765.png,Mild,1,False,a42d716b96c4e4e0,a42d716b96c4e4e1
NEAR-00289,Mild713.png,Mild,Mild830.png,Mild,1,False,a42d716b96c4e4e0,a42d716b96c4e4e1
NEAR-00290,Mild713.png,Mild,Mild850.png,Mild,1,False,a42d716b96c4e4e0,a42d716b96c4e4e1
NEAR-00291,Mild713.png,Mild,Mild860.png,Mild,1,False,a42d716b96c4e4e0,a42d716b96c4e4e1
NEAR-00296,Mild740.png,Mild,Mild866.png,Mild,1,False,8c5fcb91717873e4,8c5fcb9171787364
NEAR-00297,Mild741.png,Mild,Mild819.png,Mild,1,False,8bc53f5c33b96726,8bc73f5c33b96726
NEAR-00298,Mild741.png,Mild,Mild856.png,Mild,1,False,8bc53f5c33b96726,8bc73f5c33b96726
NEAR-00299,Mild741.png,Mild,Mild867.png,Mild,1,False,8bc53f5c33b96726,8bc73f5c33b96726
NEAR-00302,Mild756.png,Mild,Mild998.png,Mild,1,False,4848ccccc99327e3,4848cccc899327e3
NEAR-00303,Mild762.png,Mild,Normal321.png,Normal,1,True,b36e6e6bcd941436,b36e6e6bcd941416
NEAR-00320,Mild765.png,Mild,Mild789.png,Mild,1,False,a42d716b96c4e4e1,a42d716b96c4e4e0
NEAR-00321,Mild765.png,Mild,Mild852.png,Mild,1,False,a42d716b96c4e4e1,a42d716b96c4e4e0
NEAR-00322,Mild765.png,Mild,Mild930.png,Mild,1,False,a42d716b96c4e4e1,a42d716b96c4e4e0
NEAR-00323,Mild765.png,Mild,Mild966.png,Mild,1,False,a42d716b96c4e4e1,a42d716b96c4e4e0
NEAR-00328,Mild772.png,Mild,Mild819.png,Mild,1,False,8bc53f5c33b96726,8bc73f5c33b96726
NEAR-00329,Mild772.png,Mild,Mild856.png,Mild,1,False,8bc53f5c33b96726,8bc73f5c33b96726
NEAR-00330,Mild772.png,Mild,Mild867.png,Mild,1,False,8bc53f5c33b96726,8bc73f5c33b96726
NEAR-00331,Mild775.png,Mild,Mild998.png,Mild,1,False,4848ccccc99327e3,4848cccc899327e3
NEAR-00334,Mild782.png,Mild,Mild998.png,Mild,1,False,4848ccccc99327e3,4848cccc899327e3
NEAR-00335,Mild789.png,Mild,Mild830.png,Mild,1,False,a42d716b96c4e4e0,a42d716b96c4e4e1
NEAR-00336,Mild789.png,Mild,Mild850.png,Mild,1,False,a42d716b96c4e4e0,a42d716b96c4e4e1
NEAR-00337,Mild789.png,Mild,Mild860.png,Mild,1,False,a42d716b96c4e4e0,a42d716b96c4e4e1
NEAR-00351,Mild819.png,Mild,Mild854.png,Mild,1,False,8bc73f5c33b96726,8bc53f5c33b96726
NEAR-00352,Mild819.png,Mild,Mild982.png,Mild,1,False,8bc73f5c33b96726,8bc53f5c33b96726
NEAR-00355,Mild830.png,Mild,Mild852.png,Mild,1,False,a42d716b96c4e4e1,a42d716b96c4e4e0
NEAR-00356,Mild830.png,Mild,Mild930.png,Mild,1,False,a42d716b96c4e4e1,a42d716b96c4e4e0
NEAR-00357,Mild830.png,Mild,Mild966.png,Mild,1,False,a42d716b96c4e4e1,a42d716b96c4e4e0
NEAR-00358,Mild850.png,Mild,Mild852.png,Mild,1,False,a42d716b96c4e4e1,a42d716b96c4e4e0
NEAR-00359,Mild850.png,Mild,Mild930.png,Mild,1,False,a42d716b96c4e4e1,a42d716b96c4e4e0
NEAR-00360,Mild850.png,Mild,Mild966.png,Mild,1,False,a42d716b96c4e4e1,a42d716b96c4e4e0
NEAR-00361,Mild852.png,Mild,Mild860.png,Mild,1,False,a42d716b96c4e4e0,a42d716b96c4e4e1
NEAR-00362,Mild854.png,Mild,Mild856.png,Mild,1,False,8bc53f5c33b96726,8bc73f5c33b96726
NEAR-00363,Mild854.png,Mild,Mild867.png,Mild,1,False,8bc53f5c33b96726,8bc73f5c33b96726
NEAR-00364,Mild856.png,Mild,Mild982.png,Mild,1,False,8bc73f5c33b96726,8bc53f5c33b96726
NEAR-00365,Mild860.png,Mild,Mild930.png,Mild,1,False,a42d716b96c4e4e1,a42d716b96c4e4e0
NEAR-00366,Mild860.png,Mild,Mild966.png,Mild,1,False,a42d716b96c4e4e1,a42d716b96c4e4e0
NEAR-00369,Mild867.png,Mild,Mild982.png,Mild,1,False,8bc73f5c33b96726,8bc53f5c33b96726
NEAR-00371,Mild905.png,Mild,Severe1429.png,Severe,1,True,c6445c4e287c1030,c6445c4e287c10b0
NEAR-00372,Mild905.png,Mild,Severe1539.png,Severe,1,True,c6445c4e287c1030,c6445c4e287c10b0
NEAR-00373,Mild905.png,Mild,Severe1543.png,Severe,1,True,c6445c4e287c1030,c6445c4e287c10b0
NEAR-00374,Mild905.png,Mild,Severe1544.png,Severe,1,True,c6445c4e287c1030,c6445c4e287c10b0
NEAR-00375,Mild905.png,Mild,Severe1551.png,Severe,1,True,c6445c4e287c1030,c6445c4e287c10b0
NEAR-00376,Mild905.png,Mild,Severe1587.png,Severe,1,True,c6445c4e287c1030,c6445c4e287c10b0
NEAR-00377,Mild905.png,Mild,Severe1694.png,Severe,1,True,c6445c4e287c1030,c6445c4e287c10b0
NEAR-00378,Mild905.png,Mild,Severe1873.png,Severe,1,True,c6445c4e287c1030,c6445c4e287c10b0
NEAR-00379,Mild905.png,Mild,Severe2028.png,Severe,1,True,c6445c4e287c1030,c6445c4e287c10b0
NEAR-00380,Mild905.png,Mild,Severe2032.png,Severe,1,True,c6445c4e287c1030,c6445c4e287c10b0
NEAR-00381,Mild923.png,Mild,Normal321.png,Normal,1,True,b36e6e6bcd941436,b36e6e6bcd941416
NEAR-00384,Mild949.png,Mild,Normal321.png,Normal,1,True,b36e6e6bcd941436,b36e6e6bcd941416
NEAR-00388,Mild981.png,Mild,Normal321.png,Normal,1,True,b36e6e6bcd941436,b36e6e6bcd941416
NEAR-00396,Normal1.png,Normal,Normal28.png,Normal,1,False,f1dc7cfcd852d0d4,f1dc7cfcd850d0d4
NEAR-00397,Normal126.png,Normal,Normal677.png,Normal,1,False,0d105812b2a05959,0d105812baa05959
NEAR-00416,Normal2.png,Normal,Normal494.png,Normal,1,False,6670c06376163a1a,7670c06376163a1a
NEAR-00417,Normal2.png,Normal,Normal63.png,Normal,1,False,6670c06376163a1a,7670c06376163a1a
NEAR-00426,Normal28.png,Normal,Normal322.png,Normal,1,False,f1dc7cfcd850d0d4,f1dc7cfcd852d0d4
NEAR-00428,Normal288.png,Normal,Normal646.png,Normal,1,False,81880e221644fc1c,c1880e221644fc1c
NEAR-00430,Normal307.png,Normal,Normal646.png,Normal,1,False,81880e221644fc1c,c1880e221644fc1c
NEAR-00437,Normal376.png,Normal,Normal669.png,Normal,1,False,31c34bc9c92dcb61,31c34bc9c96dcb61
NEAR-00441,Normal426.png,Normal,Normal92.png,Normal,1,False,c807bcc8cc87a3f4,c887bcc8cc87a3f4
NEAR-00460,Normal568.png,Normal,Normal619.png,Normal,1,False,344c8cecec642666,344c8cec6c642666
NEAR-00462,Normal622.png,Normal,Normal646.png,Normal,1,False,81880e221644fc1c,c1880e221644fc1c
NEAR-00465,Normal665.png,Normal,Normal669.png,Normal,1,False,31c34bc9c92dcb61,31c34bc9c96dcb61
NEAR-00466,Severe1397.png,Severe,Severe1425.png,Severe,1,False,377761d543e3cd8d,377761d543c3cd8d
NEAR-00467,Severe1397.png,Severe,Severe1667.png,Severe,1,False,377761d543e3cd8d,377761d543c3cd8d
NEAR-00468,Severe1397.png,Severe,Severe1695.png,Severe,1,False,377761d543e3cd8d,377761d543c3cd8d
NEAR-00469,Severe1397.png,Severe,Severe1771.png,Severe,1,False,377761d543e3cd8d,377761d543c3cd8d
NEAR-00487,Severe1406.png,Severe,Severe1425.png,Severe,1,False,377761d543e3cd8d,377761d543c3cd8d
NEAR-00488,Severe1406.png,Severe,Severe1667.png,Severe,1,False,377761d543e3cd8d,377761d543c3cd8d
NEAR-00489,Severe1406.png,Severe,Severe1695.png,Severe,1,False,377761d543e3cd8d,377761d543c3cd8d
NEAR-00490,Severe1406.png,Severe,Severe1771.png,Severe,1,False,377761d543e3cd8d,377761d543c3cd8d
NEAR-00508,Severe1422.png,Severe,Severe1450.png,Severe,1,False,316f746cc13010f7,316f746cc13010f5
NEAR-00509,Severe1422.png,Severe,Severe1484.png,Severe,1,False,316f746cc13010f7,316f746cc13010f5
NEAR-00510,Severe1422.png,Severe,Severe1485.png,Severe,1,False,316f746cc13010f7,316f746cc13010f5
NEAR-00511,Severe1422.png,Severe,Severe1533.png,Severe,1,False,316f746cc13010f7,316f746cc13010f5
NEAR-00512,Severe1422.png,Severe,Severe1578.png,Severe,1,False,316f746cc13010f7,316f746cc13010f5
NEAR-00513,Severe1422.png,Severe,Severe1595.png,Severe,1,False,316f746cc13010f7,316f746cc13010f5
NEAR-00514,Severe1422.png,Severe,Severe1620.png,Severe,1,False,316f746cc13010f7,316f746cc13010f5
NEAR-00515,Severe1422.png,Severe,Severe1854.png,Severe,1,False,316f746cc13010f7,316f746cc13010f5
NEAR-00516,Severe1422.png,Severe,Severe1860.png,Severe,1,False,316f746cc13010f7,316f746cc13010f5
NEAR-00517,Severe1422.png,Severe,Severe1868.png,Severe,1,False,316f746cc13010f7,316f746cc13010f5
NEAR-00518,Severe1422.png,Severe,Severe1905.png,Severe,1,False,316f746cc13010f7,316f746cc13010f5
NEAR-00519,Severe1422.png,Severe,Severe2005.png,Severe,1,False,316f746cc13010f7,316f746cc13010f5
NEAR-00520,Severe1422.png,Severe,Severe2074.png,Severe,1,False,316f746cc13010f7,316f746cc13010f5
NEAR-00529,Severe1425.png,Severe,Severe1563.png,Severe,1,False,377761d543c3cd8d,377761d543e3cd8d
NEAR-00530,Severe1425.png,Severe,Severe1606.png,Severe,1,False,377761d543c3cd8d,377761d543e3cd8d
NEAR-00531,Severe1425.png,Severe,Severe1612.png,Severe,1,False,377761d543c3cd8d,377761d543e3cd8d
NEAR-00532,Severe1425.png,Severe,Severe1853.png,Severe,1,False,377761d543c3cd8d,377761d543e3cd8d
NEAR-00533,Severe1425.png,Severe,Severe2044.png,Severe,1,False,377761d543c3cd8d,377761d543e3cd8d
NEAR-00549,Severe1442.png,Severe,Severe1692.png,Severe,1,False,b1237330929a2b0a,b1237330b29a2b0a
NEAR-00550,Severe1442.png,Severe,Severe1728.png,Severe,1,False,b1237330929a2b0a,b1237330b29a2b0a
NEAR-00551,Severe1442.png,Severe,Severe1803.png,Severe,1,False,b1237330929a2b0a,b1237330b29a2b0a
NEAR-00552,Severe1442.png,Severe,Severe2078.png,Severe,1,False,b1237330929a2b0a,b1237330b29a2b0a
NEAR-00562,Severe1450.png,Severe,Severe1590.png,Severe,1,False,316f746cc13010f5,316f746cc13010f7
NEAR-00563,Severe1450.png,Severe,Severe1598.png,Severe,1,False,316f746cc13010f5,316f746cc13010f7
NEAR-00564,Severe1450.png,Severe,Severe1677.png,Severe,1,False,316f746cc13010f5,316f746cc13010f7
NEAR-00565,Severe1450.png,Severe,Severe1714.png,Severe,1,False,316f746cc13010f5,316f746cc13010f7
NEAR-00566,Severe1450.png,Severe,Severe1734.png,Severe,1,False,316f746cc13010f5,316f746cc13010f7
NEAR-00567,Severe1450.png,Severe,Severe1743.png,Severe,1,False,316f746cc13010f5,316f746cc13010f7
NEAR-00568,Severe1450.png,Severe,Severe1815.png,Severe,1,False,316f746cc13010f5,316f746cc13010f7
NEAR-00569,Severe1450.png,Severe,Severe1817.png,Severe,1,False,316f746cc13010f5,316f746cc13010f7
NEAR-00570,Severe1450.png,Severe,Severe2023.png,Severe,1,False,316f746cc13010f5,316f746cc13010f7
NEAR-00571,Severe1450.png,Severe,Severe2062.png,Severe,1,False,316f746cc13010f5,316f746cc13010f7
NEAR-00577,Severe1465.png,Severe,Severe1483.png,Severe,1,False,7363095339971ac6,7363095339971bc6
NEAR-00578,Severe1465.png,Severe,Severe1516.png,Severe,1,False,7363095339971ac6,7363095339971bc6
NEAR-00579,Severe1465.png,Severe,Severe1601.png,Severe,1,False,7363095339971ac6,7363095339971bc6
NEAR-00580,Severe1465.png,Severe,Severe1706.png,Severe,1,False,7363095339971ac6,7363095339971bc6
NEAR-00612,Severe1483.png,Severe,Severe1593.png,Severe,1,False,7363095339971bc6,7363095339971ac6
NEAR-00613,Severe1483.png,Severe,Severe1618.png,Severe,1,False,7363095339971bc6,7363095339971ac6
NEAR-00614,Severe1483.png,Severe,Severe1653.png,Severe,1,False,7363095339971bc6,7363095339971ac6
NEAR-00615,Severe1483.png,Severe,Severe1699.png,Severe,1,False,7363095339971bc6,7363095339971ac6
NEAR-00616,Severe1483.png,Severe,Severe1752.png,Severe,1,False,7363095339971bc6,7363095339971ac6
NEAR-00617,Severe1483.png,Severe,Severe1828.png,Severe,1,False,7363095339971bc6,7363095339971ac6
NEAR-00618,Severe1483.png,Severe,Severe1842.png,Severe,1,False,7363095339971bc6,7363095339971ac6
NEAR-00619,Severe1483.png,Severe,Severe1992.png,Severe,1,False,7363095339971bc6,7363095339971ac6
NEAR-00620,Severe1483.png,Severe,Severe2008.png,Severe,1,False,7363095339971bc6,7363095339971ac6
NEAR-00621,Severe1483.png,Severe,Severe2019.png,Severe,1,False,7363095339971bc6,7363095339971ac6
NEAR-00622,Severe1484.png,Severe,Severe1590.png,Severe,1,False,316f746cc13010f5,316f746cc13010f7
NEAR-00623,Severe1484.png,Severe,Severe1598.png,Severe,1,False,316f746cc13010f5,316f746cc13010f7
NEAR-00624,Severe1484.png,Severe,Severe1677.png,Severe,1,False,316f746cc13010f5,316f746cc13010f7
NEAR-00625,Severe1484.png,Severe,Severe1714.png,Severe,1,False,316f746cc13010f5,316f746cc13010f7
NEAR-00626,Severe1484.png,Severe,Severe1734.png,Severe,1,False,316f746cc13010f5,316f746cc13010f7
NEAR-00627,Severe1484.png,Severe,Severe1743.png,Severe,1,False,316f746cc13010f5,316f746cc13010f7
NEAR-00628,Severe1484.png,Severe,Severe1815.png,Severe,1,False,316f746cc13010f5,316f746cc13010f7
NEAR-00629,Severe1484.png,Severe,Severe1817.png,Severe,1,False,316f746cc13010f5,316f746cc13010f7
NEAR-00630,Severe1484.png,Severe,Severe2023.png,Severe,1,False,316f746cc13010f5,316f746cc13010f7
NEAR-00631,Severe1484.png,Severe,Severe2062.png,Severe,1,False,316f746cc13010f5,316f746cc13010f7
NEAR-00632,Severe1485.png,Severe,Severe1590.png,Severe,1,False,316f746cc13010f5,316f746cc13010f7
NEAR-00633,Severe1485.png,Severe,Severe1598.png,Severe,1,False,316f746cc13010f5,316f746cc13010f7
NEAR-00634,Severe1485.png,Severe,Severe1677.png,Severe,1,False,316f746cc13010f5,316f746cc13010f7
NEAR-00635,Severe1485.png,Severe,Severe1714.png,Severe,1,False,316f746cc13010f5,316f746cc13010f7
NEAR-00636,Severe1485.png,Severe,Severe1734.png,Severe,1,False,316f746cc13010f5,316f746cc13010f7
NEAR-00637,Severe1485.png,Severe,Severe1743.png,Severe,1,False,316f746cc13010f5,316f746cc13010f7
NEAR-00638,Severe1485.png,Severe,Severe1815.png,Severe,1,False,316f746cc13010f5,316f746cc13010f7
NEAR-00639,Severe1485.png,Severe,Severe1817.png,Severe,1,False,316f746cc13010f5,316f746cc13010f7
NEAR-00640,Severe1485.png,Severe,Severe2023.png,Severe,1,False,316f746cc13010f5,316f746cc13010f7
NEAR-00641,Severe1485.png,Severe,Severe2062.png,Severe,1,False,316f746cc13010f5,316f746cc13010f7
NEAR-00678,Severe1516.png,Severe,Severe1593.png,Severe,1,False,7363095339971bc6,7363095339971ac6
NEAR-00679,Severe1516.png,Severe,Severe1618.png,Severe,1,False,7363095339971bc6,7363095339971ac6
NEAR-00680,Severe1516.png,Severe,Severe1653.png,Severe,1,False,7363095339971bc6,7363095339971ac6
NEAR-00681,Severe1516.png,Severe,Severe1699.png,Severe,1,False,7363095339971bc6,7363095339971ac6
NEAR-00682,Severe1516.png,Severe,Severe1752.png,Severe,1,False,7363095339971bc6,7363095339971ac6
NEAR-00683,Severe1516.png,Severe,Severe1828.png,Severe,1,False,7363095339971bc6,7363095339971ac6
NEAR-00684,Severe1516.png,Severe,Severe1842.png,Severe,1,False,7363095339971bc6,7363095339971ac6
NEAR-00685,Severe1516.png,Severe,Severe1992.png,Severe,1,False,7363095339971bc6,7363095339971ac6
NEAR-00686,Severe1516.png,Severe,Severe2008.png,Severe,1,False,7363095339971bc6,7363095339971ac6
NEAR-00687,Severe1516.png,Severe,Severe2019.png,Severe,1,False,7363095339971bc6,7363095339971ac6
NEAR-00732,Severe1532.png,Severe,Severe1692.png,Severe,1,False,b1237330929a2b0a,b1237330b29a2b0a
NEAR-00733,Severe1532.png,Severe,Severe1728.png,Severe,1,False,b1237330929a2b0a,b1237330b29a2b0a
NEAR-00734,Severe1532.png,Severe,Severe1803.png,Severe,1,False,b1237330929a2b0a,b1237330b29a2b0a
NEAR-00735,Severe1532.png,Severe,Severe2078.png,Severe,1,False,b1237330929a2b0a,b1237330b29a2b0a
NEAR-00736,Severe1533.png,Severe,Severe1590.png,Severe,1,False,316f746cc13010f5,316f746cc13010f7
NEAR-00737,Severe1533.png,Severe,Severe1598.png,Severe,1,False,316f746cc13010f5,316f746cc13010f7
NEAR-00738,Severe1533.png,Severe,Severe1677.png,Severe,1,False,316f746cc13010f5,316f746cc13010f7
NEAR-00739,Severe1533.png,Severe,Severe1714.png,Severe,1,False,316f746cc13010f5,316f746cc13010f7
NEAR-00740,Severe1533.png,Severe,Severe1734.png,Severe,1,False,316f746cc13010f5,316f746cc13010f7
NEAR-00741,Severe1533.png,Severe,Severe1743.png,Severe,1,False,316f746cc13010f5,316f746cc13010f7
NEAR-00742,Severe1533.png,Severe,Severe1815.png,Severe,1,False,316f746cc13010f5,316f746cc13010f7
NEAR-00743,Severe1533.png,Severe,Severe1817.png,Severe,1,False,316f746cc13010f5,316f746cc13010f7
NEAR-00744,Severe1533.png,Severe,Severe2023.png,Severe,1,False,316f746cc13010f5,316f746cc13010f7
NEAR-00745,Severe1533.png,Severe,Severe2062.png,Severe,1,False,316f746cc13010f5,316f746cc13010f7
NEAR-00817,Severe1563.png,Severe,Severe1667.png,Severe,1,False,377761d543e3cd8d,377761d543c3cd8d
NEAR-00818,Severe1563.png,Severe,Severe1695.png,Severe,1,False,377761d543e3cd8d,377761d543c3cd8d
NEAR-00819,Severe1563.png,Severe,Severe1771.png,Severe,1,False,377761d543e3cd8d,377761d543c3cd8d
NEAR-00843,Severe1578.png,Severe,Severe1590.png,Severe,1,False,316f746cc13010f5,316f746cc13010f7
NEAR-00844,Severe1578.png,Severe,Severe1598.png,Severe,1,False,316f746cc13010f5,316f746cc13010f7
NEAR-00845,Severe1578.png,Severe,Severe1677.png,Severe,1,False,316f746cc13010f5,316f746cc13010f7
NEAR-00846,Severe1578.png,Severe,Severe1714.png,Severe,1,False,316f746cc13010f5,316f746cc13010f7
NEAR-00847,Severe1578.png,Severe,Severe1734.png,Severe,1,False,316f746cc13010f5,316f746cc13010f7
NEAR-00848,Severe1578.png,Severe,Severe1743.png,Severe,1,False,316f746cc13010f5,316f746cc13010f7
NEAR-00849,Severe1578.png,Severe,Severe1815.png,Severe,1,False,316f746cc13010f5,316f746cc13010f7
NEAR-00850,Severe1578.png,Severe,Severe1817.png,Severe,1,False,316f746cc13010f5,316f746cc13010f7
NEAR-00851,Severe1578.png,Severe,Severe2023.png,Severe,1,False,316f746cc13010f5,316f746cc13010f7
NEAR-00852,Severe1578.png,Severe,Severe2062.png,Severe,1,False,316f746cc13010f5,316f746cc13010f7
NEAR-00862,Severe1585.png,Severe,Severe1692.png,Severe,1,False,b1237330929a2b0a,b1237330b29a2b0a
NEAR-00863,Severe1585.png,Severe,Severe1728.png,Severe,1,False,b1237330929a2b0a,b1237330b29a2b0a
NEAR-00864,Severe1585.png,Severe,Severe1803.png,Severe,1,False,b1237330929a2b0a,b1237330b29a2b0a
NEAR-00865,Severe1585.png,Severe,Severe2078.png,Severe,1,False,b1237330929a2b0a,b1237330b29a2b0a
NEAR-00872,Severe1590.png,Severe,Severe1595.png,Severe,1,False,316f746cc13010f7,316f746cc13010f5
NEAR-00873,Severe1590.png,Severe,Severe1620.png,Severe,1,False,316f746cc13010f7,316f746cc13010f5
NEAR-00874,Severe1590.png,Severe,Severe1854.png,Severe,1,False,316f746cc13010f7,316f746cc13010f5
NEAR-00875,Severe1590.png,Severe,Severe1860.png,Severe,1,False,316f746cc13010f7,316f746cc13010f5
NEAR-00876,Severe1590.png,Severe,Severe1868.png,Severe,1,False,316f746cc13010f7,316f746cc13010f5
NEAR-00877,Severe1590.png,Severe,Severe1905.png,Severe,1,False,316f746cc13010f7,316f746cc13010f5
NEAR-00878,Severe1590.png,Severe,Severe2005.png,Severe,1,False,316f746cc13010f7,316f746cc13010f5
NEAR-00879,Severe1590.png,Severe,Severe2074.png,Severe,1,False,316f746cc13010f7,316f746cc13010f5
NEAR-00887,Severe1593.png,Severe,Severe1601.png,Severe,1,False,7363095339971ac6,7363095339971bc6
NEAR-00888,Severe1593.png,Severe,Severe1706.png,Severe,1,False,7363095339971ac6,7363095339971bc6
NEAR-00894,Severe1595.png,Severe,Severe1598.png,Severe,1,False,316f746cc13010f5,316f746cc13010f7
NEAR-00895,Severe1595.png,Severe,Severe1677.png,Severe,1,False,316f746cc13010f5,316f746cc13010f7
NEAR-00896,Severe1595.png,Severe,Severe1714.png,Severe,1,False,316f746cc13010f5,316f746cc13010f7
NEAR-00897,Severe1595.png,Severe,Severe1734.png,Severe,1,False,316f746cc13010f5,316f746cc13010f7
NEAR-00898,Severe1595.png,Severe,Severe1743.png,Severe,1,False,316f746cc13010f5,316f746cc13010f7
NEAR-00899,Severe1595.png,Severe,Severe1815.png,Severe,1,False,316f746cc13010f5,316f746cc13010f7
NEAR-00900,Severe1595.png,Severe,Severe1817.png,Severe,1,False,316f746cc13010f5,316f746cc13010f7
NEAR-00901,Severe1595.png,Severe,Severe2023.png,Severe,1,False,316f746cc13010f5,316f746cc13010f7
NEAR-00902,Severe1595.png,Severe,Severe2062.png,Severe,1,False,316f746cc13010f5,316f746cc13010f7
NEAR-00903,Severe1598.png,Severe,Severe1620.png,Severe,1,False,316f746cc13010f7,316f746cc13010f5
NEAR-00904,Severe1598.png,Severe,Severe1854.png,Severe,1,False,316f746cc13010f7,316f746cc13010f5
NEAR-00905,Severe1598.png,Severe,Severe1860.png,Severe,1,False,316f746cc13010f7,316f746cc13010f5
NEAR-00906,Severe1598.png,Severe,Severe1868.png,Severe,1,False,316f746cc13010f7,316f746cc13010f5
NEAR-00907,Severe1598.png,Severe,Severe1905.png,Severe,1,False,316f746cc13010f7,316f746cc13010f5
NEAR-00908,Severe1598.png,Severe,Severe2005.png,Severe,1,False,316f746cc13010f7,316f746cc13010f5
NEAR-00909,Severe1598.png,Severe,Severe2074.png,Severe,1,False,316f746cc13010f7,316f746cc13010f5
NEAR-00910,Severe1601.png,Severe,Severe1618.png,Severe,1,False,7363095339971bc6,7363095339971ac6
NEAR-00911,Severe1601.png,Severe,Severe1653.png,Severe,1,False,7363095339971bc6,7363095339971ac6
NEAR-00912,Severe1601.png,Severe,Severe1699.png,Severe,1,False,7363095339971bc6,7363095339971ac6
NEAR-00913,Severe1601.png,Severe,Severe1752.png,Severe,1,False,7363095339971bc6,7363095339971ac6
NEAR-00914,Severe1601.png,Severe,Severe1828.png,Severe,1,False,7363095339971bc6,7363095339971ac6
NEAR-00915,Severe1601.png,Severe,Severe1842.png,Severe,1,False,7363095339971bc6,7363095339971ac6
NEAR-00916,Severe1601.png,Severe,Severe1992.png,Severe,1,False,7363095339971bc6,7363095339971ac6
NEAR-00917,Severe1601.png,Severe,Severe2008.png,Severe,1,False,7363095339971bc6,7363095339971ac6
NEAR-00918,Severe1601.png,Severe,Severe2019.png,Severe,1,False,7363095339971bc6,7363095339971ac6
NEAR-00927,Severe1605.png,Severe,Severe1692.png,Severe,1,False,b1237330929a2b0a,b1237330b29a2b0a
NEAR-00928,Severe1605.png,Severe,Severe1728.png,Severe,1,False,b1237330929a2b0a,b1237330b29a2b0a
NEAR-00929,Severe1605.png,Severe,Severe1803.png,Severe,1,False,b1237330929a2b0a,b1237330b29a2b0a
NEAR-00930,Severe1605.png,Severe,Severe2078.png,Severe,1,False,b1237330929a2b0a,b1237330b29a2b0a
NEAR-00931,Severe1606.png,Severe,Severe1667.png,Severe,1,False,377761d543e3cd8d,377761d543c3cd8d
NEAR-00932,Severe1606.png,Severe,Severe1695.png,Severe,1,False,377761d543e3cd8d,377761d543c3cd8d
NEAR-00933,Severe1606.png,Severe,Severe1771.png,Severe,1,False,377761d543e3cd8d,377761d543c3cd8d
NEAR-00957,Severe1612.png,Severe,Severe1667.png,Severe,1,False,377761d543e3cd8d,377761d543c3cd8d
NEAR-00958,Severe1612.png,Severe,Severe1695.png,Severe,1,False,377761d543e3cd8d,377761d543c3cd8d
NEAR-00959,Severe1612.png,Severe,Severe1771.png,Severe,1,False,377761d543e3cd8d,377761d543c3cd8d
NEAR-00964,Severe1618.png,Severe,Severe1706.png,Severe,1,False,7363095339971ac6,7363095339971bc6
NEAR-00974,Severe1620.png,Severe,Severe1677.png,Severe,1,False,316f746cc13010f5,316f746cc13010f7
NEAR-00975,Severe1620.png,Severe,Severe1714.png,Severe,1,False,316f746cc13010f5,316f746cc13010f7
NEAR-00976,Severe1620.png,Severe,Severe1734.png,Severe,1,False,316f746cc13010f5,316f746cc13010f7
NEAR-00977,Severe1620.png,Severe,Severe1743.png,Severe,1,False,316f746cc13010f5,316f746cc13010f7
NEAR-00978,Severe1620.png,Severe,Severe1815.png,Severe,1,False,316f746cc13010f5,316f746cc13010f7
NEAR-00979,Severe1620.png,Severe,Severe1817.png,Severe,1,False,316f746cc13010f5,316f746cc13010f7
NEAR-00980,Severe1620.png,Severe,Severe2023.png,Severe,1,False,316f746cc13010f5,316f746cc13010f7
NEAR-00981,Severe1620.png,Severe,Severe2062.png,Severe,1,False,316f746cc13010f5,316f746cc13010f7
NEAR-00988,Severe1624.png,Severe,Severe1692.png,Severe,1,False,b1237330929a2b0a,b1237330b29a2b0a
NEAR-00989,Severe1624.png,Severe,Severe1728.png,Severe,1,False,b1237330929a2b0a,b1237330b29a2b0a
NEAR-00990,Severe1624.png,Severe,Severe1803.png,Severe,1,False,b1237330929a2b0a,b1237330b29a2b0a
NEAR-00991,Severe1624.png,Severe,Severe2078.png,Severe,1,False,b1237330929a2b0a,b1237330b29a2b0a
NEAR-00992,Severe1633.png,Severe,Severe2027.png,Severe,1,False,524298b020212226,524098b020212226
NEAR-01007,Severe1653.png,Severe,Severe1706.png,Severe,1,False,7363095339971ac6,7363095339971bc6
NEAR-01016,Severe1663.png,Severe,Severe2027.png,Severe,1,False,524298b020212226,524098b020212226
NEAR-01021,Severe1667.png,Severe,Severe1853.png,Severe,1,False,377761d543c3cd8d,377761d543e3cd8d
NEAR-01022,Severe1667.png,Severe,Severe2044.png,Severe,1,False,377761d543c3cd8d,377761d543e3cd8d
NEAR-01023,Severe1669.png,Severe,Severe1692.png,Severe,1,False,b1237330929a2b0a,b1237330b29a2b0a
NEAR-01024,Severe1669.png,Severe,Severe1728.png,Severe,1,False,b1237330929a2b0a,b1237330b29a2b0a
NEAR-01025,Severe1669.png,Severe,Severe1803.png,Severe,1,False,b1237330929a2b0a,b1237330b29a2b0a
NEAR-01026,Severe1669.png,Severe,Severe2078.png,Severe,1,False,b1237330929a2b0a,b1237330b29a2b0a
NEAR-01041,Severe1676.png,Severe,Severe1692.png,Severe,1,False,b1237330929a2b0a,b1237330b29a2b0a
NEAR-01042,Severe1676.png,Severe,Severe1728.png,Severe,1,False,b1237330929a2b0a,b1237330b29a2b0a
NEAR-01043,Severe1676.png,Severe,Severe1803.png,Severe,1,False,b1237330929a2b0a,b1237330b29a2b0a
NEAR-01044,Severe1676.png,Severe,Severe2078.png,Severe,1,False,b1237330929a2b0a,b1237330b29a2b0a
NEAR-01045,Severe1677.png,Severe,Severe1854.png,Severe,1,False,316f746cc13010f7,316f746cc13010f5
NEAR-01046,Severe1677.png,Severe,Severe1860.png,Severe,1,False,316f746cc13010f7,316f746cc13010f5
NEAR-01047,Severe1677.png,Severe,Severe1868.png,Severe,1,False,316f746cc13010f7,316f746cc13010f5
NEAR-01048,Severe1677.png,Severe,Severe1905.png,Severe,1,False,316f746cc13010f7,316f746cc13010f5
NEAR-01049,Severe1677.png,Severe,Severe2005.png,Severe,1,False,316f746cc13010f7,316f746cc13010f5
NEAR-01050,Severe1677.png,Severe,Severe2074.png,Severe,1,False,316f746cc13010f7,316f746cc13010f5
NEAR-01051,Severe1678.png,Severe,Severe2027.png,Severe,1,False,524298b020212226,524098b020212226
NEAR-01059,Severe1692.png,Severe,Severe1715.png,Severe,1,False,b1237330b29a2b0a,b1237330929a2b0a
NEAR-01060,Severe1692.png,Severe,Severe1737.png,Severe,1,False,b1237330b29a2b0a,b1237330929a2b0a
NEAR-01061,Severe1692.png,Severe,Severe1763.png,Severe,1,False,b1237330b29a2b0a,b1237330929a2b0a
NEAR-01062,Severe1692.png,Severe,Severe1765.png,Severe,1,False,b1237330b29a2b0a,b1237330929a2b0a
NEAR-01063,Severe1692.png,Severe,Severe1773.png,Severe,1,False,b1237330b29a2b0a,b1237330929a2b0a
NEAR-01064,Severe1692.png,Severe,Severe1800.png,Severe,1,False,b1237330b29a2b0a,b1237330929a2b0a
NEAR-01065,Severe1692.png,Severe,Severe1867.png,Severe,1,False,b1237330b29a2b0a,b1237330929a2b0a
NEAR-01066,Severe1692.png,Severe,Severe1872.png,Severe,1,False,b1237330b29a2b0a,b1237330929a2b0a
NEAR-01067,Severe1692.png,Severe,Severe2045.png,Severe,1,False,b1237330b29a2b0a,b1237330929a2b0a
NEAR-01072,Severe1695.png,Severe,Severe1853.png,Severe,1,False,377761d543c3cd8d,377761d543e3cd8d
NEAR-01073,Severe1695.png,Severe,Severe2044.png,Severe,1,False,377761d543c3cd8d,377761d543e3cd8d
NEAR-01082,Severe1699.png,Severe,Severe1706.png,Severe,1,False,7363095339971ac6,7363095339971bc6
NEAR-01092,Severe1706.png,Severe,Severe1752.png,Severe,1,False,7363095339971bc6,7363095339971ac6
NEAR-01093,Severe1706.png,Severe,Severe1828.png,Severe,1,False,7363095339971bc6,7363095339971ac6
NEAR-01094,Severe1706.png,Severe,Severe1842.png,Severe,1,False,7363095339971bc6,7363095339971ac6
NEAR-01095,Severe1706.png,Severe,Severe1992.png,Severe,1,False,7363095339971bc6,7363095339971ac6
NEAR-01096,Severe1706.png,Severe,Severe2008.png,Severe,1,False,7363095339971bc6,7363095339971ac6
NEAR-01097,Severe1706.png,Severe,Severe2019.png,Severe,1,False,7363095339971bc6,7363095339971ac6
NEAR-01100,Severe1714.png,Severe,Severe1854.png,Severe,1,False,316f746cc13010f7,316f746cc13010f5
NEAR-01101,Severe1714.png,Severe,Severe1860.png,Severe,1,False,316f746cc13010f7,316f746cc13010f5
NEAR-01102,Severe1714.png,Severe,Severe1868.png,Severe,1,False,316f746cc13010f7,316f746cc13010f5
NEAR-01103,Severe1714.png,Severe,Severe1905.png,Severe,1,False,316f746cc13010f7,316f746cc13010f5
NEAR-01104,Severe1714.png,Severe,Severe2005.png,Severe,1,False,316f746cc13010f7,316f746cc13010f5
NEAR-01105,Severe1714.png,Severe,Severe2074.png,Severe,1,False,316f746cc13010f7,316f746cc13010f5
NEAR-01106,Severe1715.png,Severe,Severe1728.png,Severe,1,False,b1237330929a2b0a,b1237330b29a2b0a
NEAR-01107,Severe1715.png,Severe,Severe1803.png,Severe,1,False,b1237330929a2b0a,b1237330b29a2b0a
NEAR-01108,Severe1715.png,Severe,Severe2078.png,Severe,1,False,b1237330929a2b0a,b1237330b29a2b0a
NEAR-01116,Severe1728.png,Severe,Severe1737.png,Severe,1,False,b1237330b29a2b0a,b1237330929a2b0a
NEAR-01117,Severe1728.png,Severe,Severe1763.png,Severe,1,False,b1237330b29a2b0a,b1237330929a2b0a
NEAR-01118,Severe1728.png,Severe,Severe1765.png,Severe,1,False,b1237330b29a2b0a,b1237330929a2b0a
NEAR-01119,Severe1728.png,Severe,Severe1773.png,Severe,1,False,b1237330b29a2b0a,b1237330929a2b0a
NEAR-01120,Severe1728.png,Severe,Severe1800.png,Severe,1,False,b1237330b29a2b0a,b1237330929a2b0a
NEAR-01121,Severe1728.png,Severe,Severe1867.png,Severe,1,False,b1237330b29a2b0a,b1237330929a2b0a
NEAR-01122,Severe1728.png,Severe,Severe1872.png,Severe,1,False,b1237330b29a2b0a,b1237330929a2b0a
NEAR-01123,Severe1728.png,Severe,Severe2045.png,Severe,1,False,b1237330b29a2b0a,b1237330929a2b0a
NEAR-01134,Severe1734.png,Severe,Severe1854.png,Severe,1,False,316f746cc13010f7,316f746cc13010f5
NEAR-01135,Severe1734.png,Severe,Severe1860.png,Severe,1,False,316f746cc13010f7,316f746cc13010f5
NEAR-01136,Severe1734.png,Severe,Severe1868.png,Severe,1,False,316f746cc13010f7,316f746cc13010f5
NEAR-01137,Severe1734.png,Severe,Severe1905.png,Severe,1,False,316f746cc13010f7,316f746cc13010f5
NEAR-01138,Severe1734.png,Severe,Severe2005.png,Severe,1,False,316f746cc13010f7,316f746cc13010f5
NEAR-01139,Severe1734.png,Severe,Severe2074.png,Severe,1,False,316f746cc13010f7,316f746cc13010f5
NEAR-01144,Severe1737.png,Severe,Severe1803.png,Severe,1,False,b1237330929a2b0a,b1237330b29a2b0a
NEAR-01145,Severe1737.png,Severe,Severe2078.png,Severe,1,False,b1237330929a2b0a,b1237330b29a2b0a
NEAR-01154,Severe1743.png,Severe,Severe1854.png,Severe,1,False,316f746cc13010f7,316f746cc13010f5
NEAR-01155,Severe1743.png,Severe,Severe1860.png,Severe,1,False,316f746cc13010f7,316f746cc13010f5
NEAR-01156,Severe1743.png,Severe,Severe1868.png,Severe,1,False,316f746cc13010f7,316f746cc13010f5
NEAR-01157,Severe1743.png,Severe,Severe1905.png,Severe,1,False,316f746cc13010f7,316f746cc13010f5
NEAR-01158,Severe1743.png,Severe,Severe2005.png,Severe,1,False,316f746cc13010f7,316f746cc13010f5
NEAR-01159,Severe1743.png,Severe,Severe2074.png,Severe,1,False,316f746cc13010f7,316f746cc13010f5
NEAR-01165,Severe1763.png,Severe,Severe1803.png,Severe,1,False,b1237330929a2b0a,b1237330b29a2b0a
NEAR-01166,Severe1763.png,Severe,Severe2078.png,Severe,1,False,b1237330929a2b0a,b1237330b29a2b0a
NEAR-01167,Severe1765.png,Severe,Severe1803.png,Severe,1,False,b1237330929a2b0a,b1237330b29a2b0a
NEAR-01168,Severe1765.png,Severe,Severe2078.png,Severe,1,False,b1237330929a2b0a,b1237330b29a2b0a
NEAR-01172,Severe1771.png,Severe,Severe1853.png,Severe,1,False,377761d543c3cd8d,377761d543e3cd8d
NEAR-01173,Severe1771.png,Severe,Severe2044.png,Severe,1,False,377761d543c3cd8d,377761d543e3cd8d
NEAR-01174,Severe1773.png,Severe,Severe1803.png,Severe,1,False,b1237330929a2b0a,b1237330b29a2b0a
NEAR-01175,Severe1773.png,Severe,Severe2078.png,Severe,1,False,b1237330929a2b0a,b1237330b29a2b0a
NEAR-01187,Severe1787.png,Severe,Severe2027.png,Severe,1,False,524298b020212226,524098b020212226
NEAR-01198,Severe1800.png,Severe,Severe1803.png,Severe,1,False,b1237330929a2b0a,b1237330b29a2b0a
NEAR-01199,Severe1800.png,Severe,Severe2078.png,Severe,1,False,b1237330929a2b0a,b1237330b29a2b0a
NEAR-01206,Severe1803.png,Severe,Severe1867.png,Severe,1,False,b1237330b29a2b0a,b1237330929a2b0a
NEAR-01207,Severe1803.png,Severe,Severe1872.png,Severe,1,False,b1237330b29a2b0a,b1237330929a2b0a
NEAR-01208,Severe1803.png,Severe,Severe2045.png,Severe,1,False,b1237330b29a2b0a,b1237330929a2b0a
NEAR-01211,Severe1814.png,Severe,Severe2027.png,Severe,1,False,524298b020212226,524098b020212226
NEAR-01212,Severe1815.png,Severe,Severe1854.png,Severe,1,False,316f746cc13010f7,316f746cc13010f5
NEAR-01213,Severe1815.png,Severe,Severe1860.png,Severe,1,False,316f746cc13010f7,316f746cc13010f5
NEAR-01214,Severe1815.png,Severe,Severe1868.png,Severe,1,False,316f746cc13010f7,316f746cc13010f5
NEAR-01215,Severe1815.png,Severe,Severe1905.png,Severe,1,False,316f746cc13010f7,316f746cc13010f5
NEAR-01216,Severe1815.png,Severe,Severe2005.png,Severe,1,False,316f746cc13010f7,316f746cc13010f5
NEAR-01217,Severe1815.png,Severe,Severe2074.png,Severe,1,False,316f746cc13010f7,316f746cc13010f5
NEAR-01218,Severe1817.png,Severe,Severe1854.png,Severe,1,False,316f746cc13010f7,316f746cc13010f5
NEAR-01219,Severe1817.png,Severe,Severe1860.png,Severe,1,False,316f746cc13010f7,316f746cc13010f5
NEAR-01220,Severe1817.png,Severe,Severe1868.png,Severe,1,False,316f746cc13010f7,316f746cc13010f5
NEAR-01221,Severe1817.png,Severe,Severe1905.png,Severe,1,False,316f746cc13010f7,316f746cc13010f5
NEAR-01222,Severe1817.png,Severe,Severe2005.png,Severe,1,False,316f746cc13010f7,316f746cc13010f5
NEAR-01223,Severe1817.png,Severe,Severe2074.png,Severe,1,False,316f746cc13010f7,316f746cc13010f5
NEAR-01246,Severe1854.png,Severe,Severe2023.png,Severe,1,False,316f746cc13010f5,316f746cc13010f7
NEAR-01247,Severe1854.png,Severe,Severe2062.png,Severe,1,False,316f746cc13010f5,316f746cc13010f7
NEAR-01257,Severe1860.png,Severe,Severe2023.png,Severe,1,False,316f746cc13010f5,316f746cc13010f7
NEAR-01258,Severe1860.png,Severe,Severe2062.png,Severe,1,False,316f746cc13010f5,316f746cc13010f7
NEAR-01259,Severe1866.png,Severe,Severe2027.png,Severe,1,False,524298b020212226,524098b020212226
NEAR-01260,Severe1867.png,Severe,Severe2078.png,Severe,1,False,b1237330929a2b0a,b1237330b29a2b0a
NEAR-01261,Severe1868.png,Severe,Severe2023.png,Severe,1,False,316f746cc13010f5,316f746cc13010f7
NEAR-01262,Severe1868.png,Severe,Severe2062.png,Severe,1,False,316f746cc13010f5,316f746cc13010f7
NEAR-01266,Severe1872.png,Severe,Severe2078.png,Severe,1,False,b1237330929a2b0a,b1237330b29a2b0a
NEAR-01267,Severe1881.png,Severe,Severe2027.png,Severe,1,False,524298b020212226,524098b020212226
NEAR-01283,Severe1905.png,Severe,Severe2023.png,Severe,1,False,316f746cc13010f5,316f746cc13010f7
NEAR-01284,Severe1905.png,Severe,Severe2062.png,Severe,1,False,316f746cc13010f5,316f746cc13010f7
NEAR-01325,Severe1981.png,Severe,Severe2027.png,Severe,1,False,524298b020212226,524098b020212226
NEAR-01327,Severe1990.png,Severe,Severe2027.png,Severe,1,False,524298b020212226,524098b020212226
NEAR-01332,Severe2005.png,Severe,Severe2023.png,Severe,1,False,316f746cc13010f5,316f746cc13010f7
NEAR-01333,Severe2005.png,Severe,Severe2062.png,Severe,1,False,316f746cc13010f5,316f746cc13010f7
NEAR-01336,Severe2023.png,Severe,Severe2074.png,Severe,1,False,316f746cc13010f7,316f746cc13010f5
NEAR-01338,Severe2027.png,Severe,Severe2089.png,Severe,1,False,524098b020212226,524298b020212226
NEAR-01342,Severe2045.png,Severe,Severe2078.png,Severe,1,False,b1237330929a2b0a,b1237330b29a2b0a
NEAR-01346,Severe2062.png,Severe,Severe2074.png,Severe,1,False,316f746cc13010f7,316f746cc13010f5
NEAR-00055,Mild1120.png,Mild,Mild1177.png,Mild,2,False,0c45838c161a3994,0c45838c161a3934
NEAR-00056,Mild1120.png,Mild,Mild1385.png,Mild,2,False,0c45838c161a3994,0c45838c161a3934
NEAR-00057,Mild1120.png,Mild,Mild893.png,Mild,2,False,0c45838c161a3994,0c45838c161a3934
NEAR-00058,Mild1120.png,Mild,Mild896.png,Mild,2,False,0c45838c161a3994,0c45838c161a3934
NEAR-00117,Mild1177.png,Mild,Mild1329.png,Mild,2,False,0c45838c161a3934,0c45838c161a3994
NEAR-00118,Mild1177.png,Mild,Mild807.png,Mild,2,False,0c45838c161a3934,0c45838c161a3994
NEAR-00121,Mild1179.png,Mild,Mild1327.png,Mild,2,False,e7c4d4c5ade7c4cd,e7c4d0c5ace7c4cd
NEAR-00130,Mild1207.png,Mild,Mild1327.png,Mild,2,False,e7c4d4c5ade7c4cd,e7c4d0c5ace7c4cd
NEAR-00137,Mild1208.png,Mild,Mild1327.png,Mild,2,False,e7c4d4c5ade7c4cd,e7c4d0c5ace7c4cd
NEAR-00146,Mild1219.png,Mild,Mild1327.png,Mild,2,False,e7c4d4c5ade7c4cd,e7c4d0c5ace7c4cd
NEAR-00192,Mild1288.png,Mild,Mild1327.png,Mild,2,False,e7c4d4c5ade7c4cd,e7c4d0c5ace7c4cd
NEAR-00233,Mild1327.png,Mild,Mild1345.png,Mild,2,False,e7c4d0c5ace7c4cd,e7c4d4c5ade7c4cd
NEAR-00234,Mild1327.png,Mild,Mild724.png,Mild,2,False,e7c4d0c5ace7c4cd,e7c4d4c5ade7c4cd
NEAR-00235,Mild1327.png,Mild,Mild746.png,Mild,2,False,e7c4d0c5ace7c4cd,e7c4d4c5ade7c4cd
NEAR-00236,Mild1327.png,Mild,Mild776.png,Mild,2,False,e7c4d0c5ace7c4cd,e7c4d4c5ade7c4cd
NEAR-00237,Mild1327.png,Mild,Mild828.png,Mild,2,False,e7c4d0c5ace7c4cd,e7c4d4c5ade7c4cd
NEAR-00238,Mild1327.png,Mild,Mild836.png,Mild,2,False,e7c4d0c5ace7c4cd,e7c4d4c5ade7c4cd
NEAR-00239,Mild1329.png,Mild,Mild1385.png,Mild,2,False,0c45838c161a3994,0c45838c161a3934
NEAR-00240,Mild1329.png,Mild,Mild893.png,Mild,2,False,0c45838c161a3994,0c45838c161a3934
NEAR-00241,Mild1329.png,Mild,Mild896.png,Mild,2,False,0c45838c161a3994,0c45838c161a3934
NEAR-00267,Mild1385.png,Mild,Mild807.png,Mild,2,False,0c45838c161a3934,0c45838c161a3994
NEAR-00304,Mild763.png,Mild,Severe1419.png,Severe,2,True,1cd2a92b92979981,1cd2a92b93979983
NEAR-00305,Mild763.png,Mild,Severe1457.png,Severe,2,True,1cd2a92b92979981,1cd2a92b93979983
NEAR-00306,Mild763.png,Mild,Severe1540.png,Severe,2,True,1cd2a92b92979981,1cd2a92b93979983
NEAR-00307,Mild763.png,Mild,Severe1650.png,Severe,2,True,1cd2a92b92979981,1cd2a92b93979983
NEAR-00308,Mild763.png,Mild,Severe1652.png,Severe,2,True,1cd2a92b92979981,1cd2a92b93979983
NEAR-00309,Mild763.png,Mild,Severe1680.png,Severe,2,True,1cd2a92b92979981,1cd2a92b93979983
NEAR-00310,Mild763.png,Mild,Severe1683.png,Severe,2,True,1cd2a92b92979981,1cd2a92b93979983
NEAR-00311,Mild763.png,Mild,Severe1766.png,Severe,2,True,1cd2a92b92979981,1cd2a92b93979983
NEAR-00312,Mild763.png,Mild,Severe1767.png,Severe,2,True,1cd2a92b92979981,1cd2a92b93979983
NEAR-00313,Mild763.png,Mild,Severe1785.png,Severe,2,True,1cd2a92b92979981,1cd2a92b93979983
NEAR-00314,Mild763.png,Mild,Severe1808.png,Severe,2,True,1cd2a92b92979981,1cd2a92b93979983
NEAR-00315,Mild763.png,Mild,Severe1811.png,Severe,2,True,1cd2a92b92979981,1cd2a92b93979983
NEAR-00316,Mild763.png,Mild,Severe1885.png,Severe,2,True,1cd2a92b92979981,1cd2a92b93979983
NEAR-00317,Mild763.png,Mild,Severe1961.png,Severe,2,True,1cd2a92b92979981,1cd2a92b93979983
NEAR-00318,Mild763.png,Mild,Severe2018.png,Severe,2,True,1cd2a92b92979981,1cd2a92b93979983
NEAR-00319,Mild763.png,Mild,Severe2038.png,Severe,2,True,1cd2a92b92979981,1cd2a92b93979983
NEAR-00345,Mild807.png,Mild,Mild893.png,Mild,2,False,0c45838c161a3994,0c45838c161a3934
NEAR-00346,Mild807.png,Mild,Mild896.png,Mild,2,False,0c45838c161a3994,0c45838c161a3934
NEAR-00399,Normal147.png,Normal,Normal294.png,Normal,2,False,8cb2964c46c7c7e9,ccb2164c46c7c7e9
NEAR-00402,Normal167.png,Normal,Severe1396.png,Severe,2,True,f2b0649206226276,f2b2649a06226276
NEAR-00403,Normal167.png,Normal,Severe1468.png,Severe,2,True,f2b0649206226276,f2b2649a06226276
NEAR-00404,Normal167.png,Normal,Severe1469.png,Severe,2,True,f2b0649206226276,f2b2649a06226276
NEAR-00405,Normal167.png,Normal,Severe1550.png,Severe,2,True,f2b0649206226276,f2b2649a06226276
NEAR-00406,Normal167.png,Normal,Severe1614.png,Severe,2,True,f2b0649206226276,f2b2649a06226276
NEAR-00407,Normal167.png,Normal,Severe1712.png,Severe,2,True,f2b0649206226276,f2b2649a06226276
NEAR-00408,Normal167.png,Normal,Severe1840.png,Severe,2,True,f2b0649206226276,f2b2649a06226276
NEAR-00409,Normal167.png,Normal,Severe1877.png,Severe,2,True,f2b0649206226276,f2b2649a06226276
NEAR-00410,Normal167.png,Normal,Severe1935.png,Severe,2,True,f2b0649206226276,f2b2649a06226276
NEAR-00411,Normal167.png,Normal,Severe2063.png,Severe,2,True,f2b0649206226276,f2b2649a06226276
NEAR-00412,Normal167.png,Normal,Severe2091.png,Severe,2,True,f2b0649206226276,f2b2649a06226276
NEAR-00420,Normal25.png,Normal,Normal448.png,Normal,2,False,616c42cfcbf2f6e0,616c42c7cbb2f6e0
NEAR-00421,Normal25.png,Normal,Normal80.png,Normal,2,False,616c42cfcbf2f6e0,616c42c7cbb2f6e0
NEAR-00424,Normal274.png,Normal,Normal448.png,Normal,2,False,616c42cfcbf2f6e0,616c42c7cbb2f6e0
NEAR-00425,Normal274.png,Normal,Normal80.png,Normal,2,False,616c42cfcbf2f6e0,616c42c7cbb2f6e0
NEAR-00427,Normal280.png,Normal,Normal683.png,Normal,2,False,3f9fd09a9a696d8b,3f9bd0ba9a696d8b
NEAR-00429,Normal294.png,Normal,Normal600.png,Normal,2,False,ccb2164c46c7c7e9,8cb2964c46c7c7e9
NEAR-00436,Normal369.png,Normal,Normal543.png,Normal,2,False,0f6bdb63e6dcf0e0,2f6b9b63e6dcf0e0
NEAR-00438,Normal411.png,Normal,Normal543.png,Normal,2,False,0f6bdb63e6dcf0e0,2f6b9b63e6dcf0e0
NEAR-00442,Normal433.png,Normal,Severe1396.png,Severe,2,True,f2b0649206226276,f2b2649a06226276
NEAR-00443,Normal433.png,Normal,Severe1468.png,Severe,2,True,f2b0649206226276,f2b2649a06226276
NEAR-00444,Normal433.png,Normal,Severe1469.png,Severe,2,True,f2b0649206226276,f2b2649a06226276
NEAR-00445,Normal433.png,Normal,Severe1550.png,Severe,2,True,f2b0649206226276,f2b2649a06226276
NEAR-00446,Normal433.png,Normal,Severe1614.png,Severe,2,True,f2b0649206226276,f2b2649a06226276
NEAR-00447,Normal433.png,Normal,Severe1712.png,Severe,2,True,f2b0649206226276,f2b2649a06226276
NEAR-00448,Normal433.png,Normal,Severe1840.png,Severe,2,True,f2b0649206226276,f2b2649a06226276
NEAR-00449,Normal433.png,Normal,Severe1877.png,Severe,2,True,f2b0649206226276,f2b2649a06226276
NEAR-00450,Normal433.png,Normal,Severe1935.png,Severe,2,True,f2b0649206226276,f2b2649a06226276
NEAR-00451,Normal433.png,Normal,Severe2063.png,Severe,2,True,f2b0649206226276,f2b2649a06226276
NEAR-00452,Normal433.png,Normal,Severe2091.png,Severe,2,True,f2b0649206226276,f2b2649a06226276
NEAR-00581,Severe1466.png,Severe,Severe1477.png,Severe,2,False,c8e8c0c060108080,c8e0c0c060100080
NEAR-00582,Severe1466.png,Severe,Severe1507.png,Severe,2,False,c8e8c0c060108080,c8e0c0c060100080
NEAR-00583,Severe1466.png,Severe,Severe1547.png,Severe,2,False,c8e8c0c060108080,c8e0c0c060100080
NEAR-00584,Severe1466.png,Severe,Severe1682.png,Severe,2,False,c8e8c0c060108080,c8e0c0c060100080
NEAR-00585,Severe1466.png,Severe,Severe1735.png,Severe,2,False,c8e8c0c060108080,c8e0c0c060100080
NEAR-00586,Severe1466.png,Severe,Severe1741.png,Severe,2,False,c8e8c0c060108080,c8e0c0c060100080
NEAR-00587,Severe1466.png,Severe,Severe1896.png,Severe,2,False,c8e8c0c060108080,c8e0c0c060100080
NEAR-00588,Severe1466.png,Severe,Severe1898.png,Severe,2,False,c8e8c0c060108080,c8e0c0c060100080
NEAR-00589,Severe1466.png,Severe,Severe1909.png,Severe,2,False,c8e8c0c060108080,c8e0c0c060100080
NEAR-00590,Severe1466.png,Severe,Severe1933.png,Severe,2,False,c8e8c0c060108080,c8e0c0c060100080
NEAR-00591,Severe1466.png,Severe,Severe1972.png,Severe,2,False,c8e8c0c060108080,c8e0c0c060100080
NEAR-00592,Severe1466.png,Severe,Severe2046.png,Severe,2,False,c8e8c0c060108080,c8e0c0c060100080
NEAR-00607,Severe1477.png,Severe,Severe1619.png,Severe,2,False,c8e0c0c060100080,c8e8c0c060108080
NEAR-00608,Severe1477.png,Severe,Severe1696.png,Severe,2,False,c8e0c0c060100080,c8e8c0c060108080
NEAR-00609,Severe1477.png,Severe,Severe1824.png,Severe,2,False,c8e0c0c060100080,c8e8c0c060108080
NEAR-00610,Severe1477.png,Severe,Severe1979.png,Severe,2,False,c8e0c0c060100080,c8e8c0c060108080
NEAR-00611,Severe1477.png,Severe,Severe2090.png,Severe,2,False,c8e0c0c060100080,c8e8c0c060108080
NEAR-00673,Severe1507.png,Severe,Severe1619.png,Severe,2,False,c8e0c0c060100080,c8e8c0c060108080
NEAR-00674,Severe1507.png,Severe,Severe1696.png,Severe,2,False,c8e0c0c060100080,c8e8c0c060108080
NEAR-00675,Severe1507.png,Severe,Severe1824.png,Severe,2,False,c8e0c0c060100080,c8e8c0c060108080
NEAR-00676,Severe1507.png,Severe,Severe1979.png,Severe,2,False,c8e0c0c060100080,c8e8c0c060108080
NEAR-00677,Severe1507.png,Severe,Severe2090.png,Severe,2,False,c8e0c0c060100080,c8e8c0c060108080
NEAR-00786,Severe1547.png,Severe,Severe1619.png,Severe,2,False,c8e0c0c060100080,c8e8c0c060108080
NEAR-00787,Severe1547.png,Severe,Severe1696.png,Severe,2,False,c8e0c0c060100080,c8e8c0c060108080
NEAR-00788,Severe1547.png,Severe,Severe1824.png,Severe,2,False,c8e0c0c060100080,c8e8c0c060108080
NEAR-00789,Severe1547.png,Severe,Severe1979.png,Severe,2,False,c8e0c0c060100080,c8e8c0c060108080
NEAR-00790,Severe1547.png,Severe,Severe2090.png,Severe,2,False,c8e0c0c060100080,c8e8c0c060108080
NEAR-00965,Severe1619.png,Severe,Severe1682.png,Severe,2,False,c8e8c0c060108080,c8e0c0c060100080
NEAR-00966,Severe1619.png,Severe,Severe1735.png,Severe,2,False,c8e8c0c060108080,c8e0c0c060100080
NEAR-00967,Severe1619.png,Severe,Severe1741.png,Severe,2,False,c8e8c0c060108080,c8e0c0c060100080
NEAR-00968,Severe1619.png,Severe,Severe1896.png,Severe,2,False,c8e8c0c060108080,c8e0c0c060100080
NEAR-00969,Severe1619.png,Severe,Severe1898.png,Severe,2,False,c8e8c0c060108080,c8e0c0c060100080
NEAR-00970,Severe1619.png,Severe,Severe1909.png,Severe,2,False,c8e8c0c060108080,c8e0c0c060100080
NEAR-00971,Severe1619.png,Severe,Severe1933.png,Severe,2,False,c8e8c0c060108080,c8e0c0c060100080
NEAR-00972,Severe1619.png,Severe,Severe1972.png,Severe,2,False,c8e8c0c060108080,c8e0c0c060100080
NEAR-00973,Severe1619.png,Severe,Severe2046.png,Severe,2,False,c8e8c0c060108080,c8e0c0c060100080
NEAR-01052,Severe1682.png,Severe,Severe1696.png,Severe,2,False,c8e0c0c060100080,c8e8c0c060108080
NEAR-01053,Severe1682.png,Severe,Severe1824.png,Severe,2,False,c8e0c0c060100080,c8e8c0c060108080
NEAR-01054,Severe1682.png,Severe,Severe1979.png,Severe,2,False,c8e0c0c060100080,c8e8c0c060108080
NEAR-01055,Severe1682.png,Severe,Severe2090.png,Severe,2,False,c8e0c0c060100080,c8e8c0c060108080
NEAR-01074,Severe1696.png,Severe,Severe1735.png,Severe,2,False,c8e8c0c060108080,c8e0c0c060100080
NEAR-01075,Severe1696.png,Severe,Severe1741.png,Severe,2,False,c8e8c0c060108080,c8e0c0c060100080
NEAR-01076,Severe1696.png,Severe,Severe1896.png,Severe,2,False,c8e8c0c060108080,c8e0c0c060100080
NEAR-01077,Severe1696.png,Severe,Severe1898.png,Severe,2,False,c8e8c0c060108080,c8e0c0c060100080
NEAR-01078,Severe1696.png,Severe,Severe1909.png,Severe,2,False,c8e8c0c060108080,c8e0c0c060100080
NEAR-01079,Severe1696.png,Severe,Severe1933.png,Severe,2,False,c8e8c0c060108080,c8e0c0c060100080
NEAR-01080,Severe1696.png,Severe,Severe1972.png,Severe,2,False,c8e8c0c060108080,c8e0c0c060100080
NEAR-01081,Severe1696.png,Severe,Severe2046.png,Severe,2,False,c8e8c0c060108080,c8e0c0c060100080
NEAR-01140,Severe1735.png,Severe,Severe1824.png,Severe,2,False,c8e0c0c060100080,c8e8c0c060108080
NEAR-01141,Severe1735.png,Severe,Severe1979.png,Severe,2,False,c8e0c0c060100080,c8e8c0c060108080
NEAR-01142,Severe1735.png,Severe,Severe2090.png,Severe,2,False,c8e0c0c060100080,c8e8c0c060108080
NEAR-01146,Severe1741.png,Severe,Severe1824.png,Severe,2,False,c8e0c0c060100080,c8e8c0c060108080
NEAR-01147,Severe1741.png,Severe,Severe1979.png,Severe,2,False,c8e0c0c060100080,c8e8c0c060108080
NEAR-01148,Severe1741.png,Severe,Severe2090.png,Severe,2,False,c8e0c0c060100080,c8e8c0c060108080
NEAR-01224,Severe1824.png,Severe,Severe1896.png,Severe,2,False,c8e8c0c060108080,c8e0c0c060100080
NEAR-01225,Severe1824.png,Severe,Severe1898.png,Severe,2,False,c8e8c0c060108080,c8e0c0c060100080
NEAR-01226,Severe1824.png,Severe,Severe1909.png,Severe,2,False,c8e8c0c060108080,c8e0c0c060100080
NEAR-01227,Severe1824.png,Severe,Severe1933.png,Severe,2,False,c8e8c0c060108080,c8e0c0c060100080
NEAR-01228,Severe1824.png,Severe,Severe1972.png,Severe,2,False,c8e8c0c060108080,c8e0c0c060100080
NEAR-01229,Severe1824.png,Severe,Severe2046.png,Severe,2,False,c8e8c0c060108080,c8e0c0c060100080
NEAR-01271,Severe1896.png,Severe,Severe1979.png,Severe,2,False,c8e0c0c060100080,c8e8c0c060108080
NEAR-01272,Severe1896.png,Severe,Severe2090.png,Severe,2,False,c8e0c0c060100080,c8e8c0c060108080
NEAR-01273,Severe1898.png,Severe,Severe1979.png,Severe,2,False,c8e0c0c060100080,c8e8c0c060108080
NEAR-01274,Severe1898.png,Severe,Severe2090.png,Severe,2,False,c8e0c0c060100080,c8e8c0c060108080
NEAR-01286,Severe1909.png,Severe,Severe1979.png,Severe,2,False,c8e0c0c060100080,c8e8c0c060108080
NEAR-01287,Severe1909.png,Severe,Severe2090.png,Severe,2,False,c8e0c0c060100080,c8e8c0c060108080
NEAR-01297,Severe1933.png,Severe,Severe1979.png,Severe,2,False,c8e0c0c060100080,c8e8c0c060108080
NEAR-01298,Severe1933.png,Severe,Severe2090.png,Severe,2,False,c8e0c0c060100080,c8e8c0c060108080
NEAR-01316,Severe1972.png,Severe,Severe1979.png,Severe,2,False,c8e0c0c060100080,c8e8c0c060108080
NEAR-01317,Severe1972.png,Severe,Severe2090.png,Severe,2,False,c8e0c0c060100080,c8e8c0c060108080
NEAR-01321,Severe1979.png,Severe,Severe2046.png,Severe,2,False,c8e8c0c060108080,c8e0c0c060100080
NEAR-01343,Severe2046.png,Severe,Severe2090.png,Severe,2,False,c8e0c0c060100080,c8e8c0c060108080
NEAR-00075,Mild1134.png,Mild,Mild1169.png,Mild,3,False,98f0206061d3b304,98a0206061d3f304
NEAR-00076,Mild1134.png,Mild,Mild1173.png,Mild,3,False,98f0206061d3b304,98a0206061d3f304
NEAR-00106,Mild1169.png,Mild,Mild1259.png,Mild,3,False,98a0206061d3f304,98f0206061d3b304
NEAR-00107,Mild1169.png,Mild,Mild766.png,Mild,3,False,98a0206061d3f304,98f0206061d3b304
NEAR-00108,Mild1169.png,Mild,Mild771.png,Mild,3,False,98a0206061d3f304,98f0206061d3b304
NEAR-00112,Mild1173.png,Mild,Mild1259.png,Mild,3,False,98a0206061d3f304,98f0206061d3b304
NEAR-00113,Mild1173.png,Mild,Mild766.png,Mild,3,False,98a0206061d3f304,98f0206061d3b304
NEAR-00114,Mild1173.png,Mild,Mild771.png,Mild,3,False,98a0206061d3f304,98f0206061d3b304
NEAR-00433,Normal365.png,Normal,Normal46.png,Normal,3,False,0b9909491bd35f59,0b1b09491b535f59
NEAR-00434,Normal365.png,Normal,Normal554.png,Normal,3,False,0b9909491bd35f59,0b1b09491b535f59
NEAR-00435,Normal365.png,Normal,Normal91.png,Normal,3,False,0b9909491bd35f59,0b1b09491b535f59
NEAR-00454,Normal46.png,Normal,Normal624.png,Normal,3,False,0b1b09491b535f59,0b9909491bd35f59
NEAR-00458,Normal554.png,Normal,Normal624.png,Normal,3,False,0b1b09491b535f59,0b9909491bd35f59
NEAR-00463,Normal624.png,Normal,Normal91.png,Normal,3,False,0b9909491bd35f59,0b1b09491b535f59
NEAR-00195,Mild1289.png,Mild,Mild1303.png,Mild,4,False,a8f133717373bbba,a8f333717373baae
NEAR-00196,Mild1289.png,Mild,Mild1344.png,Mild,4,False,a8f133717373bbba,a8f333717373baae
NEAR-00197,Mild1289.png,Mild,Mild801.png,Mild,4,False,a8f133717373bbba,a8f333717373baae
NEAR-00198,Mild1289.png,Mild,Mild802.png,Mild,4,False,a8f133717373bbba,a8f333717373baae
NEAR-00199,Mild1289.png,Mild,Mild864.png,Mild,4,False,a8f133717373bbba,a8f333717373baae
NEAR-00213,Mild1303.png,Mild,Mild767.png,Mild,4,False,a8f333717373baae,a8f133717373bbba
NEAR-00214,Mild1303.png,Mild,Mild913.png,Mild,4,False,a8f333717373baae,a8f133717373bbba
NEAR-00215,Mild1303.png,Mild,Mild928.png,Mild,4,False,a8f333717373baae,a8f133717373bbba
NEAR-00251,Mild1344.png,Mild,Mild767.png,Mild,4,False,a8f333717373baae,a8f133717373bbba
NEAR-00252,Mild1344.png,Mild,Mild913.png,Mild,4,False,a8f333717373baae,a8f133717373bbba
NEAR-00253,Mild1344.png,Mild,Mild928.png,Mild,4,False,a8f333717373baae,a8f133717373bbba
NEAR-00324,Mild767.png,Mild,Mild801.png,Mild,4,False,a8f133717373bbba,a8f333717373baae
NEAR-00325,Mild767.png,Mild,Mild802.png,Mild,4,False,a8f133717373bbba,a8f333717373baae
NEAR-00326,Mild767.png,Mild,Mild864.png,Mild,4,False,a8f133717373bbba,a8f333717373baae
NEAR-00340,Mild801.png,Mild,Mild913.png,Mild,4,False,a8f333717373baae,a8f133717373bbba
NEAR-00341,Mild801.png,Mild,Mild928.png,Mild,4,False,a8f333717373baae,a8f133717373bbba
NEAR-00342,Mild802.png,Mild,Mild913.png,Mild,4,False,a8f333717373baae,a8f133717373bbba
NEAR-00343,Mild802.png,Mild,Mild928.png,Mild,4,False,a8f333717373baae,a8f133717373bbba
NEAR-00367,Mild864.png,Mild,Mild913.png,Mild,4,False,a8f333717373baae,a8f133717373bbba
NEAR-00368,Mild864.png,Mild,Mild928.png,Mild,4,False,a8f333717373baae,a8f133717373bbba
NEAR-00400,Normal152.png,Normal,Normal206.png,Normal,4,False,fb3737646466d6df,ff7337646466dedf
NEAR-00401,Normal152.png,Normal,Normal291.png,Normal,4,False,fb3737646466d6df,ff7337646466dedf
